i,t,m,Energy,Protein,Fiber,Folate,Calcium,Carbohydrate,Iron,Niacin,Riboflavin,Thiamin,Vitamin A,Vitamin B-12,Vitamin B-6,Vitamin C,Zinc,Magnesium,Phosphorus,Potassium,Vitamin E,Vitamin K
1013000201,2009-10,Central,2.207949007707281,3.375020973437237,2.9118319204946563,2.7564129971885123,0.7291893323562312,5.159097896400339,2.322871996196724,2.550426521074972,2.344151217889582,2.997098180467639,0.978532450300067,2.418490257946925,4.766925164396218,4.128765452874448,1.9745013724332066,0.0,0.0,2.3362525805113883e-05,0.0,0.0
1013000204,2009-10,Central,2.98857485410835,5.3108076275651275,3.9536156631788333,3.987509664391987,0.7652990156102519,5.201948982902889,3.7059614412955737,3.6321538932484825,2.95830859735648,4.231035352302173,1.366380689700177,3.1221439107706286,6.675793230780662,7.1379302294248115,2.9487995441751726,0.0,0.0,2.6962329578081854e-05,0.0,0.0
1013000206,2009-10,Central,7.079794883170639,10.067097644300322,9.094005014794321,9.723545074764791,3.6075474369099085,18.24987010928477,14.26363892123034,8.555543847444621,7.561343933221985,9.268508705725806,3.2481153204717343,10.292875622996496,15.530701043321917,12.561070899811519,5.541838535430366,0.0,0.0,7.844710439844513e-05,0.0,0.0
101300021302,2009-10,Central,3.006002177830466,4.413790180982849,3.8030234490259867,3.497753844693908,0.9633037372292603,6.492705408958277,3.396889791088396,3.316166911861462,3.095021259012182,3.7164812463634034,1.3231583301233318,3.5263009658207407,5.55756908740786,4.7464462522491395,2.6021803829622945,0.0,0.0,3.044170005449058e-05,0.0,0.0
1021000102,2009-10,Central,2.839144104955298,4.740582492914366,3.6785422836072255,3.540508780303815,0.7297015860378819,5.302375106435999,3.6007617200048845,3.34323562765181,2.9052540902441155,3.587047704451142,1.2274997032680672,3.5383829039957293,6.095992034519439,6.081368678215059,2.355067308368776,0.0,0.0,2.2720412668643685e-05,0.0,0.0
1021000108,2009-10,Central,2.2259687363303886,3.204180913697121,2.9744317911116864,3.0524922075774725,0.7816941116083047,5.46138311878972,3.227555712603103,2.4899519308477007,2.315641804290137,3.0795475196110345,0.9133595149516942,2.6109292671318167,5.12443989198507,4.092127988774706,1.7932087142478994,0.0,0.0,2.1525036980493457e-05,0.0,0.0
1021000109,2009-10,Central,2.3661123014601553,3.753091099711437,3.0925479968413803,3.1948558561281004,0.7559397032050155,5.388819932575519,3.506987511348234,2.921915776024272,2.4984017703376886,3.3073283626213885,1.0580956541549256,2.839499574135742,6.096653923407222,5.383508970445671,1.9916422761567172,0.0,0.0,2.2317219628270306e-05,0.0,0.0
1021000110,2009-10,Central,3.073713600377163,4.292774514655114,4.164487679155244,4.180470918428122,1.1744731479212058,7.713481946780866,5.473130022284274,3.4828864443669056,3.1819635743321517,3.9311645292876713,1.2624585658586307,4.036426559452436,7.101937895099473,5.74227913761933,2.347710201739914,0.0,0.0,2.4369595828972657e-05,0.0,0.0
1021000111,2009-10,Central,2.0004741169080518,2.766610330440755,2.6501135696933615,2.4341202996453646,0.6462863576188435,4.656507407083693,2.01667682420011,2.2457012410294226,1.9937522987575047,2.6302065746538394,0.8355652755452027,1.9511145345621799,4.524293791398734,3.618650347610696,1.711587692994273,0.0,0.0,1.7304112587318082e-05,0.0,0.0
1021000113,2009-10,Central,2.1753256349844383,3.374838556638175,2.9747578001035455,2.970278596036642,0.6974899723882652,5.152009276204191,2.666953438580742,2.653236103521013,2.311210881308662,3.0289068264088654,1.0137966431772323,2.4840694375374746,5.06921276083726,4.3064490853275155,1.8665344743637409,0.0,0.0,1.9767290298872532e-05,0.0,0.0
1021000201,2009-10,Central,3.1153375546084523,5.053650619200604,4.16684773208741,4.04991199711578,0.8654068953278624,6.333847093958065,3.3013634820487123,3.6847570251848296,3.2948067442439193,4.256875854231084,1.418364263564228,3.3738905258406784,6.687697636380052,6.28533548912494,2.7633112147548595,0.0,0.0,2.6991632693943504e-05,0.0,0.0
1021000202,2009-10,Central,1.8191991977189566,3.0533026545254316,2.2459743058793107,2.303181387471762,0.4800161572237859,3.5994669327664246,2.3487083111681253,2.097263494766255,1.8801171119582198,2.450945509902308,0.7644674111681895,2.2353304177760074,3.6769294139362767,3.185966251116058,1.5881372719988882,0.0,0.0,2.595781743068853e-05,0.0,0.0
1021000203,2009-10,Central,2.8115789492704932,3.9515227412592884,3.8636140597035915,3.445875762446037,0.9152954021601025,6.728511659866477,3.2566525497435603,3.334586423655014,2.908812234384632,3.7742336269486,1.290284752114919,2.806093961192749,6.509023668018371,5.780513495114754,2.3608084793686857,0.0,0.0,1.970583518542667e-05,0.0,0.0
102100020304,2009-10,Central,2.0509086330553568,2.94100102800019,2.626665801473265,2.4839265336019043,0.745545297516083,5.280695948127182,2.737723015429151,2.3494331513010653,2.085861932937208,2.7418763459767086,0.8582899416579176,2.350850302456426,4.549554044432492,3.522076466734595,1.7151205504261948,0.0,0.0,2.3179352542461694e-05,0.0,0.0
1021000207,2009-10,Central,2.01713375640451,3.2517296969484057,2.59518528351996,2.774927184779032,0.6361262930969053,4.770886366046725,3.0993759497813462,2.4709881368179714,2.1419428416981696,2.9093351427874548,0.9096701230011198,2.4328704070434197,4.579446630557261,3.895350505748976,1.766091711343026,0.0,0.0,2.5555108502278544e-05,0.0,0.0
1021000209,2009-10,Central,7.204126265135567,9.439666388476969,9.646413269424722,9.784498933650966,3.5255513051468728,17.2697000791897,13.982277285570264,7.763213004759443,7.1332396690875735,9.12173975338508,3.0710734247674005,9.143686497867158,11.093916956894875,11.329716395244677,5.421240951170906,0.0,0.0,7.589966185949997e-05,0.0,0.0
1021000212,2009-10,Central,2.07267524945517,3.3563166163085834,2.774706830258301,2.7315225370452656,0.6731612448855191,4.860937864342352,2.0625098758464655,2.4960597715108426,2.263853567265365,3.04504255084816,0.9529789631679202,2.1146853287933274,4.735786954395057,4.060657961366376,1.9896879165581385,0.0,0.0,2.4109146460639063e-05,0.0,0.0
1021000213,2009-10,Central,2.8384051913013777,4.440955707102684,3.7757213643635175,3.5096133445087987,0.7736555267020103,5.658868433730014,3.51968844902231,3.4564244390744587,2.9119753681717144,3.3872769753780636,1.1229511409715307,3.646102517965438,7.071438431945201,6.144868861648028,2.2473238523167125,0.0,0.0,1.9035118977813173e-05,0.0,0.0
1021000312,2009-10,Central,1.900489303052871,3.339062418049879,2.3716732645221454,2.4690798702648618,0.5488909410450018,3.67568445387563,1.925589274095025,2.2243828810072768,1.9972688230374867,2.7180844147396357,0.8694541062290899,2.1513033167884608,4.295914409329498,3.8606761237906078,1.8186125022849604,0.0,0.0,2.300967516918621e-05,0.0,0.0
1021000402,2009-10,Central,2.492900634027302,3.4690327147889612,3.076271124967141,3.116903895870536,0.9531190933193444,6.234253224209254,4.462415459429568,2.7843368011424343,2.452363409113635,3.1410630095957064,1.0003727968467675,3.285805740404082,5.055033091399442,3.547941158053371,1.9507448794422484,0.0,0.0,3.121826086377182e-05,0.0,0.0
1021000405,2009-10,Central,2.561217188699827,3.6892631970817265,3.243417578232561,3.182213630453251,0.899889204345352,6.465109781285319,4.193986242342517,2.9510758775690653,2.560550781871423,3.376658768481105,1.039429982593775,3.145327345350205,5.776662626414364,4.621482486350121,2.0143614787368342,0.0,0.0,2.907136153700442e-05,0.0,0.0
102100040502,2009-10,Central,2.5748138224813815,4.5176461692034975,3.4049918060044693,3.4309585886929748,0.7196140879773064,5.20017992141816,3.1266181299215985,3.22503795697123,2.7801329374315227,3.796472741358978,1.1342022206273972,2.7077664680278697,6.696527031106563,6.470568932547832,2.383140114199552,0.0,0.0,2.425968904465092e-05,0.0,0.0
102100040504,2009-10,Central,4.197931528228148,7.196215885512637,5.743672892920005,5.700915261704117,1.3916166723479335,8.753839114082947,4.570642047985622,5.307637357943871,4.700498058708322,6.022002429257166,2.1753570627275045,4.749337154847333,9.737786474393426,10.255742058047167,4.103263941756482,0.0,0.0,3.703465143628178e-05,0.0,0.0
1021000406,2009-10,Central,2.2253258266740454,3.2855344254933354,2.735513346030946,2.838861939374132,0.7827416347427163,5.20564476542549,3.6287391687479205,2.591058701588506,2.2705543890124074,2.98881700879338,0.9928961066663499,2.701100090057275,4.951807730562031,4.057881412035487,1.8842515629325969,0.0,0.0,2.3512197126119333e-05,0.0,0.0
102100040606,2009-10,Central,3.7038529882443463,5.323586259088797,4.7944319901054975,4.849103778571131,1.4768153794215368,10.019045579156703,5.100144553413448,4.443610769852511,4.116192679116961,5.401803524574586,1.773352812703444,4.350548928952626,8.418871702668653,7.230179655571764,3.087630531899851,0.0,0.0,4.209618551940227e-05,0.0,0.0
1021000408,2009-10,Central,2.4511416687546217,3.478331337827481,3.081006492119979,2.9886529955497805,0.7926432491938518,6.026888783577205,3.568383846774178,2.8317250981837248,2.4974645808502975,3.1814561869672238,1.0749826076476117,2.968259299561737,5.082689160762021,4.251688426155343,1.9645231295264522,0.0,0.0,2.2582948711035338e-05,0.0,0.0
1021000503,2009-10,Central,10.705195075077338,15.031023341729073,14.704615634856996,12.444131473151101,3.5108038247974847,23.23061845338243,9.713940098737815,12.405487504351845,12.36942627192799,14.24991662548724,5.430695188236528,11.8530173908872,21.05005457269583,24.187675307447392,8.455107018582824,0.0,0.0,8.408084461612846e-05,0.0,0.0
1021000504,2009-10,Central,2.6304736872730174,4.6442809978903945,3.5195166226156847,3.63667424864384,0.7782450786480768,5.307130952945393,2.7748467790458187,3.26371587232274,2.878180462671966,3.942415826769611,1.2185081177438695,2.7306903884594274,6.42613907129838,6.172806574525163,2.5922165910771646,0.0,0.0,2.7359718974090008e-05,0.0,0.0
1021000506,2009-10,Central,2.6477516806522208,3.831736964455728,3.475339884926904,3.4669845615797277,1.0101078419811247,7.013719441901468,3.9129141933592653,3.1751503892568356,2.8256238013760884,3.6376348989451865,1.2827351660101216,3.1040613351555044,5.8618609532582795,5.071959819472543,2.2567218433464347,0.0,0.0,2.531326300609502e-05,0.0,0.0
1021000604,2009-10,Central,1.212862317492434,1.8653798268803592,1.5639993747322891,1.5828370942809904,0.3770883881030247,3.043030384668483,1.6348556660988809,1.4410171825422362,1.2202512177400224,1.7492227942029268,0.532906813225248,1.3312820490022113,2.7746671322661656,2.1219541675701503,1.04408563680218,0.0,0.0,1.6074969435677566e-05,0.0,0.0
1021000607,2009-10,Central,1.704385604040025,2.5334526252633425,2.021081502398479,1.9044331381690398,0.52867531253548,3.7407369760879017,2.5071068092254594,2.0424374770634763,1.73437453006737,1.872892589753548,0.5597624368164902,2.71140015169701,4.182334427415532,3.014839592556425,1.2839210592180317,0.0,0.0,1.3239502449559658e-05,0.0,0.0
1021000608,2009-10,Central,3.1207033805334796,5.112475769347756,3.9498604219557127,4.064992547525019,0.9491173492664853,5.927498847213008,4.237359999094485,3.7158230683161264,3.1133841760653085,4.222073385870096,1.3529502863803697,3.727680965147502,7.523511043443116,6.929469442587217,2.7416610190708424,0.0,0.0,2.9163191354575633e-05,0.0,0.0
1021000610,2009-10,Central,3.8668174309922887,6.015342399676657,5.3295586782086986,4.714395014678015,1.0508554886211372,7.612818730850325,4.268072235976364,4.558811919295248,4.1160519001547495,4.718886149186487,1.7163575594387694,4.473571182310598,8.414987084139078,8.538041330838576,3.137697140762961,0.0,0.0,2.413961068980138e-05,0.0,0.0
1021000612,2009-10,Central,1.6253114990788589,2.4389124840309724,2.1152945357634114,1.9818088813713366,0.5148955223021772,3.431914182058749,2.1758146390788715,1.8200293221108972,1.660339759469673,1.9842904699912123,0.5897192262891365,2.107590579854459,3.575364508535959,3.034631474530301,1.3265254910796591,0.0,0.0,1.4252191500240243e-05,0.0,0.0
1021000701,2009-10,Central,2.788442971089674,4.274642308529399,3.7971307072696177,3.6098165032590623,0.8693104362688195,6.599543076610509,4.131453575582465,3.415854938079928,2.9416090943365507,3.789657024562742,1.202529159968641,3.220654570742099,6.885554723794323,6.286765679357982,2.2610131359059995,0.0,0.0,2.456981546101564e-05,0.0,0.0
1021000702,2009-10,Central,3.8420584847410124,5.6204792270831625,5.415394489975236,5.375717893198795,1.5209146569665033,9.53880011302785,5.123706132356836,4.401778245535675,4.145694506232529,5.364384983702551,1.8059713678144231,4.288105646810691,7.640047803138456,7.3550893229391,3.3409103598029484,0.0,0.0,3.455155820180338e-05,0.0,0.0
1021000703,2009-10,Central,1.240870870164394,2.0330824189870667,1.5367658861345488,1.7216863201336239,0.3944335625657375,3.010222820141741,2.167263237173108,1.4806004928359042,1.2881975241003802,1.7819282972014772,0.5018590218342545,1.6808632826649974,2.90847771506728,2.2168986855811244,1.0287549450613331,0.0,0.0,2.2181334117937246e-05,0.0,0.0
102100070302,2009-10,Central,4.104511883397216,7.896148610718328,5.118252971725641,5.638290223772502,1.1340068173593807,6.765497860011522,5.213985321529006,5.004985676145847,4.396982297581182,5.647743308456214,1.9354100495956597,5.4478496054323,9.453706224848325,10.833631332591438,3.82556097185822,0.0,0.0,4.3878335767561e-05,0.0,0.0
1021000705,2009-10,Central,2.9788868614758353,5.046634638284338,3.7483740670580215,4.38506484733648,1.1225129159569303,6.8038205494363675,4.388002345638458,3.7649381466836305,3.3523234448312915,4.450181190703354,1.366574725158006,4.15437127177169,7.595887570038514,5.761499819047094,2.6482057420842535,0.0,0.0,4.1309765814773914e-05,0.0,0.0
1021000709,2009-10,Central,2.2311682665509283,3.3813075510209174,2.869091321842742,2.812100867526988,0.7350343211406299,5.119151399055667,2.5804575428181047,2.6195080985059973,2.348488818709501,3.0209889685872895,1.099834930016447,2.4675956306384847,5.048221034640887,4.23703658839165,1.9678476655794608,0.0,0.0,1.9105921020652002e-05,0.0,0.0
1021000710,2009-10,Central,3.3020581392998847,4.770947383848596,4.2847844007581255,4.1997214900367155,1.1377046029528752,7.672864318975971,4.600839288866793,3.834557503662401,3.5108238730144596,3.8725253176069714,1.3487381212491454,4.878803466693283,8.244518751379134,6.5269632457603795,2.4823340786675967,0.0,0.0,1.979313380845561e-05,0.0,0.0
1021000711,2009-10,Central,2.0030833011412503,2.968899706550795,2.6781782957106564,2.46149328518116,0.6043812093909231,4.731555929598294,2.2203270524601346,2.298007355418193,2.00327631694611,2.759980867789264,0.8716992440697472,1.983771117844605,4.134009154937784,3.4863769760871657,1.7565567561237505,0.0,0.0,2.0304949755065484e-05,0.0,0.0
1021000802,2009-10,Central,4.3629998895090765,6.43882562650704,5.4827143459605105,5.6225767920827545,1.597153656925267,10.002727851292335,7.496495672482033,5.032159765069227,4.585213810921755,5.556675096001955,1.8861809113975028,5.960493391821298,9.618369591281185,8.063950325155544,3.3918052807840438,0.0,0.0,4.340497334594164e-05,0.0,0.0
1021000807,2009-10,Central,4.359971429843259,6.358733349684201,5.431299858950317,4.923878517963196,1.221189025937105,8.471862884535199,6.35607633998437,4.682412988388769,4.279741086404828,5.071499271470647,1.8229670554296045,5.259076610144197,7.4287524518527706,7.1128841690615605,3.46020958965792,0.0,0.0,4.184093805397701e-05,0.0,0.0
1021000808,2009-10,Central,2.3436036442000137,3.8956307892438806,2.911962314446856,2.9440816448261615,0.6284991318786193,4.577058395569892,3.0066563208101846,2.705210983541353,2.4416813610088854,3.1001598311079652,1.0001044963692767,2.88823134272114,4.736039825766794,4.234566230509664,2.033936992781054,0.0,0.0,2.8710277288740076e-05,0.0,0.0
102100080803,2009-10,Eastern,2.344731814588396,3.5363048575415363,3.052341493099835,2.9572475951385546,0.6501535910106069,5.973394579573482,2.828447549333731,2.843312578488476,2.2420321968993213,3.710586349207245,0.9610642122567493,2.2646412368717437,6.156065544946329,5.884909768067778,1.9457758106585414,0.0,0.0,2.212521750592991e-05,0.0,0.0
1021000809,2009-10,Central,1.7040767763452198,2.504437541948032,2.1120841087531823,2.13996962248839,0.5860334677096556,4.392438902312597,2.8252423749947493,1.9588216870268327,1.678768376659197,2.3169699530914962,0.6680448917173306,2.100266936110922,3.848413895999602,2.8838616072221677,1.3605288686115449,0.0,0.0,2.4818872618690795e-05,0.0,0.0
1021000810,2009-10,Central,4.146438465582849,5.507919986622466,5.595483754194741,5.389410701749953,1.553035860937305,10.163306491919974,5.371401961572476,4.401301079805599,4.235831757974429,5.706072485860463,1.7641508507112387,4.3953594961343185,7.446585453586766,6.983510706002226,3.2542933575388155,0.0,0.0,4.2418104071921734e-05,0.0,0.0
1021000811,2009-10,Central,2.3166523097032377,3.767258507685961,2.9583431220376313,3.1117621768242962,0.6839647908724129,4.9460932816682535,3.2689062807543077,2.7711226225222862,2.3506520685958923,3.2828458844785153,1.0613631096424045,2.684509319224121,5.167524663434112,4.668631268809327,2.0328879667551254,0.0,0.0,2.4610988764525683e-05,0.0,0.0
1021000904,2009-10,Central,1.6103351459335702,2.549729677647648,2.123768757042464,2.141189479763891,0.47177183608335976,3.920477159117467,2.2929288662822676,1.9953070583505146,1.6552122964726148,2.372727064872195,0.697218436504206,1.6952894758766843,3.8476546071471085,3.2485657780540946,1.4036971086150976,0.0,0.0,1.9843335541629552e-05,0.0,0.0
1021000906,2009-10,Central,4.612968415835516,7.1272129277525575,6.063495577788957,5.765538140836741,1.3488944849626732,9.689055014549895,7.243057924738594,5.361639044010655,4.77425260843503,5.853722264382334,2.0958283914905267,5.603509800059666,8.452712159068962,8.580830667149478,3.8614803619098987,0.0,0.0,4.513620981042557e-05,0.0,0.0
1021000909,2009-10,Central,3.9136274494051335,5.744982908053283,4.841204315893558,4.44075546768754,1.0916677795044638,7.643007650163842,5.720031172439124,4.201966006935632,3.8320415558497603,4.5929550999389495,1.6236743622857537,4.740344308420955,6.679297106612487,6.259422840269719,3.120413284181256,0.0,0.0,4.01723650563703e-05,0.0,0.0
1021001003,2009-10,Central,4.147016892350262,5.886588695748501,5.755860986817965,5.62011219661606,1.5928980630947263,9.857413081207444,5.029265784274476,4.77836547981451,4.475626332840531,5.892114923593092,2.1056301066889076,3.9042690719478523,9.488823414066758,9.098498529792955,3.6757327330267224,0.0,0.0,2.511959273392491e-05,0.0,0.0
1021001004,2009-10,Central,1.748827545451746,2.7447899264115367,2.1928066910892277,2.1524213291254894,0.5313610145993575,3.54269574958778,1.9762559989500719,1.9552194319840903,1.7689037769998717,2.3267798103001422,0.7541560717190666,1.967639484040176,3.448770761773689,2.813570375593918,1.6204530858179615,0.0,0.0,2.241940125564255e-05,0.0,0.0
1021001005,2009-10,Central,1.9898224063707466,3.0278187786113957,2.486667185474678,2.4587634349770573,0.6007247296953959,4.37729814215508,2.7820468426102867,2.297963129366526,1.9664382561227538,2.7024040161329657,0.859047433580857,2.2291964751667597,4.358881502132978,3.6634810913425695,1.6880404994197988,0.0,0.0,2.05739108516906e-05,0.0,0.0
1021001007,2009-10,Central,2.6593712788652435,3.959199146305466,3.321105227385252,3.357719142528423,0.8825790921973831,5.844880556501941,3.9893333080414504,3.1249655691431384,2.6533841010616124,3.557380227985483,1.2086891970985587,3.0394412891342895,6.055305454578072,5.29372476651445,2.278905068813489,0.0,0.0,2.3553024192210412e-05,0.0,0.0
1021001008,2009-10,Central,3.4947583063186762,6.894940060238198,4.368351097269316,4.749777367805482,0.8761840988773089,5.688243240509383,3.6702870863416166,4.183129786087365,3.7930286060519642,4.93302984918755,1.6725984881075877,4.311401171517863,8.439539197960464,9.41514671601704,3.21048011805997,0.0,0.0,2.979452155241943e-05,0.0,0.0
1021001009,2009-10,Central,5.299037656274942,6.97335767204902,6.8464987182967585,5.69625846303122,1.7640081830850889,11.117350420450762,5.088804899152709,5.571863530983329,5.056725951336367,6.096113694833684,2.2700191229559508,5.4652177497809555,8.634645464741507,7.926138814631566,4.452029136900031,0.0,0.0,4.611641480532158e-05,0.0,0.0
1021001011,2009-10,Central,1.677354129375958,2.9247616771908,2.1860972465282154,2.318417495788474,0.49879440713999823,3.7659021601292504,1.7829165862049114,2.056888263691011,1.8263428706262193,2.5575904352167944,0.748848537288628,1.8446373631927013,3.95762957526857,3.430633679704298,1.5979086728360778,0.0,0.0,2.5440003683623922e-05,0.0,0.0
102100110201,2009-10,Eastern,2.2374668747224193,3.6189856201627717,2.8765327701819516,2.8697229073001966,0.5897660159784196,4.914557722450578,2.562308863625998,2.6844122811639313,2.050385480209384,3.3396410972525548,0.9663989377141498,2.4698446056831247,5.43518178710968,5.156592188871962,1.9908813762175963,0.0,0.0,1.9760705173892783e-05,0.0,0.0
1021001107,2009-10,Central,1.691260709616526,2.7596175219119896,2.176748471133479,2.2222142472471513,0.47678556001250777,3.557453404985274,2.208502411508443,2.0805395719461477,1.7278821235881079,2.265031785714034,0.7111325892372787,2.074077033940623,4.2323591468133115,3.495605122674278,1.4366619447615463,0.0,0.0,1.6711208339657622e-05,0.0,0.0
1021001109,2009-10,Central,2.0620540339001687,3.098285478282799,2.8571095898888768,2.8392772256136345,0.6699443862145009,5.063356824887753,2.5707154192228634,2.503740757541669,2.1528320410479296,2.9368600820661555,0.9267695555946366,2.2172902671351733,5.271838940616896,4.450061645922154,1.7170956335930716,0.0,0.0,1.7779257466904293e-05,0.0,0.0
102100110901,2009-10,Central,1.9825596064202757,2.8400117554193316,2.5523734103151705,2.3488511381650947,0.60456363555284,4.856364866440022,2.8977187952703902,2.3684444521664223,1.9210981512786696,2.5555476619955915,0.8144988054124072,2.291896976505735,4.336385316288154,3.435403430690573,1.583884612453409,0.0,0.0,1.9026257852270023e-05,0.0,0.0
102100110903,2009-10,Central,2.509115857612633,4.030626877239702,3.1013480147405845,3.317000224878752,0.8182351282602612,5.161724945787229,3.77952612881676,2.9478232372422837,2.5369708221874085,3.404023440292455,1.0538211113142524,3.2343421645320367,5.853274670517795,4.82467051069197,2.131867959377838,0.0,0.0,3.024062051901645e-05,0.0,0.0
102100110904,2009-10,Central,2.7219351227906707,4.795898985456227,3.4682382942325947,3.93381087394648,0.9021450945177455,5.5160241575985,3.6339919253026163,3.4416050722834055,2.931533269823051,4.092423276586343,1.2356467344769118,3.40318429838372,7.104045875698313,5.89866377180398,2.5578309703631144,0.0,0.0,3.353703756106089e-05,0.0,0.0
1021001110,2009-10,Central,13.544928228637062,17.16625415290689,18.22517114702728,13.72851725930898,4.166092120523129,25.03452401353085,19.87473989832122,14.076934717595842,12.657176792509667,13.942038490430908,6.0104563661820185,14.410598551402543,18.4323683860144,21.90997200377855,10.534812640441784,0.0,0.0,9.053745536498136e-05,0.0,0.0
1021001202,2009-10,Central,2.1630209045665634,3.741701522229541,2.852967342283498,2.9441358472685955,0.6632152701519471,4.776322939854343,2.506894893546739,2.671665862326607,2.446480562726757,3.132331258516319,1.0077373267299032,2.574844991654518,5.177029834181652,4.7301830302800845,1.998120358237428,0.0,0.0,2.419404804540455e-05,0.0,0.0
1021001205,2009-10,Central,1.2492144364167714,1.8549577721120962,1.6688510039986768,1.6087373487781613,0.4150243951460108,3.0031499930176957,1.4268131281439593,1.4619952842817325,1.2591829762594866,1.8038695275576324,0.5889589187681349,1.1708833789077682,3.055486145820381,2.3881112036001504,1.1398963915485056,0.0,0.0,1.3251184199781434e-05,0.0,0.0
1021001206,2009-10,Central,2.3861635353521082,4.0865459720028845,3.061768785262586,3.55009911895754,0.8543463526932669,5.479319604378106,4.058495153630153,3.0381707326907805,2.6230800789465873,3.6786647675153192,1.139279647888121,2.9827282526427004,6.0377015759097,5.311689895673054,2.2252444672887752,0.0,0.0,3.112041100700661e-05,0.0,0.0
1021001208,2009-10,Central,2.4098986685167842,3.8511683953591747,3.312753812938567,3.140593179423911,0.7045650104028123,5.120760873150343,2.8728436828143757,2.93845114103946,2.4749350256491067,3.4712735372558385,1.0914276447704254,2.2793108388519157,5.513478954163348,4.96650816281721,2.2703504319345558,0.0,0.0,2.139607743959543e-05,0.0,0.0
1021001210,2009-10,Central,2.1739608211712866,3.452521169574995,2.658910855719571,2.741666566117418,0.6322761389426921,4.454237136869334,2.932584874723083,2.5056829015550073,2.165665560823539,2.9141886369109335,0.9526561511397442,2.6007103436551544,4.680486853361161,4.033484364214258,1.8607224342672888,0.0,0.0,2.3129205598813912e-05,0.0,0.0
1021001211,2009-10,Central,4.4469329531435475,6.553012583189082,5.596988135757691,5.725389522164957,1.6284425938473288,10.187101632239958,7.635840360658988,5.128727461002326,4.6752277589738025,5.654159240053117,1.9255497081036117,6.067461715879702,9.80021606405426,8.251982518341993,3.4530307659864614,0.0,0.0,4.370729421766469e-05,0.0,0.0
1021001301,2009-10,Central,2.494654637867861,3.737034032509177,3.190557000828703,3.2945681748015327,0.8724352972657529,6.093981841678159,4.339845470812865,2.9498838813010786,2.6061688094182003,3.277875718692758,1.026251158124309,3.384060684488126,5.956336931849722,4.653037331175686,1.954952111126648,0.0,0.0,2.6112260227980854e-05,0.0,0.0
1021001302,2009-10,Central,2.9100608072274334,4.654898719161046,3.8484237233390126,3.8007170276922415,0.8712975263644374,6.254840399951774,4.184627686185022,3.5222319644189364,3.1653628547586434,3.785587535630814,1.2390520016656112,3.764917420962171,7.194342895917036,6.605067538316588,2.3408780927151773,0.0,0.0,2.4352155220682363e-05,0.0,0.0
1021001304,2009-10,Central,1.7497849321266201,2.616820913674132,2.2229485708451096,2.1452213903538127,0.5416860598371621,4.141786875088666,2.2158563965739817,2.0654273649415043,1.7425261411489328,2.4162253445368824,0.8087930858206108,1.8322092073802736,4.004447482979353,3.3190757024199087,1.503649278121735,0.0,0.0,1.7206121588139457e-05,0.0,0.0
1021001305,2009-10,Central,1.5394858037686312,2.1948966320935854,1.884279264929522,2.0723614068182687,0.6814892552328307,4.340036312480596,3.090566006396618,1.7726539388093459,1.545907101589816,2.099324368993083,0.605508931252965,2.141729332074618,3.6262269614033946,2.240081696194314,1.210165781636799,0.0,0.0,2.608537462638165e-05,0.0,0.0
1021001306,2009-10,Central,1.5125049042039882,2.324870546594135,1.8692156480220936,1.7959618138123932,0.4256902075352441,2.991861182688647,1.7131929992899093,1.6633720188664027,1.4743588803672332,1.9345631165569828,0.5944596041194484,1.7145675051549063,3.036789747169639,2.4751005114668416,1.311909589087398,0.0,0.0,1.8548077357190446e-05,0.0,0.0
1021001307,2009-10,Central,2.4181926054370044,4.177700729687797,3.298063220652492,3.2347622612366638,0.698928939295847,4.850008991676968,2.736358172435178,3.0023983932927814,2.7162897335983183,3.3645762342540504,1.1011266402530402,2.719270915027116,6.159894800880674,5.974975462615258,2.214137642005664,0.0,0.0,2.0153020399359893e-05,0.0,0.0
1021001308,2009-10,Central,5.887873626236771,8.411745830268725,7.523211593876485,6.555144848679759,1.6627359595562963,11.295539112084056,8.524656784390615,6.33004071620309,5.817788755711873,6.673844886048471,2.521947490191747,6.980460427074097,9.976963292677757,10.218161953668584,4.600548310497794,0.0,0.0,4.6744819166195696e-05,0.0,0.0
1021001309,2009-10,Central,3.7168836506665417,5.52695835981571,4.7109213111827755,4.4610088264347185,1.1507140098614428,8.447217755218842,3.4587875630503335,4.2450107522895895,4.151619929401186,5.335302416861237,1.7032737323008764,4.260496007535123,7.387893372947249,6.523791245945795,3.0750220138182716,0.0,0.0,5.634265929257927e-05,0.0,0.0
1021001311,2009-10,Central,2.5336860711515246,3.87547638910277,3.220885473521233,3.193171963224268,0.882403188425325,5.5660777909146875,3.0558389906472074,2.9390042259528806,2.6140431956650225,3.3928076796241164,1.1145059453043444,2.9943449864513556,5.745244470831969,4.702071012094119,2.229464172556956,0.0,0.0,2.6088263052446323e-05,0.0,0.0
1021001402,2009-10,Central,2.1626999784850365,3.367382184379268,2.783146013052329,2.806197328536637,0.6642788107313611,4.962435837231112,2.7267860196159592,2.5485099296976594,2.329363209981628,3.064521817278763,0.9171660811199177,2.550061518890635,5.181233516062804,4.240410897462121,1.8013121840455173,0.0,0.0,2.4528008828004543e-05,0.0,0.0
102100140202,2009-10,Central,2.8898102752230197,4.386981137673458,3.53751443064531,3.794088338353578,1.0452470412788955,6.751383918705336,5.034477101308686,3.337674709269045,3.01006476521479,3.8093096194984235,1.211381810605885,4.025300346225336,6.407643829711565,4.944908900097846,2.2947274685934835,0.0,0.0,3.723262219253692e-05,0.0,0.0
1021001403,2009-10,Central,3.615712402578464,5.707070904574228,4.532277857411509,4.281180263124689,0.9677315684118131,6.428623252946247,4.7198856529750275,4.043684985407765,3.512387250562617,4.453861471123441,1.5337580965356015,4.212191398131298,6.8514666724207105,6.7523257707652515,3.1109225605268356,0.0,0.0,3.3962534122717515e-05,0.0,0.0
1021001405,2009-10,Central,2.2577710694861244,3.42814066366598,2.9463040731966164,2.7376707777954183,0.6964611559374067,4.674156513027569,2.68246134478046,2.5890546742364826,2.238828308495793,3.0382971628746667,0.9747580414575265,2.2917845553629594,4.797469262545048,4.087528412460717,2.0670720630676054,0.0,0.0,2.1070705250531853e-05,0.0,0.0
1021001406,2009-10,Central,5.898822960923164,8.344826847804418,7.790377806602636,6.733044044718501,1.8785236483308274,10.93463982124073,5.725586789268546,6.466179038085156,5.780490008778417,7.131186529090274,2.6408906881517606,5.8914199502143845,10.737632482831337,10.559620010356765,5.319968390975706,0.0,0.0,4.189525284974402e-05,0.0,0.0
1021001407,2009-10,Central,2.7699720415825717,4.2704345651774664,3.6366049967806386,3.640085561551414,0.9240849200042099,6.461176329669629,3.548654755151755,3.282160509531239,2.9752738553134086,3.805681179861528,1.3365870774604796,3.2487457986951687,5.937010997260618,5.201248489227981,2.4201305068579573,0.0,0.0,2.583933417719481e-05,0.0,0.0
1021001408,2009-10,Central,1.9495544512626177,3.0208442525747463,2.501634707721632,2.6498864384597454,0.7125657384836973,4.945577898993323,2.7097031489283827,2.326555967194375,2.0966656538649784,2.820333462640299,0.9059818931982467,2.3389672269947743,4.613884547449347,3.6449191458676267,1.6981060342366177,0.0,0.0,2.2428597712582004e-05,0.0,0.0
1021001501,2009-10,Central,1.3685595791689378,1.9609042805885135,1.673000329458854,1.8492899593687282,0.6020258641660005,3.8816915564874126,2.760759910453769,1.576089396665035,1.3686877255806094,1.881846861523495,0.5344908723535939,1.9009614303365774,3.222513077041041,1.965874366391954,1.0795492787380814,0.0,0.0,2.4892999636381482e-05,0.0,0.0
102100150406,2009-10,Central,3.264780203508745,5.869331255007393,3.934093759145362,4.441339181138579,0.9163007910415162,6.382285570207915,4.9365148594408925,3.838297811284164,3.567263882774351,4.441915106801082,1.4886446855745492,4.782298083487218,6.808100212334277,6.77989435349555,2.685848558801529,0.0,0.0,5.228832911565242e-05,0.0,0.0
1021001505,2009-10,Central,5.327028008091525,7.644931400406104,7.445608969732793,6.7442519255120015,1.7482190100222208,11.783489818501458,8.189429369265435,6.385154235726402,5.5931873094243985,6.59951511374729,2.442407689838207,6.440064454636946,12.910400349419328,12.854020012460452,4.034840665932825,0.0,0.0,3.169809074647229e-05,0.0,0.0
1021001507,2009-10,Central,2.0809980404087476,3.340921583612878,2.78376146128232,2.916088370144863,0.7054119332144121,4.932604569000952,2.906446589513465,2.551928229099019,2.234026083320487,3.0508531064880624,0.9844813187535497,2.388888710111094,5.101621331740574,4.3680455665808315,1.8455099250947802,0.0,0.0,2.0435980431810635e-05,0.0,0.0
1021001512,2009-10,Central,1.7520279376244523,2.968417791826112,2.17182196201324,2.23647320441117,0.48067830366393954,3.6114612093476484,2.633715132752152,2.06810268990986,1.8596171458657689,2.3020383170386705,0.703207321739543,2.3832503249951973,4.002851795931831,3.7258855915492375,1.4276694610603327,0.0,0.0,2.0272631429467606e-05,0.0,0.0
1021001606,2009-10,Central,2.7412006668821904,4.146243371351733,3.6398143806522985,3.5507651850815467,0.9157371786032632,6.373736063920173,3.558679748615918,3.278537369499513,2.8317101245292857,3.7725380184833623,1.299766012955546,3.0264463406508932,5.974859751353265,5.382948665915942,2.4326391028051524,0.0,0.0,2.567118437741626e-05,0.0,0.0
1021001607,2009-10,Central,3.9482749407137496,5.90738612345951,5.679153861335874,5.2114231911889135,1.180378920721246,8.358528871124852,5.2691416636970745,4.596115906533717,4.090706745502906,4.98904626499045,1.7536177570326932,4.744258662029879,8.547928994401177,8.407355848045173,3.117557200492922,0.0,0.0,2.28898124010416e-05,0.0,0.0
102100160707,2009-10,Central,2.292917063575218,3.3174984519497333,2.8746675883190784,2.670440150231251,0.6732817078463688,5.249024620342059,3.379960782478992,2.5459490393179993,2.196091014924639,2.9001437155866423,0.9071989690099441,2.6454894461307408,4.4085988957975255,3.7427502252249187,1.8324496834122221,0.0,0.0,2.7496515685242422e-05,0.0,0.0
1021001609,2009-10,Central,4.164147844036507,5.699451996124729,6.215317088319288,5.52147512976381,1.3962775408053243,9.948746600623846,4.729232808167454,4.769624721857117,4.428235944557195,5.577905119638722,1.8783819963778956,4.00626038047319,9.54903488262096,9.743276831181964,3.3536980111518986,0.0,0.0,2.368688545795011e-05,0.0,0.0
1021001610,2009-10,Central,4.347090594902845,6.770843778838698,5.970990751714815,5.5618324885152814,1.3863334441272908,8.904267438612258,5.032142318560092,5.167903024794665,4.641768776560516,5.753073641189513,2.1052938281396654,4.754260096098593,8.918764663834251,8.868170713714877,4.005317995995314,0.0,0.0,3.324721658343473e-05,0.0,0.0
1021001701,2009-10,Central,2.631593798860814,3.927861827573471,3.290730687443195,3.3010468885606152,0.8498097047264129,5.595999095975721,3.857650093331405,3.0529132109000106,2.5932810234139527,3.4236620690836244,1.132798880832778,3.1349273599890797,5.928699515866453,4.924340569075063,2.2116629185090715,0.0,0.0,2.3588076364875942e-05,0.0,0.0
1021001704,2009-10,Central,2.484168837455687,4.04598169706935,3.317205138392133,3.2054733577733074,0.7524174996786482,5.258138840870193,2.426740324026508,2.9285951964649075,2.594938555027503,3.5776752855972913,1.1594113847476848,2.437587123227084,5.566152992319004,5.1285742539994885,2.3742973266040734,0.0,0.0,2.3631433633025214e-05,0.0,0.0
1021001705,2009-10,Central,1.3018510416904094,2.1380935859750374,1.6441133872197582,1.752648175481294,0.3727584272932817,2.872101236810851,1.5643455037427991,1.5109151987446534,1.3034542488179404,1.9184929275862121,0.6003085018156605,1.4085342382283084,2.8828340576985223,2.4139278565088085,1.1770737308394528,0.0,0.0,1.707042310062029e-05,0.0,0.0
1021001706,2009-10,Central,1.733577644663,2.6995249749053825,2.219472841952813,2.1927773379221267,0.5133294581948971,3.7409401503595383,2.3671393041648945,2.058050121661995,1.7195911260502998,2.4405519589240456,0.7441717135334626,1.7967390583963878,4.03791705981311,3.3692917874001265,1.5461389770363052,0.0,0.0,1.8640564994374956e-05,0.0,0.0
1021001709,2009-10,Central,0.8768946593076836,1.4354681263675495,1.1165072059343235,1.1836802173472818,0.2642188051855963,2.0086394220454475,1.04710569984631,1.0257248014230071,0.8984055702313009,1.3025711550868697,0.39084894600308545,0.9448767930514541,2.0885228662420126,1.5809884582233547,0.7919270620278841,0.0,0.0,1.2734478511423609e-05,0.0,0.0
1021001710,2009-10,Central,3.408307858123044,4.433691033027886,4.943346783450083,4.315188018205152,1.0821592201064179,8.540049609211064,3.456784979978757,3.6706892305663903,3.508712340040605,4.8390775929737995,1.4737253933124523,2.7949111615755493,7.135816068782838,7.303391221598273,2.766870173154341,0.0,0.0,2.141690114263529e-05,0.0,0.0
102100171003,2009-10,Central,1.93162414403689,2.9391712073594403,2.4674118707777244,2.5068441284605956,0.6058072630080668,4.510619779349596,2.4188160357239585,2.2264724783443777,1.9610890182080096,2.685567525907555,0.8544482253038889,2.165043036893931,4.1075865168628125,3.425329421946436,1.661785094209878,0.0,0.0,2.2306441392443195e-05,0.0,0.0
1021001711,2009-10,Central,2.2781934550418415,3.8781851964137304,2.9071381005069803,2.875001503779993,0.6095886414367307,4.384155650259432,3.153562161884848,2.7130481626222145,2.3777706111707615,2.939383962190307,0.9452411483319008,2.9394518718932527,5.335173330090614,5.404447562691917,1.8892734630380474,0.0,0.0,2.084704244565314e-05,0.0,0.0
1021001713,2009-10,Central,2.8757059665904294,4.02354096985455,3.9325595031724396,3.517260606058464,0.887230968553374,6.760875317130834,3.134899525122282,3.2797403082729653,2.931244560903007,3.6890225312166818,1.2045461008526184,3.102948816530034,6.217599627583858,5.4956040606190015,2.3089575247034877,0.0,0.0,2.1701932024665068e-05,0.0,0.0
1021001802,2009-10,Central,6.62078381034128,10.318463856782058,8.502717839789092,7.859258762164272,1.9593268425442847,10.6764703600111,8.426973553858481,7.416613857587829,6.5294203964781286,8.015233430404415,3.014000534110541,7.452399192004984,11.491607220697786,12.166100883550861,6.193856041530373,0.0,0.0,5.484443501531178e-05,0.0,0.0
1021001804,2009-10,Central,2.9315995762868083,4.682405731504278,4.00047121645353,3.760069248617259,0.8183970591924807,5.891435001656619,4.10602923468853,3.5796953329856827,3.0088419981363885,3.6777213747377786,1.2444000868457459,3.7260671613246714,6.82647130696368,6.472824530259564,2.383555034246755,0.0,0.0,2.1069844353219983e-05,0.0,0.0
1021001809,2009-10,Central,4.099949335793446,6.094397102516649,5.214874191489026,5.260674352859529,1.4786898874534697,8.710315039969423,6.439223247451256,4.7989054828800315,4.204871556612238,5.433320650370744,1.8937262789265445,4.821330771386513,8.429167449033729,7.486787422452783,3.629878923351283,0.0,0.0,3.8565442744340424e-05,0.0,0.0
1021001810,2009-10,Central,2.4685340635018744,3.6026862300916287,3.2782773715945424,2.8971709509768306,0.71132959181339,5.769038965895912,3.376468142570448,2.9038063363614857,2.419126500574847,3.2625243946505633,1.0052761523528813,2.559051303850546,5.334427426348854,4.738227664196971,2.0201792723822707,0.0,0.0,2.314449196184837e-05,0.0,0.0
1021001901,2009-10,Central,1.9048835025823045,2.8841046778250568,2.463507504820432,2.3979895760769208,0.6126931128478985,4.705405948060853,3.1123967466273483,2.2869577505802816,1.9605539806600634,2.5769450401662186,0.801373953919871,2.2998259841515285,4.517007989051187,3.992747014117119,1.542278699291981,0.0,0.0,2.0050916636629562e-05,0.0,0.0
1021001902,2009-10,Central,2.9881609032187457,5.193119044840564,3.9160716194073104,3.9999567233894204,0.8035773412187132,5.367070380216899,3.923925260435351,3.5866575624461423,3.0086988424678642,4.158059249307334,1.3546010180099792,3.30864832987429,6.392346938233156,6.575160100750562,2.8599801970015544,0.0,0.0,2.9650344013142228e-05,0.0,0.0
1021001907,2009-10,Central,1.3566799876803661,1.9842171034035092,1.7530184167331309,1.7697324725982089,0.4720991427477214,3.45036117282468,1.7384687853567027,1.5682047089903675,1.3663983513357867,1.9517599298293808,0.6211091763254659,1.399983634125433,3.0297489172929133,2.400433831291627,1.2107086691234594,0.0,0.0,1.7069062861064084e-05,0.0,0.0
1021001908,2009-10,Central,2.86508911151986,5.394919819381546,3.8758417640322382,4.089515061022876,0.8315467071162215,5.435632064832817,3.0755159339056046,3.615556813696608,3.2223762046482354,4.396806722062875,1.4278326432101067,2.931150657985478,7.211034613185545,7.206329658735683,2.955347831436469,0.0,0.0,2.4417713479782498e-05,0.0,0.0
1021001909,2009-10,Central,3.010148844186996,4.194741071998523,3.819628435729821,3.5083964810301307,0.9536424146976163,7.24728221200663,4.492338467370338,3.331392976403386,2.8360170901922888,3.8057398251675765,1.2146021866408783,3.3632729858804287,5.442318278623131,4.628658714001464,2.423273257935255,0.0,0.0,3.814889077597986e-05,0.0,0.0
1021001910,2009-10,Central,1.2919074892194449,1.9854088009769735,1.6789562210437767,1.7505097774436729,0.4237121941362326,3.2055494722323004,1.9100360120005628,1.5628964907285148,1.3400298233407708,1.8240075803426048,0.5380918681953932,1.6038973067296969,3.3803619058165015,2.5057705019176018,1.063369600800888,0.0,0.0,1.5663752237772126e-05,0.0,0.0
1021002003,2009-10,Central,2.665998364967041,3.8832664905949668,3.481898577948674,3.2691941162376152,0.8236672284362802,6.027195500425349,3.410268780111911,3.1384705945272846,2.738036621109839,3.1502189272482397,1.027844055168505,3.563423907304812,6.366380526070077,4.948551106023237,2.035479970435882,0.0,0.0,2.0051897215399207e-05,0.0,0.0
1021002007,2009-10,Central,1.7452573119245318,2.6434895747293403,2.18338255495725,2.0638078634887123,0.47436314882407055,3.709782223510629,2.3860403167914677,1.9674406999227148,1.6216648246554866,2.3060893437425887,0.6837891127511052,1.888812843068842,3.5468698605083753,3.053910673303321,1.4678191218678112,0.0,0.0,2.2271109216491568e-05,0.0,0.0
1021002008,2009-10,Central,2.5192450984600896,3.734799867829376,3.262171660529572,3.046382259687315,0.8734178504814687,6.2380682685461,3.0131380266651275,2.9115944727209695,2.6084366660249567,3.3949958078723457,1.100070541394515,2.8067787664058343,5.409432893920931,4.616307380824345,2.1737584888219703,0.0,0.0,2.7909741717266013e-05,0.0,0.0
1021002010,2009-10,Central,2.482267708365195,3.7799387211876416,3.411927286920706,3.527348769970767,0.8365585827734071,5.806192698703392,3.0377513037459623,2.829800731348974,2.5804661201908563,3.6314813766167062,1.0590986520950676,2.5313501959343996,5.300078860134936,4.800968180569069,2.1921260403805407,0.0,0.0,2.616762587826831e-05,0.0,0.0
1021002011,2009-10,Central,2.3067317677474937,3.2568620083217015,3.28690074049354,2.8015442055689754,0.7698080741756225,6.013329308449621,2.859568020838077,2.8508433172535486,2.347823138610852,3.2538792785295336,1.1636306107455554,2.011364762561815,5.244373061508847,4.788821138130774,2.0190680789929725,0.0,0.0,1.76014136741337e-05,0.0,0.0
1021002013,2009-10,Central,0.7456016510022634,1.1235335163548181,0.9873410814416743,0.9715259622949088,0.2218847611616496,1.8919629572498111,0.887947941786714,0.8618828059490007,0.7423934879655746,1.0826795254838666,0.282602318898292,0.7810207176751464,1.776334072095913,1.2786579655893868,0.6330038336286765,0.0,0.0,1.2286598332726134e-05,0.0,0.0
1021002103,2009-10,Central,2.9411387758278233,5.056766946895939,3.8530449999842222,4.104196398859883,0.8406192549571004,5.878773343897679,3.7139197132411286,3.6117350467112637,3.1683812483960345,4.225218467246595,1.4359235566118513,3.3704836250816648,6.903589134379446,6.508975241107123,2.6424853517331974,0.0,0.0,2.4538386131930058e-05,0.0,0.0
1021002105,2009-10,Central,2.0190474941703918,3.5169464047314665,2.6497331191865356,2.750749122147938,0.5441628316856559,3.9675704179258684,2.5764330098677433,2.501975467924487,2.137889736529185,2.675705699711473,0.8744856512801061,2.7132823170956506,4.762243508450602,4.1781695026270835,1.6890464174666513,0.0,0.0,1.7986188431509803e-05,0.0,0.0
1021002106,2009-10,Central,4.232757022936086,6.256026588838124,5.408652589615653,5.2420087547418595,1.3989844768463284,8.769405084432663,6.372042870164017,4.889991619025385,4.359167094132402,5.353170312107649,1.909274056129936,5.0433549768795825,8.888309387719335,8.265559006520105,3.559374310127101,0.0,0.0,3.257570281842541e-05,0.0,0.0
1021002107,2009-10,Central,1.6087507676922346,2.7109947612666327,2.023204476214936,2.2668934865218304,0.5195090842791786,3.6313817066178142,2.6288631459224097,1.9712640325652302,1.708134101019425,2.3880430442464546,0.7138350096428936,1.9948640862469136,3.9694965431890292,3.4238093081017618,1.4376925871448938,0.0,0.0,2.219338708192449e-05,0.0,0.0
1021002201,2009-10,Central,2.603352542760253,4.9441145698085585,3.3357393788105654,3.6329923462294196,0.6790683392921721,4.784392740793667,3.263957937887412,3.196895524174184,2.809437215315637,3.757188510233024,1.2068658409580706,3.2332146432840068,6.328976128094135,6.8162020080910155,2.3531830000811724,0.0,0.0,2.6446626586233417e-05,0.0,0.0
1021002202,2009-10,Central,1.7576536232020963,2.6553749723312494,2.1732187401211576,2.239019377241252,0.6577424168812708,4.334529833462495,2.251074455345982,2.011298775667166,1.8477764472539842,2.3874982051158,0.750687895156608,2.222536580381088,3.841134047164509,2.7784195783145385,1.5194786769763686,0.0,0.0,2.5101588279485678e-05,0.0,0.0
102100220202,2009-10,Central,4.34995796058475,6.479570725253631,5.961049348012071,5.261938324673543,1.4840677565209968,9.453190555559603,5.0630696765673795,5.131156625436079,4.582628948126798,5.741572084949641,2.030434104099561,4.500170459087417,9.707995945020436,9.643165709915273,3.8426026223241943,0.0,0.0,3.0974973682142006e-05,0.0,0.0
1021002203,2009-10,Central,1.8333807356108691,3.0314806888679096,2.33477548187144,2.287428425651236,0.508416275497526,3.5163827557975442,2.0069107654759613,2.1388345953829786,1.868499474279375,2.4443662174292893,0.787153369666707,2.0548487787101695,4.081249809815324,3.4978184958705283,1.6880984789078104,0.0,0.0,1.8293871849532855e-05,0.0,0.0
1021002204,2009-10,Central,3.2582255266072475,4.909333000614669,4.013169374701411,4.256033534818901,1.1836907360087556,7.567985493866857,5.653660298572597,3.7614898024845256,3.4031425519299296,4.2534059598562965,1.377197330952825,4.520027639925688,7.214156626210312,5.691069145632205,2.573325194519606,0.0,0.0,3.89594339349785e-05,0.0,0.0
1021002205,2009-10,Central,1.5130076659727187,2.6231859274538722,1.8963729100343394,1.956508620588948,0.3874101295298152,3.0528074147063697,1.6891816079683217,1.7798551744165896,1.6408083893207495,2.18867217329623,0.6406964754154981,1.7734152433348844,3.5770977200166554,3.1962551772633736,1.3047425832212154,0.0,0.0,1.8599284567701494e-05,0.0,0.0
1021002207,2009-10,Central,2.2285018439153337,3.776539372230447,2.889290854780004,3.1136411406511226,0.651788600794656,4.6591653786578755,2.9893305326825477,2.727931908263765,2.3635999246131645,3.2545529090174607,1.042582854001951,2.5471356790831217,5.239338945897274,4.682585219770139,2.0219365130327422,0.0,0.0,2.308683404604999e-05,0.0,0.0
1021002208,2009-10,Central,4.461162306011806,6.496922507277997,5.566411531423391,5.032954681381488,1.250525261906329,8.659452608307218,6.500070282025928,4.791381120967963,4.3813395616712345,5.179271283168958,1.868462704340591,5.375632835902988,7.598324938462744,7.309912406129598,3.536801668786842,0.0,0.0,4.2201773823441303e-05,0.0,0.0
1021002210,2009-10,Central,2.333637376281199,4.337995864494372,3.190720880899718,3.3637217735586487,0.6199079872821066,4.7650492605754655,2.632749130815467,3.007256457678442,2.6871853302648128,3.7681677799754327,1.1009691679456084,2.3492399282785845,6.20299960817995,6.277163130434362,2.2642762338299773,0.0,0.0,2.4127076870032964e-05,0.0,0.0
1021002211,2009-10,Central,2.960396555775033,3.9927519611530524,4.073730135117883,3.5211230834003677,1.016207464015841,7.701535707493005,3.4368730226778332,3.4055610452027603,2.9370552165015895,3.950617579939135,1.2492119745315504,2.7901805306146517,6.568035899077332,5.826720710369326,2.425637460441187,0.0,0.0,2.4505954458060032e-05,0.0,0.0
1021002301,2009-10,Central,1.856003146923084,2.8357990742135373,2.2732314375172282,2.2900406077435562,0.5515765487511773,3.8521668987170683,2.722696616091519,2.091317388021239,1.7751585265080996,2.391758876308202,0.7349692962382061,2.290003739970686,3.8225792182782086,3.0058743866302753,1.5429748545776059,0.0,0.0,2.3668502629636538e-05,0.0,0.0
1021002308,2009-10,Central,1.9902284924994795,3.353973275121866,2.477330785500971,2.6846973403830154,0.6164503673083337,3.829039730608883,2.802431919528906,2.3570358404819203,1.9940169238043821,2.801632967134055,0.8370234300502408,2.4083369600550917,4.810553275920035,4.055707013661285,1.805995436237811,0.0,0.0,2.4620274303749123e-05,0.0,0.0
1021002309,2009-10,Central,3.7621007430329656,7.535389114214825,4.775316337912941,5.960302255306183,1.1792712455247123,8.35432382603277,6.463662172644824,5.042738913329236,4.589665157829069,5.840631062121149,1.9735429606013257,5.881822938815964,8.919693998606204,9.530857681902868,3.449598972919415,0.0,0.0,5.966231897051173e-05,0.0,0.0
1021002312,2009-10,Central,1.6793326836277507,2.4703393282722117,2.188944827026639,1.9637286744158007,0.5379693420495832,4.094276789639986,2.140528702923736,1.945340468970289,1.6342312709129383,2.368637670015155,0.6810851444137959,1.5705745603430634,3.7375212151592723,3.0845666346609715,1.4916723338934812,0.0,0.0,1.90328620434232e-05,0.0,0.0
1021002405,2009-10,Central,1.836547252630123,3.1658511572221197,2.373775432150422,2.5080680141172174,0.4841379296573456,3.9886318036469492,2.100408883544229,2.18569728908418,2.011501555786676,2.8629272512993595,0.820113374616164,2.028468174760703,4.247157049811554,3.938984718209186,1.614987025420104,0.0,0.0,2.5854846968337546e-05,0.0,0.0
1021002407,2009-10,Central,2.662641860981812,4.130825152119551,3.4322658959870918,3.25169399858566,0.7668385649426209,5.164313622046469,3.5301036116543454,3.058553678896294,2.5869815893886083,3.529392153769974,1.1113735899180899,2.808585149880278,5.660849514921833,5.166896548342347,2.364156895553589,0.0,0.0,2.447964107574995e-05,0.0,0.0
1021002501,2009-10,Central,1.4257420630655668,2.1951449136882886,1.9139276854435436,1.9064042634944474,0.4829610027367884,3.2419853380163732,1.8218529397864145,1.6457626182602598,1.4833868293056394,1.8782450358405067,0.5821770560428091,1.8263941276415077,3.3940924570232447,2.542765937142029,1.2220060388824687,0.0,0.0,1.4063417294870876e-05,0.0,0.0
1021002502,2009-10,Central,1.9742790414791773,2.9268201580351114,2.8822679109504414,2.874280759955017,0.7112393655652769,4.769103929818633,2.1597310190697927,2.403540555962145,2.083938095714796,2.8621000866386037,0.9724296326448163,2.0473753169398066,4.729116489412191,4.781959552298683,1.7297636816626203,0.0,0.0,1.568786790348122e-05,0.0,0.0
1021002505,2009-10,Central,2.135480936473272,3.5024091764194463,2.684631460832679,3.0074559794466635,0.706497052258915,4.95496368568471,3.1912803954508493,2.5743716766928433,2.2927497024436327,3.131441738594408,0.9871330822806541,2.7005444626691673,5.230584092411709,4.2960726624449475,1.81497406161483,0.0,0.0,2.3842096702051023e-05,0.0,0.0
1021002506,2009-10,Central,6.278538598237648,8.402548569680363,7.820459878411436,6.589870684504441,1.8931555947359169,11.980991353626104,9.33901474381022,6.472071538587276,5.782528670601776,6.8755884065430335,2.618148473498001,7.069068866492009,8.701103887886454,8.45478563186941,5.090181723951844,0.0,0.0,6.849916580423338e-05,0.0,0.0
1021002508,2009-10,Central,3.779425836938307,5.044945228711662,5.307017078066966,4.7984511403609345,1.30532114249576,8.888649998030843,3.92065263220948,4.047580497060765,3.882623061513104,4.99747089830672,1.6515540862850613,3.6094281525069922,8.011706012283954,7.41126921842226,3.0987355054746333,0.0,0.0,2.2517626070227468e-05,0.0,0.0
1021002509,2009-10,Central,3.1483664074964066,4.522055240088684,4.036820304468801,4.241193469766239,1.1397102538600627,7.096991049837947,5.448073108202313,3.34650010672655,3.144591329003518,4.14320106994789,1.279222799486589,3.9206149639826946,5.66456860445732,5.156782601554875,2.47084105078687,0.0,0.0,3.7382926279290915e-05,0.0,0.0
1021002510,2009-10,Central,3.850330435982884,5.7080524649424484,4.734130771530838,5.428582225334175,1.9256182388152852,10.210491199670235,7.897619687550441,4.645434483503958,4.066016731521955,5.283989650657979,1.6897342180502626,5.796148942881943,8.541759323941958,5.9877818042131565,3.1092266574661758,0.0,0.0,6.266701148003421e-05,0.0,0.0
102100251005,2009-10,Central,5.148055163989,7.497090369205778,6.565790778701113,6.579387615845062,1.8890659991427363,11.725151938460042,8.797169299609372,5.93578864517464,5.428337302203231,6.4611417157248505,2.258136589784561,6.9484654664776,11.315186820492677,9.86234678263092,3.9596614678875506,0.0,0.0,4.6080780450535184e-05,0.0,0.0
102100251007,2009-10,Central,1.8481683552464883,2.7418753116719268,2.2931335123006327,2.1965694445218134,0.7033623765488839,4.314952614357401,1.4325458068228836,2.0523709106868453,1.8229185692125398,2.463596759372079,0.7988089019919361,2.053656762153936,3.372163294210676,2.503818518860326,1.7223676934157353,0.0,0.0,4.231498223690653e-05,0.0,0.0
1021002512,2009-10,Central,5.035630272991638,8.659943277000103,7.1897891911198935,6.697870976848642,1.3096700706774118,9.254680677317,5.811179741047248,6.321048236652003,5.375856491471092,7.001412424608736,2.5402243793457697,5.001597077711878,11.61463213367789,12.768953677354192,4.5185366551093065,0.0,0.0,2.716306363174586e-05,0.0,0.0
1021002601,2009-10,Central,2.4898681091625376,3.764080951284474,3.1607827754080597,2.9824858372265695,0.6509016476591283,5.039970917955634,2.6387324629640974,2.7159952287534956,2.525970034247277,3.3836847020929977,1.0632954490363031,2.6507065563545473,4.692784818231673,4.088169623515469,2.094592079483062,0.0,0.0,2.9379003748647105e-05,0.0,0.0
1021002603,2009-10,Central,1.8048302859979322,2.644965535319793,2.4258235885077895,2.2204999117552036,0.556045868950753,4.243426571764149,2.044730501162985,2.074444589860423,1.7695409007282374,2.519322704871639,0.7663635537417712,1.6865343487032738,3.7820943039436394,3.135075693746391,1.6315512681581827,0.0,0.0,1.939402841110055e-05,0.0,0.0
1021002604,2009-10,Central,2.7313769892499664,4.215165632157572,3.786976003874365,3.487606687134919,0.8735872589567542,6.450972201171384,3.51668974743753,3.365091885408463,2.958669872857563,3.790836574234198,1.3078594371001986,2.885813281419603,6.555610940928266,6.250035758136414,2.3392145120970675,0.0,0.0,2.1396316268453937e-05,0.0,0.0
1021002605,2009-10,Central,2.6543931926216344,3.81809444178261,3.465092950274372,3.3573580907277543,0.9086504890557593,6.548759525155798,3.5017401438492333,3.0764758855689283,2.7012894439357975,3.551486603214084,1.177095137632587,2.963487794569692,5.521968102958117,4.771477502925572,2.2394005820074394,0.0,0.0,2.722886885029375e-05,0.0,0.0
1021002606,2009-10,Central,2.430162038169933,3.6753547500807726,3.06744388481772,2.8524786073477553,0.6891596675629856,5.0394592271007825,3.2175785401851793,2.798499791182437,2.3589156122313986,3.0137217631428843,0.9909325538594669,2.947352907247553,5.269049283936135,4.484500113741475,1.9422188287746576,0.0,0.0,2.0365208484483555e-05,0.0,0.0
1021002610,2009-10,Central,1.6394664557205159,2.4314146693945253,2.117173197102617,2.0720101098681267,0.5231177978663801,4.1514346065755605,2.398239603444273,1.9705153933657462,1.6287559317290583,2.3530540355115344,0.7433369864224084,1.7557713316561516,4.025962976776916,3.5293554006169927,1.3463749208835254,0.0,0.0,1.632291807581488e-05,0.0,0.0
1021002611,2009-10,Central,1.5785691910592174,2.146577397040418,2.0555966657155054,2.0578367417837713,0.6028783399078419,4.014055010030891,2.017429875674919,1.6624617283545005,1.5449628086240947,2.103864270152753,0.6058546623985972,1.7557178825905928,3.3619963502971153,2.443054514182504,1.2951195361257277,0.0,0.0,1.8112052488176527e-05,0.0,0.0
1021002613,2009-10,Central,4.747927847551007,6.886715351157995,5.951970569581453,5.341207461125525,1.3335974181308339,9.190515457666432,6.907783985070869,5.10029060272707,4.66946190020783,5.483324179485,1.9980166270481636,5.703899760518399,8.078224913677094,7.875175101160342,3.7529959863839024,0.0,0.0,4.3192867641624246e-05,0.0,0.0
1021002702,2009-10,Central,2.8928715731166834,4.71108835838685,3.850196723914613,3.7712164402637374,0.8012125375232083,5.90072065047367,3.072589287176923,3.4160111440024195,3.050701545118621,3.9761068004530027,1.3078225314844003,3.138248487188258,6.211943751989473,5.754980638559686,2.5746673350293285,0.0,0.0,2.62366941930654e-05,0.0,0.0
1021002703,2009-10,Central,2.5876324821331185,4.25708637763596,3.3507625756439103,3.4361567649600255,0.7279435903510978,5.263034175664884,3.4440095571789273,3.1239832995744523,2.5748880622503645,3.6775309044365434,1.2034570727406098,2.825884808052512,5.923353774702219,5.641050888177821,2.3194585015258835,0.0,0.0,2.3928036063076477e-05,0.0,0.0
1021002705,2009-10,Central,1.413315715047491,2.0643068367376673,1.722438248424078,1.9551300344285933,0.6383354638211182,4.000413332879115,2.907211035757618,1.6457405457622598,1.4212073164909451,1.9936866331262697,0.5628939334694004,1.980577574426522,3.2499878893809173,1.984594792354575,1.1351671860628392,0.0,0.0,3.0169740094294035e-05,0.0,0.0
1021002708,2009-10,Central,4.751805227300505,6.965621044435059,6.015147614969134,6.097770106217913,1.7419356372913515,10.856313268230748,8.141374473415405,5.479570061682151,5.002442384129519,6.00663155286295,2.069358345018477,6.453259390774555,10.459851278000148,8.943647628747424,3.6743672500025126,0.0,0.0,4.47711659221518e-05,0.0,0.0
1021002710,2009-10,Central,4.422680609569136,6.885380597328894,5.634283906152327,5.807933755567843,1.5271194545697855,8.793116554551302,6.653388367540483,5.176749094830362,4.651393307242221,5.776123926789123,1.9504274293707802,5.652917691522833,10.305519089038093,9.202303062390168,3.7175656353357334,0.0,0.0,3.7589921475351015e-05,0.0,0.0
1021002711,2009-10,Central,2.510038084263316,4.350025526728761,3.3544086475289,3.5332187714883454,0.731077493309243,5.149767699158184,3.2899482011319483,3.1552712964017946,2.7773698662958464,3.6003302878651424,1.1090882403461815,2.962541440771343,6.7349842712573755,6.150576347838657,2.228715420388533,0.0,0.0,2.3057068050581737e-05,0.0,0.0
1021002801,2009-10,Central,1.645625992839496,2.489033065524791,2.228803511904493,2.1026423767768327,0.4755269575644049,3.5847557512304404,1.7981247720174434,1.8993862442753575,1.6188535542829732,2.363853901747913,0.6867808095813496,1.5040665774589301,3.909223125081344,3.3122294240108046,1.477869558722258,0.0,0.0,1.5800529952606536e-05,0.0,0.0
1021002802,2009-10,Central,1.7861677089399692,2.793548568094949,2.3017758521581126,2.2279318243869417,0.4989032449391943,3.987735768017498,2.3290105187966184,2.160917241752439,1.7787434601489183,2.5039493462775315,0.7591842068497802,1.8585342597586896,4.236941582161071,3.596950580276318,1.5506336496708164,0.0,0.0,1.8942794073247433e-05,0.0,0.0
1021002803,2009-10,Central,4.927158980507275,8.680465294882811,6.040426525773517,6.6075019779314825,1.4155824784218414,9.42057446903183,7.383712284131035,5.790212033511826,5.435905728083455,6.505003262495744,2.3048199434580408,7.1696136547034754,10.211989854928335,10.988589132300907,4.002951938398975,0.0,0.0,6.12903760728396e-05,0.0,0.0
1021002805,2009-10,Central,1.1469884095602865,1.8265828812781473,1.4257974580009283,1.497312662388464,0.356617150877117,2.7597322843832788,1.700193597100573,1.4081745828013321,1.1500655390081358,1.4796502876470903,0.44488517130370936,1.7313736567628575,2.842954348582381,1.8448519776726573,0.8996772505981382,0.0,0.0,1.498667189873725e-05,0.0,0.0
1021002807,2009-10,Central,2.756222640014155,4.195850777799726,3.3668172717673928,3.625698443736011,0.9949994924836019,6.4544689459849005,4.809221212332725,3.183950046190932,2.8676734207859287,3.646920808861076,1.1517554365156224,3.844015140237431,6.1145633667191115,4.680347663397021,2.1929445375698755,0.0,0.0,3.656724991930997e-05,0.0,0.0
1021002810,2009-10,Central,1.1160728641927875,1.9416400896809738,1.4779525815282368,1.6126699557975532,0.3311636454467139,2.514999767700249,1.7333087808985286,1.4374174373932374,1.1816074456408425,1.6060133189304027,0.4759959858618639,1.5428855284687688,2.8658217944921693,2.4456004881188593,0.9438546468859683,0.0,0.0,1.3683381423952462e-05,0.0,0.0
1021002901,2009-10,Central,3.4734887945840294,5.537749179761088,4.603474653056169,4.6108249946637985,1.221589626142045,7.535033230677538,3.856570609613011,4.255624904255702,3.767088984335176,4.942165705490489,1.6598521829763568,3.8401658503905316,8.47679904445414,7.41408523321759,3.2404996762067335,0.0,0.0,3.124265210666128e-05,0.0,0.0
1021002903,2009-10,Central,2.1450768237381532,3.9598217886068547,2.735227276921032,3.0045194893118476,0.5896279311996521,4.019186728342962,2.5111117644095895,2.6622427987221147,2.211770969700851,3.2797519276473253,0.9590276433550867,2.358686885897816,5.629852981221149,5.009294380993001,2.077790158076435,0.0,0.0,2.405373313165756e-05,0.0,0.0
1021002905,2009-10,Central,1.2965826642766147,2.2021096300039043,1.675725572377036,1.7444668380469788,0.3429172759035761,2.750321761022696,1.6393201083777473,1.5342918183784717,1.3586566191197973,1.9679723806661005,0.5428462171198379,1.4034755498334253,3.021598305912213,2.7829444692666674,1.156257738617708,0.0,0.0,1.9411524930578197e-05,0.0,0.0
1021002906,2009-10,Central,1.9899118921255627,2.84118345258811,2.6426168975073048,2.5552136788359876,0.7565874052685947,5.1152449769801756,2.4549151483199787,2.2689933606380697,2.106553609344116,2.7728337065274866,0.8897061618829525,2.2066159374881043,4.655481188344216,3.420781380171875,1.718311984503128,0.0,0.0,1.965325576480418e-05,0.0,0.0
1021002910,2009-10,Central,2.823995443716697,5.097648454852991,3.5620587955478076,3.6187604850926136,0.6768240598492349,4.661978029609491,3.0128321425144278,3.295514791258841,2.778817634121539,3.8544832089817196,1.28182886027714,3.063502423375687,6.25813237776605,6.377958364279384,2.642809780296269,0.0,0.0,2.2534665415279357e-05,0.0,0.0
1021003003,2009-10,Central,2.4335972182014274,3.9154950872266503,3.004376049086566,3.2206837205181613,0.792444518499976,5.013802371450559,3.669607532708271,2.858875867843527,2.458062605981372,3.3093184669680427,1.0197425691302429,3.137775754760279,5.677843370470241,4.658715213888609,2.0700973167626833,0.0,0.0,2.988370729790276e-05,0.0,0.0
1021003004,2009-10,Central,9.043853344789369,11.829186331223315,11.595323021977025,9.347512765796164,2.7633739861335096,16.965199544096457,13.356173750260321,9.35330791156275,8.387928015715017,9.629723387106901,3.8727416337750915,9.980715582260778,12.437733057209414,13.208738503360086,7.212236101672138,0.0,0.0,7.841895230474969e-05,0.0,0.0
1021003101,2009-10,Central,2.0621470429693534,3.2247341125563196,2.7387707620376127,2.700855583488057,0.6148108541385107,4.704348172585386,2.314804977651709,2.4868771333519613,2.22875775006143,2.9513000401664637,0.922168386144585,2.133905099054447,5.252988262084808,4.511869288469677,1.7737054070946163,0.0,0.0,1.8724535045652778e-05,0.0,0.0
1021003103,2009-10,Central,2.3092636945127945,3.427458972354035,3.0380649079014757,2.99353660685744,0.7530807789908069,4.996886286771826,2.7786428552313356,2.5206216411543885,2.370345983399677,3.0681015994966017,0.9326456190547305,2.5637922696948254,4.88807794790592,4.281298974000451,1.9503495865061682,0.0,0.0,2.1711674515008693e-05,0.0,0.0
1021003104,2009-10,Central,3.5238335221100896,5.020400993802882,4.791223439584561,4.548603933021407,1.3262758488227693,9.161049695065705,4.287555081113581,4.224217541437227,3.9263344171596093,4.993204418298635,1.7358411132371776,3.730240698581544,8.51536789646558,7.671413485176374,2.9820919505642407,0.0,0.0,2.7824272987470973e-05,0.0,0.0
102100310402,2009-10,Central,2.603899055133481,3.9218760163846467,3.3672743893570214,3.1302735144984757,0.7601416366793639,5.603542689126644,2.2733659646316937,2.887446326827285,2.716458368353956,3.695180762905438,1.1403184294725166,2.5416860508620727,5.420761986855341,4.681493047437474,2.2919982189753427,0.0,0.0,2.9003795760138613e-05,0.0,0.0
102100310407,2009-10,Central,1.793474656351928,2.9243433684916584,2.294364468052252,2.4737470728403435,0.5932339442546425,4.086220133987951,2.335770338118063,2.1279610447602115,1.9021548113645819,2.654229478898762,0.8467972991866481,2.0342628009662853,4.288756286805936,3.4758812969895723,1.6197053795324645,0.0,0.0,1.9434877943019673e-05,0.0,0.0
1021003109,2009-10,Central,2.7242455934469816,3.766621942904751,3.6646574512884564,3.3963535648990435,0.9002421594172854,6.232859458687214,3.2024126048944614,2.8960462771123816,2.7689436238893994,3.574619882770359,1.1064364241357323,2.87722327088284,5.533697104859602,5.009502268364765,2.2089271179533823,0.0,0.0,2.2385422699752198e-05,0.0,0.0
1021003110,2009-10,Central,1.840497581383193,3.148651002949163,2.33488210718787,2.4372785765990237,0.5309093771270563,3.6069574438867003,2.3872639327067193,2.241237402559519,1.9588895448995876,2.507829755393531,0.8028769523216629,2.257464651482903,4.650146962031648,4.25078072164952,1.6090371811424933,0.0,0.0,1.6519958195725912e-05,0.0,0.0
1021003201,2009-10,Central,2.8319474960236963,4.306650960584557,3.585496879897317,3.462217395565518,0.8463147644805231,6.180896202615965,3.804268465593448,3.2767261964610763,2.8928028381349846,3.7079471935270805,1.2799814389023394,3.333546552534461,6.08131286875894,5.399654320055637,2.309382244005872,0.0,0.0,2.3635500320036675e-05,0.0,0.0
1021003203,2009-10,Central,4.339606242923103,6.406952770766391,5.450929726597464,5.593897738015351,1.5884295595703395,9.951328025694728,7.457643974594101,5.005246052224552,4.560130661061319,5.529469163853128,1.8752253782540256,5.9306201954039794,9.567666473565495,8.011729022401354,3.3747178613578406,0.0,0.0,4.331994740313515e-05,0.0,0.0
1021003205,2009-10,Central,1.6515916531080224,2.488654676181524,2.059251556253939,1.9637561050492223,0.5124902890231652,3.7184448852481466,2.0931047284048563,1.8816940809914087,1.6693171743139308,2.107765411882436,0.6826740894981226,2.0576450589953894,3.515212143972355,2.67054980594611,1.3673488124340771,0.0,0.0,1.7351495099712374e-05,0.0,0.0
1021003308,2009-10,Central,3.7815684414296498,7.305239890485186,4.695694844191433,5.209599416434851,1.0404026469422192,6.258657529496222,4.814054739207039,4.608805903033454,4.03994855588299,5.236235686203718,1.7713119602531149,5.024588855102886,8.716264893167478,9.847339265584129,3.5351730739628073,0.0,0.0,4.2510237394457754e-05,0.0,0.0
1021003309,2009-10,Central,1.2829807535800692,1.8919444818240159,1.663882787922403,1.5830473059098338,0.4143569699434667,3.089362124096641,1.4360642924991551,1.546794630644279,1.2832377197560505,1.6799035394028328,0.564896973859461,1.5650743363878599,3.158578313234736,2.5159644542434627,1.0621907818690406,0.0,0.0,1.2786600675227736e-05,0.0,0.0
1021003310,2009-10,Central,2.8250394406657566,4.216425404731585,3.987453402618709,3.737626146052992,1.017377983831782,6.752782484382252,3.0687421450147934,3.3907139160724387,3.1388823998958504,3.9576085401430183,1.5414645428859706,2.8437434842781775,6.340937681486302,5.594202290654279,2.6040210225421183,0.0,0.0,1.9542147021938766e-05,0.0,0.0
1021003403,2009-10,Central,1.3493124471773033,2.0116667693664723,1.734112538370407,1.779565840115033,0.4401390371069828,3.3758795058134408,1.68025710443782,1.5774118293055877,1.360860063988335,1.9125386536469131,0.6009525962328806,1.477947083882982,3.130172527337884,2.4482065476552606,1.1475058021063975,0.0,0.0,1.6424622359846598e-05,0.0,0.0
1021003407,2009-10,Central,11.515673246665616,14.791541598105137,15.164584702286618,11.76733809350007,3.536102875940115,21.398564052485938,16.93606324483068,11.941966187870129,10.72776518466454,12.02013559260317,5.032735131097599,12.455789402043733,15.741316844255639,17.854680871284472,9.054889438967399,0.0,0.0,8.552185031480403e-05,0.0,0.0
1021003411,2009-10,Central,3.922802672575386,5.66991161493792,5.065987844109929,4.511875495108966,1.2691557192511562,8.375592428882566,4.4065265658541914,4.3389331005110146,4.071288496527041,4.743046789372147,1.7651708907618637,4.559956693523398,7.23509217436639,6.529386393063895,3.354507350615668,0.0,0.0,3.3646821768234904e-05,0.0,0.0
1021003412,2009-10,Central,3.075742477889902,4.572560472574148,3.7592563280387843,3.52406748920044,0.8481958727958255,6.078901753462056,4.520939235858081,3.300715213779969,2.993592089566499,3.6790831137450404,1.255763585761532,3.7453692406592882,5.265459568386542,4.729622087195624,2.473416537612816,0.0,0.0,3.662576541095591e-05,0.0,0.0
1021003413,2009-10,Central,3.1431933084532657,4.808917492410316,4.017558078636454,3.9356811161723315,1.0279180122124962,6.5766650014321675,3.7764105868680624,3.618218462526425,3.3340280756961436,4.116337489739142,1.4906957223878634,3.6643824736680344,6.732372274447724,5.870560872016388,2.7678229242061656,0.0,0.0,2.470107734841781e-05,0.0,0.0
1021003415,2009-10,Central,3.678432715977609,4.929323029615331,4.798717909839443,5.117643490159766,1.752982159646703,9.657582265517261,7.3497586263590895,3.9922476124124793,3.6779563132472304,4.910843153586646,1.5185079600516282,4.645745751164471,6.9999680458502285,5.622037443772265,2.863672331657362,0.0,0.0,4.2721536818443775e-05,0.0,0.0
1033000301,2009-10,Central,0.8278847276841076,1.32106390824034,1.0737111040096188,1.1369895404251689,0.2623191785828509,2.0876472066002636,1.128196072583859,1.0001162167598003,0.8390106759162835,1.2559869072139942,0.35209755060321574,0.8866154332739843,2.1241398124844175,1.525523422462445,0.7378457846275459,0.0,0.0,1.3886757070272148e-05,0.0,0.0
1033000302,2009-10,Central,1.6432459769872816,2.3417489348382587,2.266296180819582,1.8310707669965411,0.463209978773392,4.030723320169882,1.7126350222842444,1.9098344312974544,1.6054504640410492,2.376123531070895,0.6937925868569,1.191473918189521,3.5894800166804983,2.9404844057396886,1.493074569009278,0.0,0.0,1.4030360185443912e-05,0.0,0.0
1033000303,2009-10,Central,2.4664094531271212,4.032378938772255,3.1910674705730298,3.438506452219263,0.7972084544909528,5.333775168509871,3.591556734192346,3.0167653860551265,2.5533603861776304,3.62669724348356,1.1490495094905948,2.7969847356313706,6.254566829334615,5.530034721440631,2.194437955648318,0.0,0.0,2.356624031848923e-05,0.0,0.0
1033000304,2009-10,Central,1.6329651163210994,2.561814585598208,2.1514582798692,2.1169114982553907,0.5089176685174753,3.7770293652852667,1.8423040653059446,1.9510196868493526,1.7199639184745636,2.4298608513309286,0.8106075278562934,1.5137929616004935,3.9927493960020195,3.3776107861028657,1.5088029489401524,0.0,0.0,1.5576965885898743e-05,0.0,0.0
103300030403,2009-10,Central,1.3079501078478062,1.9031275169776343,1.6689950575971735,1.5811921525752448,0.4413534308890449,3.217907697037265,1.603959695829926,1.4876719492804371,1.3098103805165493,1.8109876907676647,0.5777019543123411,1.351332361610004,2.799850211429587,2.117209569774417,1.1737080995292195,0.0,0.0,1.5894349117800913e-05,0.0,0.0
1033000305,2009-10,Central,4.088997682412807,6.946148709398523,5.286228249269202,5.13929733792156,1.0986006239459658,6.621151457628222,4.85924950515329,4.767584716967077,4.0600942172740195,5.3173322328014985,1.8357553940338198,4.41628135171347,8.76337061034715,9.344806097367247,3.9001826191499895,0.0,0.0,2.9530793411027396e-05,0.0,0.0
1033000307,2009-10,Central,2.0671124577811417,3.435660127627969,2.61465531379216,2.6064968467517033,0.5734823044139205,3.8552201652396696,2.1866595507935704,2.357272459902174,2.076914594997216,2.809461479054091,0.9277002337887872,2.246798786053865,4.356886721288132,3.8341282343583876,1.944503629350928,0.0,0.0,2.0774903540970322e-05,0.0,0.0
103300030702,2009-10,Central,3.191184297272333,4.842791588432516,4.1063607956180626,4.051585218266589,1.1650793137175992,6.882100092806995,3.8981918435086786,3.693179943118857,3.3959452938167183,4.229627057095735,1.4350859210489806,3.79572074792477,7.254478198912742,6.031052735162499,2.8291591964355516,0.0,0.0,2.85648301964381e-05,0.0,0.0
1033000308,2009-10,Central,2.80731986951666,4.829633867526476,3.664114146591838,3.8088569398369088,0.7767379474293116,5.7828515734739465,3.8035555637772283,3.429157816076186,3.0344603169502617,3.9474087574103636,1.2797056777723477,3.4066481534489235,5.977571287318302,5.707857784308411,2.5227691196551114,0.0,0.0,3.2240675749976086e-05,0.0,0.0
1033000309,2009-10,Central,1.4778835578055753,2.287443263115869,1.8950846570815332,1.7614369793894964,0.40977860230793683,3.287908095676662,2.034864339821243,1.7305421135350134,1.3721382465570118,2.1414650435997102,0.5715557727286036,1.3552083354037592,3.4644966892367997,3.031939355227383,1.3094707527347162,0.0,0.0,1.8418811884181733e-05,0.0,0.0
1033000310,2009-10,Central,3.4806632599700897,5.888560540226013,4.7024917484581525,4.6832254602419425,0.9424377112432729,6.73774640932872,4.263771817441515,4.359185171371138,3.583015643323692,5.008920105459337,1.7038718570571965,3.5168328812073275,8.46486388919394,8.598630778268035,3.225434905339106,0.0,0.0,2.449446026838809e-05,0.0,0.0
1033000502,2009-10,Central,3.743978574607127,5.057514582084016,4.790504832720216,5.223575978932785,1.770316275111777,9.282259234131567,7.330311159627167,3.968917257362651,3.621479540700304,4.967231053560765,1.5058012226706194,4.817602986358484,5.813005781793415,5.148975397984092,2.8758335843527374,0.0,0.0,5.912418113443692e-05,0.0,0.0
1033000504,2009-10,Central,2.627767440275056,3.535434649407319,3.4663738648791753,3.4570750996498085,0.9495642814249494,6.586018783173496,3.4322163402216277,2.7497698658651797,2.6189030092810226,3.7239289771590705,1.0605833454363716,2.750093344582971,4.712228126095683,4.076116608301177,2.081975584495193,0.0,0.0,3.533241191222262e-05,0.0,0.0
1033000505,2009-10,Central,1.9120236118508418,2.8751109655092613,2.5345478272901194,2.73536748023339,0.6846222919397399,4.766045313850688,3.1902741744450513,2.223006211735343,1.9997235932645183,2.710507310115929,0.8107977513307301,2.3165085996731345,4.528296894562139,3.7492024585898536,1.5820789768151842,0.0,0.0,2.046586838433776e-05,0.0,0.0
1033000506,2009-10,Central,1.975250646136119,2.783632942244004,2.6095404314603865,2.5586859150543035,0.746110884562036,4.950274062707522,2.8270342827204265,2.195695333428354,1.9696791721312294,2.7934999027422736,0.8497211738065232,1.9778259746715576,4.30648692213558,3.596609644125285,1.7234899546422469,0.0,0.0,1.9508380874070974e-05,0.0,0.0
1033000507,2009-10,Central,2.058907813215371,3.280139894684628,2.729494721110996,2.8101611658713725,0.6154491823566612,4.53605779796507,2.4861364880588672,2.4981354789831816,2.145633044020602,2.9298462613347422,0.9288049531514142,2.225948487514196,4.985568531688726,4.118340761287995,1.811354173825918,0.0,0.0,1.9822025766838025e-05,0.0,0.0
1033000509,2009-10,Central,2.122068004013188,3.8257134199318488,2.729311321097451,2.9430024338588177,0.551112368315155,4.189131156258585,2.6217881160685015,2.5693388925095872,2.2849297212284587,3.080299062864167,0.9632435747189123,2.552110001411769,4.672121269940337,4.338265300142017,1.9260442243385036,0.0,0.0,2.5824609382476146e-05,0.0,0.0
1033000510,2009-10,Central,0.9825465681768428,1.467799912754653,1.300830119729271,1.2964657404884838,0.3329395472187694,2.519258211187513,1.1238209070538834,1.1335047736234043,1.0124794694571024,1.454521781399054,0.47220036195926646,0.9393192874672562,2.203855629108667,1.6373292411181726,0.9158458668286903,0.0,0.0,1.3342552017343903e-05,0.0,0.0
1033000511,2009-10,Central,2.4162810526603464,3.7057889128220247,3.0632451120409465,3.050534216801813,0.8398535195321867,5.319300870565985,2.919004158412736,2.801719665576495,2.4883807464920324,3.24762391418979,1.0583767038444598,2.857593563155065,5.478899135079428,4.445803713292767,2.130747070775352,0.0,0.0,2.561804735826507e-05,0.0,0.0
103300051102,2009-10,Central,3.344942008885487,5.031316294878976,4.126176334027804,4.364270668827647,1.2162429820556504,7.759775467472345,5.799007198311439,3.8612269672579274,3.4957448059332843,4.35718222245043,1.4165167347815175,4.635384736140552,7.403626425655104,5.8701306815937455,2.6384664451066,0.0,0.0,3.9345141665623924e-05,0.0,0.0
1041000203,2009-10,Central,2.2204978639065187,3.167563601110108,2.98960583862868,2.6172006917403676,0.7376187342380304,5.648826190634141,2.917218164661832,2.625960680091069,2.246964215334479,3.0130587929849226,0.933159086320909,2.2247598122970227,5.170265421515405,4.315114957563566,1.86016205027356,0.0,0.0,2.028991670039684e-05,0.0,0.0
1041000206,2009-10,Central,2.1574568806339753,3.6701370714368178,2.701438069971095,2.7570513932282568,0.5848570948879163,3.690689537450641,2.7604377162590756,2.453539394348319,2.136930111919215,2.886428158789057,0.920180970190231,2.449596487376915,4.4137315372488475,4.124536526426059,2.0386961801965726,0.0,0.0,2.5104894948747165e-05,0.0,0.0
104100020602,2009-10,Central,1.504944440614862,2.593397111021693,1.925263194538201,2.0128175754940067,0.445856862022388,3.226332078852807,1.768422998522534,1.8069202623932106,1.5760923984202124,2.1934031162389895,0.6683762186129854,1.7250716935405679,3.461486457294766,3.0899358425235857,1.4145122862876882,0.0,0.0,2.0837895849343483e-05,0.0,0.0
1041000207,2009-10,Central,2.6487773224150164,4.28907562808457,3.5157546057235916,3.3682565740949975,0.6946589281018688,5.580949019692152,2.7267875126431758,3.1169777383246338,2.939084320683737,3.9035399866320946,1.1928215812930407,2.720310366468883,6.200223119489883,5.9716846208784995,2.2676973885462384,0.0,0.0,2.3603076590779997e-05,0.0,0.0
1041000209,2009-10,Central,3.4270022043607233,5.028417831761921,4.773060445230414,4.738763524526938,1.1465744573873158,7.627925194109347,4.341232007697507,3.8711631591667954,3.452968910812762,4.78639801405771,1.5105167768495051,3.499138772709406,7.51668790526683,7.0265883424883935,2.897982105915935,0.0,0.0,2.565777194425016e-05,0.0,0.0
1041000210,2009-10,Central,1.1627723659152571,1.7123055379455365,1.5492175552735201,1.4417256543280847,0.35392827071255156,2.845948598257603,1.313450762601904,1.350416625815347,1.1545291957232973,1.5942057591694898,0.46865301205935955,1.2063552468978098,2.5986390493083924,1.9308531940703308,1.004336718089241,0.0,0.0,1.4278459013766945e-05,0.0,0.0
1041000213,2009-10,Central,2.27441231090589,3.4766083953054556,2.845367851595093,2.715340469782236,0.6304514094325707,4.825055416651544,2.9943851985679473,2.553336930284021,2.233556864332091,2.9529527759881833,0.9353501917049405,2.6363292423929714,4.568619214717227,3.9613127680697335,1.8571212011083134,0.0,0.0,2.466028176888866e-05,0.0,0.0
1043000401,2009-10,Central,7.663848180880118,10.826714147234929,9.926130242942028,10.48513856504252,3.9093006610041012,19.695694084634006,15.405959861455385,9.264749454748216,8.19617772799912,9.967272206910147,3.5401824637273025,11.06435188131227,16.781448582103295,13.862892650362495,5.9675588781416495,0.0,0.0,8.069153471061405e-05,0.0,0.0
1043000402,2009-10,Central,1.4112157350450365,2.3231385225071643,1.856426422544196,1.9196023167266723,0.4108476336877957,3.2174360345369215,1.7053851317230158,1.7272894032531347,1.463753013472956,2.10578544148803,0.6422300696334008,1.4581552385272731,3.3586754406005572,2.773302386033375,1.3136784359790519,0.0,0.0,1.795868363144149e-05,0.0,0.0
1043000403,2009-10,Central,2.6461605624608433,3.7480099503725914,3.4889285910555965,3.4251776728937626,0.9372020369212487,6.1307027503368206,3.581771914270255,2.9076551834780493,2.6396461286877604,3.5036606876172427,1.163883159689184,2.907655405022644,5.370577862064391,4.60506036985088,2.2577650613729197,0.0,0.0,2.2703751038696406e-05,0.0,0.0
1043000406,2009-10,Central,2.787797268390781,4.385841236773765,3.6196840938472907,3.486496010455838,0.8728688126808796,6.177333986130042,2.549475314713753,3.207196450667902,3.093729208740822,4.0672790831398915,1.3262205578177966,2.9135733561455432,5.9646249406933505,5.151217222418635,2.5656251075068424,0.0,0.0,3.0239895126497975e-05,0.0,0.0
1043000407,2009-10,Central,2.9250775940710976,4.452773784886491,3.7974028576996552,3.5205368453324084,0.948504567668685,6.21121644109349,2.964609888183829,3.2747312483390174,3.171141787209307,3.7418006870518745,1.3896800894008425,3.389164814994221,5.776456542602168,4.887578014974228,2.6330250247475564,0.0,0.0,2.4738523619885613e-05,0.0,0.0
1043000408,2009-10,Central,2.3256924539746464,3.4895297229927134,2.9490756705251076,2.7336531260999832,0.644754465880677,4.872161894058145,3.1612686659096165,2.634573493940853,2.1883678565033944,3.011178743353638,0.9335904331237481,2.5296546856486395,4.725104212962086,4.222988368961182,1.9429644520131586,0.0,0.0,2.498324261637753e-05,0.0,0.0
1043000409,2009-10,Central,1.3470031732235812,2.109853963249875,1.8126795355611824,1.753744902261844,0.3758252531332368,3.0648288747869614,1.662068326089323,1.6361637914541836,1.3365921916519516,2.02082842295211,0.5799647941857421,1.1837170385352709,3.2395415431205805,2.638492625855955,1.24511169670447,0.0,0.0,1.5861197795185598e-05,0.0,0.0
104300040906,2009-10,Central,1.9735610517970583,3.3094269279898807,2.666655312200551,2.9336149430175875,0.5810281845568143,4.212409955731095,2.3540826944241475,2.2977229352314343,2.0638554854250373,3.061091019427896,0.917566180892225,1.8712601011603196,4.664514344268367,4.113778409074038,1.8264036562136274,0.0,0.0,1.8340042390235857e-05,0.0,0.0
104300040908,2009-10,Central,2.559224457093363,3.8253848568709965,3.3936677775212987,3.6053153813177317,0.8341491639574143,5.761253615491768,3.3949659267166683,2.8200678117837996,2.568785932406366,3.69710423472455,1.111937204410267,2.777980015386642,5.731850188282774,4.8633026945683815,2.1212830111335257,0.0,0.0,2.2304310162673287e-05,0.0,0.0
1043000410,2009-10,Central,1.3985552106784227,2.247942910381207,1.8914818833449079,1.8468698708717712,0.4054473893851185,3.1432474297159003,1.4471683773579085,1.669776234866545,1.488396268353658,2.001051792787138,0.5932819543096535,1.4029726428997504,3.442657903099986,2.6966032377439446,1.2644895765876678,0.0,0.0,1.537409745099377e-05,0.0,0.0
1043000601,2009-10,Central,1.2854352057966802,1.8059721740886117,1.6881447422273623,1.7337484003220547,0.48555068794919326,3.737362603348349,2.0318950628425863,1.479353502010641,1.2782538209019978,1.9421484777461773,0.5840261470988369,1.2061744188374888,3.0203908897289407,2.534241318340039,1.1013423261263227,0.0,0.0,1.5592032062349326e-05,0.0,0.0
1043000602,2009-10,Central,1.4503563683237881,2.191658101145801,1.8193893758121022,1.782961550870807,0.4507308953661012,3.3383950329518344,1.8393609405879316,1.65875772723058,1.4426744399945453,2.012382195017412,0.6384352431690328,1.5564981979162467,3.1449360568532185,2.488460556298924,1.2724968982764784,0.0,0.0,1.6945537441131093e-05,0.0,0.0
1043000603,2009-10,Central,1.4348487007808823,2.0782857089644278,1.9663586655776601,1.7787547849524912,0.3943663832806259,3.492076265600417,1.611952047276592,1.6809850708535434,1.3768815930186171,2.0726205245602745,0.5795915554208131,1.2652964346422582,3.253685690225362,2.643724333611031,1.2351523212692592,0.0,0.0,1.5677085042343806e-05,0.0,0.0
104300060303,2009-10,Central,4.143971783524812,5.7178995561528945,5.226817659242233,5.509365644754768,1.9645476135730082,11.109043282721323,8.184117775669948,4.828883513258361,4.295408699684946,5.4017355096197806,1.777072767312455,5.719667889465958,9.47457827946029,6.874169475211892,3.1925654015414393,0.0,0.0,4.5702578952918684e-05,0.0,0.0
104300060305,2009-10,Central,2.8908018844104424,4.138194537434367,3.6778508142137296,3.344770393797297,0.8596751911688455,6.54026871653929,4.241247388541198,3.2186641471778707,2.791536632357794,3.5914880700724208,1.1664071933392715,3.32553673161866,5.548730172718917,4.9015224854587975,2.2923077414967805,0.0,0.0,3.0079216404722414e-05,0.0,0.0
1043000604,2009-10,Central,2.204947409016431,3.283122165540711,2.8564198231928337,2.8955944133435327,0.7936451693254575,5.551428468713112,2.825526085920317,2.5668823289062916,2.267455963181585,3.0584951912079212,0.9326225921977023,2.572513337305461,4.923095241086242,3.8688716005853365,1.8708329987438008,0.0,0.0,2.8284805059326917e-05,0.0,0.0
1043000605,2009-10,Central,2.4016521159409696,3.5064417842647906,3.097187684204128,2.9422725345499865,0.8631608101631268,5.368068582972763,2.6044870730196688,2.6985464764282794,2.4781790587699297,3.180716720183872,1.035598830445047,2.6034532251942415,5.319447437162029,4.204401269830213,2.1432310836611816,0.0,0.0,2.282730988536247e-05,0.0,0.0
1043000606,2009-10,Central,5.563017344797112,7.3944936715876795,7.281707847334243,7.6450551784869045,2.693672266668533,13.499748897301492,10.836064593707508,5.954360775471653,5.460794068130634,7.1827248497992695,2.314477277727783,7.135406771067087,8.600478166810394,8.252075700366905,4.230652426508751,0.0,0.0,6.891417869869364e-05,0.0,0.0
1043000607,2009-10,Central,3.1995039514314323,5.786795975811835,4.214456242127548,4.3253257465706865,0.8711460863779591,6.077392198014402,3.152009395596902,4.011587372132829,3.6123340664815085,5.0033922108008415,1.5442445169796424,3.3627086347696555,7.9883838861294105,8.210399745786,3.114137727665202,0.0,0.0,3.3863955546330854e-05,0.0,0.0
1043000609,2009-10,Central,5.069340771628684,6.768191082890185,6.592063048984425,6.993657631802681,2.442963046429422,12.36056733564079,9.887119737290316,5.4133879193502965,4.959988507439842,6.589110205924436,2.091753117920144,6.516210268967362,7.846600511815512,7.375751459044593,3.8667918074433345,0.0,0.0,6.651877969964848e-05,0.0,0.0
1043000610,2009-10,Central,1.7470122780455066,2.5892026516759947,2.3116391246272596,2.2482161363034843,0.5702250874190544,4.357275881025358,2.215695049936891,2.0838921107566892,1.7780251150086597,2.4039189355800805,0.7824949093950658,1.9506102648979744,4.046822241459066,3.1494926834039187,1.4670287737361025,0.0,0.0,1.75703761180193e-05,0.0,0.0
1043000611,2009-10,Central,1.0854241100239426,1.6517256230070778,1.410051753090125,1.5763490991072868,0.38480484434758755,2.7136250274015477,1.7972277752710537,1.2506019505512953,1.0950532760395537,1.5468581618626813,0.4363999098938312,1.3701908062681414,2.707329705132526,1.9292773069369245,0.9027311600917599,0.0,0.0,1.4797614855566606e-05,0.0,0.0
104300061103,2009-10,Central,1.7854085973057938,2.6057892844082873,2.213867272964754,2.09144985793677,0.5153544489497845,4.142784134827925,2.6444675720832618,1.9767550253740098,1.6939370243682834,2.2996781719021357,0.6928840335542914,2.053748485324659,3.4363239793812115,2.8205422578752994,1.4350279870120666,0.0,0.0,2.4891924549737255e-05,0.0,0.0
1043000802,2009-10,Central,1.935965712557658,3.4912601571359816,2.346768679418647,2.520594649405808,0.5080983989645538,3.5058253946142885,2.5799015725609658,2.26505117529456,1.9818032307103608,2.6360074994765768,0.813883347895847,2.484231187165036,4.394944957465579,4.353506520095468,1.6947737718573967,0.0,0.0,2.5408497962978647e-05,0.0,0.0
1043000804,2009-10,Central,1.7498589239770934,2.7768430151871395,2.3463061962881127,2.182802957249938,0.449119345176804,3.6502817415748154,1.8566457981781754,2.042977969739116,1.659893980831543,2.5634369415837477,0.7806166791014277,1.4917224879125979,3.872428100045116,3.315971231196544,1.6410182467025594,0.0,0.0,1.635153000851823e-05,0.0,0.0
1043000805,2009-10,Central,2.5169400825650663,3.5385093573045037,3.294806151233999,3.0293656979705093,0.9018943957593802,6.298585651097048,3.4352271930470923,2.945454619106436,2.533567261757132,3.367311236860906,1.1252229343097286,2.6900541923292836,5.899187112164602,5.03292633513442,2.0939882099881575,0.0,0.0,2.1703646160037655e-05,0.0,0.0
1043000806,2009-10,Central,1.3672793931958158,2.1119064455531613,1.8203412339300917,1.9702662549447225,0.5008529486520621,3.324292259914799,1.6984489359915278,1.547455803541012,1.4593269450893565,1.9751531718076163,0.6867587939853955,1.5728642481506072,3.1736324521253954,2.38183191735005,1.2261396228248993,0.0,0.0,1.4213038981412375e-05,0.0,0.0
104300080608,2009-10,Central,2.0570866925764912,3.4482436504527394,2.688661189439523,2.7232791655141515,0.5970944623768873,4.449444944924521,2.2932785606421335,2.4712654036473127,2.2215077292848155,2.921397005769986,0.8955833586509806,2.3305636612191867,4.84229340985012,4.412910216835595,1.8376411547911655,0.0,0.0,2.3530433806276105e-05,0.0,0.0
1043000807,2009-10,Central,1.5357530633292595,2.1753090563410415,1.9409950888039982,1.7600818674023866,0.4476274479995573,3.8459788499166634,2.2877859915152063,1.727527714733751,1.4246684901425017,2.0324245046371203,0.5811322746944503,1.6272451578099112,3.1088869684831395,2.5147218723299676,1.2309009621050013,0.0,0.0,2.0520257594845014e-05,0.0,0.0
104300080702,2009-10,Central,2.0880585074757265,3.2059728387313013,2.6906221288296983,2.5093671940915456,0.6713722982274211,4.541387976857269,2.546445645175862,2.408829552075861,2.1360739832199616,2.7978429758427517,0.8821771802073196,2.277899714866135,4.6862829690141075,4.050315840895964,1.8475417790283843,0.0,0.0,2.0540476459542494e-05,0.0,0.0
1043000808,2009-10,Central,2.628622771889587,4.186907395796484,3.6649859875604185,3.8572267229391453,0.8904864338747613,6.162304389709143,3.373282741638937,3.148730297373967,2.9000722424185303,3.951054897803126,1.267104999562571,2.700802135339801,6.219263806629808,5.721661633905987,2.3741179395709118,0.0,0.0,2.2558807088120067e-05,0.0,0.0
1043000809,2009-10,Central,1.8342375546181697,2.689842340400754,2.406049415310712,2.3681181931741873,0.6151935645868447,4.411261047077819,2.2586051275399104,2.1490371966272286,1.8251526695239753,2.6127312958276097,0.8642114614288584,1.8155895371459478,4.17859372185307,3.5248255901876764,1.6442612855071383,0.0,0.0,1.840705192851773e-05,0.0,0.0
1043000810,2009-10,Central,2.107448162115786,3.228063144134902,3.1206884403809596,3.0987044315188066,0.7005829903715752,5.122660391900315,2.8944213312369094,2.576644337302905,2.1886981258634157,3.0342752652046676,0.9388531411472494,2.2666398862003505,5.183692058109892,4.345337515706431,1.797682263418404,0.0,0.0,1.7485049213342267e-05,0.0,0.0
1043000811,2009-10,Central,2.4139084710181056,3.488900570580802,3.0449089434218433,3.0044774898319337,0.8459732280743252,6.110912039395781,3.9601986377662,2.7803507265805534,2.4083467775216976,3.1973470758073694,0.9743379608834538,2.9690173499603465,5.446156406406009,4.3093382086807095,1.903587278101659,0.0,0.0,2.842273888326759e-05,0.0,0.0
1051000103,2009-10,Central,2.8736614990402805,4.378984613624317,3.808035289570263,3.8017712890842956,0.9893909993846177,6.429300929648802,3.5493768182624503,3.384703859742899,2.971731606480706,3.9954332373562194,1.255294513827866,3.1490509934276543,6.6691291663852335,5.702569785781056,2.5359059971163256,0.0,0.0,2.8279437788930997e-05,0.0,0.0
1051000104,2009-10,Central,4.132171838219866,6.848376346750953,5.411130343529932,5.364026391460019,1.1289351939664258,7.989083665128209,5.418088139350925,4.84742614086789,4.386031830502137,5.456214950972504,1.9264863101772405,5.031201000146835,8.207069560227755,8.304365420157248,3.533806232801193,0.0,0.0,3.682614490474917e-05,0.0,0.0
1051000105,2009-10,Central,2.1424956932384833,3.4848585153274563,2.8613570221368736,2.816162000258305,0.6017074889426116,4.602126714037881,2.7845046807960463,2.6658470596297317,2.224040737387186,3.0103776607512494,0.9675336573423697,2.311240166705518,5.17365249496868,4.671716717962619,1.8608328506798075,0.0,0.0,1.9133773865569673e-05,0.0,0.0
1051000106,2009-10,Central,4.089646881057372,6.588257618048061,5.472284979739644,5.295440949115158,1.2420070708111453,8.948892312358655,5.384452312042606,4.99905219134108,4.421046900049197,5.613700535651764,1.8564373569242745,4.744238601123876,9.826733457013416,9.981962972909415,3.4228456158807496,0.0,0.0,3.496527519203162e-05,0.0,0.0
1051000109,2009-10,Central,4.903911505163515,6.448412043408812,6.909996032583461,6.046927586404086,1.7391585438352544,11.818059818232681,5.356313654674244,5.747247205926951,5.044897189163311,6.420683504521079,2.3870844902105657,4.471805548373364,10.922307951175593,11.42239059211891,4.041537915792389,0.0,0.0,2.620201478281994e-05,0.0,0.0
1051000110,2009-10,Central,1.724849766195386,2.907460974769632,2.2603451372541237,2.446229814235105,0.5184764596120014,3.659214558422871,1.88613162429653,2.0157482481195332,1.8429564093613624,2.4667174881017435,0.8526656443182732,2.040965228035301,3.8302400292647314,2.8457046600590075,1.5593828753861336,0.0,0.0,1.7160215028509472e-05,0.0,0.0
1051000301,2009-10,Central,1.2393888335205647,1.936434864824852,1.6010796412866684,1.6491084988259557,0.38936678206301945,3.178803072624811,1.5233463098464408,1.453980419954923,1.3032380591910055,1.9233469796586224,0.5544008130091944,1.2540863348586806,2.8515455690641436,2.330114296132816,1.1100808462046592,0.0,0.0,1.7852097175143815e-05,0.0,0.0
1051000305,2009-10,Central,5.296113869092718,7.770739323283665,6.818386322424644,6.305310676398143,1.6835552997441805,11.819402657294106,4.8893386062523945,6.075565447608581,5.9889260500060955,7.4278369963383595,2.5026849768356154,6.077999623646345,10.50476849812963,9.997789759745832,4.339415117012263,0.0,0.0,6.476449429205337e-05,0.0,0.0
1051000308,2009-10,Central,1.9105927837714738,2.674537202083157,2.4258820564973145,2.490482049852751,0.7244033367732569,4.841412531397431,2.793382090799786,2.1520496134234763,1.97291698646985,2.4439767365734504,0.7907333546611914,2.4747239077978738,4.66616195649905,3.5636544569768893,1.5135888743383195,0.0,0.0,1.7141672346228995e-05,0.0,0.0
1051000309,2009-10,Central,5.6142366554277165,7.557814925044015,6.948973717545861,5.917554662358291,1.6836067344402381,10.775654875225726,8.369691110376431,5.782050374179732,5.158416600955884,6.198393715107047,2.3239398469898203,6.344101814247959,7.795803811907232,7.392799591993402,4.569499959480884,0.0,0.0,6.564978195069801e-05,0.0,0.0
1051000310,2009-10,Central,1.4028482567782312,2.1300972935914744,1.7998369788388224,1.8838885064761195,0.48498638945185807,3.446843675282212,1.9923946888284976,1.640029267466883,1.4277445317032857,1.9929344345367834,0.6203291100585293,1.6316087053464996,3.1518336781789693,2.3766986065516726,1.2357607470106002,0.0,0.0,1.8754223449628524e-05,0.0,0.0
1051000311,2009-10,Central,3.783500154298722,6.0178522550647955,5.180341486348651,5.673182611124265,1.3312613023153732,7.903366328839115,6.110887187785627,4.394391729010452,3.9587069732509437,5.489647698997525,1.6910620608373523,4.333521393806943,7.842912218018896,7.996688746407069,3.3498497646205347,0.0,0.0,3.6193881991620794e-05,0.0,0.0
1053000402,2009-10,Central,2.387264336029457,3.5622051866462705,3.1811569939253728,3.027821963230864,0.7534077426922441,5.684993227552135,2.6366541515942594,2.7693182166251358,2.551528900691694,3.618436922764098,1.129323419429778,2.1593177698578416,5.439888392038887,4.839765808064967,2.153532668661292,0.0,0.0,2.1470429913366838e-05,0.0,0.0
1053000403,2009-10,Central,1.4807163380135233,2.217025437163932,1.9085481018665484,2.0330662634028522,0.4966758749563706,3.2518447100815027,1.8862754062460099,1.580091168666543,1.4516603238996277,2.0931021037928765,0.5908278011607463,1.5998006212826106,3.1581251530189345,2.4699701842088766,1.2824113779285897,0.0,0.0,1.793526027212558e-05,0.0,0.0
1053000404,2009-10,Central,3.830339843280911,6.179422682323515,4.985638182351955,4.815234563694405,1.0949272758708404,7.290918870419049,4.237231159467951,4.441329749075785,4.149967859474912,5.314460085965789,1.7429290636637367,4.239076386875524,8.570051258749912,8.762343488535532,3.351273602057172,0.0,0.0,3.409042056202854e-05,0.0,0.0
105300040602,2009-10,Central,1.3607184156831809,1.9936650438115318,1.7833266801974208,1.6424869963796866,0.41418458957751875,3.3165291559276824,1.5869421652303637,1.5516498346533518,1.3389122053353364,1.8429587176579567,0.5537467508833617,1.419231083283578,2.82943648557281,2.2521511169842134,1.1737961241178945,0.0,0.0,1.675003545482808e-05,0.0,0.0
105300040605,2009-10,Central,1.0485712292276412,1.8919967974964629,1.3390222038446802,1.477904286552666,0.27950986296208635,2.2069093433367946,1.1882023702901414,1.2452532419709947,1.0771036853299063,1.6353225067638673,0.4701482084187887,1.103884933337647,2.532189801020261,2.086168611908327,0.9810499859311486,0.0,0.0,1.4989892773687363e-05,0.0,0.0
105300040607,2009-10,Central,2.6734549096622553,3.710548917701188,3.7525358260501323,3.500060609321522,0.9966883810801846,6.486012394686708,2.716592178437848,2.878549819786311,2.774090352820605,3.866691759630629,1.2078490063126455,2.2802349779076816,5.417189090597178,4.680031992218434,2.4889388741652994,0.0,0.0,2.1710889095033027e-05,0.0,0.0
1053000408,2009-10,Central,1.2633059584718096,1.8670742758940664,1.5646545132670544,1.5983314065043477,0.4382908814569127,3.1970364060167276,2.095279053351788,1.4713538913970152,1.2347451731022467,1.7950976774122962,0.5115580918556254,1.4295151892770745,3.0223874829286963,2.265277452975817,1.0626525802901217,0.0,0.0,1.8176726389390837e-05,0.0,0.0
1053000409,2009-10,Central,2.60207558562812,4.000075105948307,3.587503322940301,3.8622628344558234,0.8726597458284334,5.779294129385805,3.691176257438552,3.0030568288818213,2.663464980297244,3.961791364196194,1.2104840570147586,2.5248041902845078,6.225524544484935,5.6460399557422996,2.3242025051839503,0.0,0.0,2.0507994155257095e-05,0.0,0.0
1053000410,2009-10,Central,2.3727562094207695,3.3046207080470977,3.270420904567774,3.137418751993904,0.8246331592522784,5.924792541784568,3.095833336963674,2.679243072745386,2.3298543732508574,3.404365890617462,1.031001598138497,2.14628445033911,5.351466369361178,4.643957243066155,2.029494393687273,0.0,0.0,1.8983733222417228e-05,0.0,0.0
1053000802,2009-10,Central,1.1919742288805695,1.7989097256396651,1.5875246676949752,1.6222142116797937,0.3880379346011809,2.923818310590126,1.6577658756900002,1.41723942229401,1.2162295629815445,1.637659539598938,0.4840534081592489,1.443500185075428,3.1449559626610477,2.290961525570197,0.9793940650819438,0.0,0.0,1.3702539699238225e-05,0.0,0.0
105300080208,2009-10,Central,1.7281492922845347,2.448064570778443,2.1966395617600774,2.1326949236973434,0.7084788094271556,4.551814774204281,1.8085129250151577,1.9268178440819261,1.7622198474781379,2.3699374990367046,0.737822951075753,1.8817510489407157,3.608645184777333,2.5387862455656838,1.550704019375381,0.0,0.0,2.5261945740316065e-05,0.0,0.0
1053000804,2009-10,Central,0.880009742129232,1.4410020398384165,1.1289058013566224,1.2197629151076845,0.27068825239131933,2.0083862851041108,1.154999964855774,1.0277715832021668,0.863735645476266,1.3333886079293884,0.3703407472036033,0.9485591320369106,2.1136302255887487,1.5791954644985617,0.8027180749544857,0.0,0.0,1.4474034458034246e-05,0.0,0.0
1053000805,2009-10,Central,2.584846042167498,4.4670676288954505,3.267985266145307,3.232234695407534,0.6508847595974002,4.307407554951662,3.05731282015829,3.0021882686184322,2.4711069704515856,3.4583941821786324,1.111654280587941,2.766601633889627,5.530763957162009,5.577654777840067,2.475911500359978,0.0,0.0,2.4541883323635077e-05,0.0,0.0
1053000806,2009-10,Central,1.1081744415864,1.6998117867909428,1.4631359568436366,1.532749747187598,0.31267505616214786,2.581427557821513,1.2155608980758923,1.1922526104186628,1.0735970912222177,1.7445168052570907,0.48413547736318974,0.8900843917644329,2.4432152114896533,2.0349795156646153,1.004929762140363,0.0,0.0,1.3522775807972201e-05,0.0,0.0
1053000807,2009-10,Central,1.2250923516182457,1.9621405050947274,1.594269135592322,1.6514783854888246,0.33397205247291417,2.8149032866453005,1.409708583412385,1.4301763872148796,1.2472062073202244,1.8495066270031482,0.5415400784224679,1.2402628422336055,2.7564012249736507,2.2960905323721783,1.0760722379248266,0.0,0.0,1.5952278145145058e-05,0.0,0.0
1053000808,2009-10,Central,1.4746762882020634,2.618914298876584,2.01755148029287,2.1184220325148195,0.376496915770957,3.0976036964441933,1.5803510890799441,1.863214033246261,1.5686332524491358,2.223486930030918,0.6972834060830325,1.5856427939926878,3.573821044450589,2.9295083442039975,1.325533294532845,0.0,0.0,1.559297630814516e-05,0.0,0.0
105300080804,2009-10,Central,0.756480477671878,1.203343941808319,0.9476838524348218,1.0462093160254171,0.24934096896787045,1.8090908478251073,1.2597240803156868,0.8982777747764298,0.7490967853726177,1.1152646145236844,0.3089378903012518,0.9154919595341531,1.9098963808658551,1.3786914553182503,0.6551744140159729,0.0,0.0,1.3507815837014962e-05,0.0,0.0
1053000809,2009-10,Central,1.1161293178615728,1.6404668449101865,1.4788569496115533,1.3494599150198119,0.32164946597395383,2.740981415885454,1.0826453538984175,1.2361247119960714,1.1509540319704903,1.6574507025422671,0.4655283249269105,0.966744094264039,2.3328464888809015,1.8189849348761427,1.012575073027494,0.0,0.0,1.3816947016367167e-05,0.0,0.0
1053001201,2009-10,Central,1.7871966918623787,2.699448113770258,2.2417698979823077,2.2282108681114496,0.5670539949962922,4.143348662784315,2.6921571909535995,2.0766296682442724,1.7194167000916085,2.457849595056017,0.7083725355863251,2.04331698363665,4.166845934683232,3.3428451860010524,1.483052573716408,0.0,0.0,2.2690727445780467e-05,0.0,0.0
1053001202,2009-10,Central,3.1288952570942072,5.386354675951254,4.186808630451354,4.815677155136194,1.04417758910299,6.592048144027577,4.050526348610289,3.7918856930764533,3.5052709384496965,4.858116760959131,1.4219877143311344,3.6478200583597102,7.08630280368328,6.705552018821687,2.8842430504082963,0.0,0.0,3.425316678816859e-05,0.0,0.0
1053001203,2009-10,Central,2.1280028458028806,3.048413831479926,2.6891170743373207,2.6758248790909596,0.7393528279293342,5.347509362501784,3.115863616906839,2.424067927235314,2.196212626463589,2.8499661450556406,0.8619985790055359,2.6639132899587374,4.901742167908769,3.657082359993203,1.667417441023082,0.0,0.0,2.4230997737683576e-05,0.0,0.0
1053001204,2009-10,Central,1.55873860082798,2.302342165664909,2.107760691725853,2.1089868036908475,0.5201512629122819,3.664360664482846,1.7010620437143056,1.6769051597966707,1.5764219497727008,2.2151730783328123,0.6499219311090129,1.5423142680781452,3.243562597911388,2.65693405789292,1.3898526591328764,0.0,0.0,1.659997971643062e-05,0.0,0.0
1053001205,2009-10,Central,2.540164515287702,4.295763173424334,3.270433661346728,3.1967823306849223,0.6535051696955738,4.684128953588405,2.7231063599452066,2.9880297521232357,2.580412296226037,3.651423919647919,1.121372688705812,2.613882774398271,5.9231502289091225,6.152043285138654,2.3223962080358107,0.0,0.0,2.5746244109945427e-05,0.0,0.0
1053001206,2009-10,Central,1.4039427872607602,2.3239660509759403,1.7709736539552334,1.8260103395826994,0.4290146278721381,2.912386458290556,1.5053202344926724,1.6027073171247423,1.4416734686866715,2.017022292281799,0.6423788879620475,1.508143692889712,3.1953406192842455,2.497731982095702,1.3226762341563232,0.0,0.0,1.594873204058897e-05,0.0,0.0
1053001207,2009-10,Central,2.902916913838978,3.9470459197187147,3.684085467815985,4.081436900025597,1.345489583023481,7.305655315997946,5.698057588503493,3.058799271236194,2.777576366054593,3.9127089457511723,1.1437085574978414,3.712371161617711,4.514660115527937,3.8400187210887653,2.2358207467875135,0.0,0.0,5.3398177273542064e-05,0.0,0.0
1053001208,2009-10,Central,1.666053922536519,2.6316574098347294,2.23736710195566,2.3961333934949254,0.524796308434751,3.6391183749144353,2.1217723727750557,1.885237826195791,1.6988125919979558,2.410613444455558,0.688250046779746,1.799710632837033,3.849820944310802,3.1548558668665634,1.4647331822902467,0.0,0.0,1.7453196102058922e-05,0.0,0.0
1053001209,2009-10,Central,3.4342027402141686,5.89886001342821,4.674405263370737,4.797143832987595,1.0152528890621801,7.247932226783332,4.447998455762843,4.385837524575551,3.943965563457947,4.895611150062777,1.6904634309078468,4.025503496200633,9.014168889969472,9.264463584109114,2.966992462158522,0.0,0.0,2.5856485682808005e-05,0.0,0.0
1053001503,2009-10,Central,1.6912899858912334,3.1216704183905826,2.108364577127652,2.2544104129163496,0.4088391190353431,2.8403188487071014,1.8608741488005731,1.9550327170486899,1.6675217034518812,2.4125751229585033,0.7561673559886049,1.8337102594740011,3.7632607062000205,3.6109903199736877,1.6202252958164078,0.0,0.0,1.8440032678370023e-05,0.0,0.0
1053001505,2009-10,Central,2.0068392344416024,2.72363141589787,2.698920312466148,2.5049248524088616,0.667188276936176,5.118443826874327,2.395603920560941,2.1830206216429326,1.9671902480921046,2.848343547171133,0.8431758607669987,1.7924112330113808,4.32044042648449,3.778852529504932,1.6811776746762825,0.0,0.0,1.732322106008699e-05,0.0,0.0
1053001507,2009-10,Central,2.709788396145219,4.367970789477674,3.732252622946925,3.825303275251116,0.7737132098244974,5.410458836610327,3.2272599578187875,3.1478513928901406,2.630343030484833,4.19540284016804,1.2582359075368503,2.1626377845760785,6.46533202160019,5.967385194578026,2.63626611287513,0.0,0.0,1.8898323044373215e-05,0.0,0.0
1053001508,2009-10,Central,2.048143772651225,3.4551406916916307,2.6834468403949203,2.766411315094428,0.5625832957206482,4.060685538006314,2.3442466335843526,2.4396420536858563,2.0244618767121745,3.0341871519928825,1.0091443865570213,1.9841998250401824,4.764627814618467,4.257608556053737,1.9613445725960985,0.0,0.0,1.8246242221242573e-05,0.0,0.0
1053001509,2009-10,Central,1.814373813179528,3.1302938630495802,2.31427761674801,2.3421444418390482,0.4641952981290439,3.426449218654903,2.1065673520393635,2.141899511893339,1.825401638075595,2.5873718262061294,0.7978431866458434,1.9052825025288544,4.132821287272786,3.6490303457904805,1.6612406716674462,0.0,0.0,1.824646276079654e-05,0.0,0.0
1053001510,2009-10,Central,1.252369659804295,1.9646460460355366,1.6293480981484112,1.7384232163819644,0.41422999214285855,3.0855565553591253,1.5121327499179082,1.5388261282292541,1.3162178429380038,1.7625274387953123,0.6195086446584416,1.5186516336715183,2.9912508288875093,2.2686952846049446,1.0788121698152862,0.0,0.0,1.546096968927533e-05,0.0,0.0
1053001512,2009-10,Central,1.9470458246634028,2.803401477764839,2.513360957444483,2.3255541865578735,0.6348714026855717,4.755131417852765,2.9912275679863396,2.2614803331516637,1.8670502370398103,2.669409495458417,0.7651467659988092,2.0193967609395247,4.523336030303382,3.666900698610462,1.6112704855900013,0.0,0.0,2.089199582445331e-05,0.0,0.0
1053001513,2009-10,Central,2.891193511473977,4.071452158672867,3.891708277832533,3.4318869137982864,0.9269327604053831,7.287599606244096,2.6685165913789497,3.270434404901635,3.154524765566423,4.198616193860277,1.3251487996290878,2.699630903748553,5.993377817078833,5.303758097796378,2.5243263728725416,0.0,0.0,2.949234015247671e-05,0.0,0.0
105300151301,2009-10,Central,1.4405773607025996,2.156383928164501,1.8055460893053892,1.8756559863989994,0.45628554277299915,3.5010807058933393,1.8055611891968897,1.6289048491001694,1.4540186772354404,2.0242531292263597,0.6309267180075138,1.695068948717686,3.1902881518009747,2.3815757185496986,1.1902793644493455,0.0,0.0,1.7385496150297988e-05,0.0,0.0
105300151303,2009-10,Central,1.521901520140572,2.4087179236099727,2.0233219908914535,2.0196085408986884,0.4791642249864817,3.5603408134764662,1.6587954260242994,1.7915613173782758,1.5936971576894885,2.2136989157469755,0.7460731244836949,1.548238418116031,3.3802816832236666,2.6951859665216436,1.4270045187824292,0.0,0.0,1.6621096704660805e-05,0.0,0.0
1053001902,2009-10,Central,1.5187591053246445,2.239118339263865,1.987280505354439,1.8406165121705726,0.44744529004964606,3.574771395751961,1.6733727034361978,1.7772899169503744,1.4807250049686447,2.2363686867419696,0.7046341211013739,1.2786196410510824,3.7018970334337262,3.208045880710229,1.3730980750931807,0.0,0.0,1.4799219645683333e-05,0.0,0.0
1053001903,2009-10,Central,1.8265830709502229,2.8983323358641404,2.426794072436172,2.4778917003415937,0.5653845543782301,4.188435585128351,2.300255897982003,2.2556885587732176,1.8928974421860787,2.6973027783674155,0.8797212351246108,1.8211616081434239,4.496008310979053,3.8578138269208195,1.6786707795483082,0.0,0.0,1.8477029119173472e-05,0.0,0.0
1053001904,2009-10,Central,1.9368843558411475,3.049709414068961,2.608194024222675,2.4753257466659684,0.5906418653260608,4.403811113140885,1.836743845311375,2.2527816677115844,2.046615245695976,2.8093181866299393,0.8630005092607735,1.7949171830296866,4.318813216931945,3.63841206253247,1.8318727861458828,0.0,0.0,1.9868357787508124e-05,0.0,0.0
1053001905,2009-10,Central,1.4386106192656687,2.009725724474714,1.8954860517388277,1.7539641707537685,0.45957144503004493,3.9472875164176178,1.9519109485408248,1.6886398038064507,1.3851165718581306,2.166544753188596,0.6249214310608999,1.2154713625499156,3.4216878606741465,3.019033657831553,1.2247402102319187,0.0,0.0,1.6306410427069917e-05,0.0,0.0
1053001907,2009-10,Central,1.9903853816276544,3.1847691036100754,2.6151350264573354,2.6370955138564645,0.5769352683418819,4.460682448484377,2.7352235133092737,2.4271107403716385,2.0211793352646934,2.898387542914993,0.896745697636366,2.0714462355120693,4.656273130999287,4.0877482679434545,1.755620019154797,0.0,0.0,2.042485154639793e-05,0.0,0.0
1053001908,2009-10,Central,0.9714331013702561,1.575153094871742,1.234294088181996,1.3508641516990527,0.31088248516431527,2.361429734836565,1.4713777354698732,1.1968711659811022,1.0131428392187616,1.4537111977146644,0.42219074558815134,1.1204600649015284,2.5851439083914722,1.9961641867661055,0.8502471953492657,0.0,0.0,1.4579466104781264e-05,0.0,0.0
1053001909,2009-10,Central,2.6164105463548704,4.625058966292932,3.45524748179077,3.5888627379466014,0.745115662302355,5.393545552877941,2.676797100783427,3.201790000491263,2.897563620202583,3.890132085631302,1.2218080032001621,2.8493593796147896,6.263737055954317,5.9115280630801905,2.4500023813679075,0.0,0.0,2.7060902240504488e-05,0.0,0.0
1053001910,2009-10,Central,1.483040823495169,2.1975794816601364,1.9302168354865035,1.8885624945743822,0.47605082155393597,3.5854407204077776,1.7257749644604605,1.7039840725550008,1.459116294910059,2.097400480539795,0.6538493582249506,1.4972259902322722,3.1906425147413002,2.585681823342648,1.3337082564241216,0.0,0.0,1.8419994976039403e-05,0.0,0.0
1053002301,2009-10,Central,1.9376279383776431,2.7603850118009063,2.62535683525377,2.5836810729980146,0.6302994351562239,4.674567023106591,2.088785554541177,2.0932756159952985,1.952859984041688,2.870275712995745,0.7846194592947516,1.754140744323997,3.9504094545802095,3.354365556192078,1.682555354614047,0.0,0.0,2.307735529825564e-05,0.0,0.0
1053002302,2009-10,Central,1.5185930543919985,2.2280109135326054,1.9541135280278492,1.9841608973823541,0.5698141717334843,4.1231573518511775,2.0195474061231202,1.7768892347254774,1.5993755220268895,2.1589539025084505,0.7235348879654908,1.7165833136790778,3.3322718521842303,2.605037189403903,1.3477808596792422,0.0,0.0,1.877732314861396e-05,0.0,0.0
1053002303,2009-10,Central,2.2134560861835237,3.4260964124614204,2.787640746603746,2.6531676850001236,0.6559509058842304,4.468985946215081,2.436087199832468,2.486173201898654,2.198143447232515,2.8696361788065974,0.9568600743075554,2.473177568435801,4.352920926452275,3.72912020246442,2.0045985893876517,0.0,0.0,2.454574044189156e-05,0.0,0.0
1053002304,2009-10,Central,3.9139249147744217,6.980340925364185,4.744441069803778,5.293233992942896,1.1111089823231504,7.574517883393764,5.895544077304335,4.600820740868464,4.296101679945541,5.257034813590222,1.8041816126000016,5.727341499200677,8.14225828865508,8.369416201917556,3.204895901605334,0.0,0.0,5.612417308273693e-05,0.0,0.0
1053002305,2009-10,Central,1.4075612697837032,2.257062331242813,1.8138934141918481,1.8097603062054552,0.38945608492324485,3.187108765885646,1.6622804192488552,1.6213967304589791,1.4115170671720896,2.0316855526723745,0.6135745352011258,1.479949216769589,2.968200141604165,2.483595247568021,1.2433139711294583,0.0,0.0,1.801628804534344e-05,0.0,0.0
1053002306,2009-10,Central,1.8527050596241954,3.2048498045180187,2.5529091247977522,2.4671610996948354,0.4241056151830289,3.711507462118642,1.896902253163697,2.2443691916702657,1.941224639876833,3.059860903636371,0.8380625651010551,1.3394274174501126,4.5404443859544985,4.341723028242028,1.7945565134571335,0.0,0.0,1.64825120374064e-05,0.0,0.0
1053002307,2009-10,Central,2.0042434151910955,3.2613067903327826,2.62437791378312,3.0338546614391535,0.6385570448116852,4.454922078774731,3.0227547800191807,2.2452447266017894,2.0671528210823067,3.0162515224131012,0.8496116735810448,2.355219090170009,4.111083295041912,3.7666533625106076,1.7095979597369702,0.0,0.0,2.7458234962441444e-05,0.0,0.0
1053002308,2009-10,Central,1.0095866744512856,1.5164010057930666,1.3106856428971283,1.2450524793531252,0.2894004362250633,2.6107601304024652,1.3437708392567158,1.1934148778355704,0.9739944557721387,1.4953357190045888,0.4270187156789098,0.9377888591998231,2.2543199776889917,1.7829421845881317,0.8773712650440187,0.0,0.0,1.4222780426389261e-05,0.0,0.0
1053002309,2009-10,Central,1.6873406246923457,2.3525645271852316,2.298698940562222,2.222417108460433,0.5818520713033855,4.063417107226116,1.7719393162377586,1.7770624516966005,1.6589402717210864,2.493497381759581,0.6908976506336018,1.4103849969203555,3.3569554867086153,2.760177955422796,1.5407217723150115,0.0,0.0,1.946336354501728e-05,0.0,0.0
1053002310,2009-10,Central,2.0862342882173266,3.038552921923906,2.609427278279149,2.607151031707731,0.7259639241899584,5.320393922172824,3.4381919866421264,2.400902682164966,2.0707331253755545,2.794530657674856,0.831406216774169,2.5719722128260916,4.709665853613661,3.6346885335773544,1.6548676684219656,0.0,0.0,2.6869708131168e-05,0.0,0.0
1053002602,2009-10,Central,0.5752295865668454,0.7661989861356796,0.7555234281117132,0.7349347909658384,0.18109049080537704,1.6293088642699056,0.7723148979197991,0.6154933191854652,0.5130081887725595,0.9160904816653728,0.262931510524081,0.37922016942514064,1.3216353393042983,1.136340766725996,0.4955369117151519,0.0,0.0,8.980724873022096e-06,0.0,0.0
1053002603,2009-10,Central,2.892831609436118,3.933601111779622,3.6709835358845684,4.067639003817519,1.3404154165710858,7.281799846856238,5.678426128556297,3.047919996622977,2.7674894958441003,3.899924377957224,1.1394161606933102,3.6989966749525887,4.499052953903437,3.8248527592118013,2.228092714440759,0.0,0.0,5.332283789032807e-05,0.0,0.0
1053002605,2009-10,Central,1.6534933260716436,2.3510233530394204,2.2715397745006207,2.2036652346628363,0.5886894501446215,4.060972717830403,1.9025700208978338,1.8522374113878983,1.712243842972005,2.242707882199136,0.6936097153252814,1.7605643515218223,3.8498565425836655,3.1289749236849005,1.4185384546327842,0.0,0.0,1.501374162208643e-05,0.0,0.0
1053002606,2009-10,Central,2.349115810174705,3.2698594898188724,2.9886130960661186,3.4061112389769286,1.1455200364851497,6.70337667260527,4.954807477402769,2.6228374772795986,2.390258148760655,3.393697853862406,1.0062688699790112,2.921598892855341,4.648703938381489,3.672422796769351,1.9283480088934741,0.0,0.0,3.600745465372068e-05,0.0,0.0
105300260602,2009-10,Central,0.9504733320632177,1.7403364637812728,1.2004340008780918,1.3856894412741716,0.26218494421163596,2.1030636684638737,1.293926024926461,1.1833485127851215,0.9865493162520087,1.5590935177118546,0.4231580697353218,1.0204571677349876,2.4893648459155253,2.1666632537106576,0.8991639836909382,0.0,0.0,1.699843972590243e-05,0.0,0.0
1053002607,2009-10,Central,1.21686089066709,2.0954654931766568,1.530275898860583,1.6861649446497526,0.3220028964488465,2.482736894915816,1.5742572043776766,1.4287355518067235,1.1907748291852664,1.8393172477997322,0.5497466999462964,1.297739151647237,2.8063584065578557,2.488733087114638,1.1137503395217794,0.0,0.0,1.6789111822365476e-05,0.0,0.0
1053002608,2009-10,Central,2.4653092891042223,4.284837182765493,3.2090012004843413,3.404299378312484,0.7011027938918469,5.284743704780713,2.783480916395284,3.0455674156677865,2.7878317759530153,3.8530473365545923,1.200926763386054,2.5791317843608406,6.3077918947849625,5.75123443905855,2.2509851880332477,0.0,0.0,2.3435564444217445e-05,0.0,0.0
105300260802,2009-10,Central,2.6417714977113187,4.232024690301134,3.2724341972427684,3.48578543013276,0.8635345862461826,5.421186538035731,3.972253038312313,3.1040704783895987,2.6757118343434585,3.5697245335361645,1.1139554926661612,3.403226426441094,6.161224250652794,5.119369415009001,2.239988948510466,0.0,0.0,3.0849385573803966e-05,0.0,0.0
105300260806,2009-10,Central,2.4828934358278403,3.592366391427951,3.1918976993325803,2.9642497976191047,0.7832136201070378,5.735459875364213,3.1263908786234658,2.92190397824065,2.532060486882814,3.173064074772762,1.1041918592684308,2.808091826975499,5.6242192010745935,4.971113087650648,2.0142919401728987,0.0,0.0,1.9127127687797586e-05,0.0,0.0
1053002609,2009-10,Central,1.3202528649871224,2.1759201703056807,1.7483674400900528,1.7292281068211524,0.36500046774156986,2.7967124153751177,1.525062820709874,1.5903072207117048,1.3411995790105102,1.896246055029571,0.5695390317591855,1.4164251071056535,3.2985253796973084,2.7596548640398617,1.185507513000348,0.0,0.0,1.4132630302264518e-05,0.0,0.0
1053002610,2009-10,Central,2.068758160815075,3.3352004879314356,2.9181390325946253,2.9348389286467267,0.6528135312740521,4.538081263360363,2.2304050711346917,2.3774160077576,2.259461188860067,2.9980281526027284,0.9695050520481339,2.0815590250672624,4.636471676892482,3.9979699135631384,1.9106582880649403,0.0,0.0,1.7635302217111196e-05,0.0,0.0
1053003002,2009-10,Central,2.2403415880140356,3.948203134460656,2.7955791794077913,2.9205112299853178,0.5870779465704744,3.7814229071893815,2.6439377586540567,2.563494345510552,2.2677749688580726,3.0532169333154875,0.9867086908949068,2.5714823421141064,4.749786082407331,4.4844154263321645,2.104142491538737,0.0,0.0,2.3345808858115822e-05,0.0,0.0
1053003003,2009-10,Central,2.5824291255702727,4.316623626137614,3.3234349815529245,3.2228663253173586,0.6910660243588115,4.662761415060678,2.6635027262493587,2.9879546933200927,2.5522785314918406,3.4958305027116428,1.1802626597061812,2.6742227135291565,5.594556986686971,5.224103537692905,2.455815210974284,0.0,0.0,2.141995776703395e-05,0.0,0.0
1053003004,2009-10,Central,1.7618081659660638,2.3669671878086116,2.464848532034949,2.140878980464457,0.5398703072005276,4.344772785242399,2.1834672620125923,1.9557121409282108,1.6162322153434479,2.6471897917862974,0.6817547298284822,1.1589772610754132,3.877203021615918,3.153785076780347,1.5826268913054313,0.0,0.0,1.5083638574721907e-05,0.0,0.0
1053003005,2009-10,Central,1.771884412188387,2.8291613599917507,2.4177216865413222,2.4654433010878725,0.5270484170774697,4.001167260078694,2.012666030974309,2.193065941602663,1.8794810046609012,2.530122855352832,0.8043268675526642,1.8659836496998528,4.5353628732902544,3.5481731840816364,1.565130529493328,0.0,0.0,1.764253978003897e-05,0.0,0.0
105300300504,2009-10,Central,1.434476072378565,2.14748019249353,1.7988233727498324,1.79561721956361,0.5488418303257027,3.6303188714224377,1.6424653600047148,1.6252362771006097,1.5241652357230495,1.9713092103183778,0.6261038319410813,1.705146273293743,3.103311841482368,2.1857078345482006,1.2961390612895303,0.0,0.0,2.018638550641433e-05,0.0,0.0
1053003006,2009-10,Central,1.714323069294913,2.5989892420579253,2.165518750382221,2.0634647992018653,0.43214015719317517,3.5404450822167375,1.828480153083353,1.856966771847347,1.7057847798888321,2.386025540139476,0.7071121328350277,1.7761363929754226,3.229628478737902,2.72477150348596,1.4455403675495349,0.0,0.0,2.509346332654198e-05,0.0,0.0
1053003009,2009-10,Central,1.4035053982306696,1.8817350525701917,1.8544583542177602,1.7849224903642336,0.5109756192726183,3.526030804348625,1.547726547052888,1.448200634644231,1.345434852505388,1.90042300021381,0.5312400036470707,1.3729114206392699,2.8679682678047507,2.1471509851974195,1.1892924189477547,0.0,0.0,1.669189590208744e-05,0.0,0.0
1053003010,2009-10,Central,2.4724280418372246,3.5947951073103437,3.4941913271697986,3.201901888893948,0.7584018375133256,5.734302795270216,2.7041379755450436,2.767745438470329,2.4193461437306003,3.596533096155956,1.0794029462458994,2.0002221128830997,5.273469387966332,4.73463147650802,2.225429333704797,0.0,0.0,1.861434036046133e-05,0.0,0.0
1053003301,2009-10,Central,15.134627820149058,18.746069443646967,22.505804263450486,19.729330544513797,7.474761173355259,35.42555414781922,29.165722570646555,16.69928833816496,15.36162727378519,17.964385755724773,7.027336899179515,17.963203266340102,22.93644445511388,29.008324884073353,10.843756424267111,0.0,0.0,9.865110872802311e-05,0.0,0.0
1053003303,2009-10,Central,1.5312061739866167,2.578155322888517,1.9648615067493749,2.0273821247279127,0.4153359923615782,3.1338099400844825,1.6644459728872254,1.7872214325733704,1.5860037326156713,2.3184798866387446,0.7137583024891261,1.4615362542923964,3.6495280739796,3.1522983292491387,1.416724929107008,0.0,0.0,1.5639128649597174e-05,0.0,0.0
1053003304,2009-10,Central,1.3668108440235098,2.2695636305500937,1.6888518147716929,1.8172715263669978,0.4073537328197823,3.034496146551399,2.1179685455386914,1.6498581948792577,1.399554295147674,1.9328166544649341,0.575895645327497,1.722038886670894,3.3231908037826483,2.891429138801905,1.1690920744567277,0.0,0.0,1.812269286677881e-05,0.0,0.0
1053003305,2009-10,Central,3.043521234279548,5.305459514784418,3.9484621707282517,4.10634366743735,0.877248623757175,6.406948718999901,2.982828069725168,3.778846315260693,3.6047655730588812,4.791386255079949,1.4679967094791069,3.48536936798537,7.309098160796749,6.799071204350626,2.806341157665908,0.0,0.0,3.9123911365252916e-05,0.0,0.0
1053003307,2009-10,Central,2.173595968557081,3.474535641475511,2.883244294218835,2.7130842059270144,0.6035178057591978,4.542889941304005,1.9839988933999952,2.5567359439444863,2.2574581714236768,3.258275432565643,0.9512566344913196,1.9444691775922467,5.001096618782954,4.522528008890922,2.0656304187882837,0.0,0.0,2.456689073753249e-05,0.0,0.0
105300330702,2009-10,Central,4.062429400331352,7.903904891539693,5.106252088426627,5.524212341677841,1.0609554250527455,6.604018272779716,4.518167088512188,4.906671985224414,4.407330059085323,5.644705089766184,1.9429971788552052,5.144541743750028,9.685982455609931,11.060451867544135,3.742193219245131,0.0,0.0,3.584073972584379e-05,0.0,0.0
1053003309,2009-10,Central,1.7249588273824696,2.437700209585017,2.2628406330890884,1.998085886878465,0.5411601692297933,4.389003334127665,2.22124971622663,2.002144696170351,1.6728464107485028,2.3593864728205434,0.6692661626957918,1.6684200752610974,3.9918861604787255,3.17357733574292,1.4301693218387468,0.0,0.0,1.83146582633715e-05,0.0,0.0
1053003310,2009-10,Central,3.7115872333943924,5.848712658997201,5.05478664779132,5.160928398802453,1.2007009109838702,7.3429859126391035,3.967080475929895,4.192437425691417,3.8817237994385887,5.3670588440853,1.6631010101565507,3.592249075602061,8.01180221586857,7.581236838407578,3.4489894250045103,0.0,0.0,2.854763279232436e-05,0.0,0.0
1053003312,2009-10,Central,1.9492419650642068,4.141928613623216,2.50470354981148,2.93945585098614,0.4961436655605562,3.369963744963602,2.320259238821269,2.4704241371177553,2.0915882275485993,3.1137209110703994,0.9256851892871519,2.2193160741254085,5.036426567529153,5.632590585330026,2.0255581993885947,0.0,0.0,2.4813506030112538e-05,0.0,0.0
1063000301,2009-10,Central,3.321114620592369,5.30875371351561,4.390938734429338,4.3822156053190815,1.0482581955642067,7.20960908507636,3.7170712409368605,4.030374303199841,3.6903693284705303,4.641111814860388,1.6498419405596574,3.6565334486955163,7.621975774004326,6.851209259646089,3.0101200675547313,0.0,0.0,2.6761700945303316e-05,0.0,0.0
1063000302,2009-10,Central,3.109308730490452,5.3631070813673,4.168730928847838,4.1735662672697815,0.8506659324186129,5.817180491795068,3.32265816182416,3.7049457269418604,3.250618934577521,4.379995662576619,1.5233480314008603,3.299234472493276,6.820497537135482,6.678157944457113,2.9378477412608457,0.0,0.0,2.4085425209962242e-05,0.0,0.0
1063000304,2009-10,Central,1.5505622079020915,2.2633320712866167,1.9872643267832166,1.8964042057404618,0.4574764907090784,3.737092458731005,2.2791148927038307,1.8563231682531853,1.4246661869425423,2.2952175845457004,0.7231320003206709,1.369285927016804,3.7899600558476583,3.2838484919183273,1.3671174284475023,0.0,0.0,1.57397805395317e-05,0.0,0.0
1063000305,2009-10,Central,1.7024460578864882,2.5368172691391333,2.2464018897321876,2.2036685387420007,0.5367063005549264,4.091205633586419,2.00276278100138,2.038612428489499,1.7612210809005346,2.348559150607243,0.7467226798771189,1.8088391839138853,4.055486602880347,3.475430226815034,1.4529615230962782,0.0,0.0,1.7290026281436983e-05,0.0,0.0
106300030505,2009-10,Central,1.7988356072020355,2.6862199923056447,2.376612013327808,2.3832285651368323,0.5910177397604804,4.348482396354167,2.383685529886579,2.1349275172618287,1.812752384040125,2.493020346576569,0.7361951432055588,2.045169069655157,4.545826301028983,3.446499589194294,1.4923210610933157,0.0,0.0,1.9604844062373727e-05,0.0,0.0
106300030511,2009-10,Central,1.7394960131708257,2.6079792201888035,2.239607652856306,2.1184899583126087,0.532217401578371,3.8042139039129608,2.1739259386687038,2.019613276794079,1.675993912953908,2.4217796980009347,0.7703769567921234,1.6880189989316075,3.9081917828609907,3.225355560947778,1.5804781614938805,0.0,0.0,1.727735435098716e-05,0.0,0.0
106300030512,2009-10,Central,3.9526738536896153,5.79320073846295,5.648612741239987,5.187895122866367,1.192902861292093,8.625968365467433,4.847761903139911,4.642380524109358,3.993765683419679,5.8908063919721805,1.7632883635083705,3.1911452765164685,9.040189253401392,9.445733806419064,3.4950600187634517,0.0,0.0,2.633401776397191e-05,0.0,0.0
1063000307,2009-10,Central,2.340669988875432,3.773332477979183,2.885470096730505,3.10192762155297,0.7607085909715421,4.8315496847475154,3.5341383811578875,2.749424064425841,2.3610408620254844,3.192395379067826,0.9779636208356248,3.0185252683902597,5.461850776354703,4.456332445045917,1.9938651907890466,0.0,0.0,2.943349957003673e-05,0.0,0.0
1063000308,2009-10,Central,1.2400353216314015,1.8423899085253,1.5984457227363176,1.5371206153756198,0.3846938932542918,2.803821981863644,1.252881051309303,1.376928618575649,1.2241318749695034,1.7361326481415804,0.5668353662489124,1.1861015339105647,2.6530818634874263,1.9998352337552634,1.1457852504909156,0.0,0.0,1.4015427594542048e-05,0.0,0.0
1063000310,2009-10,Central,1.3982168829633062,2.134960538892765,1.8642240812645179,1.7927933609869497,0.40532281589648655,3.263265021620025,1.6948496905529717,1.7048123870867429,1.345285093852268,2.0523895080534986,0.675744758066685,1.2948768613605461,3.4498154250333863,2.6005449479950697,1.2528390390636908,0.0,0.0,1.4513050468366157e-05,0.0,0.0
1063000311,2009-10,Central,1.854648672377955,2.636949925163392,2.3791805022196284,2.276681629585913,0.6122018636515797,4.537235974342149,2.273313387779427,2.1169104092576747,1.8466299679534501,2.568111002222817,0.78806024516347,1.9417631872786654,4.32468958347257,3.5631275350862603,1.5412716243836833,0.0,0.0,1.932765803400153e-05,0.0,0.0
1063000502,2009-10,Central,1.6563270633318987,2.5495720564490294,2.159055038629065,2.0456867976258595,0.5388416637146773,3.55120799437296,1.6502561774582571,1.866647066747276,1.697831418063315,2.2661147528953096,0.7646802402950551,1.6941407438610316,3.4415815537040366,2.680296011584198,1.611471552221047,0.0,0.0,1.74520921079969e-05,0.0,0.0
1063000503,2009-10,Central,3.071107825575453,4.833941036736076,3.959992970290494,4.103950026905363,0.9744974630242073,6.903404041678647,4.623152849408816,3.670741058054981,3.2549138081996194,4.213573164019309,1.4374466257016096,3.7823238633487457,6.616395170448741,5.974778627433972,2.5957461939059985,0.0,0.0,2.9784358313061203e-05,0.0,0.0
1063000504,2009-10,Central,2.96870826239806,4.243858397535117,3.7844907552508804,3.43208912987914,0.8839555028641249,6.707833354518116,4.353172029555138,3.3064976186090633,2.8694067833378942,3.680463121521196,1.200702991714806,3.412810490055887,5.696884321609155,5.057971306966111,2.3516013323390426,0.0,0.0,3.038628862380538e-05,0.0,0.0
1063000505,2009-10,Central,8.504850921201516,11.171512725606659,10.84111871392063,8.814626893935738,2.594158040462913,15.996602630730731,12.574706604964785,8.79052577913029,7.879126363872083,9.10019645368603,3.624526235764765,9.425798671023154,11.713086843908217,12.242898231224924,6.80397585045629,0.0,0.0,7.668119368700024e-05,0.0,0.0
106300050602,2009-10,Central,1.150330901215952,1.9576300675684237,1.4127030520182855,1.540079143759008,0.32919784238259986,2.2898331880881786,1.6120315167271078,1.3565722023357816,1.0980874105754106,1.6683966208681449,0.4608784341324311,1.3452643628494212,2.76836445476614,2.2780820285354366,1.0390358913202138,0.0,0.0,1.954766560254355e-05,0.0,0.0
106300050604,2009-10,Central,1.4240491295703588,2.287435810346686,1.7629717345194056,1.8722363823766301,0.44327813769292784,3.0126273432068644,2.063904160167891,1.6875685094863309,1.3738014974856512,2.0597936962525707,0.6055157909224612,1.5732271100748592,3.564664681292809,2.897050061068103,1.284256327315277,0.0,0.0,1.820177088808484e-05,0.0,0.0
1063000508,2009-10,Central,1.7489420603231267,2.641271725155359,2.2323312244286644,2.064325641381534,0.48205425540223706,3.823509620277208,2.3264415003500067,2.0037884717945547,1.65740787984847,2.3856929683690233,0.7033107463686363,1.780459351525412,3.7305743854543216,3.1670050984479805,1.4806682505322617,0.0,0.0,1.8906134041887126e-05,0.0,0.0
1063000509,2009-10,Central,2.8340976485198035,4.545126522491921,3.894521615649338,4.135269903897106,0.9657146182169082,6.062757018857834,3.5044144589113033,3.2295938772327393,3.008506226468933,4.185930694741858,1.3094081345498656,2.9700701273711143,6.058365400573677,5.665785741101072,2.6311120238512924,0.0,0.0,2.5461053511271056e-05,0.0,0.0
1063000510,2009-10,Central,2.7969161115023313,4.421635963137928,3.5819069130790586,3.7485622243804437,0.8836892146309298,6.314466728342398,4.2194265428130855,3.3356874043846867,2.9521157637146835,3.865629130001788,1.2978965958528474,3.4497117114209086,6.030820265824729,5.3553550413478925,2.372782084550011,0.0,0.0,2.8731606153258812e-05,0.0,0.0
106300051003,2009-10,Central,1.8817075570563995,2.753959407945741,2.34185236386212,2.3576610213221008,0.6510521249116706,4.824703045321665,3.110770795627975,2.164252136467902,1.8607044378116693,2.540069248489446,0.743521782687558,2.3206845755667764,4.249039881516718,3.227887422513671,1.4979313943798178,0.0,0.0,2.5809050043908734e-05,0.0,0.0
106300051004,2009-10,Central,1.389486197115443,2.0992057698804834,1.834505606289571,2.0056140422926934,0.4537287591327284,3.3874321841965345,1.900907175881193,1.55731048473519,1.3868555896180583,2.0169680479109102,0.5872238192230431,1.540138374884563,3.0619036398452506,2.38578597815566,1.183047046158674,0.0,0.0,1.722219138167068e-05,0.0,0.0
106300051007,2009-10,Central,2.3884023014229916,3.6437653727395842,2.996466422413735,2.84766834072512,0.663984878505127,5.05381961926948,3.14152944810727,2.683106221340195,2.3501134621592206,3.089011101760465,0.9862910687646949,2.768850806552306,4.795686905133953,4.187683257690876,1.947397305566575,0.0,0.0,2.5139964163177616e-05,0.0,0.0
106300051008,2009-10,Central,1.6750400451621072,2.608558115018289,2.1765969775929035,2.1860179252843763,0.5265986669997993,3.939897439830792,2.006328170081336,1.992102429184008,1.7273003090052896,2.5878416507733415,0.8107746549623862,1.4930256436644227,4.108520855696707,3.5151090871558743,1.5572322005453245,0.0,0.0,1.7541988975746152e-05,0.0,0.0
1063000511,2009-10,Central,2.347521801128273,3.7164886379444395,3.093297173478085,3.1285854244749047,0.7652210005358996,5.161632226993151,2.8990581524799888,2.8382315925083974,2.3936701603381225,3.46313390059194,1.076417704558698,2.32397359769071,5.683378028574144,5.181712103136875,2.2035135837700994,0.0,0.0,2.382556434193492e-05,0.0,0.0
1063000701,2009-10,Central,1.696706597570791,2.794408097826825,2.208082547673119,2.3872024925312694,0.5988409869996085,4.330040767572983,2.2167580751950746,2.120442567641371,1.888300537140124,2.6120979231526276,0.8044840764078297,1.931130299593703,4.177752795404711,3.4219885906889758,1.5881865704903693,0.0,0.0,2.314694307265812e-05,0.0,0.0
1063000702,2009-10,Central,1.6972710525710717,2.6138179655604374,2.1689539537131597,2.377316195007613,0.6297470219298605,4.174139811750363,2.926775366575041,2.063209205550137,1.7487636550549204,2.538710595598252,0.7764633271434899,1.916305864756062,4.3626414339191015,3.5039845530940346,1.5018776470220214,0.0,0.0,2.0385100119507146e-05,0.0,0.0
1063000703,2009-10,Central,1.6390322294566375,2.3821543142202244,2.0378940987860865,2.1492456997672003,0.5767300089881351,4.208295818053364,2.4625921484920945,1.9042451751346077,1.6630854184653665,2.3605885885762095,0.7812293798476946,1.8530552695795675,3.847749041814148,3.1026043658424003,1.3666984646931517,0.0,0.0,1.8379411551867907e-05,0.0,0.0
1063000704,2009-10,Central,2.1497943740402525,3.4941962775363695,2.7887043792956683,2.7037354961232265,0.5792691331585422,4.3180450956242815,2.4046976439547443,2.522835304646307,2.246410666539993,2.779391372388523,0.903220814570086,2.587409469075894,4.71970304480812,4.20922507456201,1.8101020569224733,0.0,0.0,1.9483345721104617e-05,0.0,0.0
1063000705,2009-10,Central,7.1342898942339925,10.302729831544449,9.384106402255451,8.418390161930908,2.306008234867315,15.709175189734255,6.537943319088284,8.216271038036462,8.143191367315607,9.797019394253969,3.4668242363925357,8.114242525514504,14.109013964238649,14.461532435658773,5.772320337946927,0.0,0.0,7.251653512932855e-05,0.0,0.0
1063000706,2009-10,Central,1.6810433384327104,2.663635555628577,2.07297964607714,2.143212604588025,0.49814634061174845,3.4328398740830535,2.3942544127047194,1.9448564075842962,1.632758272326111,2.309885073760795,0.7178541876415353,1.9084176603537615,3.6775272846694054,3.1028855863491906,1.5024247971565003,0.0,0.0,2.0951761242710713e-05,0.0,0.0
1063000707,2009-10,Central,1.0208049438701157,1.6080891590066317,1.3818768373826078,1.4004574853435061,0.28142771169002045,2.4012253606686187,1.2450385966739668,1.2136372646803826,0.9861586174463359,1.6414073603630766,0.5430276033245585,0.820874839949599,2.3468516488878217,1.9499261031650121,0.9347101985015769,0.0,0.0,1.1832668017339092e-05,0.0,0.0
1063000709,2009-10,Central,4.114075275652001,6.0437540310112885,5.496550282929633,4.917498070947092,1.3076275864970859,8.407625656583582,3.6276215752632144,4.65734579500494,4.298130173743638,5.692026928058868,1.8768829851290003,3.839174041953008,8.684104930364084,8.30531359220044,3.769446208191055,0.0,0.0,3.5514369773254414e-05,0.0,0.0
1063000710,2009-10,Central,2.6047461510241234,3.7874195122134506,3.530208882053962,3.241783842498932,0.8244599131135149,6.1526530946422024,3.458007918636015,3.1710647964890275,2.5538357525637707,3.698331351515961,1.2727560086768446,2.4049499456180667,6.121722004055565,5.711842737610612,2.292734155994315,0.0,0.0,1.999369149316113e-05,0.0,0.0
1063000711,2009-10,Central,1.5839466392912904,2.485015203716685,2.1647082204632793,2.042324072741732,0.46719408602927504,3.6964720254412966,2.0023704925578643,1.9318762128988698,1.6091245678323336,2.48011656152984,0.7171975320165456,1.2418862581412167,3.8707533349091707,3.3502214189872648,1.5115966686455424,0.0,0.0,1.587091517431116e-05,0.0,0.0
1063000902,2009-10,Central,1.3936341943118837,2.010020311169389,1.872142683335274,1.9199196762378248,0.507760847919618,3.6126899322822963,1.6210577327306754,1.4979200933710104,1.3836393386951658,2.0400850931607892,0.5697227986631471,1.3553999471359097,2.764131182724034,2.222185964163853,1.2502492155664775,0.0,0.0,1.996783042075368e-05,0.0,0.0
1063000905,2009-10,Central,1.0144741829685262,1.6116348211261318,1.2249626526095936,1.2840570502433353,0.30473969374518506,2.1990893247058936,1.2733115507187214,1.165660185034312,0.9981124959261044,1.3786342519047599,0.4361401496972153,1.2439818208854452,2.2781732010916156,1.6787190173679674,0.8812353382571009,0.0,0.0,1.3633580712814573e-05,0.0,0.0
1063000907,2009-10,Central,2.80954333320718,4.519255664864721,3.7778226156947463,4.2592580077863875,0.9715889760493888,5.9515361422190285,4.566052829079981,3.2296904871856906,2.894070481989583,4.162422328150285,1.2155879902572548,3.2085152197846964,5.821626640207774,5.640622875018096,2.5095375349797764,0.0,0.0,3.220340275648658e-05,0.0,0.0
1063000908,2009-10,Central,2.0015510265886975,2.9444448959376053,2.6588815351893507,2.528624835091447,0.6723174078633624,5.009892979821292,2.4025525160801666,2.348968699369804,2.074951469408836,2.815154717632158,0.9976836511844037,2.037099425082825,4.365469182606052,3.6887170674599274,1.7504845761800039,0.0,0.0,1.7764000069179384e-05,0.0,0.0
1063000909,2009-10,Central,1.4593448369489648,2.3048799569934317,1.9242480945294367,1.8648695159252702,0.39232690855264285,3.0753908888012194,1.7126293854761943,1.6835656815350186,1.3964044249193162,2.12511232815126,0.6090976709152034,1.3377947946929354,3.1797280011647975,2.711593401892091,1.3416348552471788,0.0,0.0,1.722134204853951e-05,0.0,0.0
1063000910,2009-10,Central,1.929079018045549,2.7227259179903296,2.4993117658733324,2.583194141529152,0.6609834858878616,4.4805280545727975,2.47091037228694,2.0078370807350345,1.869799605966758,2.60488062786483,0.7754456853898952,2.132392340108739,3.691336144279297,2.8270304082222735,1.601508092152676,0.0,0.0,2.2226929947862135e-05,0.0,0.0
1063000912,2009-10,Central,1.5627173390910136,2.3772609943799217,1.9923293240607518,2.0982794604002315,0.5720384804377493,4.191717537406331,2.09800189289699,1.8565832731605356,1.6213162093322797,2.306966039261082,0.6860103761317462,1.7579920091066183,3.5674883716711876,2.8258953707535364,1.381388941222079,0.0,0.0,2.4633333033568397e-05,0.0,0.0
1071000101,2009-10,Central,2.3437059860227407,3.5158293675639127,2.9793192405872087,2.9531159745840543,0.7853899406434437,5.320042929660063,3.5732055791180817,2.723434474910013,2.32991774797724,3.1808990840101927,0.9550504282643042,2.709495513903271,5.472747853402158,4.46714017939703,1.95827909449212,0.0,0.0,2.5344985661452126e-05,0.0,0.0
1071000102,2009-10,Central,1.8647730773488682,2.8634798704565716,2.3466841917146732,2.3346546207515178,0.5916672891278709,3.9884739121247454,2.290255670197282,2.1461860382028854,1.8579763729756547,2.5394289943329165,0.8333072160987184,2.04010565023503,4.058252085480459,3.3409192568571022,1.6966658268957093,0.0,0.0,2.005117000499556e-05,0.0,0.0
1071000104,2009-10,Central,3.379990593971708,5.3814460671771025,4.221525216995702,4.091093670642654,0.938865420275212,5.9746585970886,4.506539800987259,3.764494414633686,3.362361482548249,4.223846301349074,1.4402265614985825,3.991858208034037,6.432985961385863,6.138308860787815,2.9661046252340304,0.0,0.0,3.323631825403414e-05,0.0,0.0
1071000106,2009-10,Central,3.6517040646490235,5.276007471243765,4.988664334924756,4.4360793597798684,1.2195476033126245,8.095468209336461,4.354253025904144,4.361445986370247,3.748733546305152,4.859726137115032,1.8854274953625474,3.565416373851574,8.273101502081683,7.749202069538334,3.2055966705003565,0.0,0.0,2.1097477604352102e-05,0.0,0.0
107100010608,2009-10,Western,2.1380098414901334,3.6269251682689205,3.1734041483446287,3.846242244546484,0.6586258830653766,5.590424120234118,3.285270298709095,2.5799297083056065,2.211441284030133,3.935366987408921,1.0452729046168086,1.7368214513795062,6.015868296673383,5.868485819520574,2.0150841084688524,0.0,0.0,2.7024023691412422e-05,0.0,0.0
1071000109,2009-10,Central,1.7415036291369397,2.475901845850497,2.217676748727723,2.2211489182213215,0.6067586741142696,4.405528219091959,2.0669580846782085,1.9942111725619593,1.7715270528753195,2.314001678447872,0.7762178244808396,2.030423317245766,4.090494254855157,3.084197242380104,1.4199379773336496,0.0,0.0,1.755077618049407e-05,0.0,0.0
1071000110,2009-10,Central,3.3254502068631955,5.086831727254164,4.3826880528827985,4.40935967965665,1.1134194933680193,7.825521672551326,4.043649505415246,3.998164958314503,3.685799802970461,4.840078047880213,1.5121037271973772,3.8170353412094573,8.034471279719671,6.809917066854306,2.807180350462747,0.0,0.0,3.4209303354160385e-05,0.0,0.0
1071000111,2009-10,Central,3.5732507907315356,5.272064963909866,4.397637490519589,4.069997062626709,0.9927916486919667,7.009098082168193,5.233833990166397,3.835768535859077,3.4911184982367303,4.2243121933369325,1.4732305632308524,4.339565205207975,6.10607936409508,5.626247632914074,2.859065646132231,0.0,0.0,3.880464370955826e-05,0.0,0.0
1071000201,2009-10,Central,2.38576670188695,3.5038790090493657,3.1953796823961547,3.0803491572248967,0.8442111333672563,5.8523885541042535,2.9735157816037656,2.8213897816066087,2.4809910307874516,3.2454638521815062,1.1367672669647166,2.692797743087006,5.331796981518227,4.453918509546341,2.074946303875572,0.0,0.0,2.1496544798659563e-05,0.0,0.0
1071000205,2009-10,Central,1.94078216013782,3.0568717195820736,2.5236794451878763,2.6206913971684633,0.5896949057797287,4.3564946061029275,2.821920557022681,2.3362507587956767,1.9512271445397442,2.6698955359069836,0.8072161378929723,2.38002393831253,4.5930879424872995,3.6033746190995184,1.629847828500092,0.0,0.0,2.200141675188276e-05,0.0,0.0
1071000206,2009-10,Central,1.8902430272524176,2.9836736475736387,2.4995680476782782,2.4245029519166756,0.5502378198245542,4.16467604099788,2.2793552422342476,2.2124452796763205,1.8991645083978475,2.69239395095919,0.8367354488554638,1.9198995185451078,4.046025672281137,3.4850753240036587,1.7134909878312545,0.0,0.0,2.0313701265478257e-05,0.0,0.0
1071000207,2009-10,Central,1.6301901348658165,2.35982511103251,2.0810043677028918,1.8629340877798204,0.44826960691051043,3.777816765866148,2.275750907913656,1.8572843807775405,1.4848130507415356,2.1880976749936902,0.6250009399031557,1.6225042362903992,3.423076128804616,2.8925344794841106,1.3480053413395057,0.0,0.0,1.9399434185129953e-05,0.0,0.0
1071000209,2009-10,Central,1.333959753661664,2.082024566709328,1.7485551414181455,1.679651281037838,0.3904879718786534,3.0748345089500733,1.6938095747930026,1.6379741224437676,1.3436947791497995,1.7949949954979585,0.5665230698868602,1.5585637026583052,3.232445009455115,2.559998863232094,1.1277455874999498,0.0,0.0,1.4528673580315935e-05,0.0,0.0
1071000210,2009-10,Central,2.049583755510907,3.1651492879064533,2.746063063990277,2.631163269537125,0.6287716410369488,4.67249386531919,2.1206608274989294,2.3910651935165634,2.1470402760276124,2.8465629665890404,0.9109548828100626,2.1226281997882714,4.327222107563105,3.6323388554489218,1.882057049363645,0.0,0.0,2.2445001321747876e-05,0.0,0.0
1073000801,2009-10,Central,3.262293766246847,4.482671685870484,4.4142603294666545,4.328679980776345,1.1882986390543306,8.109333881993642,3.9315982828582055,3.5523598882973224,3.3764179210909733,4.6580391217462145,1.4834401977510543,3.164820220327501,6.853120703931273,6.283665613612388,2.7255497420373733,0.0,0.0,2.623637483667177e-05,0.0,0.0
1073000803,2009-10,Central,3.2658653901650565,6.5539541448978085,4.111256627344161,4.51823742482789,0.8493690862504554,5.173338874645426,3.603745373339084,3.9749560334373486,3.4810954186880263,4.685656916923559,1.5457452645305056,3.886563442320129,8.040442076701513,9.201903679539981,3.2150163031962866,0.0,0.0,2.9420136874171793e-05,0.0,0.0
1073000807,2009-10,Central,5.652193808977293,9.039675204287917,7.467483293845137,6.676962538632143,1.4705279541331964,9.430783778399132,6.7781054470314634,6.53582142914411,5.532856522423012,6.9069552816077415,2.564701576651539,6.1439995399217135,11.427087981328292,13.117613935141513,4.976444393613046,0.0,0.0,3.594157921287175e-05,0.0,0.0
1073000808,2009-10,Central,1.5300903237647598,2.0623796286605276,2.0006461043096206,1.7098688777812534,0.5311162991261679,4.380211577286416,2.296857233658344,1.7815268122668129,1.4619506280371473,2.1070414042938888,0.6235225273819648,1.4424859698034367,3.4739463501756265,2.7629291553020168,1.2587631273736104,0.0,0.0,1.604061883667454e-05,0.0,0.0
1073000809,2009-10,Western,7.135973265749241,9.409746520763715,11.150142544973004,13.11038332557697,3.728129015605758,19.165342012340485,15.387568471023025,7.397248925959774,6.714356971244269,11.184381388887044,3.215076940838324,6.701992175083363,12.500047196987913,12.772041278590935,5.803310286115704,0.0,0.0,7.40636736079548e-05,0.0,0.0
1073001201,2009-10,Central,1.8440865754810218,2.9251593941656755,2.347872233359801,2.512298001832328,0.5912295267395224,4.1739020133978215,2.9805558000166132,2.1965829887678177,1.8783104526040992,2.6422363720639135,0.8182168865804303,2.162204149179839,4.0457792420841425,3.414249320042855,1.6442825632722664,0.0,0.0,2.4611943782698157e-05,0.0,0.0
1073001202,2009-10,Central,3.86253678465844,5.281278153639107,4.7159385197409645,4.121537356284234,1.1318037972226287,7.569573878882581,5.799339417879276,3.965930001816971,3.5161214925167847,4.375642978297065,1.5622267503062095,4.380079190015341,5.391737301163119,4.76381864513432,3.173541125768003,0.0,0.0,5.674938149704411e-05,0.0,0.0
1073001203,2009-10,Central,3.731785923899326,7.477272883765901,4.734847959652632,5.913765070443458,1.1692046016187319,8.29054095028163,6.412588536106552,5.001576576096353,4.55148918684537,5.796838272388213,1.9564370439671097,5.834887635170456,8.8486340170126,9.439992842301097,3.422617140881774,0.0,0.0,5.94752437366962e-05,0.0,0.0
107300120302,2009-10,Central,1.1071117197480496,1.6776138867771448,1.3800743046836776,1.3167061151487935,0.3376871689584539,2.651953692127997,1.3894026546615177,1.2839419385217095,1.1308375586672625,1.530064319366896,0.4598970057063448,1.2547773088245395,2.5290879846606984,2.0057057612475204,0.9358617714787181,0.0,0.0,1.3166222150202184e-05,0.0,0.0
1073001205,2009-10,Central,1.9286459292993632,2.9605317838097,2.538897676258571,2.4176149392185216,0.6264187689725548,4.464490868698967,2.1732919912231963,2.2237119490456143,2.0535720127491683,2.5695115086207685,0.8680324614754388,2.247885268566981,3.9441299350484984,3.226370644053883,1.7345921573412337,0.0,0.0,2.0883335587233915e-05,0.0,0.0
1073001207,2009-10,Central,2.138876364441439,3.1731827444535448,2.812132597829444,2.8066629821569777,0.7314680220287607,4.9733761214469085,2.803155390788787,2.345009998486456,2.1915717091843265,2.947977692406642,0.9313219670056506,2.3830688879194173,4.571422358881065,3.7550660039559216,1.8103005711181703,0.0,0.0,1.9507898460639798e-05,0.0,0.0
1073001209,2009-10,Central,2.435964615471854,4.280529004139807,3.032324688415119,3.171463161287899,0.7106756012530911,4.724507099310552,2.426761111239659,2.8164179789057324,2.71164288609561,3.420552272643762,1.163276270539008,2.950179478761209,5.421101760063729,4.838877615252164,2.2395524227045387,0.0,0.0,2.521779202902849e-05,0.0,0.0
1073001210,2009-10,Central,1.6895207302376696,2.5051328696448505,2.3955474729811934,2.3496947138610738,0.5992518189729036,4.1527226749947355,1.7088524603205688,1.802714454211515,1.7918146571324236,2.5071967822530343,0.7939990701249596,1.4697037123080259,3.4160843786133097,2.6095755164599774,1.633711547873397,0.0,0.0,1.5008936918169654e-05,0.0,0.0
107300121003,2009-10,Central,2.6188754931622036,3.9983297342662194,3.192294705981743,3.4520444056462365,0.943319101610728,6.148675168882749,4.577169346090991,3.0258610040191156,2.721353882765972,3.479154847977085,1.0907308257088366,3.6565502416636226,5.812869488164142,4.411772970683916,2.0878576318990683,0.0,0.0,3.585856566933057e-05,0.0,0.0
1073001601,2009-10,Central,3.752506308576882,5.57090143696755,4.608590038414669,5.295738465410717,1.8744327828271965,9.96462452746831,7.702675090445174,4.5271786697042895,3.960498310301778,5.159325223767165,1.6441152593012194,5.653013564646351,8.327770846015438,5.807560650030461,3.033149835024504,0.0,0.0,6.205599337983741e-05,0.0,0.0
1073001602,2009-10,Central,5.6273711643066076,7.574608766329885,6.966071578893768,5.930890336203998,1.6877500981531086,10.799530795064697,8.388879976200197,5.79568607573168,5.17074994171471,6.211850899229527,2.3297290313646615,6.358538602728441,7.8137353966124214,7.413468786638176,4.579839268043818,0.0,0.0,6.570842278182602e-05,0.0,0.0
1073001603,2009-10,Central,3.8395001304516687,5.7037573588455865,4.871402147073023,4.605315537487359,1.191912694288081,8.710660892658128,3.570494772593466,4.386853456173627,4.2937480739324565,5.50005803367751,1.7643068162253346,4.403903034752907,7.6306191259408855,6.780172807173173,3.174384713794189,0.0,0.0,5.707955340846448e-05,0.0,0.0
1073001604,2009-10,Central,1.7822295912615933,2.795722801118997,2.2355584039443195,2.1923548841129916,0.5422607204684166,3.606833453471928,2.013177544686427,1.9929352037348107,1.8040279653657056,2.3681018053944105,0.7694283364534145,2.006652207153668,3.5149064495690188,2.8728976733750895,1.6508875655705464,0.0,0.0,2.259201490506621e-05,0.0,0.0
1073001605,2009-10,Central,1.3946913469283482,2.1340207656133625,1.822705902741804,1.9701473047242877,0.4574483472965224,3.214532012271664,1.8795952309380328,1.5456512215437421,1.3876881005216821,2.0527611685033023,0.5878415049545622,1.4570209287256566,3.1162991950397743,2.6368730119539063,1.2230388266110122,0.0,0.0,1.6524805473169425e-05,0.0,0.0
1073001606,2009-10,Central,1.683947192940363,2.4760167908545236,2.0861981888539183,2.1152379642338905,0.5786698139008287,4.343336521537503,2.7928108239413576,1.9355468903848223,1.65818026365741,2.291556370303296,0.6595422706455879,2.0751615695764727,3.8029807392088046,2.8454321935579787,1.3448916863650968,0.0,0.0,2.470210788673136e-05,0.0,0.0
1073001608,2009-10,Central,1.4837726435220646,2.3411623072959524,1.91923411429818,2.0009496856036857,0.48171273424284633,3.6531216751050164,1.9361897857394152,1.7786255312536665,1.5669225607840191,2.1577502213183406,0.6730115493492702,1.678606121458663,3.3172616331870017,2.649344936407455,1.3402334857144518,0.0,0.0,2.0376221189935165e-05,0.0,0.0
1073001609,2009-10,Central,0.693289849702481,1.0272567474522396,0.856724592297622,0.8589878672360575,0.21638272821918736,1.7168137880264611,1.0905865594666797,0.8017555238806112,0.6357975867199721,1.035117324632545,0.28822697626364363,0.6618894914843666,1.7151703579314366,1.3196445850204546,0.6035099140828134,0.0,0.0,1.1864720076279979e-05,0.0,0.0
1073001610,2009-10,Central,3.897316516839893,6.497473771246074,4.93196703326508,4.931900238227155,1.1074655931164652,7.3547661407279294,4.755119223292513,4.59040442583268,4.137886043930671,5.194299104064033,1.7893788709527563,4.706998904186566,7.458776489705317,7.059314920261383,3.575918744703564,0.0,0.0,4.388255463882759e-05,0.0,0.0
107300161002,2009-10,Central,1.436685800333814,2.2535098732146883,1.8614228957560173,1.9018618355241708,0.4507491018124254,3.324140760781714,1.6448819883270567,1.7007921520872238,1.5139407478802935,1.9345113773043419,0.6547910700555255,1.8030444019035237,3.15149445633729,2.3031135418828272,1.2478289964433735,0.0,0.0,1.5859803091193263e-05,0.0,0.0
1073001611,2009-10,Central,1.6682993633815093,2.6581638413849387,2.184076130728731,2.1883342542136965,0.5008415110849935,3.7779692432428753,1.990069281964101,1.9579276848160165,1.6814447002025201,2.33864931423002,0.784603872976284,1.9097588163668884,3.672402455901661,2.856334962864067,1.4481573944994588,0.0,0.0,1.68149404366066e-05,0.0,0.0
1073002002,2009-10,Central,1.235047417405085,1.8435898497967542,1.511712187343665,1.5814394442990674,0.4271913773831058,3.398107082315229,2.130505105506288,1.4467563482976051,1.2261043465023134,1.783081861922481,0.5021811058013802,1.456505734707476,2.854526122616431,2.1779243732144007,1.0198452649792793,0.0,0.0,2.1733387398952883e-05,0.0,0.0
1073002003,2009-10,Central,1.430783288142296,2.471534539360929,1.8548709578259552,2.017147383375691,0.4456706677599863,3.2329017133559343,1.7628570635213086,1.7555572702714088,1.5452939096421638,2.2412415174365505,0.6743433956082523,1.494186414862412,3.546879823932691,2.971910484199429,1.3808863963789975,0.0,0.0,1.8587413301845947e-05,0.0,0.0
107300200304,2009-10,Central,0.9220478815492746,1.3011408615788926,1.161251971164027,1.1101366707141473,0.2989053626934336,2.6546204347027444,1.2395260877622718,1.0475984439866461,0.8977447357546059,1.4150574055159677,0.3910781470739129,0.8051783869682773,2.096351730515093,1.6422164365884386,0.7928883763441467,0.0,0.0,1.4332973503862576e-05,0.0,0.0
1073002004,2009-10,Central,0.8758982559169323,1.222566350239855,1.1441161866956708,1.0219052783761702,0.26324735782075465,2.618939801907999,1.227656516922209,1.0151679041824127,0.8259327823658742,1.3427393734337885,0.3401070636617482,0.6970562104130876,1.9578100071698863,1.5721465456689068,0.7480307072940187,0.0,0.0,1.3459497486719401e-05,0.0,0.0
1073002005,2009-10,Central,2.2059504182949943,3.374356705712243,2.790016809695617,2.7181387183242465,0.6314789576424398,4.486545448932494,2.2823773429412744,2.487720368188445,2.1603655241080184,2.9771984231482915,0.989121379604349,2.2440078249037194,4.782514658255249,4.043780309946933,1.9515274563161995,0.0,0.0,1.8695761141137225e-05,0.0,0.0
107300200503,2009-10,Central,3.0470612721335986,4.610770228493192,3.739657414297236,3.9916882551372663,1.104365495499074,7.100311644025048,5.299112191525141,3.518592145176891,3.1777742424622564,3.999516602217245,1.2819114765862543,4.237393755796552,6.752199913743318,5.260464750730316,2.4140131491083396,0.0,0.0,3.798806657471112e-05,0.0,0.0
1073002006,2009-10,Central,3.6622197115869746,4.950468862870127,4.68172570402742,5.11325079659217,1.7289083739900435,9.091088506166962,7.17203017829887,3.8802095177500453,3.5392316572301277,4.865670459878602,1.4702554447251264,4.7110748763486106,5.687070438278628,5.018007519804026,2.8140052706522733,0.0,0.0,5.861006439299179e-05,0.0,0.0
1073002007,2009-10,Central,2.5955845513710636,3.8494467312384413,3.488555873335743,3.285857835973229,0.8493542066536763,6.3686427293873,3.4426886438559277,3.094944784775358,2.6892652023734236,3.5703184605715057,1.2212150579308345,2.7981984935008852,5.6324013101242985,5.01819568670031,2.21084971268651,0.0,0.0,2.310113938856193e-05,0.0,0.0
1073002008,2009-10,Central,1.4190147917225993,2.213859509086663,1.835308183341659,1.7863431908105767,0.45978869638302605,3.0600915243421074,1.8152280716064766,1.6490310414317293,1.3971685807513503,2.045534690740375,0.5948832296629275,1.3816447777276963,3.348487117438382,2.608513748063261,1.335675279762756,0.0,0.0,1.645314656992704e-05,0.0,0.0
1073002009,2009-10,Central,1.1081825043212423,1.6210445028452662,1.3877648719806583,1.3692862878835357,0.39168058551920804,2.8611522925249733,1.5850398493104183,1.2765888006512378,1.0940307970495986,1.5780600803910576,0.46131402023159973,1.184758328023514,2.5802258833141054,1.8933763592132524,0.9640231715213115,0.0,0.0,1.576654364545015e-05,0.0,0.0
1073002010,2009-10,Central,2.454775493111556,3.1678440850274576,3.4415407631116355,3.0838970132400085,0.8243464180057938,6.369739307385431,2.7253897849539817,2.6458928339224546,2.360590454817403,3.3823804063565404,0.9962649887371174,2.128428882470148,5.025428742426072,4.262383664129452,2.0299124210593176,0.0,0.0,1.9452620869525086e-05,0.0,0.0
1073002011,2009-10,Central,1.6389442556358884,2.465948652644272,2.2421159633135233,1.9218034055415485,0.4136110891231349,3.9234632955195528,1.8822771330964323,1.9519963896662684,1.6431446578215414,2.5242381566731416,0.6834488579623689,1.198255708505422,3.64046976474007,3.1552584711947356,1.4549105360628742,0.0,0.0,1.4142057003402638e-05,0.0,0.0
1073002302,2009-10,Central,1.968013917850443,3.056688916412924,2.569396258850788,2.477490661720654,0.5935573449206448,4.384349151714085,1.8681420595016112,2.2269873901993877,2.002174492336285,2.7843317945805577,0.8427171482681403,1.9387480060365707,4.199221615012239,3.582180278488553,1.7890862973878043,0.0,0.0,2.3107306082812366e-05,0.0,0.0
1073002303,2009-10,Central,0.8922085235171073,1.2610266938131525,1.1338810306214395,0.9830693788530324,0.2612975817262766,2.304715849594221,1.2015027111782528,1.017873412835702,0.826627429584505,1.2125371941493925,0.3341364634450414,0.8812466350476577,1.8740773393146457,1.4168124713784267,0.7437487286471586,0.0,0.0,1.2642973857429757e-05,0.0,0.0
1073002304,2009-10,Central,2.7997786746094673,3.8960340687602235,3.6332004918502814,3.224560847609282,0.9166245735958726,6.64534542420542,2.3717870850818437,3.0644013310189693,2.875713538335741,3.83418226858513,1.2060688902406564,2.7326074128216735,5.476080716543535,4.593440578770956,2.4129926802689488,0.0,0.0,3.525621408983088e-05,0.0,0.0
1073002305,2009-10,Central,1.566689167300206,2.1869126358523583,2.094723795847247,2.1093705510856764,0.510188396971046,3.9698696803555307,1.943320266583406,1.6961639006280342,1.5446723738552337,2.2816232238160175,0.6470782093205225,1.4851965028665723,3.2345104247688807,2.6344171364688673,1.3311548650647818,0.0,0.0,1.8820662320145796e-05,0.0,0.0
1073002306,2009-10,Central,2.357843575544923,3.2661544175272863,3.0918587636270067,2.68024947037805,0.7664777472194171,5.604702616761127,2.5604129192673692,2.615818366567078,2.3329948482977785,2.999257134813178,0.9896811459040368,2.4192047427550665,4.674841003481039,3.867363294180143,2.0054954381225527,0.0,0.0,2.2065884628453843e-05,0.0,0.0
1073002307,2009-10,Central,1.7479407876357886,2.6874720432270203,2.199287813524783,2.2337611261976607,0.5402510617561312,4.042341657980569,2.3175531992103746,2.0476340792700185,1.7859107465925996,2.552981878314183,0.7579003045730103,1.9038163709286218,4.106791062528674,3.525021482040726,1.5019517326576468,0.0,0.0,2.2306223093586705e-05,0.0,0.0
1073002308,2009-10,Central,1.6663011001494943,2.420732619272418,2.2077088920262624,2.0920686839443965,0.5570670032727212,4.19838571003531,2.1521757778532087,1.9752359706496314,1.6450908070422896,2.398131476544405,0.7989753794876295,1.5815795148643133,3.7909823987321074,3.166655036456006,1.4887781276228753,0.0,0.0,1.672024250481954e-05,0.0,0.0
1073002309,2009-10,Central,1.6286452582091526,2.535297682341746,2.130281135601369,2.2181350011204746,0.5390893094162378,3.8638978334179686,2.1824862550958697,1.951048621478154,1.6980098520411966,2.328009784138974,0.7348714312358262,1.8539584805048086,3.8250289816310934,2.976152605710068,1.449163716690293,0.0,0.0,1.916234518251207e-05,0.0,0.0
1073002702,2009-10,Central,2.4350393139942055,3.521860091087152,3.177905694680101,3.0022075168067452,0.8781636957751502,5.716665369357573,3.3163627896167185,2.8511187039734263,2.4763425511515234,3.336917326938296,1.0883747621970725,2.5256047218577455,5.808681364734143,4.820623075783766,2.1302159966421557,0.0,0.0,2.047084490688084e-05,0.0,0.0
1081000201,2009-10,Central,3.017932434408963,5.206556915785552,3.7902730343256996,4.135383136848695,0.9538750716398707,5.711162533009873,3.9953019231135256,3.635395467594005,3.237042634787422,4.325185236411228,1.4304786770962978,3.5388532025297033,7.4846393622031755,7.0227456839789975,2.81065040790587,0.0,0.0,2.638464722550899e-05,0.0,0.0
1081000202,2009-10,Central,1.8766625817278408,2.634513413112888,2.560924486965922,2.5012380941276633,0.6754885364199565,4.678867056598629,2.2811143321505445,2.0862860123444364,1.8728146441003766,2.6055582561099713,0.8106321285059882,1.9014383493477802,4.243151950023024,3.5248725550255022,1.6100881966838467,0.0,0.0,1.684849056113682e-05,0.0,0.0
108100020203,2009-10,Central,3.694080287530222,5.290559252265419,4.629869130767252,4.483598149810576,1.2599686127900993,8.521345217154648,6.1398083530918015,4.207829508266883,3.791117235692142,4.600238247602495,1.6226754893409026,4.631204766974334,7.355527803652119,6.465347804089461,2.9646914748898925,0.0,0.0,3.408756539109552e-05,0.0,0.0
1081000203,2009-10,Central,1.5948314878911996,2.476395862563082,2.187094247114404,1.9664542578725517,0.42342955989323905,3.4953595362877947,1.9127767559205933,1.9532521880606897,1.567184606004973,2.2905053344006303,0.6517228927970347,1.4045056745543414,3.7832579167017144,3.1542219802053646,1.4412114825957114,0.0,0.0,1.5626654825543103e-05,0.0,0.0
1081000206,2009-10,Central,3.2782783996223555,4.890668410569654,4.141050914962148,3.943124727700201,1.0037420401800208,7.501828327258486,3.058144520383901,3.7380407405321554,3.6440813454859287,4.74233208452481,1.4864776413224066,3.7444798738975584,6.51863836160141,5.626550992798222,2.7178913098042305,0.0,0.0,5.355728722027358e-05,0.0,0.0
1081000208,2009-10,Central,2.4326585375107714,4.074813671124173,3.071619011482807,3.120894660489241,0.6465115605503775,4.858066917079581,2.284748435154781,2.8024481500761973,2.6906271180346337,3.6817578090656427,1.1017930238655536,2.7017020524272835,5.36980669423428,4.765309716176778,2.1242340170236367,0.0,0.0,3.4663149462784654e-05,0.0,0.0
108100020802,2009-10,Central,1.4453193075619513,2.0400274850415485,1.8155107156068135,1.6497385325329545,0.42577461260485466,3.433593633229688,1.7213490140147052,1.5771022725563173,1.3535316056932498,1.8772766062767272,0.5518750592959456,1.5117601549397675,2.8092566499517755,2.2090718951384574,1.1937168768112307,0.0,0.0,1.9948011272631635e-05,0.0,0.0
1081000209,2009-10,Central,1.9575137307063772,3.0724976514006674,2.5286384435547324,2.4997256623493183,0.5690333267442049,4.225180014057811,2.752623614618904,2.3120213253445923,1.9464189069225581,2.6293152163223388,0.8178327001584228,2.3310377478569158,4.3828564258935305,3.657535193949791,1.631628674292847,0.0,0.0,1.9549355177942987e-05,0.0,0.0
1081000211,2009-10,Central,2.5842708594025128,5.536539556889882,3.3336742335005107,4.171938194602981,0.7467132098984554,5.367470479607723,3.473416258395273,3.5351098666668523,3.1998056996107556,4.275972287813395,1.3274759950831012,3.6460506952270526,6.962305801717504,7.182739300239418,2.5428596550596,0.0,0.0,3.7948087394025823e-05,0.0,0.0
1081000214,2009-10,Central,0.6995608873212105,1.135134254968594,0.8674643377915096,0.9223398820738092,0.19156017478683737,1.6324495963353547,0.8718827469753595,0.8445996779212579,0.6769219848122632,1.0299033679765968,0.3403637375281861,0.7710381683254122,1.6003290084940782,1.2465989330621043,0.5998526784090911,0.0,0.0,1.1481560370218e-05,0.0,0.0
1081000302,2009-10,Central,1.3606406794412385,2.1698848286597694,1.7208092177074994,1.8624123146730736,0.42587434855054773,3.1282970899843274,2.214011605803158,1.6091926926363826,1.3653285909340331,1.9869310481927345,0.5910772743996467,1.571386571667194,2.9818558494031517,2.4494433817170753,1.2176587936518741,0.0,0.0,2.1718210085380886e-05,0.0,0.0
1081000303,2009-10,Central,0.8491376950151461,1.2979099303937636,1.0570636551056427,1.0382826659848425,0.23743914299838353,1.9402436906591765,1.0480434904712033,0.9618659485406679,0.794401367994659,1.2257778850039533,0.3616604076901974,0.8227053424519415,1.867332412542746,1.4740030039529806,0.7541221995800087,0.0,0.0,1.2885832113220472e-05,0.0,0.0
1081000307,2009-10,Central,1.726267921578736,2.5630852342912176,2.3400223459413825,2.327725073630466,0.60178210106278,4.145616970253758,2.18183988750519,1.9655586562941987,1.8163703130070867,2.3845356651664686,0.7424743295514542,1.9080191166866005,3.9472317777859134,3.339026760508358,1.4957186966152556,0.0,0.0,1.6636083186385912e-05,0.0,0.0
1081000308,2009-10,Central,1.389339493248965,2.2819219972209708,1.8097168820325924,1.8317552033521574,0.40703720861128123,3.2657979153928745,1.7260012147046802,1.6607227973588221,1.43521457243046,2.080016396093525,0.602755879690443,1.4435550637375345,3.277667054851228,2.6214033042944624,1.2416658031499106,0.0,0.0,1.7172421400010746e-05,0.0,0.0
1081000309,2009-10,Central,1.0339337172528278,1.4639669543764717,1.3962223393186082,1.4576137702389478,0.38486370481442933,2.7561000614743856,1.3584181438004423,1.1227198276981734,1.013008780555297,1.5262599018884895,0.42996209632574195,1.0166955877291086,2.3470124667318903,1.7240256411688095,0.9057565789541828,0.0,0.0,1.3828437147042938e-05,0.0,0.0
1081000310,2009-10,Central,2.7557441976444452,4.120323177149422,3.508399149687692,3.5293832899668267,0.8782560160435574,5.859547046620179,3.608575170333304,3.304085200266264,2.834552975335521,3.5076927841785377,1.1960208174862246,3.3021284695014703,7.054869421557389,5.882604844873421,2.2716775033990078,0.0,0.0,1.9521324286000242e-05,0.0,0.0
1083000601,2009-10,Central,1.6255509754799498,2.4207317190284154,2.1230377264795814,2.0547159424049593,0.4984674787267269,3.823248526526646,1.8530873323393267,1.8893281571085585,1.6499901551746443,2.2055256933211735,0.6819087403488665,1.7509939054484251,3.628522431575246,2.9875950094851835,1.392645179751247,0.0,0.0,1.785105847158561e-05,0.0,0.0
1083000603,2009-10,Central,1.6555064842793328,2.5963467697938905,2.1215445904001062,2.2446424200135966,0.5480971805272089,4.057209701849146,2.2072083993147396,1.9892649433894494,1.7561632547199575,2.4017917327304,0.7933102484731883,1.8872584273853719,3.8217787766629785,3.131174858771087,1.461242780789328,0.0,0.0,1.9226463163984357e-05,0.0,0.0
1083000604,2009-10,Central,1.9610932778122327,2.884269998212556,2.4479448359634066,2.302144750088425,0.5854028110485917,4.421051964955058,2.8534312049968746,2.266225807061065,1.886225418111909,2.5184553415125923,0.8011570463573676,2.2658180908928767,4.276763035577425,3.6364380353691175,1.596557257165431,0.0,0.0,1.9458802189872772e-05,0.0,0.0
1083000605,2009-10,Central,3.0724278533015754,5.373156726726298,3.98548902393638,4.157803600395326,0.8254810308792435,5.610498717721121,3.8826073042943725,3.6382709847849073,3.216439768104928,4.2673934698251035,1.4158509591555748,3.595647914025446,6.487589620013398,6.438428170407807,2.8188048343225525,0.0,0.0,2.979796027334496e-05,0.0,0.0
108300060802,2009-10,Central,3.222656171423057,4.527483834517357,4.005214580801531,4.333432640670832,1.5183165899964999,8.736335551328958,6.432829422472284,3.755449403573074,3.322099651957032,4.285268595568743,1.354463257063696,4.506694362744894,7.387541129797679,5.080866354756094,2.5185338677071973,0.0,0.0,4.164028381251094e-05,0.0,0.0
108300060803,2009-10,Central,3.273200820784664,4.821379718021589,4.586966855460757,4.103944783468358,0.9828479492335984,7.490284159341483,3.528684680884392,3.9757898753627954,3.439165668626461,4.681471260485792,1.5867359711496056,2.8100204260947534,7.5176057781909345,7.044321823220645,2.9124636427690698,0.0,0.0,2.1609304048882272e-05,0.0,0.0
1083000609,2009-10,Central,1.4580737808311126,2.2073573981636896,1.8743663078134731,1.8920965844900854,0.46926927759359277,3.537340680168017,1.6927303509847444,1.6636061571013179,1.4891002616375502,2.068049820835359,0.6553111985658489,1.567619464469466,3.091167367335974,2.4513216697581357,1.2959447759789424,0.0,0.0,1.8430361291313173e-05,0.0,0.0
1083000610,2009-10,Central,1.7240311898881604,2.4308091870259116,2.2421802502544086,1.9732968921001008,0.6023780280918766,3.942673856021834,2.1353396090231564,2.0266973121744787,1.7505103145321572,1.9556941399628671,0.60981206576132,2.4624201175912805,4.149750060455068,3.7091537298525257,1.369613703203934,0.0,0.0,1.1872146185197332e-05,0.0,0.0
1083000901,2009-10,Central,1.5656765487341533,2.5334489149807324,1.9743906652218033,1.9500514241050992,0.4457210105303424,3.0333126023356476,1.723057570859593,1.773398521710051,1.5337409095877832,2.134919564531752,0.672830971165497,1.665336516968416,3.224867992516648,2.7272071730481087,1.4894196228836416,0.0,0.0,1.977009641603731e-05,0.0,0.0
1083000902,2009-10,Central,0.9532888698370442,1.4129090525831631,1.1951254248178078,1.1672634081600792,0.31052350469861506,2.3559275536994537,1.3086852823758481,1.0978761417459706,0.9061650069830309,1.378701671949857,0.39480697255269137,0.9483067210403451,2.2474022499319926,1.6891905503659324,0.841308404658447,0.0,0.0,1.3985220183594548e-05,0.0,0.0
108300090202,2009-10,Central,0.9704360531943684,1.4475488943304087,1.1875830340627822,1.229319010327251,0.31922796001135506,2.5813665556031764,1.630967735527346,1.1110049227641476,0.9331695889651966,1.3701008853228904,0.3650964875762825,1.1698184426291418,2.1886970649661857,1.5599514592002404,0.7814816826994345,0.0,0.0,1.972046179247423e-05,0.0,0.0
1083000903,2009-10,Central,1.2176249872975033,1.8277947619129409,1.5156854863033409,1.5228421681856237,0.3915695937445159,2.906593708518149,1.8841579687432919,1.4224339815883704,1.1557374102902647,1.748036668599204,0.4950089810037102,1.28675707067006,2.9597024645879286,2.304733056947268,1.0463834256837976,0.0,0.0,1.6669457683038444e-05,0.0,0.0
1083000906,2009-10,Central,1.5021634396832262,2.3835347230464583,1.939544450122315,1.9371028641490653,0.4345275010329602,3.1974299484353397,1.4854969193283734,1.707416652420747,1.5289707042058915,2.1346001482385617,0.7378398920940766,1.477582792819971,3.280547518183489,2.520870387230245,1.392667439131681,0.0,0.0,1.4877790298288276e-05,0.0,0.0
108300090608,2009-10,Central,2.8808200015773493,5.239768064384496,3.7258011469807615,3.7412509816657957,0.7672212828166168,5.02778500807219,2.836592725874562,3.426380868700672,2.9827205711163907,4.113143683111139,1.3916159761799627,2.9306502064677815,6.854826239686751,6.99995249575162,2.843659328776171,0.0,0.0,2.199633854224346e-05,0.0,0.0
1083000907,2009-10,Central,2.219265913690995,3.7224182455385133,2.770100594359658,2.9834160629810826,0.6916311307504672,4.247077490743856,3.1128903269586767,2.629752341343928,2.2325478453902177,3.0995905457585566,0.940213477569505,2.6894154238369294,5.36506808635618,4.582054819254657,2.0070901059439135,0.0,0.0,2.5707776833847825e-05,0.0,0.0
1083000908,2009-10,Central,1.885535100955308,2.805700833768676,2.6863039617557005,2.4503600951527034,0.6057376138874084,4.496728251604654,1.8786544218437187,2.198211253783127,1.9456716928757376,2.6547046772898257,0.8791762727220558,1.780110354493791,4.037730518112052,3.3822739699661764,1.7554082496572636,0.0,0.0,1.7109156486134674e-05,0.0,0.0
1083000910,2009-10,Central,0.8477720874052972,1.3188078547204487,1.0579245928688694,1.0778820073495963,0.25452813248751566,1.9742343731743608,1.2076403829074764,0.9982356412253657,0.804580701537901,1.219709181836761,0.35588701039810433,0.9236113510052499,2.139471223672161,1.5214282940862995,0.7271549792356542,0.0,0.0,1.2411211160169665e-05,0.0,0.0
1083001302,2009-10,Central,1.5967224172417431,2.2473330135277756,2.1185320864757378,2.2527945992357195,0.5914887111758123,4.017820352954858,2.467728242894744,1.7259953246716315,1.5673940823545625,2.336189696447938,0.631888945680086,1.7052438505127783,3.499759150852317,2.6439373489412086,1.3227874063045706,0.0,0.0,2.0615643948515027e-05,0.0,0.0
1083001303,2009-10,Central,1.6064087835750098,2.407531544575869,2.0745267884519016,1.9017831077070597,0.4598941136022072,3.4470529315748686,1.9104870780821006,1.8506318612233292,1.4881913705339858,2.2547869535316925,0.6376861063436102,1.4716675885887391,3.7860406848314057,3.1154101696682632,1.4381484165801062,0.0,0.0,1.698585777616588e-05,0.0,0.0
1083001304,2009-10,Central,3.4966066040510473,5.013149058820758,4.726693348682377,4.745841288424187,1.2104777580108135,7.481213293879705,4.392712973631551,3.795320383472048,3.5492170130325364,5.037819020524481,1.4920378922190418,3.482925444505229,6.84811239428288,6.495869781118485,3.0008893926883506,0.0,0.0,3.4169165979347885e-05,0.0,0.0
108300130403,2009-10,Central,4.047403135358452,5.889104236119266,5.066619034201157,4.731828562824305,1.6453722722705548,9.021895237358331,3.0868338003062483,4.525211154907407,4.102392286205342,5.142263536213269,1.842853693429378,4.614119837975451,7.3498922688628445,6.114859147563228,3.7333369074391074,0.0,0.0,5.816434890159889e-05,0.0,0.0
1083001305,2009-10,Central,2.0763048131352737,3.2437168473641016,2.7834275470871264,2.8954766864415524,0.6319923632598627,4.39676138016262,2.598067963367055,2.32500564904741,2.153017795816916,3.077676211917095,0.8659033301213878,2.105890772075619,4.569159883908437,4.1565708437428475,1.8305182581184758,0.0,0.0,2.1859585119384146e-05,0.0,0.0
1083001306,2009-10,Central,2.9198467046709724,6.152548029361943,3.7960870081280826,4.51426693661766,0.7894197567808776,5.605003659993368,3.471038165378349,3.846671508394642,3.5213546468369126,4.667923710743974,1.4818311373811803,3.8177306953322256,7.778326209969539,8.249395473248802,2.8100939328933436,0.0,0.0,3.295369325961644e-05,0.0,0.0
1083001307,2009-10,Central,2.9841372842170557,4.591474722602336,3.910673721246821,3.9681988686910907,0.9934316215204637,7.0535349213093825,3.6454607609066474,3.5827578171678924,3.293168563087872,4.375919970048815,1.3410464417485732,3.430362814496927,7.203472252046348,5.96736049853006,2.531940541825054,0.0,0.0,3.280970807617414e-05,0.0,0.0
1083001309,2009-10,Central,1.736042309758072,2.7409517434277313,2.3858150452201583,2.5207866926228206,0.5534610661090605,3.6425662725847174,2.227421932762253,1.9858864174661488,1.7477677666060798,2.5544271019530003,0.7156587975798525,1.7053173289052546,4.17130791441662,3.4293361414301016,1.6034906350897349,0.0,0.0,1.6930175310025186e-05,0.0,0.0
1083001310,2009-10,Central,2.0727816999530533,3.1385956707338027,2.895492762892907,2.6888857700728552,0.6429267542200561,4.447887708368236,2.49671000380403,2.433376982366437,2.1102590506662935,2.8469846754628785,0.8850468547789985,2.0771558974997917,5.072300732454545,4.3376805342213665,1.8252609991764503,0.0,0.0,1.541358962379865e-05,0.0,0.0
1083001311,2009-10,Central,4.743542610796414,6.418195875166679,6.313508781165185,6.733484476333102,2.41061013684448,13.067557332977906,9.875580835530059,5.409517902031577,4.989911374631236,6.533168734790949,2.17951404005157,5.8849703208433475,9.35893785779772,8.442678725986136,3.813170939956511,0.0,0.0,4.7267554384953254e-05,0.0,0.0
1083001603,2009-10,Central,2.3424063611448838,3.208173967959878,3.0493485673217235,2.763665726743219,0.8190556736613773,5.88869850861893,3.725459542045232,2.718960962614962,2.2703536734131773,3.0286779163027235,0.9350318277442204,2.623641233437075,5.625826506726262,4.408977266566462,1.8341968838621023,0.0,0.0,2.0229786499355544e-05,0.0,0.0
1083001604,2009-10,Central,1.8952238093584253,2.994995405403822,2.43941934223235,2.4249553722743977,0.5209116468971627,4.272372646444166,2.625209079319503,2.204323721731686,1.873065879327479,2.6505734120726654,0.7941307092968146,2.113395078799277,3.954467465473498,3.4778251196202556,1.597487981804449,0.0,0.0,2.3808109507500683e-05,0.0,0.0
1083001606,2009-10,Central,1.4492327412704844,2.1088689703951395,1.8228748106242272,1.7684132220760627,0.515916578236311,3.7973882716775353,1.9537676293175674,1.6539184222740662,1.4521819280873063,1.9868643900434004,0.5881270351283203,1.6552363751056056,3.209356380693152,2.356136077712086,1.2255812281034548,0.0,0.0,2.0217148670491177e-05,0.0,0.0
1083001608,2009-10,Central,0.8772774884848763,1.3215457774395376,1.0579460943392895,1.1128494822762385,0.27918929476542875,2.126723847856089,1.1791319780372072,0.9985629910144319,0.8462644440238519,1.2642263875188677,0.4103558396848454,0.9375298836104401,2.010574042526902,1.5633108249735408,0.765627791913346,0.0,0.0,1.3075687302495186e-05,0.0,0.0
1083001610,2009-10,Central,2.5359495258856954,3.8664648988892556,3.2089804118297756,3.1383689800203265,0.8692418296172008,5.363476360968036,3.1647174741652773,2.900361838646508,2.6718530360392294,3.2733072153978444,1.0830871090889234,3.1061745404195906,5.79157079853804,4.713191798247963,2.194019432555191,0.0,0.0,2.283376783274514e-05,0.0,0.0
1083001611,2009-10,Central,2.715248911714941,3.89905338987499,3.4392244889040606,3.147562521982581,0.8049484636824246,6.162163664199452,3.9888094593764913,3.0208920099933545,2.6162977402160315,3.3900982393431467,1.089560595114812,3.1277563437031586,5.2145415861995605,4.5535059127735655,2.1581773843431415,0.0,0.0,2.936450664571797e-05,0.0,0.0
1083001612,2009-10,Central,2.991207782742902,4.723667713004743,3.817625924155466,3.8018790365775836,0.8577309477712272,6.411414515176027,4.740027105296586,3.4511135910269184,3.0508367452471012,3.9247004610922276,1.3095415425442238,3.673223371051363,5.507151787784042,5.131769193442713,2.5463574006118876,0.0,0.0,3.82520987304481e-05,0.0,0.0
1083001613,2009-10,Central,1.850503639839073,2.777190449927351,2.342857172689425,2.267346721403454,0.6182382666438785,4.441177821827572,2.3422335339680047,2.1176603564827343,1.8930888679401419,2.5221367527016105,0.7857665910198786,2.114665027718089,4.137418332471954,3.2196427716951797,1.5701190379643664,0.0,0.0,2.0599864615783602e-05,0.0,0.0
1083002001,2009-10,Central,1.2246406149512863,1.8898930061300352,1.5341062752978223,1.5033159030496042,0.3729576893010948,2.8367847899903174,1.511875135133966,1.4029093574826355,1.1893274044944742,1.7350676259578246,0.5023188594458804,1.2945700043574075,2.7901203418649065,2.1622185624783143,1.069481616529725,0.0,0.0,1.6349502905310354e-05,0.0,0.0
1083002002,2009-10,Central,1.6102440012224262,2.585879380620966,2.1170503959345734,2.0831533598732577,0.4419098711817679,3.411432785308364,1.9419838862964451,1.957275761816397,1.578276413172028,2.2614652237979143,0.7447421333485317,1.6932100624709303,3.633789085746428,2.9368856509799106,1.4430045566975185,0.0,0.0,1.5859261679316736e-05,0.0,0.0
108300200202,2009-10,Central,3.9096402519456896,7.540152872172398,4.862745031406874,5.379848023489753,1.0775240322798654,6.459834749023544,4.972784747265709,4.765896218134435,4.181451010098295,5.399828537336,1.8362055621286795,5.192907065957827,9.008873497668695,10.23582241577539,3.6505740205162596,0.0,0.0,4.306247540328086e-05,0.0,0.0
1083002003,2009-10,Central,1.362953265957742,2.3831366441866106,1.6919401407695818,1.7547005510985327,0.33770972129571175,2.565628929118747,1.665240707296146,1.5920536904101046,1.3538779990846022,1.905281469009708,0.5644788019651801,1.5634922735040353,2.903468340383388,2.5840382106960202,1.2479522654623634,0.0,0.0,2.0814283258806108e-05,0.0,0.0
1083002004,2009-10,Central,1.6193655834170888,2.3970367949787024,2.1279093519336287,1.9502993428425794,0.47362798753329555,3.7445454031378946,1.8597633229147965,1.8648996003144653,1.5561373579070252,2.231652358319233,0.6536930130278136,1.5861291701146312,3.7010681610098133,3.0616027284147997,1.3786877683384116,0.0,0.0,1.6312709567591227e-05,0.0,0.0
1083002006,2009-10,Central,2.1733846145533993,3.292062113886798,2.8838354889786917,3.047551970004592,0.7270033516586376,5.004458644625554,2.6256772779908197,2.3810727233280824,2.2615680259312576,3.2994806513533117,1.0130567193158282,2.076829934766338,4.736466203654414,4.112758261901626,1.9593521636162363,0.0,0.0,2.0079406082978637e-05,0.0,0.0
1083002007,2009-10,Central,6.02560833820711,8.08201930947884,7.487024507101968,6.334399019102375,1.8133763586622098,11.522575573643426,8.970221898069745,6.209258536707526,5.544821249084214,6.618557516719206,2.5057920142286436,6.794281711466289,8.35679969495773,8.046489701452405,4.892469614233089,0.0,0.0,6.744125661190095e-05,0.0,0.0
1083002008,2009-10,Central,0.9260480877056959,1.3999105128092213,1.203126021831179,1.3267635472518862,0.3342073491457002,2.430493406527215,1.4088193109922011,1.0507000399593367,0.9453468472321197,1.3434137294510191,0.38042032077864085,1.1193070726218723,2.1953647163550793,1.572142262686552,0.7872704870671376,0.0,0.0,1.3975729149960543e-05,0.0,0.0
1083002009,2009-10,Central,2.1147229516801684,3.2165586295786883,2.6889920886374417,2.7645713433133126,0.7176430834672735,4.896147985148492,2.5258879268185592,2.4413818227031214,2.198622430468033,2.938511522006955,0.8949548755320109,2.4483744249916803,5.019465727226086,3.7127663929125725,1.798606869929499,0.0,0.0,2.3560792630135465e-05,0.0,0.0
108300200901,2009-10,Central,2.253155970110406,3.2493543829109446,2.8944750509319728,2.822532151861971,0.7552975368125942,5.475361972148943,3.114411233965194,2.6140967048390555,2.2893588348797027,2.8955290518189365,0.9467287728617333,2.766433261041814,4.9749267353015165,4.0444564177614915,1.8129147363885676,0.0,0.0,2.1530634568108426e-05,0.0,0.0
108300200902,2009-10,Central,3.892173117187034,6.6923711613288575,5.142274030071276,5.120405251416091,1.0215178958609907,7.089044201822699,4.808102392171525,4.650930582405784,4.026513776206748,5.267317947629541,1.8244862257825987,4.484970981122908,8.191908923258806,8.683505504894795,3.485311529956115,0.0,0.0,3.2478729231146635e-05,0.0,0.0
1083002010,2009-10,Central,2.353949979323881,3.3930337800441177,3.096682988815589,2.8948328607071145,0.7950847746081987,5.707687285726749,2.386182988940663,2.628963153607695,2.4699184392016944,3.30089884322554,1.0471452892148299,2.3586836167586265,5.074495778740241,4.065399847206876,2.058333821509723,0.0,0.0,2.2927527453089305e-05,0.0,0.0
1083002301,2009-10,Central,1.6542478242922336,3.095496135998007,2.164561943542626,2.341410971437533,0.4165673423468299,3.0617356489970957,1.9343214165822062,2.0423183667568763,1.7600223916758124,2.4324143714310975,0.7405351414206909,1.85565529069179,4.033589422599959,3.697524783731942,1.568686375645718,0.0,0.0,1.8109937729115968e-05,0.0,0.0
1083002302,2009-10,Central,2.917875312551345,4.7027615541491254,3.8014186705368793,3.669521289930486,0.8759428018821603,5.708107743803509,3.1556559158788424,3.4052189288780212,3.1088744955475303,3.874381856508219,1.3301724928924084,3.2593280389393717,6.257867707639468,5.615827054262902,2.712245791318174,0.0,0.0,2.558972151649853e-05,0.0,0.0
108300230203,2009-10,Central,3.6443097191185547,5.468861460001359,4.840593366005382,4.375481342527111,1.0494354572802242,7.814121381506443,4.809179155508586,4.264098714630093,3.7147455352378027,4.653458000997749,1.5650812784619095,4.069208884237459,7.688144888142151,7.368897996968199,2.982936490308954,0.0,0.0,2.982602682665059e-05,0.0,0.0
1083002303,2009-10,Central,1.5497052231560975,2.5330876524808668,2.0806883989399854,1.9986026518174569,0.4186333257519491,3.4350811616320684,2.200584613847585,1.916523971261643,1.5952540679353635,2.086679155831458,0.6293072108510707,1.894873615650887,3.5887806837090945,3.2193280521638443,1.2844328738966584,0.0,0.0,1.699335134200758e-05,0.0,0.0
1083002304,2009-10,Central,1.662075844463203,2.3595551409849733,2.1794480606309334,2.005432831115333,0.5251034635878612,3.8554540057308797,1.7421359191573096,1.8365977135467377,1.6469258486939917,2.2868621917469136,0.6644157700626385,1.6000110136824053,3.6718777230975745,2.8963628645638644,1.4348614016394152,0.0,0.0,1.8009781449578674e-05,0.0,0.0
1083002306,2009-10,Central,1.288028107196654,2.143396366082896,1.653819010629439,1.9067525437194535,0.39051360746348185,2.901013296974593,1.8221785751698176,1.4745826961604525,1.33721654573021,1.9522678380975658,0.5612185454198746,1.4811479111408883,2.9924843331100934,2.585185210659484,1.1168470501192351,0.0,0.0,1.6604572961555465e-05,0.0,0.0
1083002307,2009-10,Central,4.457953815565094,6.0637141556025576,5.464599299062871,4.736165705552543,1.3190735310039159,8.664982037500147,6.6758535307906275,4.582730423279991,4.073742533506789,5.001896661826408,1.8187942403234172,5.056394425697434,6.211817586218437,5.627965740964154,3.651940548840387,0.0,0.0,6.0048605437575296e-05,0.0,0.0
1083002309,2009-10,Central,3.328534804741254,5.102070199296225,4.3938797101357405,4.674544337731212,1.2834951439804845,8.378323514914282,5.85586269345935,4.221315125946622,3.5937858414856194,4.888678087375705,1.668200149750703,3.8859989531044485,8.490149672976877,7.994614725185603,2.8756097625635566,0.0,0.0,3.0803567604711973e-05,0.0,0.0
1083002701,2009-10,Central,3.5968176562636853,5.920845297676802,4.957498621870043,5.356673552182611,1.1622328445490226,7.020593428005436,5.277730885219468,4.234339899196902,3.6691953412238836,5.312432355825519,1.6115732448152824,3.7920735952781426,7.865527057966495,8.3681798153231,3.328766775904099,0.0,0.0,3.140873157730817e-05,0.0,0.0
1083002702,2009-10,Central,2.88393305447923,3.977792915487454,3.722799228143153,3.293910480565493,1.01692166950425,6.656799064578585,2.658326048000742,3.1114110411925324,2.88719482177472,3.627316242682047,1.2730243748540309,2.9666927186828747,5.16437025157637,4.192299742997325,2.608355291099177,0.0,0.0,3.054742229038804e-05,0.0,0.0
1083002703,2009-10,Central,1.4220652023323548,2.048599263855023,1.7462175115187353,1.7176625883692052,0.4560515336506451,3.6434358331290984,2.3113996153108394,1.6182556214084076,1.3726098906334625,1.9125425809818293,0.572340682490081,1.6525460946609631,2.9738627625655636,2.315113575582659,1.1550895494966773,0.0,0.0,2.0570815139547835e-05,0.0,0.0
1083002704,2009-10,Central,3.148449200972701,5.318351020113508,3.970238316664628,4.626238319837255,1.189589264714638,7.1710244694046645,4.628622059981319,3.980565077828431,3.5488233643533755,4.68492682767036,1.4503846744446756,4.386921913929487,8.027160529666107,6.149677239336395,2.792954342618831,0.0,0.0,4.2200415564861306e-05,0.0,0.0
1083002705,2009-10,Central,5.2187981684908635,7.050393511591436,6.436714221392034,5.515210582441211,1.5588753056797358,10.055877561093318,7.7914754586811,5.371656014489853,4.787224193918728,5.79188934884003,2.150178559471506,5.90747490616382,7.255312330809075,6.776908433409648,4.257354289510704,0.0,0.0,6.383608275120299e-05,0.0,0.0
1083002707,2009-10,Central,1.7383820154307164,3.0075336682900407,2.173070264064621,2.562667346619985,0.5750294691262922,4.168179138410293,2.7464142607445563,2.1632297305064467,1.909644699638769,2.7128528027569323,0.8125332845882269,2.2320136856871216,4.320223459544848,3.596260400351757,1.5490967347500546,0.0,0.0,2.674986987774894e-05,0.0,0.0
1083002708,2009-10,Central,1.5420201288058797,2.3839114740054894,2.002024800173509,2.291229677656543,0.5466551425999627,3.953848679719964,2.5021249893625632,1.791372892026514,1.6011616510197026,2.381692732815875,0.6965543168528157,1.6811065673850658,3.65912722113754,3.100019454121829,1.3336389932153765,0.0,0.0,1.9397983137746026e-05,0.0,0.0
1083002709,2009-10,Central,1.3301832167178607,2.0739727676148734,1.830996273522872,1.791517508653981,0.36599122658812444,2.7940543176220753,1.5609633582823805,1.499415566972315,1.2765749698107658,2.077089045314546,0.5492320114576085,0.9763112184988365,3.0541198203056554,2.544590300360576,1.2700207127057268,0.0,0.0,1.348033222149207e-05,0.0,0.0
108300270903,2009-10,Central,1.5096875272469386,2.5741606987988477,1.924938796059298,2.0382901150978454,0.40496850195742806,2.972593854441639,2.179978358193477,1.756855907676534,1.5050692314228435,2.152868318410565,0.6445944287200135,1.7231827900616588,3.0421892752572686,2.7634093714750314,1.403640516914615,0.0,0.0,2.5142651131350244e-05,0.0,0.0
1083002710,2009-10,Central,2.329997952251556,3.788019576467153,3.0440006639756634,3.1914107902086375,0.7548277078154425,5.270888771820293,2.9110157039970086,2.8731547073987733,2.5665225939969005,3.643479490039585,1.0945422028890446,2.4174784499409414,5.8778569478875875,5.149606749294488,2.1647976145289705,0.0,0.0,2.6610770244755453e-05,0.0,0.0
1083003002,2009-10,Central,1.2153066161052555,1.9038980943655608,1.5713330613503298,1.658958434320798,0.39563153471763585,2.907812532720517,1.4418097462132042,1.4178322154384286,1.2611982041716683,1.7753489959397553,0.6037358669899879,1.3151888402332204,2.7818564547743687,2.0944010380232956,1.0930975011134965,0.0,0.0,1.4728752795458091e-05,0.0,0.0
1083003006,2009-10,Central,2.1070864408737853,3.2765804548466555,2.586634709196161,2.736080924604947,0.6780296826331134,4.8326498775967845,3.0133978809496105,2.4949024192255496,2.222609658813143,2.8755562724511434,0.9654082334104632,2.6143535893690633,4.829135563122374,4.0006032547473165,1.7733173581500006,0.0,0.0,2.183227602323371e-05,0.0,0.0
1083003007,2009-10,Central,1.0353872545390854,1.5898077478940082,1.3040590054198729,1.3557225589040902,0.3088802950807038,2.4980249573385236,1.3145146827321186,1.175662343990249,1.0170431931129218,1.4991072423474368,0.4365066519529009,1.1201321104983128,2.2016356998018045,1.7491739163481248,0.8972649864510641,0.0,0.0,1.7221293752339063e-05,0.0,0.0
1083003008,2009-10,Central,2.0107721205617772,3.065957215800648,2.609653111284753,2.4447789012697974,0.6156959013249867,4.1865417616245555,2.395614754944564,2.300716812166186,1.9845474368008078,2.7279935766018553,0.8609114484433319,2.0370533358392438,4.269798716443408,3.576572349993678,1.846717534145409,0.0,0.0,2.012482491032209e-05,0.0,0.0
1083003009,2009-10,Central,2.0169489579802597,2.923814844607516,2.772162144341015,2.667028764961437,0.7082619543330071,5.1099026766499875,2.8543473617495585,2.2746122288140627,2.0440746738683804,2.8231093517620054,0.8483709841467529,2.122500331740794,4.264499327053677,3.7590613071264762,1.714578138148686,0.0,0.0,2.0691307148360167e-05,0.0,0.0
1083003010,2009-10,Central,1.1847596363876562,2.0703624119750454,1.5485057599392946,1.740495079666684,0.33141597675216466,2.485974578401886,1.567367760718365,1.383339834372892,1.25233509222047,1.7562762623586814,0.4852071838442161,1.405904682808296,2.7995797105147173,2.4537299763865317,1.0391401596072447,0.0,0.0,1.557631269752789e-05,0.0,0.0
1083003301,2009-10,Central,1.6353463272840976,3.024993475478763,2.081808929108212,2.361322059751943,0.4507471718540829,3.402164666550114,2.072984753651471,2.039516309759812,1.7430870814977109,2.5930454567601986,0.7706467097937694,1.794642181095201,4.25569501314047,3.910979413131446,1.534230115200286,0.0,0.0,1.9935904855636472e-05,0.0,0.0
1083003302,2009-10,Central,1.3992633527523772,1.9366028847348866,1.8963851275125296,1.8601388207137672,0.5135534376089882,3.6815432878644265,1.586543426105108,1.4919430744369382,1.400253881730224,2.107942253225183,0.609996171316053,1.1647349307738937,2.9273724776247194,2.3220047775400374,1.2853633212997277,0.0,0.0,1.590134123211834e-05,0.0,0.0
1083003303,2009-10,Central,1.150794744788525,1.6922565534484784,1.5098499645837011,1.500167379169768,0.38564160324149155,2.860759222925944,1.508489129918305,1.2829231042141733,1.143217564411238,1.6287645047207768,0.48176871072080507,1.2179078055165327,2.545256918638131,2.0655830697483384,0.988933868161473,0.0,0.0,1.3394940583707086e-05,0.0,0.0
1083003306,2009-10,Central,1.079863790920335,1.5268319592872897,1.458447492165601,1.4345678841449117,0.3522516827003312,2.6886858605715442,1.2350528640204514,1.1771455064281473,1.0129863001913166,1.568648263984737,0.44453962696377186,0.9700184056169501,2.447140691342872,1.9012935896712333,0.9540159652297895,0.0,0.0,1.2571264439310759e-05,0.0,0.0
1083003307,2009-10,Central,1.7801674069132154,2.8045642417721037,2.2728385607338493,2.2587543592947785,0.531695292722018,3.9995344698750115,2.457307623107155,2.1265552719371494,1.7685140398737105,2.5146740050952037,0.7217444019224257,1.9641291127770342,4.378137006848939,3.5918591941874567,1.5233363366062633,0.0,0.0,2.092304615167244e-05,0.0,0.0
1083003308,2009-10,Central,1.0019427224064876,1.6027487715293787,1.432785142545798,1.7951108321482012,0.31080893066365994,2.3158525120649074,1.2272872116734141,1.0350478538522734,0.9160243149068222,1.609555996826168,0.4711977611851607,0.9558759557857989,2.1771112891888964,1.5248239416985474,0.9106352783768642,0.0,0.0,1.1435022531869646e-05,0.0,0.0
108300330803,2009-10,Central,1.4870786232404436,2.437609323272255,1.95335855003764,1.9387371203256982,0.41247625163648494,3.122841713806263,1.6665291728291596,1.824470106504651,1.4931394336950496,1.944576667116598,0.6331046034713558,1.8917405774861324,3.525386469788708,2.5390354179714603,1.289764060956847,0.0,0.0,1.4983027124221103e-05,0.0,0.0
1083003309,2009-10,Central,1.9581539263040917,2.9637769378638996,2.6127854834941804,2.708973740197985,0.6475297169920478,4.270461486056545,2.6778708069658053,2.216536063381031,2.012213433793231,2.708294686653367,0.7946316529643143,2.252674835324957,4.735174452378819,3.753901043634447,1.6653847115270688,0.0,0.0,1.755557747729737e-05,0.0,0.0
1083003310,2009-10,Central,1.0905569255325163,1.673877247444717,1.4940708230111803,1.4580393407163543,0.32446343698090413,2.5241306032334303,1.242989980675591,1.2232780773549894,1.0553890576872715,1.6470075946900433,0.4604459252711173,0.9024650445268256,2.423682883380726,1.910140561553293,1.0213391628313968,0.0,0.0,1.2544773269427116e-05,0.0,0.0
1083003312,2009-10,Central,0.5442996756123346,0.8024746289634194,0.6852582446755661,0.6906753623421001,0.1824110340018406,1.4691570365046989,0.6903317806213192,0.6189374919153825,0.5256371720633719,0.8025663591758527,0.23488081218441434,0.5546450770211565,1.2679328072517664,0.9207740337147218,0.4792866048054933,0.0,0.0,1.0239727857708632e-05,0.0,0.0
1093000401,2009-10,Central,2.0783246714299453,3.062157131028995,2.926823889559407,2.7275604947079874,0.6903534066651675,4.976956317322061,2.9108949363594765,2.4533936793258757,2.094043670066434,2.898209910841146,0.901383861456835,2.1231851516413403,4.865017015556042,4.056727561802712,1.7686555593231685,0.0,0.0,1.7055203259583903e-05,0.0,0.0
1093000402,2009-10,Central,2.7163014727273755,5.143715482528888,3.5828678212342266,3.8833804399190037,0.6915102305091337,4.7851778041285336,3.0843393700143116,3.331365659848715,2.912097765486761,4.008010348272984,1.3020094266485243,2.982057119140062,6.37987030767116,6.367478564041168,2.624945976258564,0.0,0.0,2.3572838104055412e-05,0.0,0.0
1093000403,2009-10,Central,9.622250523072635,12.52958510878996,14.55314821861678,11.472285002846801,3.597618202311345,22.283319999410665,12.323004763280991,11.533265622350495,10.597273134123991,11.511611756378366,5.223197720315835,9.98404392621803,22.40025767651977,26.343023452046396,7.306826933266,0.0,0.0,3.822727123571899e-05,0.0,0.0
1093000404,2009-10,Central,2.3588488512844723,3.5150326651789623,3.138884622700194,3.095718019151697,0.7728715240587738,5.788690628917866,3.6016424472321162,2.9135327134453934,2.407595039973507,3.3747516374467965,1.0936846840211412,2.4357748974851625,5.64945107092589,5.077161997514021,2.0201845984539823,0.0,0.0,2.1751129653511664e-05,0.0,0.0
1093000405,2009-10,Central,1.2018144821175003,1.7480469132326362,1.4737193935536086,1.4339279878186875,0.35703801575689154,2.91418486598388,1.7875152084934127,1.3883122695879713,1.0977520926917879,1.68281596213536,0.5022760217046782,1.2241130397084359,2.7430907437603698,2.2289735325967555,1.01297048307204,0.0,0.0,1.569421951715911e-05,0.0,0.0
1093000406,2009-10,Central,1.7800202804377356,2.886442603560885,2.306140783086685,2.417394733732289,0.5530532902771925,4.110452304986339,2.2051919581806185,2.1349180769599254,1.903684128889246,2.577129578435266,0.8356670611052878,2.028171887194926,4.009358505494058,3.325463194342815,1.6041291301417058,0.0,0.0,2.069405152217945e-05,0.0,0.0
1093000407,2009-10,Central,1.6698864550895454,2.764305221079182,2.121298019432943,2.080590329991369,0.4262712601872505,3.14399503400073,2.0200115828819687,1.93102265615285,1.5797597291747303,2.3508342586285647,0.7018663367524258,1.6594080226347927,3.7060503086245506,3.3263501850344657,1.5364354464640937,0.0,0.0,1.793125312291363e-05,0.0,0.0
1093000408,2009-10,Central,2.456320870619788,3.6679102323258066,3.2575096571954876,3.1531039202567817,0.7511829795832797,5.297576724583188,2.671939960904466,2.7902902018631797,2.4535393064112445,3.30484195066804,1.0525218913151246,2.576848967340707,5.281537562287422,4.361947906704353,2.132519285683713,0.0,0.0,2.1727449096840036e-05,0.0,0.0
1093000409,2009-10,Central,1.9488260462435358,2.8133672689985088,2.6643018630836233,2.306942251894598,0.6316457903284838,4.671472799589928,2.1733544886448537,2.296743430935015,1.9944560250157197,2.6926257356859096,0.9305461612448857,1.766563068452001,4.248099083099761,3.4139922430566427,1.7629285798567031,0.0,0.0,1.5838444991559957e-05,0.0,0.0
109300040903,2009-10,Central,1.943161617169651,3.604600720170762,2.584041882739936,2.726617117759213,0.5244212007582397,3.687075988877756,2.0489917093590413,2.382954971882535,2.0708240410559244,3.011035935688329,0.8844549898014425,1.868145633308333,4.8237734755320645,4.560991039861453,1.977119132103191,0.0,0.0,2.0723746437474952e-05,0.0,0.0
109300040907,2009-10,Central,2.4929682814633076,3.990515716331672,3.180191635673301,3.3131468334231275,0.7775425020118181,5.045712035173011,3.378843122633554,2.9332211192316007,2.56044739318233,3.4283568665512765,1.0734302137185099,2.9488068935291656,5.511036314418913,4.443807247096495,2.2379495937046445,0.0,0.0,2.8395439959330406e-05,0.0,0.0
109300040908,2009-10,Central,2.1989625209950083,3.0076528403629417,2.762224114992862,2.6790809796417165,0.8121514615843088,5.479237677403535,2.9327818789222726,2.4137570979366916,2.1470674171483677,2.7750733361670092,0.8794241592660537,2.645678402042331,4.484307320578921,3.191757090206344,1.7617915918536293,0.0,0.0,2.5787747524700257e-05,0.0,0.0
1093000410,2009-10,Central,2.2371958221742694,3.2326303589613956,3.1122215135144655,2.991260891451621,0.7181971641488573,5.360586363614727,2.664608150741591,2.5610978823497477,2.214081461335386,3.2819520723946924,0.985528956575716,1.9019593186817025,5.107958814385019,4.320456367401067,1.975931728508038,0.0,0.0,1.7520947024507627e-05,0.0,0.0
1101000101,2009-10,Central,4.089879798873369,7.278416333065862,4.966743024475186,5.522742633034623,1.1639712254706116,7.896234130224464,6.154659727249957,4.807414303535953,4.493853527227114,5.475757015301918,1.8904183351038977,5.980630909915878,8.502757670454427,8.812548236515937,3.344514729233592,0.0,0.0,5.708507830255294e-05,0.0,0.0
1101000102,2009-10,Central,9.147511499411008,17.331559195178954,12.636922490874763,13.979676700540523,2.9591434049004297,19.548218069683287,15.46393290296497,12.420134708644396,11.465363615026156,13.235238244111603,5.208537358225131,13.64252857023596,21.347992173787485,28.37426876201947,8.025381453225807,0.0,0.0,8.289485070580805e-05,0.0,0.0
110100010202,2009-10,Central,2.623735731213782,4.005337246562892,3.198453593763464,3.4581987607157036,0.9451481479488666,6.159505771327823,4.585389122867296,3.0314559721556766,2.7265302320582405,3.4851058903431293,1.0928854092339755,3.6632027941848753,5.8235517867475455,4.421216723628445,2.091584018138069,0.0,0.0,3.588409243167675e-05,0.0,0.0
110100010203,2009-10,Central,2.1745313461707005,3.353657566913057,2.741714676471353,2.755546965548514,0.7521942537706614,4.810024052242862,2.6363410512491683,2.5192533157899697,2.230236038251829,2.9464622116616637,0.9439122959076579,2.573641740094539,4.929991052531379,3.9296384522992485,1.926027289510735,0.0,0.0,2.4595278474233765e-05,0.0,0.0
110100010204,2009-10,Central,2.643924355522853,3.860304837729442,3.467414502329074,3.2215928600123656,0.8804384463960724,5.862648956896348,3.3915086137400206,3.081333437724402,2.6632517388745796,3.5440308032635124,1.198229339422399,2.7226265633059192,5.847058715439341,5.041994159410519,2.34292831999243,0.0,0.0,2.1388133207859645e-05,0.0,0.0
110100010205,2009-10,Central,1.974752280796618,3.0915728781580394,2.6904273667369867,2.4995705349968005,0.629787985744962,4.333705943952428,2.198115232609523,2.3486269175073438,2.1210426461588483,2.6526392220454977,1.0103634921968967,2.2370414649998147,4.269597001517803,3.5564267809762615,1.755632065371064,0.0,0.0,1.569678895689798e-05,0.0,0.0
110100010206,2009-10,Central,1.7230822478498882,2.9822217527257857,2.1426402492285894,2.573582934058159,0.6271765014021383,4.052230964204911,2.5824206002437817,2.169530908824064,1.9034649348571095,2.6698762875210877,0.7611850823011362,2.386865211561028,4.3901355481001625,3.0826765820572004,1.553744133375296,0.0,0.0,3.3235719265630335e-05,0.0,0.0
110100010207,2009-10,Central,1.5937255606532093,2.487316882268723,1.919821654863259,2.1363669855052536,0.5578673790001637,3.8428163086947165,2.8265928120521737,1.843768129772541,1.632200679905047,2.1964227161011993,0.6444379274595565,2.2217548472870963,3.5487215263453247,2.5246257664308236,1.2882801806499082,0.0,0.0,2.9494466550820715e-05,0.0,0.0
1101000103,2009-10,Central,2.0430893303992903,3.086090055903414,2.727855112067151,2.5316806922255632,0.6066435779720624,4.735037800394677,2.5134438145526343,2.3998405913186014,1.9997224414147012,2.8408752992650226,0.8858618151107719,2.0453101531228772,4.316163257601825,3.80487398791071,1.8153958296171937,0.0,0.0,2.2143258042743905e-05,0.0,0.0
1101000107,2009-10,Central,3.055023317086194,5.351947627249065,3.9104769386044262,4.400348482534579,1.0185165272231604,6.157633299072941,4.060742236587049,3.868078846327977,3.3048358443627577,4.556946273992434,1.40130212592303,3.817154508867719,7.976880374793025,6.7568578156915615,2.8578743772913353,0.0,0.0,3.508006023125951e-05,0.0,0.0
1101000109,2009-10,Central,5.39711397683037,10.611823550383223,7.022044943526919,8.442715801709687,1.7223872102382503,11.773173879771592,9.206774214926371,7.268767502902431,6.65797281682172,8.159477680042494,2.9156282925375288,8.354410000599264,12.731542008547171,14.715261178029603,4.882179859996872,0.0,0.0,6.844940896180125e-05,0.0,0.0
1101000114,2009-10,Central,4.001716194007785,7.993271598108654,5.09670485312498,6.327433409204556,1.25886189494908,8.857847219557927,6.867023313851976,5.368236365787406,4.891649752044462,6.185660681536846,2.1092275995284497,6.251377922097484,9.480851305712225,10.256171705466194,3.6623071679993227,0.0,0.0,6.110422312399175e-05,0.0,0.0
1103000501,2009-10,Central,1.5563315533675597,2.2235277071630346,2.1052795268903135,1.8853507041378135,0.4756405699955944,3.7324337806622863,1.657841769451559,1.7623351638338904,1.5021868322897716,2.182904565032805,0.6450160039393938,1.3548862849273429,3.245249033865118,2.5993471721702535,1.4126453498911185,0.0,0.0,1.7027411705477315e-05,0.0,0.0
1103000502,2009-10,Central,1.372581138118751,2.1591724532827885,1.723630072917643,1.755546971605637,0.43872656943343713,3.1685706420496813,1.5393334755059855,1.5773904231995428,1.4682920295333264,1.9138209087297955,0.6384640530103836,1.5774856619381754,2.9810104948528338,2.2563993902250115,1.2462294359761583,0.0,0.0,1.6908521780136443e-05,0.0,0.0
1103000503,2009-10,Central,1.6264587686195047,2.48258004646154,2.288049546035438,2.2288745221143005,0.47580796397195424,3.715534364650535,2.2160977898496395,1.9147425802849383,1.5329399455918633,2.4833933362884695,0.6997586550409742,1.4259743667677267,3.9726163936326575,3.2582574336746526,1.4899447578373095,0.0,0.0,1.4867155905617877e-05,0.0,0.0
1103000504,2009-10,Central,1.902870232094819,2.7207741890168093,2.4771712432680215,2.249336516375687,0.6346022184841255,4.635463281596321,2.2701967411640274,2.1874660762297955,1.895851267510973,2.5494107412045004,0.8587953690997028,1.9605267434141627,4.081459421625417,3.332119287999395,1.664532037505626,0.0,0.0,1.8393205960344562e-05,0.0,0.0
1103000505,2009-10,Central,3.858876410490339,5.207634251586578,4.943830988061737,5.378379627104391,1.828535627536709,9.550615783404831,7.552621426694543,4.093662426077485,3.7371341052236904,5.109635950483458,1.5558766711125904,4.9669692238332015,5.989887347317229,5.33433743994621,2.962582755511773,0.0,0.0,5.983338674684383e-05,0.0,0.0
1103000506,2009-10,Central,1.0578452761585697,1.5914335629683831,1.3236537085780415,1.3538115910158985,0.3967877532051393,2.661874388908942,1.3389999242526829,1.2092037923727834,1.0977174308337163,1.5126588814766844,0.4671207081735979,1.1877010118094695,2.423596135098813,1.7069358252471727,0.9670788941834361,0.0,0.0,1.5582679836921202e-05,0.0,0.0
1103000507,2009-10,Central,1.9345670031840771,2.7838647317343836,2.4232713754025057,2.368261557325588,0.6460335886650131,4.6220846900108565,3.0273219726417775,2.234069554725863,1.890624632344974,2.5532495877295776,0.802946663527004,2.2624082785433104,4.3176221189936586,3.3818650511909123,1.5857884647093348,0.0,0.0,2.0470526577524358e-05,0.0,0.0
1103000508,2009-10,Central,2.462978073178399,3.7166083550793316,3.3656238093912774,3.182178291338598,0.7876092962475887,5.837346175656125,3.2021079069802205,3.014430316252468,2.551115839011155,3.4923321921613826,1.1469435367937744,2.4508739439426463,5.677124435820425,5.073063052978179,2.187759141646781,0.0,0.0,2.1684703131051048e-05,0.0,0.0
110300050803,2009-10,Central,1.4857299264438208,2.188878754396117,1.8337546368845472,1.8070998114154073,0.5286944884773761,3.612187326097893,1.8792049818144745,1.6885155745786173,1.566961696413407,1.9091202567643568,0.6434047354504224,1.9244465689812682,3.2218862465841127,2.293527737646405,1.2699076651190628,0.0,0.0,1.6661815174617778e-05,0.0,0.0
1103000509,2009-10,Central,2.754971669342035,3.6992942684173573,3.6165000320074716,3.379530456417262,1.031709713285162,7.25307686656637,3.326924938965201,3.079210927256238,2.8126325634872855,3.693693894085275,1.1606751950383243,2.997896778671567,6.147145500639648,4.822394016326332,2.1935996561952833,0.0,0.0,2.714342521388166e-05,0.0,0.0
1103000510,2009-10,Central,2.5442949139339963,3.297054198314154,3.4895237180771224,3.633867520795801,0.9923962914601462,6.609073028968923,3.8289034189667306,2.522616898888577,2.4519404588632,3.663645320847784,0.983833054290232,2.4809094156908666,4.486713355335777,3.92146599963782,2.011520090368672,0.0,0.0,2.8804029656103908e-05,0.0,0.0
1103000702,2009-10,Central,1.0253312600421312,1.5942746453981156,1.2870985834694906,1.4496256062859254,0.3752923471512483,2.86189591774117,1.8308215083779977,1.2576388807122478,1.0682594207739757,1.5741621596281,0.44785053561607263,1.225432881714588,2.64629684260608,1.9593264791230303,0.879054754648892,0.0,0.0,1.7880629664485745e-05,0.0,0.0
1103000703,2009-10,Central,0.9645386327534692,1.5641775905381143,1.2877085127260144,1.4591079556490498,0.3052140460142666,2.240389855155211,1.2685744693114605,1.0799124766178037,0.9709012308928454,1.5120435653619426,0.40082047293037143,0.9679973077413545,2.1908383136665845,1.7070540013363933,0.8867019177297997,0.0,0.0,1.4922755453601203e-05,0.0,0.0
1103000704,2009-10,Central,1.2358524328983245,1.8191046123661385,1.597398507312288,1.4470616625776642,0.3604628943968403,3.0540614162004256,1.539749611708,1.4295857016459845,1.1991751167940023,1.713927663179534,0.49242752282932606,1.2204731557609807,2.642432713083507,2.0523191891201,1.065700397870272,0.0,0.0,1.6255809509324407e-05,0.0,0.0
1103000705,2009-10,Central,2.0490850559254814,3.138943245184186,2.6305937922292237,2.4398556428379075,0.5826328950105594,4.349963513652468,2.325914346508911,2.334935484974319,2.0068154137836642,2.734952907185235,0.8831914747979117,2.155288565669325,4.275905098745239,3.672988805006816,1.789895000207281,0.0,0.0,2.021825112942794e-05,0.0,0.0
1103000706,2009-10,Central,1.2143064218957846,2.092887476326054,1.5755297095154681,1.6650186745246112,0.3414891244724042,2.5096976624459475,1.4333034366809083,1.4433516083488844,1.1917741255640564,1.8667208255833903,0.5340338851539964,1.1952281756627519,2.9537836958541854,2.49585090608082,1.1786144377871444,0.0,0.0,1.6158829153071266e-05,0.0,0.0
110300070603,2009-10,Central,1.4126188549192464,2.0414390615130245,1.8736645740966675,1.8465209021976083,0.46621638854902725,3.359170134496084,1.8670605618404652,1.5627323370406427,1.3634962540784565,2.016617004787797,0.5445041832284113,1.3660841698428732,3.1724814303576263,2.4609374443000864,1.2233786546744927,0.0,0.0,1.646754637620921e-05,0.0,0.0
1103000708,2009-10,Central,1.777807043511447,2.652222964185411,2.276052054529618,2.126084490807382,0.548663641407027,3.93827310036083,2.1497764709463403,2.0095236790172017,1.7492685262174852,2.3811523925455194,0.7432812154972752,1.8731912482973359,3.6510688789658525,2.966432818060957,1.5785294922694937,0.0,0.0,2.035602924889998e-05,0.0,0.0
1103000709,2009-10,Central,2.218656796549908,3.5046365919807747,2.9289273183431193,2.871681278216036,0.589840259043404,4.688488696100007,2.3146883307583725,2.5230981655481646,2.2802359592528254,3.148031112301613,0.9774820095945213,2.2984579466832074,4.620511210224881,4.138369551837684,1.9190753030491243,0.0,0.0,2.1603449378542258e-05,0.0,0.0
110300070907,2009-10,Central,1.4104736440655363,2.14473956926492,1.8017612815424071,1.7311270707518573,0.44921154003650937,3.2083165481125784,1.7870222203144734,1.6308374371591254,1.364664667445862,1.9929314650708816,0.5793453935747825,1.4295371398755186,3.272312569426833,2.565107110100935,1.2666392572137446,0.0,0.0,1.7291419766194027e-05,0.0,0.0
1103000710,2009-10,Central,1.7125819199445562,2.4211394915608158,2.399546393850571,1.9679911718150604,0.47642067258408005,4.386010708247769,1.9367389546032994,2.023915167235214,1.654263481694958,2.5018164405643506,0.7375648455462579,1.2783403166857252,3.537857879384168,2.9085299266446247,1.515611649732382,0.0,0.0,1.4564662762344412e-05,0.0,0.0
1103000901,2009-10,Central,1.9774798474972466,3.1218904695597813,2.5508649275676385,2.5284048536937798,0.5452265950501317,4.447695306061092,2.7372393127302788,2.3027238033695285,1.9586378805335658,2.7574800373614434,0.8319685310022036,2.2081546744652476,4.125628008104275,3.6473020329103027,1.6654663373903562,0.0,0.0,2.4222224170657304e-05,0.0,0.0
1103000902,2009-10,Central,1.61276512460755,2.5375108181728754,2.186812236154499,2.345405010859178,0.5583207914982662,3.846866379404925,1.9990558096590434,1.8386760159651836,1.6985464834159514,2.4741819181221145,0.7541186416514346,1.5593939294616883,3.6475575307103085,3.0077048669155326,1.5196037092576171,0.0,0.0,1.7303372320880635e-05,0.0,0.0
1103000903,2009-10,Central,4.844180983093471,6.480671717543698,6.280884862138114,6.695220036004109,2.3286024855170324,11.839885487971678,9.453787667885535,5.167168617791573,4.731956731290703,6.316594205215786,1.9909556697761217,6.231393259741411,7.502137771241411,6.984220678036958,3.6999139649391926,0.0,0.0,6.536972428569382e-05,0.0,0.0
110300090302,2009-10,Central,3.09596596282079,5.416015934625325,4.077494244201965,4.266890164694311,0.9904680119529272,6.679920085866671,3.3207146787114117,3.803450062125072,3.5459174040318295,4.533338011332183,1.5578578285947606,3.7061521674060423,7.054791713271161,6.630014200738613,2.9311108578063667,0.0,0.0,3.238003656399025e-05,0.0,0.0
110300090303,2009-10,Central,1.8902608390013664,2.7659179909608977,2.352977360912336,2.3681190283065,0.6541842421869051,4.845473631648379,3.124491050443553,2.1741462293739824,1.8694764114641267,2.5507611366003,0.7471762401911027,2.3312471258416227,4.268317439432411,3.244673044006472,1.504521387434124,0.0,0.0,2.5855018355869385e-05,0.0,0.0
1103000904,2009-10,Central,3.375533754247242,5.1065074962250945,4.676045919312166,4.329005615829515,1.1861328035264314,8.748104564034946,4.220663534568158,4.132765507511443,3.6277096925409995,4.74083427128576,1.5971703783932578,3.6215756578690566,7.539728068447552,7.174024440238373,2.9566804947151373,0.0,0.0,3.24229179560762e-05,0.0,0.0
1103000905,2009-10,Central,1.9434562730969691,3.0502482509002316,2.4745779772747722,2.391559012523613,0.5485808861036436,3.830077755580627,2.59770617932076,2.222172842280746,1.8662811267552162,2.6341937491705383,0.7940034111595885,2.041204337787543,4.130301532694169,3.6176529469116216,1.7398507253933795,0.0,0.0,2.160177468715816e-05,0.0,0.0
1103000906,2009-10,Central,2.653622450211165,4.042928818153081,3.5167607032598562,3.96070636777494,0.9751081982219065,6.51162857232901,4.920334650338691,3.001425346039468,2.7345820775483705,3.8448029419499883,1.126570935310233,3.272356150269414,5.092615748757278,4.694793376564496,2.1921149027800735,0.0,0.0,3.6702817601103894e-05,0.0,0.0
1103000907,2009-10,Central,2.2918959843539977,3.4438044970165973,2.96551981320847,3.0582371881270967,0.8616766921319474,6.031029369620816,3.041052189360138,2.743506031953198,2.421896545308885,3.2999885027500313,1.041521625349766,2.6029455655489073,5.237204062835924,4.384462362577468,2.0054291882430775,0.0,0.0,2.8713286838398988e-05,0.0,0.0
1103000908,2009-10,Central,3.832024879604951,5.449345398209816,5.2410152062929365,4.996009924804646,1.4993535889659524,10.250072596531027,4.767214494415125,4.685955099942857,4.348374275197867,5.562962614886049,2.0094390483468443,3.8926418333159276,9.355784428831958,9.06912162345597,3.2962927526731725,0.0,0.0,2.8542485305783304e-05,0.0,0.0
1103000909,2009-10,Central,1.733218595769533,2.404351486577339,2.3982075123855164,2.3439942494170793,0.5579819959258494,4.465092077568636,2.0257609880474763,1.8827599608976737,1.7426577005639676,2.602654127039043,0.6953844457685854,1.53130614098724,3.7604658113775646,3.1249734553087545,1.45547619545831,0.0,0.0,1.8897749531034514e-05,0.0,0.0
1103000910,2009-10,Central,1.8108612359233764,2.893320225118548,2.309330288945787,2.2505115167758367,0.611901703386856,3.9704325394648885,1.7753224356342012,2.0954702235238916,1.901171402651402,2.5346294319871725,0.831527042327624,1.9417055110673493,3.9154403568907283,3.2254546191979463,1.7707679678650505,0.0,0.0,2.210212136150039e-05,0.0,0.0
110300091001,2009-10,Central,2.1644592480347304,3.4074514557113096,2.743009821738629,2.820768973742763,0.7167354179966696,4.487593505714574,2.3745487633554676,2.466001880279937,2.195076997837585,3.05905102441686,0.9292985959924949,2.353580546281291,4.895147958488659,3.830404824437827,1.9747967569889646,0.0,0.0,2.5549449742184746e-05,0.0,0.0
1103001202,2009-10,Central,0.766545507449873,1.1889398239730997,0.9946502057039979,0.9963688836179966,0.2240032430711777,1.8182242557657882,0.902457885416776,0.8899871833271662,0.7279490698516353,1.1611736587944048,0.35015358247855194,0.6964402533615142,1.8365402680921659,1.501122720035612,0.6987882619591396,0.0,0.0,1.0835750346541838e-05,0.0,0.0
1103001203,2009-10,Central,1.859841547890369,2.8801274687124114,2.558184308600304,2.3101327331461743,0.5019492952814266,4.017153257920523,2.079068137950086,2.289143193756744,1.8299508926285097,2.6870479759743175,0.8463235522235195,1.5895938082229129,4.525385635389378,3.787830760935999,1.7305663715579684,0.0,0.0,1.5597286502430575e-05,0.0,0.0
1103001205,2009-10,Central,5.757754711738933,8.414042303916084,7.451325695499488,6.839094237994436,1.8398324125161938,12.798787898016275,5.304727065061629,6.612174315870327,6.528483137137295,8.028831448196009,2.7415660148555236,6.597216739524785,11.412220815127547,11.07912312055863,4.703006785495368,0.0,0.0,6.687682524769077e-05,0.0,0.0
1103001206,2009-10,Central,4.487172469121844,6.592495970810047,5.56082407383468,6.288816446486882,2.258685575356714,11.80618017096051,9.162696881055796,5.415410124179082,4.753446244753315,6.088891003096216,1.9890903754849423,6.717180739709126,9.931162877184846,7.190877201056833,3.6007123894575157,0.0,0.0,6.63929197463552e-05,0.0,0.0
1103001209,2009-10,Central,3.6502245901561094,5.57736448113825,4.9119192805258685,4.803201481571737,1.0723627609500945,8.062418808818633,4.236233917609858,4.312418240420809,3.936069267189657,5.01554570268893,1.7082602755038943,4.20759111263736,8.330771324746985,7.405941454184309,2.9549913843934594,0.0,0.0,2.5357169876840566e-05,0.0,0.0
1103001210,2009-10,Central,2.8155419666785404,4.255156730273796,3.821274631118501,3.62470130448088,0.8765203931102498,6.545056317088406,2.929062240755318,3.357820736035285,3.061156374017917,4.07898928944796,1.2521745099907555,2.764541952817021,6.887319327957681,5.991793598287166,2.4568968918769047,0.0,0.0,2.5582223829797968e-05,0.0,0.0
1103001211,2009-10,Central,1.5402842522272646,2.5694541119928385,2.0028675677674097,2.083854173673366,0.44761780406972124,3.3369545321863745,1.879565383477402,1.8839516572268336,1.6007851290945636,2.465768722431188,0.6938637137135018,1.4393947092284123,3.9215392167355025,3.43399246870881,1.4790679370860016,0.0,0.0,2.0367623350873133e-05,0.0,0.0
1113000101,2009-10,Central,7.135331687931843,9.415554113870048,9.62439694740855,7.788652530666733,2.1169311186459776,15.044306125659341,7.802294712341358,7.714956601365584,7.261649923327166,8.596938278975944,3.220556600626762,7.345315686725158,12.167860277127692,12.70084401833917,5.594509934527631,0.0,0.0,5.175430948315346e-05,0.0,0.0
1113000103,2009-10,Central,1.8072842198645462,2.8403037179313353,2.402872047097308,2.3964332642423365,0.5101407062872078,3.8804839996906377,1.9935054807579657,2.156344834384853,1.7740655780720052,2.33783616900042,0.6973623810055907,2.3297850490924294,4.147876305350501,3.212703489436141,1.5047703037580056,0.0,0.0,1.4517294605970961e-05,0.0,0.0
1113000104,2009-10,Central,2.7126706360108725,3.9184576152842228,3.501820151227134,3.526082393666263,0.9605080200442903,6.747248223077655,3.7822319577492296,3.197227163356826,2.808899017860212,3.635425070869932,1.2636960465224074,3.216682039685249,6.144818510172319,5.246055297136396,2.2074332005453954,0.0,0.0,2.3187957150259736e-05,0.0,0.0
1113000105,2009-10,Central,4.666754204511548,6.626992199379289,6.168461364790805,5.706262963476597,1.8029595608571303,11.029656987891862,5.79049537720284,5.361165543607125,5.052931878987703,5.8485788111791654,2.165600582748528,5.712080100065359,10.143277618793956,8.902621971433279,3.839509591917191,0.0,0.0,3.62238603552097e-05,0.0,0.0
1113000106,2009-10,Central,1.3311075879912189,2.0639771450984563,1.659871929964547,1.6565269705057761,0.41278515278909667,3.057353434488635,1.4865735334967676,1.5907330976603102,1.3436508022605815,1.73961104674393,0.6123917320334924,1.712005897561948,3.1387432612253177,2.369939027251153,1.118492959829844,0.0,0.0,1.3312571602043427e-05,0.0,0.0
1113000107,2009-10,Central,1.8939821212532493,2.6822445842038345,2.5579174931475865,2.3515789686335484,0.593608504912437,4.659654144961636,2.2963461053336793,2.229447472476553,1.8754745650302431,2.5953752701953134,0.8092585014499237,1.9261250840183435,4.35030349391801,3.696254260244611,1.5719702167197132,0.0,0.0,1.669155113725663e-05,0.0,0.0
1113000108,2009-10,Central,4.2001101158577,5.793544199857616,6.1509726143773245,5.505014143478276,1.4773065312878613,9.759180924737619,4.595645545379327,4.750511837376809,4.445283210236809,5.437005276324935,1.9992118365064346,4.254642850707135,8.802252921696546,8.543738505039704,3.528774028101046,0.0,0.0,2.2668359426685054e-05,0.0,0.0
1113000109,2009-10,Central,4.226336299882411,6.040213518425495,6.299327752072849,5.054250385518334,1.2959177938055317,10.078329657684446,5.3664891667199015,5.150797789208139,4.374048226086748,5.547128783147545,2.0333541236895463,4.053578901776241,8.90813271136837,9.283060814050987,3.482291775701191,0.0,0.0,2.6822403918483057e-05,0.0,0.0
1113000301,2009-10,Central,1.2044659741811532,1.8074306316159012,1.5054819740536642,1.4525786090186485,0.3944120613324122,2.8416795000543265,1.2651754932765593,1.3255723543561773,1.2380849235372993,1.6163214814176257,0.5211494453040049,1.3494659002257139,2.305574084185496,1.6920662731670764,1.1065348258103997,0.0,0.0,1.868193890270829e-05,0.0,0.0
1113000302,2009-10,Central,2.87344566894411,5.081141108540017,3.4985337422522433,3.69502597194114,0.7629212962881746,5.239412096897312,3.5860177114810448,3.304027786607708,3.116264349597122,3.796346145840411,1.265160582192745,3.853046699509894,6.41868977663676,6.349193742103965,2.379893308383038,0.0,0.0,2.9073083059288015e-05,0.0,0.0
111300030203,2009-10,Central,2.4894052406256684,3.6846052593908447,3.0876045214444057,3.231427818714167,0.852351241007772,5.902234265977689,3.6798754889796355,2.9029130706247432,2.5703545050576095,3.09048044928154,1.0192748868510146,3.58915264368281,5.997198881732771,4.101311130374855,1.897607468785255,0.0,0.0,2.286413879178164e-05,0.0,0.0
111300030205,2009-10,Central,2.7124799388708682,3.5841466077800996,3.611508096074966,3.1751824072362402,0.9576635362039903,6.914013904000395,2.6496417540195245,2.961084161732404,2.7212646526301527,3.640302269674581,1.1364949664828319,2.562835030714716,5.701826842998989,4.689936524784627,2.2559321944373742,0.0,0.0,2.5914695284781643e-05,0.0,0.0
1113000303,2009-10,Central,1.0948060171711114,1.583205437978954,1.3992794433686149,1.2843000904004247,0.3565624837946759,2.8030221604069245,1.5059929713230604,1.2544363045206506,1.0413879087869786,1.5532646812934185,0.42550644757356093,1.0582601573598576,2.470347576710224,1.8381589709973054,0.9505773082111728,0.0,0.0,1.5156594385453444e-05,0.0,0.0
1113000305,2009-10,Central,1.9511112801616832,2.8849556038488626,2.6568491209967133,2.7861374040278797,0.6849900058762766,4.818494308128573,2.622725749076444,2.20211593420535,1.990287444538426,2.832595025732386,0.7985806254407485,2.062584302007473,4.343327154346554,3.5445316683286965,1.6715741933358412,0.0,0.0,2.216334263409591e-05,0.0,0.0
1113000306,2009-10,Central,2.527632850559627,4.115274056194608,3.3627948060596826,3.4465290818326206,0.784943804045134,5.464166716204945,3.06066137260766,3.0717298766090813,2.7212779774706592,3.6184521193768378,1.2303067893356536,2.7671625892951464,5.820952999345833,5.166304341232663,2.316168111357315,0.0,0.0,2.2645695258864834e-05,0.0,0.0
111300030801,2009-10,Central,4.974225661317799,7.1924807427355075,6.259002528388671,5.583600386948019,1.3990808389893359,9.609087880101503,7.2291996023256235,5.344179708938922,4.897041769928934,5.721897203589481,2.100898056947487,5.960860065917164,8.456269009068624,8.328301314866003,3.922726865329181,0.0,0.0,4.394445571138694e-05,0.0,0.0
1113000310,2009-10,Central,2.296086030778361,3.2544727867029755,2.9876151141031655,2.9137284839492943,0.7809523858307126,5.061046555305846,2.9829212205024915,2.477212132346275,2.233780300666734,2.9638682259206584,0.899787201459515,2.581207819306206,4.910847784787638,4.078027276541794,1.8851339494390411,0.0,0.0,2.0370878270845153e-05,0.0,0.0
1113000311,2009-10,Central,2.1377222870141965,3.1487754225144418,2.924923078454077,3.053700214731567,0.7704226645804213,5.509022033471865,2.9727558122325166,2.528665464439648,2.2530804657820016,3.204283288276755,0.9748228855198376,2.0860659466337417,5.169479464655819,4.620757716865773,1.8623647931181049,0.0,0.0,2.065028244037649e-05,0.0,0.0
1113000501,2009-10,Central,4.342060107194702,6.605784401247628,5.7085575580363965,6.305888713546823,1.7324558359524262,8.375112644139659,6.741114276935787,4.8289372668897,4.346837537773114,6.052611769449422,1.8636356399049865,5.128774987245475,7.9969618872952495,7.753527583330056,3.8512779065893694,0.0,0.0,4.747354416760972e-05,0.0,0.0
1113000502,2009-10,Central,2.5552981328601927,4.380707296018882,3.4489155375261453,3.3522572832159767,0.6332411735536713,4.765816088487484,2.6399097566631187,3.0906961261594765,2.546940078219527,3.7089858245778253,1.15357946037592,2.3734593810910414,5.9374641781699,5.653849385889347,2.4758527738476217,0.0,0.0,2.112292520858566e-05,0.0,0.0
1113000504,2009-10,Central,1.5941920263182008,2.514027464846158,2.0685941237366894,2.104249685125751,0.4607283435346691,3.5745908525567702,1.7370225756731146,1.849530184265599,1.624760396518922,2.291773084553102,0.7129240379701145,1.6470498385892505,3.5315675996300944,2.9083315505378002,1.4142720381526415,0.0,0.0,1.785545553716122e-05,0.0,0.0
1113000505,2009-10,Central,2.2385725308367714,3.735624123536438,2.9347770246749603,3.1936120559952674,0.6846925425677993,4.035384950498914,3.017282489112256,2.514246863966447,2.172775573421263,3.2597617963330934,0.929795995099617,2.2830438999384497,4.89333122255828,4.7826801033094375,2.1356719714741415,0.0,0.0,2.2912185100807908e-05,0.0,0.0
1113000506,2009-10,Central,1.6554303863754687,2.289309112785238,2.230626994488759,2.1846209706400925,0.5790617006162846,4.216506527800561,1.8305610365521214,1.7238279097595615,1.6741244054512108,2.353039208976728,0.7056818685762732,1.5971880390678785,3.082073001735816,2.3979889144883417,1.4676328153727245,0.0,0.0,1.9687321140380218e-05,0.0,0.0
1113000507,2009-10,Central,1.180263141659571,2.0554654796614327,1.4786858656224744,1.5670958615822048,0.31491223058397505,2.2086197348634697,1.2585180015538828,1.3353217439889191,1.2008692135116081,1.70241000876491,0.5345198012461745,1.2734703685401507,2.523549433103733,2.126643247064528,1.129506871779161,0.0,0.0,1.57700837943023e-05,0.0,0.0
1113000508,2009-10,Central,1.8808433363528925,2.9334706974590903,2.385764559467089,2.5126717483970475,0.6974792096985623,4.701488296000727,2.1898642748983224,2.2668237867353427,2.0134624171552176,2.8056223309243764,0.8509193748163592,2.0790843718874576,4.45949479505146,3.4562134221597582,1.7367006118694912,0.0,0.0,2.7268970943421404e-05,0.0,0.0
1113000509,2009-10,Central,3.51557570436517,5.2450980226069985,4.923221994478086,4.205776733459442,1.1005942508074216,7.703674054127262,3.7711144719825933,4.139519659366426,3.7963905996385847,4.532731721066723,1.696222371306371,3.6856210176628803,7.477752259995002,6.9554948636617535,3.0667362830601372,0.0,0.0,2.3645654176160275e-05,0.0,0.0
1113000510,2009-10,Central,1.7946339013481996,2.5871540412501925,2.6207155550125494,1.9943258538028512,0.4422958173691576,4.431741688555158,2.0055324624179582,2.302099906380173,1.7354944053413899,2.6999578101043924,0.7033052363190081,1.0902286821173601,4.070758574195441,3.139520603190456,1.6652743808356596,0.0,0.0,1.4550933762263225e-05,0.0,0.0
111300051004,2009-10,Central,2.43299074885566,3.914569060953885,3.003598535541683,3.2199095384570553,0.792237398829827,5.012613780529541,3.668724191189875,2.8581615570237178,2.4574291393188425,3.3085567903214237,1.0194693510767947,3.1369990088182855,5.676434174270978,4.65738784366061,2.0696006022828297,0.0,0.0,2.988080920562689e-05,0.0,0.0
1121000101,2009-10,Central,0.7128744472368324,1.017723294622077,0.9384949574483707,0.9174187484642364,0.22205826843294674,1.8140249531747001,0.8316504512826615,0.7917621270705184,0.670613043023404,1.031528064207929,0.2861965123550909,0.6716915050245107,1.5648432303845943,1.153047216552031,0.6229339969970643,0.0,0.0,1.236218806962799e-05,0.0,0.0
1121000103,2009-10,Central,1.2147478691052311,1.8969124973533509,1.4858457074427656,1.5680726733032775,0.4030545441018172,2.846866902803344,1.5690883729713967,1.4011771825378025,1.2240335084896508,1.7328824444308075,0.530116812058437,1.4085913213551746,2.8459396497982397,2.146806893346168,1.0666193082145456,0.0,0.0,1.682221781939685e-05,0.0,0.0
1121000104,2009-10,Central,2.202100111222051,3.7377060823839745,2.9463403682506697,2.944271053783916,0.5829620256930588,4.648434452743284,2.2346296053598884,2.622025359909545,2.3826910800667784,3.345809939304438,0.9987589932654716,2.1459069678765994,5.16032895287429,4.814932647691261,2.0027020375237186,0.0,0.0,2.1353336841729928e-05,0.0,0.0
1121000105,2009-10,Central,6.535691335008072,9.486600672330754,8.535290719013616,7.733781447458619,2.103307158647527,14.4450564494549,6.002549560628826,7.517975176024475,7.439978089196479,9.032247255059477,3.149111253789444,7.460170946786833,12.937904565597195,12.962657782006527,5.309969732739148,0.0,0.0,7.017221306809643e-05,0.0,0.0
1121000107,2009-10,Central,2.128910982670823,3.148176082554436,2.7789330604614295,2.663772495076226,0.6776563160438133,4.941490919293867,2.3994322373322703,2.523262864104158,2.193590819909058,2.900718854577743,0.9845663009877962,2.1777861363857247,5.002001463457885,4.272368874095574,1.8624593526792887,0.0,0.0,1.8767530866959023e-05,0.0,0.0
1121000108,2009-10,Central,0.7773163597068644,1.254753798803674,0.9585051444198314,1.0841785757091578,0.2511196985212403,1.7753306419344208,1.0071327902388547,0.8999728334614323,0.7596664681267258,1.0536518681586589,0.31832196623093784,1.111608051091889,1.8690425391378631,1.272985951797408,0.6476065935270299,0.0,0.0,1.0934510876065334e-05,0.0,0.0
1121000109,2009-10,Central,1.2279442660002315,1.9515589761341203,1.5161832093400593,1.4869821982850242,0.3091717273259402,2.54278879255251,1.5515235049402152,1.3841004827695147,1.1420805525720312,1.6944213628829436,0.48386533087119665,1.3086221411033407,2.5713448893890383,2.203959455305839,1.0469447299393453,0.0,0.0,1.7708983398919165e-05,0.0,0.0
1121000110,2009-10,Central,2.2215916451807263,3.2499256149603553,3.273566982696825,3.3860452152400744,0.8166001066171262,5.180816282602654,2.676187792594112,2.3870187713652466,2.2818154151292513,3.35476213417634,0.9748077245837355,1.969845997835552,4.770491797233419,4.094608643598438,2.072609658754141,0.0,0.0,1.6904922589490172e-05,0.0,0.0
1123000301,2009-10,Central,1.2407572468772412,1.825345138123673,1.6279964590342222,1.5161492401680599,0.40339709230831616,3.337772987660629,1.393878148568477,1.4252901374931042,1.222332403907108,1.8080632281771774,0.5043906102551762,1.1485959616622576,2.657805746777343,2.0975257763231467,1.1202843768331843,0.0,0.0,1.873243546636286e-05,0.0,0.0
1123000302,2009-10,Central,0.885545565506661,1.243098438329123,1.0555133479048018,1.0907762439686635,0.3304171736778416,2.485263525271192,1.2500197466968188,1.0052693116537819,0.8689464638284381,1.2482453544087109,0.43825483317693914,0.9689655917590076,2.0465750109264924,1.5898131183552804,0.7507232861467618,0.0,0.0,1.2573033971226827e-05,0.0,0.0
1123000303,2009-10,Central,1.0583643516938406,1.514686344828983,1.3647639430373368,1.246092781843788,0.3014178634685504,2.7326409491782084,1.6110199456747993,1.2502881513361912,0.9602275479659745,1.5869408630334119,0.4529529094543661,0.8657528680769147,2.439383401093172,2.0069449522882614,0.9100760628568322,0.0,0.0,1.317305240949636e-05,0.0,0.0
1123000305,2009-10,Central,2.6139489643918554,3.872149936801237,3.6354104370533484,3.594498758427106,0.8379330799550929,5.892974167565591,2.985079980480684,2.963017399010635,2.57108090331016,3.839796242704107,1.2301119393148539,2.2845598909339535,5.979606461887721,5.203552315791469,2.367638541739072,0.0,0.0,1.8458826272668042e-05,0.0,0.0
1123000306,2009-10,Central,3.0760938151536297,5.609649375099806,4.052273667194183,4.2339425767182215,0.862571144089866,5.8135725092531825,3.0942965608366078,3.8461705841818836,3.5416352560313324,4.849131432061518,1.4833311397123978,3.270805228523796,7.671569573291318,7.672287008541267,3.040492630830495,0.0,0.0,3.3483473653734796e-05,0.0,0.0
1123000307,2009-10,Central,1.4979214201673283,2.164205280301997,1.9081893587274126,2.100100853165147,0.6017277013293746,3.959166870743015,2.170875178594131,1.6210944814673323,1.5328502843226408,2.186540245099076,0.6537431617288778,1.692865986463041,3.21604834584057,2.405421241802956,1.28807405958187,0.0,0.0,2.0010570907101826e-05,0.0,0.0
1123000308,2009-10,Central,2.474832385285818,3.651840725417954,3.2737259661857636,3.477413032859757,0.8529262082404409,5.719703482551474,3.3702708061773374,2.738539708866852,2.5371492871031505,3.729282801045775,1.1030062689658786,2.458202353092686,5.413429704149703,4.828337622134729,2.147461152076715,0.0,0.0,2.424698978329743e-05,0.0,0.0
1123000309,2009-10,Central,1.7016968606867826,2.3225062856641014,2.1415445283482692,2.4022380671979007,0.7996982331329358,5.104026511073847,3.5571847792890003,1.8916418175102654,1.719378601572812,2.4587369780288197,0.7352361884143633,2.0438144689542055,3.803009626687602,2.8624260994528985,1.3823883794319545,0.0,0.0,2.3485857094868206e-05,0.0,0.0
1123000310,2009-10,Central,1.2455357115241787,1.9800593929666526,1.71589657071979,1.8186679576857492,0.3522266561003834,2.947429735441225,1.469018700668244,1.4664735391196544,1.2626874834687387,1.9024893698258745,0.581579823326945,1.1858518963007625,2.7002930299993575,2.0686179223640724,1.1157122907313952,0.0,0.0,1.4640887454592092e-05,0.0,0.0
1123000311,2009-10,Central,1.1085298780128277,1.6472375379796915,1.39469556437231,1.3397898637459,0.3330981302422632,2.583976353604232,1.4196972099950123,1.2656507901703975,1.0466070405276808,1.5614261720684786,0.46800868523716516,1.0951880224369719,2.4313628005616215,1.9097456672332183,0.9849819921601463,0.0,0.0,1.4998482067899165e-05,0.0,0.0
1123000603,2009-10,Central,2.5772173579465893,3.905164883596738,3.4505665405321775,3.8443020051803907,0.9875524242521044,6.199619545686683,4.571552507614475,2.9972170798718465,2.6697858585753083,3.8436896977268056,1.1511377014393578,2.882416600732641,5.749237396768361,5.189381571246168,2.2550462723119797,0.0,0.0,2.7601225170019195e-05,0.0,0.0
1123000605,2009-10,Central,1.5987417042819652,2.2750171166958775,2.1610362921105417,1.9647182751883534,0.5474862894860284,4.287839283175022,1.983301681485778,1.9245947479870344,1.6202669286715443,2.300198287591575,0.8113685682589953,1.4360404265898024,3.569153520627328,3.004330775255034,1.4074397042679894,0.0,0.0,1.4984049816649227e-05,0.0,0.0
1123000606,2009-10,Central,1.3971612115965424,1.998995712439498,1.7949526895262824,1.6371134546964206,0.45607174187976296,3.4161702142842714,1.6126001675362411,1.5758308068462925,1.3395163274627546,1.915492094888145,0.5602879373547752,1.3704891942073287,3.104963202782113,2.3760342510221646,1.2158207138412935,0.0,0.0,1.678759721767683e-05,0.0,0.0
1123000608,2009-10,Central,5.0086927114279645,7.367486577031763,6.428195896706319,5.971824472229729,1.5863234705864917,11.208459241439082,4.630155035353399,5.741810437330014,5.653522988439873,7.051394539836028,2.3551064676852254,5.7519926295532375,9.93896571754924,9.338916196627782,4.111707663606529,0.0,0.0,6.338092519117684e-05,0.0,0.0
1123000609,2009-10,Central,1.5186933104282152,2.0482097937050385,1.9764779155322447,1.7981285822819566,0.5270601827753806,4.123233011183768,1.5619266073783709,1.6728406574601273,1.50124652264752,2.1798869492693598,0.6289989367010599,1.3480730372669891,3.218075450866921,2.538625449052162,1.315963071523484,0.0,0.0,2.036750361649622e-05,0.0,0.0
1123000610,2009-10,Central,1.4549663734904283,2.045169234331004,2.0154148842405215,1.9323156341016787,0.5004333060744036,3.796889826743671,1.8312275423603164,1.6443970400618584,1.4263364797037152,2.156964201015117,0.6143869353362629,1.225847891917279,3.332792046480611,2.647980030777471,1.2951455117083326,0.0,0.0,1.505238825572456e-05,0.0,0.0
1131000201,2009-10,Central,2.7532755529604733,5.416405943373293,3.3910996358449395,3.900840100897735,0.7721694599863939,4.595678373782558,3.606479991197498,3.3405082412207476,2.9872045980789013,3.9354375527097223,1.2747538662695452,3.6896733243516935,6.3725609919787205,6.765421016946715,2.640207627111897,0.0,0.0,3.76425936767287e-05,0.0,0.0
1131000203,2009-10,Central,1.8156460681826618,2.903705616862689,2.338912289745321,2.4502535308094613,0.5760861694974563,4.059540772701507,2.299047295663546,2.1348683808781352,1.8915168194139225,2.615540922865953,0.8515221185630216,2.026048312959286,4.000257882982728,3.3328681673826854,1.6592230183981427,0.0,0.0,2.064229129074815e-05,0.0,0.0
1131000205,2009-10,Central,1.5314969526639939,2.3643111524625486,1.9044120862102047,1.9834134812044006,0.489613296980335,3.289805695241288,2.2390259005083646,1.7859605909429206,1.462978781948635,2.0857890257891034,0.610872968759474,1.8512609507993016,3.8220069136433437,2.817849177918996,1.2947839261460812,0.0,0.0,1.7997268824654598e-05,0.0,0.0
1131000207,2009-10,Central,4.235677054599744,8.189214586985182,5.873450705267772,6.340350359986815,1.1787155119722186,8.012704707526908,5.652294175323059,5.5036257471440475,4.90787097833766,6.327577937846087,2.178060900324114,5.128518139552385,10.723554556698087,12.869099925440624,3.936497948574578,0.0,0.0,3.326526088098144e-05,0.0,0.0
1131000208,2009-10,Central,4.4576224617249895,9.29724296957262,5.945012315263619,7.076892273639249,1.3242850372041781,9.021750316715048,5.903610167106942,6.154305576707965,5.633242628903716,7.089851950210815,2.409031625291168,6.236415529388113,11.991984055711743,13.763180304374085,4.294280928483476,0.0,0.0,4.681616579572591e-05,0.0,0.0
1131000209,2009-10,Central,2.3142411842005775,3.2546304208714236,3.108176821595974,2.87199644160792,0.8646337493399748,6.0914858225196475,2.464101533936369,2.6634705113758943,2.411851970528911,3.2277482853450645,1.0572686536893048,2.2286000567442596,5.085624822990449,4.340346486222288,2.0671810865123486,0.0,0.0,2.2399863905149464e-05,0.0,0.0
1131000210,2009-10,Central,2.2885561751426815,3.5090892150209156,2.9101471339993084,2.9048482638824678,0.7644290971803036,4.809433744164889,2.852589151207603,2.6389139729704185,2.3577326606144835,3.0965419770040596,1.0456958996872077,2.546478789144213,5.000924071926784,4.14999285776805,2.104819048664847,0.0,0.0,2.1840567972517035e-05,0.0,0.0
1131000212,2009-10,Central,5.227102707695967,7.674111479642811,6.724428129838796,6.2253213761764155,1.660203607392071,11.672801054445445,4.827148585507269,5.995405376578354,5.9083563858956945,7.337614140164746,2.467169189533646,5.999916691246715,10.368974476550786,9.838567215629359,4.284836007223811,0.0,0.0,6.443734876912489e-05,0.0,0.0
1131000302,2009-10,Central,2.519674133971513,4.275016664986282,3.2699338205383395,3.484361752001484,0.899568921425308,6.149892215323889,2.845400269608768,3.1313066837843766,2.8669004795020716,3.721668019783974,1.245567309057302,3.1236384362679748,5.561800847063435,4.867641548249607,2.424205275246872,0.0,0.0,3.560886725241566e-05,0.0,0.0
1131000303,2009-10,Central,2.0899023562815944,3.0809430651652296,2.7444339481283944,2.570472583910577,0.691648409113106,5.013400399929461,1.9753630884536866,2.3577144732278064,2.1056262841500337,2.8801571995887048,0.8855704685079054,2.067640048190727,4.318813701646283,3.625033901787463,1.886036464904698,0.0,0.0,2.6375310984286612e-05,0.0,0.0
1131000308,2009-10,Central,3.0200108619729913,5.445476094909258,3.632431437728993,4.117837609125755,0.8429982858804261,5.930142120355152,4.573453121659521,3.5505850257496947,3.292773039905681,4.130915657215427,1.3707537653854756,4.4215909494828916,6.303258081339096,6.199867737343275,2.4884636943328386,0.0,0.0,5.070175108283048e-05,0.0,0.0
1131000309,2009-10,Central,3.8246140615222926,6.0574041188968994,5.162910056958604,4.89315543721557,1.1651557267258406,8.029067971218309,4.295836904386221,4.491917957916904,4.145389309130436,5.068320276249706,1.857299068358548,4.404025974816009,7.714062148180822,7.386806604318315,3.392777094450326,0.0,0.0,3.1393807544291144e-05,0.0,0.0
1131000310,2009-10,Central,1.5987812171498743,2.659257409811948,2.0594525120096803,2.2504588088415467,0.48005589076162547,3.5956787281698426,2.1897972052795995,1.9769906129483825,1.6820368352842334,2.398972328775284,0.7554113112870177,1.7549050059146198,3.9524239572935063,3.346303804121954,1.441063054772091,0.0,0.0,1.8705743424110986e-05,0.0,0.0
1131000404,2009-10,Central,3.099059913968101,5.011286365160367,3.968060643061332,3.8388958307333447,0.992046110274942,6.042837324143868,3.47763089542565,3.5805837367507016,3.3429982987798503,4.048109456252143,1.401328643785397,3.669302198230815,6.878816933410343,6.434222313653523,2.8153616758104953,0.0,0.0,2.658405652892985e-05,0.0,0.0
1131000405,2009-10,Central,2.275038978071475,3.8280087669505005,3.0811467374455503,2.987146973089992,0.5893944636044438,4.486012339592922,2.8623836244555125,2.8075870128237903,2.2574998425602413,3.3529858813370037,0.9969848087777461,2.1128795735844577,5.40922221128518,5.121740371787468,2.1701577252711677,0.0,0.0,2.1064810681202378e-05,0.0,0.0
1131000406,2009-10,Central,2.1779875788860186,3.043269453657451,2.681714337987879,2.7587540182238808,0.8438026104890914,5.601555380357001,3.920641164569789,2.4537588533120185,2.1586800910458765,2.7454619984365753,0.8639661155707411,2.9772474419286485,4.687890256700914,3.1541775496472013,1.6800540449859283,0.0,0.0,2.660162923082212e-05,0.0,0.0
1131000409,2009-10,Central,2.0357136962031324,3.1472189934143584,2.607527109318188,2.4893446485181947,0.6825992922925033,4.30160108042182,1.9563583235200424,2.295391989675551,2.10450039024832,2.7821054987326876,0.8942760426595998,2.0992284713498988,4.332413267389383,3.579855992325937,1.948735718158333,0.0,0.0,2.302920002793813e-05,0.0,0.0
1131000410,2009-10,Central,1.6131887145782868,2.5800476700213637,2.144082834696941,2.1466051366852463,0.4604853615623489,3.620234695213903,2.040049277934596,1.9700340780614367,1.6386135986194483,2.2566067961486507,0.69736157423185,1.8125528644531612,3.807868891737884,3.3425036903515832,1.394019102685838,0.0,0.0,1.7341666475675133e-05,0.0,0.0
1131000413,2009-10,Central,2.090902467301383,3.396673008826591,2.6602027623063234,2.6258455881132883,0.6017756309732408,4.5517480151946925,2.8188377196431187,2.482214040716706,2.181343454744898,2.8520943342548657,0.8613408264397407,2.4855565521402734,4.961301415940833,4.493187238568771,1.7480617937368332,0.0,0.0,2.290254901598516e-05,0.0,0.0
1131000414,2009-10,Central,1.9183570179172187,2.7366983111307297,2.381912419348511,2.409799394647606,0.7572593450260734,4.923956139493842,2.7976812718063924,2.1768760556425435,1.9941608131331285,2.4700488764743844,0.7857306653717715,2.5592572741599398,4.463119931391551,3.0365118267138094,1.5466688919809384,0.0,0.0,2.1600663238245245e-05,0.0,0.0
1131000604,2009-10,Central,3.1829098107226352,5.101158127649357,4.258213219046733,4.251310555062957,0.9300096447214933,6.647037392060641,4.356375979635023,3.8874482575092113,3.2917702433843776,4.339398557820834,1.416714821700575,3.709484147627897,7.342123357883557,6.737428655382156,2.7372716758730147,0.0,0.0,2.81325608592684e-05,0.0,0.0
1131000605,2009-10,Central,2.8343884619875244,4.757145992686769,3.8094291521996273,4.308063105552643,0.8978025914339124,5.678920060949511,4.02225539004338,3.2518271639802765,2.961383375104789,4.24804194309887,1.2583563083894884,3.16569617641791,6.108531086373181,6.028457805688056,2.5561483429503795,0.0,0.0,2.8435972068760055e-05,0.0,0.0
1131000608,2009-10,Central,1.6296746992669682,2.400232403306238,2.1736032255834514,2.161537005529362,0.56351395680618,4.191622962695233,2.1286664530308044,1.9395962688878094,1.65558391081392,2.4066451970658216,0.7321067765933111,1.569821770256009,3.9244157229835057,3.4091050217835672,1.4416639988539373,0.0,0.0,1.7810522200866327e-05,0.0,0.0
1131000609,2009-10,Central,1.296344772783968,2.164285214184775,1.8178545239400998,2.0159663577998166,0.3940014185859174,2.9594136235936683,1.8105832102527697,1.5205717117809945,1.3031087893493434,2.0537296422298335,0.5558649396192137,1.2796199304752471,2.9964320018905517,2.752161116934956,1.2136869910291286,0.0,0.0,1.6224409045651825e-05,0.0,0.0
1131000610,2009-10,Central,2.8929136117747993,4.313803604872177,3.9754779900346295,3.635984528911317,0.8956535865732672,6.461588852265399,3.2461729059102207,3.47000654491949,3.016314816555806,3.8262236430222534,1.3455195048369615,3.0415196228265025,6.592638242572536,6.1515842942921415,2.493754664612967,0.0,0.0,2.1394980099161035e-05,0.0,0.0
1131000613,2009-10,Central,2.745891815332337,4.556467516808232,3.452745626408554,3.6641126488007574,0.8646090604980367,5.2022671278879455,3.820758316955005,3.2569912645246615,2.7832301576058938,3.7744792394610673,1.1815021906079433,3.326168131972684,6.637838036770052,5.843990162760811,2.4633326480356996,0.0,0.0,2.7935689264877923e-05,0.0,0.0
1131000701,2009-10,Central,2.0780313407493076,3.0146086295370487,2.6766493704866945,2.5025675517482298,0.6865904481653452,4.75734219674366,2.6863981404585404,2.366517177573713,2.0647858264621015,2.7138293212759343,0.8712441849686138,2.328214199324537,4.448195941030387,3.4787525579562977,1.7743212025240525,0.0,0.0,2.0590469156222793e-05,0.0,0.0
1131000703,2009-10,Central,1.684635925616685,2.4286465132824393,2.221248763511643,2.0793682497753276,0.5782478306420781,4.148892132838409,1.8176811096136487,1.9001992788938271,1.7247357588399113,2.2611391788420225,0.6971602933547765,1.7948597598826994,3.728085426790576,2.895361975109619,1.4590281415315338,0.0,0.0,1.811711533144426e-05,0.0,0.0
1131000704,2009-10,Central,3.319257232800572,4.953043427763108,4.175179654771913,4.071759443117114,1.0486736523407576,7.012525369545161,4.943140450661097,3.8392190540095252,3.312917293657198,4.24481112425242,1.461245858700022,3.9409295643752427,6.960705097127948,6.3013436399172935,2.7787271150168884,0.0,0.0,2.9609675634212267e-05,0.0,0.0
1131000705,2009-10,Central,1.7394482408885286,2.715718919335513,2.2762693971518084,2.323238249769195,0.5631279561961186,4.181320285381701,2.2868902348784412,2.136824313830779,1.8680572961774702,2.433793168348864,0.8038269296054282,2.0219598138530905,4.190397798597643,3.534487748689305,1.5094325504029311,0.0,0.0,1.8303342644671443e-05,0.0,0.0
1131000706,2009-10,Central,1.7033150219312503,2.7801126266155665,2.2370210183087504,2.3428552814977253,0.5485044367888339,3.935284937306665,2.114091159163182,2.0837302640505673,1.8007509457988988,2.597619004693427,0.7650620864944855,1.729741446062574,4.227135980243432,3.593841313588465,1.6037599469075967,0.0,0.0,2.1194836615021012e-05,0.0,0.0
1131000707,2009-10,Central,2.595328224124538,4.3106714840123725,3.5999707910839818,3.712711776170633,0.75130568578505,5.331803645038155,2.955903770130889,3.030292321121348,2.7990035604754326,3.735777992759268,1.1663003689351357,2.732240675397741,5.990743251179375,5.681172474006913,2.293601503153565,0.0,0.0,2.0864085686588544e-05,0.0,0.0
113100070706,2009-10,Central,2.902399615883589,4.4653680873584305,3.7554794691969176,3.7127304860599404,0.8723299405415057,6.243321534579536,3.8071969812464923,3.506052499287268,3.001371471330441,3.8292908384124487,1.276886974947361,3.3780414509061587,7.013602978469962,6.111844688024411,2.423512221762444,0.0,0.0,2.3601874638843735e-05,0.0,0.0
113100070712,2009-10,Central,7.673959941991323,10.839800688032959,9.940650438682425,10.498290314153527,3.9145174536340672,19.720717483422263,15.425723024536808,9.27703494408814,8.207176660753104,9.979321168402393,3.5452651279877423,11.077609023175068,16.803072514620432,13.885701352466159,5.974895721776561,0.0,0.0,8.072924726387832e-05,0.0,0.0
1131000709,2009-10,Central,2.6200238138710445,4.199145107106581,3.2344731321602302,3.139303750341721,0.6896802244594401,4.73093946533067,3.447578944186471,2.922342474338049,2.517597652219391,3.3089709187183707,1.084805434391388,3.060904952245935,4.976572612728281,4.664274974864814,2.2788697305972487,0.0,0.0,2.9961183407715437e-05,0.0,0.0
1131000710,2009-10,Central,0.8681503064813727,1.3258528412662973,1.1539696092810676,1.1690361540148653,0.2689175580225242,2.2458259727508705,1.1558856278401162,1.0402513106223115,0.8797912787894127,1.35386779282049,0.37700723776996053,0.7961748737679704,2.2071622788217606,1.7360091443838734,0.7699165651882872,0.0,0.0,1.3251173379892234e-05,0.0,0.0
1133000801,2009-10,Central,3.1988579650410007,5.122953932000325,4.3317310021706295,4.827670297046148,1.1152980190615172,6.73392670380902,5.185230424872574,3.6936011380310263,3.317908420280112,4.697419380673235,1.4031633126720318,3.6620929300313616,6.630308775902406,6.557234467244161,2.847908483184411,0.0,0.0,3.390253513154282e-05,0.0,0.0
113300080103,2009-10,Central,2.4384557262630833,3.994131720309789,3.212509935869329,3.101436890582708,0.6270610077490912,4.6639016761620145,2.5575844780766714,2.8395372434280697,2.3609297655766803,3.4008438305299187,1.070562150417753,2.4091316396691105,5.251654085806624,4.996100358776685,2.2568579295024365,0.0,0.0,2.2602772970937818e-05,0.0,0.0
113300080104,2009-10,Central,2.254090726822751,3.429826137731869,2.772183314172327,2.798588054261253,0.6992351378644719,4.846970929985641,3.392044409710873,2.595002336091017,2.216931431040674,2.9693633766023297,0.9623098311740398,2.6939541273892735,4.738366542759088,4.018856629600097,1.9154733418490753,0.0,0.0,2.551315031599465e-05,0.0,0.0
1133000802,2009-10,Central,1.8897663593133487,2.859132351214047,2.2831814400620476,2.1995559910299525,0.5044172200674705,3.834685040638134,2.80610295730014,2.0252527824126716,1.8120035725148327,2.341842892695195,0.7493189216442564,2.287449419953809,3.247182909006365,2.741931072213509,1.535062350429955,0.0,0.0,3.0169602149992214e-05,0.0,0.0
1133000803,2009-10,Central,1.9921258216355162,2.8974875389318724,2.4807318861418732,2.328085125901539,0.5796066289808093,4.594803221234432,2.9446492419518777,2.2083984849585456,1.8980753093702751,2.5459512538538562,0.779530008071021,2.2963745994055573,3.8328512282079603,3.189087442212359,1.5977207365836976,0.0,0.0,2.600929942580199e-05,0.0,0.0
113300080402,2009-10,Central,3.148988121914355,5.330502297719334,4.1000715641610475,4.656432606329367,1.1455554058749775,7.135624086002036,5.310043528566566,4.032570256351892,3.505290129979136,4.763173170326884,1.5421176827002414,3.9398764587181616,7.96902118029618,7.351442212387604,2.9078927501126777,0.0,0.0,3.4683747270548866e-05,0.0,0.0
1133000805,2009-10,Central,2.0938763899893496,3.076301786884961,2.729969511389324,2.513970461637745,0.6673197769927826,4.778401576820737,3.0907950209336033,2.45104444652636,2.009192411464014,2.9059697785388856,0.837529279781417,2.0571141355980997,4.96108798343586,4.12847667441629,1.7984412816904372,0.0,0.0,2.0124358807756543e-05,0.0,0.0
1133000806,2009-10,Central,1.2377193696256028,2.2175653166390967,1.5957042921167948,1.7566798249553823,0.3903106193450529,2.715510901342644,1.4144129916641577,1.515792506657079,1.3299807657112386,1.9381477079563953,0.5702877060942572,1.3599777851493617,2.848133844217453,2.4430807894156326,1.2696996220293495,0.0,0.0,2.2764294465943143e-05,0.0,0.0
1133000807,2009-10,Central,1.6828599759739207,2.6201822462285738,2.127905178565957,2.1185202108065613,0.51441160591821,3.638341619483841,2.4147088259417053,1.9679916532518744,1.613142330477965,2.3671823014987274,0.6738793522355525,1.81242189369881,4.021981755220523,3.3012666427030983,1.466024866423768,0.0,0.0,2.034399265600171e-05,0.0,0.0
1133000808,2009-10,Central,1.3078801194285985,2.0309809791407556,1.6764667808490925,1.7296577527918677,0.4264446438449864,3.1713379952192846,1.5158465169673274,1.5031264761198575,1.34423308200332,1.9071218632065137,0.6632013384093713,1.3761117120860986,2.8736622458765866,2.263266827976648,1.1909257078645805,0.0,0.0,1.517688695036102e-05,0.0,0.0
1133000809,2009-10,Central,1.4816535071757302,2.2687508535503818,1.9468123212639996,1.8790142676111452,0.4453828339396279,3.463083252715976,1.8696875111652598,1.7202848550517083,1.455849761299419,2.1159112308527344,0.6266165468296973,1.480751850758971,3.121954946709407,2.576428614090041,1.3447265771832795,0.0,0.0,1.953367797396537e-05,0.0,0.0
1133000810,2009-10,Central,1.44133322657435,2.179382848336112,1.8609571561788607,1.8491277660114291,0.42379436860997466,3.4990281961222705,1.8544864011649926,1.7656775118307273,1.3926208625791283,2.0736423784939455,0.6741064048714394,1.44477358844432,3.346960954740906,2.7668749379956004,1.237074595046496,0.0,0.0,1.5949657216880672e-05,0.0,0.0
1133001003,2009-10,Central,1.9390605832245447,2.9310907555470433,2.557487506714533,2.418154590001066,0.6174652805227827,4.781829265473101,2.3019453149350326,2.268305383784033,1.9851315071372657,2.813226104921992,0.8852673839916224,1.8470151572403215,4.357748612682592,3.738090797395702,1.7179697522349455,0.0,0.0,1.8821920204201847e-05,0.0,0.0
1133001005,2009-10,Central,2.646623218704217,4.509707142276177,3.3172227227392876,3.9103300230601246,0.9911112497931897,6.0818753754684325,3.9145976078358715,3.3425803492168407,2.967800106211863,3.9867215984834385,1.2037331779385962,3.69446589920671,6.74967339296961,5.0182767988243775,2.3625681645111443,0.0,0.0,3.945356187600103e-05,0.0,0.0
1133001006,2009-10,Central,2.3703212564116725,3.8948214076803676,2.983508283769805,2.9688942515784347,0.7510171336613151,4.677542422597265,2.680472676531827,2.7371360297874787,2.536016392370309,3.1669606377744723,1.0502441459439282,2.8239024565142397,5.267229850550305,4.696172873697729,2.179541984831543,0.0,0.0,2.4014028269755668e-05,0.0,0.0
1133001008,2009-10,Central,1.9562763317957892,3.2970451828084157,2.551997283617898,2.5834572410068968,0.5497562769198598,4.0649183507221265,2.2276443545205993,2.328890542743637,2.109614088897194,2.696505566271356,0.8844762992986446,2.3319960182025734,4.291286264142365,3.73577773317914,1.7473247752420364,0.0,0.0,2.0548955911338414e-05,0.0,0.0
1133001009,2009-10,Central,1.4006831287823647,2.718134838892093,1.8260281909910294,2.02616171453248,0.3716287157753766,2.8961541719512325,1.4782892786346424,1.7468391672748027,1.5810964881164693,2.2481022225779235,0.6615474755734261,1.4953492102867922,3.5123451667019325,3.1090714425469983,1.3836321581231568,0.0,0.0,1.850549922727769e-05,0.0,0.0
1133001010,2009-10,Central,2.7316058884020014,4.377005459119821,3.6073296596560698,3.6888921491345474,0.8630461982997362,5.885706619191362,3.282715586129765,3.2977742388950477,2.9680784352790175,4.078365076625186,1.2255173039723617,2.943096081435257,6.778729556007757,5.791608324961669,2.4526070879938615,0.0,0.0,2.8438293623921222e-05,0.0,0.0
1133001202,2009-10,Central,2.192795372682582,3.2671436286437507,2.987511771580622,2.817020368039235,0.7278549275031081,4.861041368685069,2.54106887536563,2.436486676546143,2.1799024818979493,3.1225428130963264,0.9735499863521875,1.994513660356916,4.709530253332292,4.072037215966156,2.0237247098629814,0.0,0.0,1.8115378966201405e-05,0.0,0.0
1133001203,2009-10,Central,1.9728857084451337,2.8716874153798018,2.563332881025383,2.6026304143900143,0.6900736492043466,5.075067173275285,2.768459679474769,2.3575473027227174,2.0340720085034447,2.724979489362835,0.883900399786845,2.262658327322071,4.659411780159254,3.815237343674102,1.6378024006122125,0.0,0.0,2.0598843402439273e-05,0.0,0.0
1133001204,2009-10,Central,2.6812714445121686,3.7093617271049193,3.6075699587575296,3.3592754491012307,0.9099064538167595,6.577522046908726,3.053272513532646,3.149965080815024,2.7596372972827004,3.4677227579732484,1.1836558547682219,2.8875077748254334,6.2902021335997205,5.698730097529286,2.1659100649443723,0.0,0.0,1.9710143904450597e-05,0.0,0.0
1133001206,2009-10,Central,1.735907100284746,2.5876643600529055,2.2943586692251707,2.172591224819,0.5756528436409436,4.122208560837038,1.8675552576352774,2.0333247501991387,1.8175052576775217,2.4167254900755526,0.7860655348465356,1.7281381017713613,4.20677450514531,3.332949543335554,1.561385438278444,0.0,0.0,1.680325979168498e-05,0.0,0.0
113300120702,2009-10,Central,2.9319847087318633,3.9529483486020864,3.8805934697616005,3.37462771581317,0.9789201095218532,7.372021480976171,4.5906611611377075,3.3925756046866655,2.8398105491461667,3.6018687964114204,1.1898539168048268,3.396358625215794,6.404485563507596,5.3183587994971795,2.223298505608124,0.0,0.0,2.3355723518448315e-05,0.0,0.0
1133001209,2009-10,Central,2.7128601302612476,4.1467643048952105,3.319378898089674,3.3414754437012286,0.8159688973208368,5.585766558639905,3.7806925200237513,3.0311146085004834,2.7519976048081536,3.400425131491828,1.1318730598225426,3.539714719358112,5.504155281269544,4.421303277496314,2.179386485187115,0.0,0.0,2.7272019783153108e-05,0.0,0.0
1133001210,2009-10,Central,2.160187077298296,3.031325647480326,2.9742350808638394,3.0380952796024814,0.7867824654966159,5.456073695180607,2.931694178014057,2.4158944117017884,2.2167832505831435,3.0206485531883507,0.9010677786406026,2.3690329422633765,5.267697450643285,4.021056092056412,1.7613091074540215,0.0,0.0,1.9505551552187505e-05,0.0,0.0
1133001211,2009-10,Central,2.1277721878672384,3.0497191462500703,2.6831761843307493,2.825342486994848,0.8330184860891438,5.5533600554187466,3.5709569354660613,2.4871364427896405,2.2039159690309646,2.821291085294219,0.8582252499494186,2.8462135996600684,5.406015459731583,3.638498643602362,1.6578583836025766,0.0,0.0,2.4365798762762433e-05,0.0,0.0
1133001403,2009-10,Central,1.7650022284483966,2.426118079707395,2.241648289656488,2.5208726697155472,0.8026113832250502,4.818992232089979,3.582079477024574,1.8852822345286007,1.7081496674986625,2.4762411607471346,0.6833164097101082,2.2036013729152715,3.3628123875794955,2.426303167335007,1.3959059804425946,0.0,0.0,3.1937697961521935e-05,0.0,0.0
1133001404,2009-10,Central,3.1155017254743873,5.2357106331611565,3.9973312402162255,4.090204210883999,0.8407903836839004,6.103850701142439,4.109537409514941,3.6342182697479224,3.270413233115849,4.209990266435192,1.4149469727147226,3.813902173523601,6.208494770354392,5.9621470533119,2.694873245283635,0.0,0.0,3.3038585874084725e-05,0.0,0.0
1133001405,2009-10,Central,1.2633597086021855,1.8454168725455506,1.6058530953001304,1.6693928544805237,0.43936791702317596,3.2422237964959097,1.8526809742828119,1.4686146194406207,1.2478772450265416,1.7938735377764579,0.5512056254087464,1.4178484132640656,2.9187824227087367,2.2382396228787425,1.0736795282960423,0.0,0.0,1.707434886197636e-05,0.0,0.0
1133001406,2009-10,Central,3.3651544359518475,4.6492773513721435,4.427572802875502,4.421012951155274,1.3127536097124692,8.300021262650716,4.700202551503556,3.7289350260607455,3.5286594166082628,4.519197004541765,1.569282681924537,3.7255782024532533,7.367504559376497,6.696083982186175,2.760656160567539,0.0,0.0,2.466503996901899e-05,0.0,0.0
1133001407,2009-10,Central,1.0849710234937289,1.6132062397281044,1.3632251124030823,1.41374871875316,0.37624489917712506,2.789687748930733,1.5980030781786234,1.2545638279673141,1.0842359766972842,1.4614804270482804,0.41090292017629904,1.4115324252123138,2.5946736383040654,1.7502908299869084,0.874106348475433,0.0,0.0,1.6153237535952092e-05,0.0,0.0
1133001408,2009-10,Central,1.4358537963085356,2.321885055020081,1.8837764899557976,1.9680567482155988,0.4296904054174209,3.144571677828678,1.584569127231335,1.7129073256779945,1.4950193290164877,1.9483005641351645,0.6247634929119661,1.7811233280927865,3.443651710834873,2.425855968448341,1.233686446284047,0.0,0.0,1.55053031231066e-05,0.0,0.0
1133001409,2009-10,Central,2.40514166412624,3.300269259349577,3.4827679222720436,2.979215382477761,0.8436458933812825,6.238908297174868,2.943825361139293,2.753047682346741,2.3701488745821684,3.4735553566110187,1.0406664324954522,1.8523071801920783,5.103811034565882,4.536568974883951,2.1715277811644236,0.0,0.0,1.8322820567130674e-05,0.0,0.0
1133001410,2009-10,Central,1.017182932356584,1.5998292622445311,1.2147538329935834,1.3385038543873813,0.33800128996064793,2.44710415406457,1.4712913529482015,1.178934482560925,1.0268945843260053,1.382157322050334,0.4478944875346869,1.4532816060133702,2.383951170899021,1.7752631706664281,0.8273141516107194,0.0,0.0,1.2343964310157243e-05,0.0,0.0
113300141003,2009-10,Central,2.5197541932232554,3.630987420116495,3.1762250230815985,2.9271960751467208,0.7439947899842239,5.740158150468632,3.707276372444665,2.800897222861854,2.421540577910404,3.1643017811858325,1.0047016877268893,2.905661997509257,4.841827173661552,4.17348287126847,2.0079450815163318,0.0,0.0,2.8528012235778128e-05,0.0,0.0
113300141006,2009-10,Central,1.3442598445795013,1.9917055087825377,1.653929652954714,1.6958360354534243,0.45465458897855626,3.5104147185564787,2.2429238923253494,1.5429095989086106,1.3117522110614714,1.858257674328027,0.5176488603091265,1.647703294154469,3.0353214155012975,2.214523624834237,1.0789128518019597,0.0,0.0,2.256412524982994e-05,0.0,0.0
1133001411,2009-10,Central,8.645598794386085,13.094444126507668,12.70448956996137,10.526417905567207,2.4194697479459295,15.999283697083147,11.92882250252826,10.29794409688748,9.252812429008964,10.241709656335923,4.233020388855217,9.591099863749532,17.70437429569516,22.50458424473329,6.982554736387966,0.0,0.0,4.106608974178072e-05,0.0,0.0
1133001601,2009-10,Central,3.198390207444782,4.824953924565976,3.9354265921828966,4.181242079206073,1.1612211070817162,7.4355616117359995,5.553286127698118,3.6926668701039866,3.3392638706077404,4.181636737069406,1.3501306389411287,4.440190802698236,7.083340615114514,5.568266454467755,2.5282822211702958,0.0,0.0,3.868893015882225e-05,0.0,0.0
113300160102,2009-10,Central,1.9388402627259738,3.0038316749111087,2.3424805790655086,2.5835266540962674,0.687422133214096,4.624730180549865,3.420146120488624,2.2422640443844757,1.9981883652330832,2.6349681589545795,0.7928398658419424,2.7118322386827964,4.313431791034797,3.1358016436097107,1.5605989766977952,0.0,0.0,3.189497668543733e-05,0.0,0.0
1133001603,2009-10,Central,3.087490525849577,4.668103035663322,3.7918402943914007,4.042386671924523,1.1195588539897416,7.189926779510544,5.367063635869499,3.5651006468734048,3.2209088539646515,4.048259001344535,1.3001039374315884,4.291697988512865,6.8407097089673385,5.342304683797609,2.444591209374657,0.0,0.0,3.81777297655822e-05,0.0,0.0
1133001604,2009-10,Central,3.007035844875614,4.485484181234129,3.870711773571535,3.57818562930301,0.8814788783997315,6.165898194324917,4.143571866427843,3.411101088551512,2.924708400882218,3.847603109480852,1.243495394448523,3.307168730155909,6.116938817012755,5.586081378104282,2.5310058620194416,0.0,0.0,2.7751461260445494e-05,0.0,0.0
1133001605,2009-10,Central,1.86661336018936,3.09089779144378,2.346093099000001,2.3097331721883982,0.49369005629888807,3.5273842583586146,1.9394111826036982,2.12645652723695,1.8197268058249259,2.5361251643799307,0.8197151705802249,1.9913710605568715,3.9252922591515453,3.4783892304138515,1.7337928864507417,0.0,0.0,1.9807432557095057e-05,0.0,0.0
1133001606,2009-10,Central,3.5069697982768697,5.258300818075643,4.338399491667855,4.566032453034205,1.2770259427437856,8.117758712139498,6.070220868463463,4.047573365054507,3.668852192331295,4.550360159115286,1.4902772317923043,4.849841800346567,7.757285519383327,6.208110000490293,2.759753093862827,0.0,0.0,4.004678594152151e-05,0.0,0.0
1133001607,2009-10,Central,2.043177701107247,3.2376200344294954,2.6782401982084103,2.790020675390903,0.6962611526581123,5.068522501093354,2.563890919811713,2.5065196739712556,2.2053218564706363,3.048852057721149,0.9315578738790734,2.219212758220731,4.980187368542944,4.243546389205631,1.8437826512133675,0.0,0.0,2.4723423012650726e-05,0.0,0.0
1133001609,2009-10,Central,2.2902066427646486,3.619055157206871,2.951498663484789,2.8722961098539295,0.7050699880634083,5.124835271962606,2.104067742502152,2.6240219712833213,2.514413412339463,3.3845120978722028,1.0661296205965818,2.368648825225055,4.893093939344181,4.104225598993446,2.1162001391569545,0.0,0.0,2.7895200589348896e-05,0.0,0.0
1133001610,2009-10,Central,1.9024783474735953,2.7343434514995253,2.6200847803243184,2.513102406069627,0.6687355335049862,4.570536581426273,2.49400103155156,2.161596933176522,1.8866892183315094,2.746954364619223,0.8306166283289351,1.7293320306673166,4.309682673311178,3.702452123164879,1.7100248311351383,0.0,0.0,1.660162757897636e-05,0.0,0.0
1133001901,2009-10,Central,5.211499418205834,7.582137843323069,6.520983551551824,7.258437253386807,2.636886202381316,13.61294677745815,10.594453459771229,6.29161840185409,5.536360452923455,6.991652058424979,2.3344546564174653,7.7430125120657625,11.504189020109651,8.618594888589435,4.152193222995368,0.0,0.0,7.018943394722214e-05,0.0,0.0
1133001904,2009-10,Central,1.9008192780207867,2.6864301744066323,2.504206986635885,2.2107806944028896,0.6249390057076784,4.60890886636177,2.574196723804835,2.213871876226742,1.82129590086749,2.5788206077666125,0.7859951094151859,1.8721741516357513,4.47082508744104,3.5705247669304834,1.6072829767756625,0.0,0.0,1.7375932355049555e-05,0.0,0.0
1133001905,2009-10,Central,1.6651131851398435,2.3783839430139184,2.06477728727021,2.0665799435386436,0.6006120826609541,4.382344713972525,2.85144070460569,1.9090181252462497,1.6351438749020801,2.213700509309646,0.644397506843019,2.090493144565539,3.8514113120866726,2.7513587418087817,1.3074651317897463,0.0,0.0,2.2044720987901113e-05,0.0,0.0
1133001909,2009-10,Central,1.3359340224500873,2.0196871596438832,1.774738513189382,1.6457276446888258,0.3962184643362881,3.3186288121443708,2.111655439621258,1.6439020195388843,1.3149329282465545,1.8017907216262208,0.5462836540889608,1.5743639828262332,3.0663186371763334,2.6475398634231486,1.0815903027539926,0.0,0.0,1.5022556930935117e-05,0.0,0.0
1133001912,2009-10,Central,2.53788204577564,3.836944187107056,3.2990742018497983,3.1205022664954405,0.8404237580355594,5.6273263327350165,3.1375701269987073,2.935716479915143,2.61121468110503,3.4341710946419033,1.1166639327699326,2.7627756697513774,5.800798817870276,4.8447751679143884,2.205024768710041,0.0,0.0,2.195131285232916e-05,0.0,0.0
1133002102,2009-10,Central,2.191802792135007,3.0122676016821237,2.7816081063620546,3.141421843871966,1.0748401924864268,6.558963426815391,4.670656801228056,2.4768461365080565,2.2583710292883854,3.2044702443855373,0.9799910063687589,2.621502504395604,4.739201541232367,3.7719867073329123,1.8114099039848996,0.0,0.0,2.9206694388679025e-05,0.0,0.0
1133002104,2009-10,Central,1.567163389657327,2.443257251342444,2.1114197944481736,2.0164050036076486,0.4421299617209842,3.647456327308621,1.8969076486922622,1.9367607822611097,1.612412995781483,2.2168984728686416,0.6622251577631185,1.5899606738877943,3.8192665595547073,3.246568137087543,1.356750857806756,0.0,0.0,1.6735696226468406e-05,0.0,0.0
1133002105,2009-10,Central,2.3534546564302916,3.6163687505442494,3.0292929672140865,3.13744409428493,0.8230574319957722,5.957123110111618,3.5004434365406887,2.8575300853633663,2.4391724345189876,3.411993722851938,0.9920021298634742,2.7519497335575887,5.762576030547197,4.488303540119802,1.989879718149505,0.0,0.0,3.011803696322745e-05,0.0,0.0
1133002106,2009-10,Central,1.3838099660098262,2.149889191116357,1.743384905891902,1.8551614186878251,0.4489127815431855,3.2764419828436653,2.1118633414804266,1.6712489465280966,1.4117101054180468,1.8407227542530802,0.5633224636014337,1.894604390390727,3.4492085284608356,2.43432443589449,1.125548320499275,0.0,0.0,1.6704847427171395e-05,0.0,0.0
1133002107,2009-10,Central,1.7969352922170367,3.2977173477718114,2.2793827753627274,2.6389307609540373,0.5241649450898798,3.891918532806966,2.3646648548868634,2.2493052101005397,2.001536167508088,2.83442405621113,0.8588890721249937,2.137537066753667,4.637553939878948,4.124548600728428,1.6469369611239133,0.0,0.0,2.2253848302666846e-05,0.0,0.0
1133002108,2009-10,Central,2.3167528171389393,3.4063077186910524,3.070346209750264,2.9079645458378227,0.7581680606411416,5.144900209632232,3.467434065262964,2.6864305637937345,2.411270469787798,2.7132238055627176,0.8497583302380747,3.3193431913963862,5.652230953514661,4.407783144533807,1.7821865239803982,0.0,0.0,1.6927574182859298e-05,0.0,0.0
1133002110,2009-10,Central,3.2778500249359337,4.83513273634503,4.919814152944592,4.115917627752988,0.9781193212032313,7.426405202142779,3.6975168476166593,4.115055786199246,3.41488193340063,4.348811135443427,1.602888387859078,3.15585932134382,7.518916645956054,7.686810959228248,2.75749275861341,0.0,0.0,1.9860914312114477e-05,0.0,0.0
1133002302,2009-10,Central,6.2650436142103105,8.385480143232444,7.802619201043305,6.576255469593073,1.8888993410076873,11.956547426477837,9.319345829551297,6.458046406717813,5.769843437514935,6.86189895630998,2.6121433263566365,7.0544457575707336,8.682745388276938,8.432880745044601,5.0796492390390044,0.0,0.0,6.84435104253431e-05,0.0,0.0
1133002303,2009-10,Central,2.178719175136143,3.8960864657722296,2.86396815019064,3.2031053189743615,0.682202913021022,4.159360580794663,3.1232135517967268,2.694900442826221,2.277765746854027,3.3072714863119512,0.9768202353504821,2.4239395448156014,5.601920365274011,5.027604167874897,2.1520389654956102,0.0,0.0,2.421811870925869e-05,0.0,0.0
1133002304,2009-10,Central,13.516273236721235,18.105813704244262,18.92987943936561,17.943861984402513,6.886034381770716,34.18861030433563,26.815930187278834,16.420330797426,14.612022024298753,16.717326217758444,6.618009361145322,18.260960708288426,29.15716675972546,28.37981979892928,10.052326702444153,0.0,0.0,9.808533347068915e-05,0.0,0.0
1133002305,2009-10,Central,2.275630421335389,3.2482539425512464,2.8278622799794912,2.5771076473627126,0.674867372391716,4.828055086507784,2.4634279399022523,2.423769620081688,2.193664715301632,2.78401694543327,0.911677202649043,2.527751432601205,4.10263128065645,3.3798829611040784,1.8982890747060526,0.0,0.0,2.7013032717634575e-05,0.0,0.0
1133002308,2009-10,Central,1.5202069951162749,2.38599767639308,1.9935613971502346,1.9990035540853304,0.43610632787251996,3.369373651842201,1.8196142051106798,1.785506164641678,1.497566449512749,2.142799169105462,0.6246300219680458,1.6318204606470834,3.432803511902217,2.732147778396964,1.341931212488264,0.0,0.0,1.92942269557502e-05,0.0,0.0
1133002501,2009-10,Central,3.6500790043465003,6.055038244075619,4.864865076504089,4.855243372913291,1.1652943438380146,7.332111610941714,3.8539166400529297,4.39627816738326,3.8982541340683334,5.152590043643556,1.7132233596035484,3.9186315362559947,8.22192246896074,8.148558381092972,3.488875383648876,0.0,0.0,3.4800344810474964e-05,0.0,0.0
1133002502,2009-10,Central,1.1856643069660389,1.7801033416999508,1.5738871725980177,1.5561885966672822,0.38895167543995324,2.9120636971136893,1.3710399476994857,1.4292162063322364,1.2261863906653958,1.6009466705039261,0.5087754442037951,1.4206708175623268,2.8523500028254407,2.3008361578475536,1.000785644173263,0.0,0.0,1.3302324695394883e-05,0.0,0.0
113300250210,2009-10,Central,1.787492285047916,2.4681292918158615,2.313713517740354,2.2629770816299173,0.6603647063579127,4.611868153316818,2.608366605850312,2.0284689970140892,1.7978581324593372,2.3495149172388925,0.747743788137771,2.0821207568667597,4.281121098279647,3.435994945137114,1.4366326005904007,0.0,0.0,1.6254738380575003e-05,0.0,0.0
113300250215,2009-10,Central,4.925485436909249,7.193308512545805,6.139318766448101,6.8766075370334825,2.4876476492761888,12.900365020880205,10.02988684834274,5.945556020222965,5.227076451623978,6.636684808251108,2.197470526912745,7.340610849993923,10.883926632456006,8.047595159294554,3.935347820219959,0.0,0.0,6.873939160885059e-05,0.0,0.0
1133002503,2009-10,Central,3.7078677266219753,6.099893764380953,5.315919647236393,5.159374264662207,1.0996729654659234,8.257568092789336,4.084083703739239,4.862870574148921,4.2859412160821435,5.5576353673364,1.8164257663882006,3.4258817984172225,10.287740545685539,10.78439694680342,3.3660776636569674,0.0,0.0,2.5826960971085235e-05,0.0,0.0
1133002504,2009-10,Central,1.730785930945676,2.5624844732906014,2.153751010803898,2.142158623231737,0.5755117144679881,3.952484683346059,2.264761799287468,1.9621742966664484,1.71084533619184,2.2268119333883876,0.7098719374221688,2.1684959115807603,3.753349043568243,2.715127480937949,1.4457758202295217,0.0,0.0,1.9737065110563057e-05,0.0,0.0
1133002505,2009-10,Central,0.9789359625201648,1.4779149360742125,1.2605577206901433,1.19154500202174,0.3142551064985515,2.294586312837921,1.1692635415724233,1.1504078578365007,0.9903973412939864,1.3165857914017514,0.4142905124671001,1.130489266990055,2.1998715705223257,1.642885218167682,0.8619120038241854,0.0,0.0,1.1760407449308331e-05,0.0,0.0
1133002506,2009-10,Central,2.2393124725800626,3.1862578691482093,2.8558085549223162,2.7483730783396494,0.7931155320465595,5.222439657238735,2.6813095058649767,2.5249761670007325,2.2913283515323557,2.9001834214611653,0.9846785541461518,2.55868738834763,4.889121631549851,3.7975768520451827,1.917768079696223,0.0,0.0,2.0319557404419367e-05,0.0,0.0
1133002509,2009-10,Central,3.0923393176833853,4.373966423156668,4.244386284574964,4.065462321703119,1.0477760249103087,7.8386724892201,4.019900974291202,3.7292415892116195,3.2602812250994635,4.081166602534477,1.3905400032384663,3.652530880557595,7.601225753445126,6.618349052512929,2.4034056012369787,0.0,0.0,2.2773266973226668e-05,0.0,0.0
1143000301,2009-10,Central,1.6086474708159868,2.6311823165947006,2.04289459633978,2.07166182552691,0.49123742540005105,3.2311052652914336,1.8692369950850134,1.8833193517259554,1.5797346873863196,2.2905203055642542,0.6931589539010875,1.696270843572284,3.8294067697915946,3.1645400914237483,1.5280483955418096,0.0,0.0,1.8662643807778883e-05,0.0,0.0
1143000303,2009-10,Central,4.492772896162474,6.130620717912109,5.957790190192595,5.1196442545903675,1.5200161637873435,10.43350774608636,3.744610486448042,4.952819631761789,4.705760786425945,5.96055390726219,2.0349725036305824,4.400594811752519,8.798339571917202,8.125278814134786,3.8066230265306054,0.0,0.0,4.247751244935623e-05,0.0,0.0
114300030504,2009-10,Central,2.8827413517067475,4.726548591525189,3.704937331622085,3.5923610939250405,0.8143725840657862,5.293261910488131,3.0254570158361007,3.3058054243452974,2.936750287194704,3.8187576974530066,1.3254008794890282,3.1447926943621094,6.072813141094631,5.604655876058254,2.6834602719735905,0.0,0.0,2.3689237823970982e-05,0.0,0.0
114300030505,2009-10,Central,1.839762488208135,2.8563840765276503,2.3930204430963538,2.232835395331684,0.5283843496350122,3.720158986528141,2.130656636512791,2.1214455335634645,1.7663408359045134,2.542126698716246,0.7882551668115693,1.760290488391098,4.005114860814154,3.4099144470700895,1.7212307340350845,0.0,0.0,1.8330158895891293e-05,0.0,0.0
1143000306,2009-10,Central,3.704385209813513,5.574024066278707,5.128004748940365,4.911278287211357,1.2345390041440774,8.404691787369625,4.750361088353063,4.617611814756621,3.9360115596835525,5.168152625011499,1.8995722402819115,3.7690843396592606,8.897246807691733,8.81342991787999,3.2675866378248455,0.0,0.0,2.4813313843906895e-05,0.0,0.0
1143000307,2009-10,Central,1.8634589632459693,2.825591577903603,2.4941093357223587,2.3302202383261967,0.5493552159486705,4.195293648905048,2.069773450745275,2.148592915165006,1.84667572280853,2.62978274629334,0.812850644320536,1.763971851675765,3.9422322634768814,3.305432155841802,1.6893456740504205,0.0,0.0,1.8821656227368437e-05,0.0,0.0
1143000309,2009-10,Central,1.7617772568726564,2.709580948888888,2.2143173411688766,2.1454616474741477,0.5140953093037802,3.907094115641632,2.1083470359677894,2.025602655721793,1.738599425595101,2.4137916048641306,0.7981643746434406,1.8915104314513953,3.83077245675106,3.1950331894142914,1.5207135103593017,0.0,0.0,1.7631257697186162e-05,0.0,0.0
1143000310,2009-10,Central,1.6448381737565392,2.38742033245247,2.2028725598497196,2.119399286591999,0.5600506028505284,4.108471996333367,1.865299191075357,1.9081990346068745,1.683811813149509,2.3789956065829276,0.7631389163391505,1.5018191539535872,3.8978753861211186,3.1760855742929204,1.4695918431761388,0.0,0.0,1.5930320292347788e-05,0.0,0.0
1153000401,2009-10,Central,3.7928867428274753,5.72273348752552,5.314990487318334,5.204177679166794,1.2687254909272403,8.523784555585108,4.087204514297917,4.293944779162015,4.1882785294391605,5.541625550463846,1.816483450384036,3.7276054332087325,8.086209136074913,7.771601542696765,3.3705931612100417,0.0,0.0,2.8174749578740344e-05,0.0,0.0
1153000402,2009-10,Central,1.9726522798323085,3.0367097243430314,2.6787507386512392,2.534003933543299,0.5534816538456774,4.279136560136995,1.9990823520051577,2.311423312936104,1.9427641476464284,2.7797384548207926,0.8710249008362054,1.8738922011490033,4.466748492702393,3.640349033838329,1.7898388860046484,0.0,0.0,1.785672016917819e-05,0.0,0.0
1153000403,2009-10,Central,2.4211781194888005,3.6019946084720877,3.2500518218808865,3.1879111112188485,0.8697148341016409,6.498767612848953,3.0428040882943055,2.914991234126599,2.6597104994117875,3.584935846158348,1.1594480027196123,2.573655061328989,5.583334915734618,4.934017005622416,2.1247592310637726,0.0,0.0,2.5474885020018232e-05,0.0,0.0
1153000404,2009-10,Central,4.299254675901147,6.3865233266279535,5.523486720911245,5.309469519959829,1.368067952857379,9.021942205984669,4.74019798543198,4.866572494208628,4.506672110493892,5.584019116401822,2.058336523369328,4.799787661264039,8.837191728134837,8.042538373802733,3.640263133068027,0.0,0.0,3.0686987900747884e-05,0.0,0.0
115300040402,2009-10,Central,1.8774857952642012,2.658729513555157,2.526362669862459,2.3175332323957103,0.6251189564291226,4.460673867713621,2.0123372167724187,2.147721992959932,1.8708364952733911,2.571628721378893,0.8229367500098643,1.7719303476950818,4.396278595980388,3.643636535259269,1.649596471359913,0.0,0.0,1.6150433820793402e-05,0.0,0.0
1153000405,2009-10,Central,0.8402859522006766,1.2515994397307297,1.1494938195042428,1.0626766756856703,0.2419130656165079,2.1070466915256465,0.9680533563124379,1.0123348441447193,0.7856728389835583,1.2780545875182443,0.4264689488716982,0.7047742823077937,1.955635446829842,1.4044646465384574,0.7594126764093334,0.0,0.0,1.1113082852256755e-05,0.0,0.0
1153000407,2009-10,Central,3.001857898054697,4.375900790844555,4.082665845139219,3.692377465745762,1.0882728517000557,7.129606143772784,3.2346998743931743,3.50148923563056,3.356311604085101,3.9165440282992554,1.4969948288341974,3.3423469830064705,6.517892726871445,5.596418563860019,2.6970680227983777,0.0,0.0,2.2343636827537667e-05,0.0,0.0
115300040702,2009-10,Central,1.9461853366268516,2.9856191072143186,2.5461976601538985,2.930825854043492,0.6982221881884185,4.855691251808225,3.6223429668130387,2.179537625083055,1.9722297987520807,2.8765619719420368,0.8014731290255447,2.372176882322138,3.734832946976765,3.3065301274038044,1.6138400265417936,0.0,0.0,3.237275277270325e-05,0.0,0.0
115300040703,2009-10,Central,2.059529837893141,3.0015526984925565,2.5743063093276977,2.5746434835505125,0.716181759337608,5.255782822240349,3.395516704752578,2.369996202291275,2.043278627405291,2.761445408944796,0.8198726662505903,2.539314342050219,4.649563698965336,3.5809374309479836,1.6344524511203755,0.0,0.0,2.6735577335407587e-05,0.0,0.0
1153000408,2009-10,Central,1.361838725262736,2.126646266133611,1.6963456679826903,1.7345091849991436,0.39620267567397466,3.0962379811428646,1.5664226797124419,1.5406070904582168,1.419611058923538,1.9366951591759778,0.6160019463339117,1.5404409100318521,2.9056757786879905,2.310554539688383,1.178429487018819,0.0,0.0,1.6600881946653563e-05,0.0,0.0
1153000409,2009-10,Central,2.341202710906979,3.293912211608145,3.154635313919103,3.194719340908173,0.9013994402808962,5.916190096471585,3.010387464450528,2.5827393484639143,2.4186255158154726,3.4792059409357052,1.0592041276802826,2.2332707639633624,5.0042914844260435,4.305786886691545,2.0815758325866853,0.0,0.0,2.314076310876813e-05,0.0,0.0
1153002701,2009-10,Central,1.9811671283830228,2.9431976853541557,2.58853576992799,2.3869448259974995,0.6159357207265773,4.610122237323923,1.7577169665737253,2.197666901872578,2.0721779597439207,2.8560124110076845,0.8756102623131377,1.8353701274659564,4.097006915010604,3.3456597873509635,1.8220839534982767,0.0,0.0,2.2745491307935484e-05,0.0,0.0
1153002703,2009-10,Central,1.4014362853451123,2.1534722993121305,1.810477398370141,1.865952540543999,0.5428967899276499,3.8717310753097336,1.7156196290268948,1.6693901813006,1.5146849474263537,2.0950960116922257,0.6580662837291484,1.5380919708717982,3.1592510662769255,2.4255100912735936,1.3173909119856548,0.0,0.0,2.059531327521562e-05,0.0,0.0
1153002704,2009-10,Central,2.0240585845062133,3.5212399252541338,2.709559761560234,2.775446133612397,0.5300175704098189,3.993542138895956,2.1387336716539265,2.4556979163694663,2.138038877526464,2.970692384842068,0.9051603265513856,2.0572858125559006,4.7206045338882205,4.203297440713835,1.9179947173375207,0.0,0.0,2.071233818740121e-05,0.0,0.0
1153002705,2009-10,Central,3.9172292157395527,5.703200630195029,5.1849636930514915,4.722581525737841,1.420578449482273,9.571173515575692,3.4992789760961758,4.532810190643982,4.388793237630229,5.48728284786642,1.9131463814313292,4.153733238757739,7.992733295081153,7.113296859007273,3.54521552828874,0.0,0.0,4.102090850581657e-05,0.0,0.0
1153002706,2009-10,Central,1.896530733126961,3.011811079354244,2.5746090451687333,2.7921083050350353,0.6611481527038393,4.586217177678307,2.420634102550071,2.191068780338737,2.026390310597492,2.8780267928842163,0.8355185883151289,2.0282859030414655,4.090703379564325,3.5297304601520954,1.740068938082535,0.0,0.0,2.3708991449566252e-05,0.0,0.0
1153002707,2009-10,Central,2.390580170611927,3.384872855459739,3.3127819535887166,3.1342072067524516,0.7909007671633688,5.3821658888408805,2.463529854276777,2.586088176315295,2.340980237052772,3.5172242987870046,1.0235782480161637,1.915962253823332,4.962067035071458,4.427765880646481,2.217881775423199,0.0,0.0,2.1030585243898076e-05,0.0,0.0
1153002708,2009-10,Central,1.4428623471954105,1.9881440028830062,1.8283969002297449,2.070498418685729,0.6444735424397109,3.9855449376415186,2.9362675567750425,1.5341997465341477,1.3811792243706416,2.048505560488992,0.5493836212271294,1.7789017358017443,2.7473354083179657,1.9511425010471237,1.1413136806960165,0.0,0.0,2.9371478106547212e-05,0.0,0.0
1153002709,2009-10,Central,2.118871854995261,3.290031573362743,2.7853996070985905,2.6676498936149913,0.6293267228207509,5.000519271984853,2.4530615118895334,2.478344457455394,2.1338436660867326,3.0458525274500508,0.8966504566314997,2.1175340004518537,4.725940760286249,4.175207562273802,1.8453490607407301,0.0,0.0,2.391439112205326e-05,0.0,0.0
1153002710,2009-10,Central,1.3632810332859369,2.1404282262529,1.7836074018927803,1.76169441467722,0.4185947886784301,3.0172798042056317,1.5640232937414966,1.597694908957161,1.3588081775164793,2.126476627506006,0.6159460843109632,1.1488104180623862,3.2239094977698213,2.7329207750592897,1.3403899477283945,0.0,0.0,1.7367536817686845e-05,0.0,0.0
1153003101,2009-10,Central,2.932779149874701,4.415700091304124,3.778634497729161,3.8768967041984532,1.0104663577119122,7.22339919222938,5.166924594138291,3.508730383700785,3.0639682480745316,3.984537568953812,1.333001606726375,3.644199509481856,6.136163239844975,5.379240503418964,2.4566931521093696,0.0,0.0,3.266328718730082e-05,0.0,0.0
1153003102,2009-10,Central,2.4042242270554346,3.6874894091115795,2.9215134454799165,3.179528702254149,0.862528485817522,5.669578123650097,4.213501690478675,2.7786969883121455,2.4928463309052913,3.2152311054122924,0.995932488636446,3.3613495221688745,5.340612465607318,3.999173388129595,1.9227053290853828,0.0,0.0,3.46957747568048e-05,0.0,0.0
1153003103,2009-10,Central,1.6165624022232703,2.431942707375925,2.0756167436143063,2.0152604229704547,0.5130409276388643,3.7580289308499593,1.8608017849200638,1.8486147691075232,1.6429102539471747,2.279677727398651,0.6835629696921284,1.7389229332132967,3.6557958494241816,2.899958974498591,1.4078240173303422,0.0,0.0,1.951270983354369e-05,0.0,0.0
1153003105,2009-10,Central,4.340516152137071,8.6363423157603,5.555738349266532,6.844461419439149,1.3714357061796092,9.568073111829742,7.436420232288483,5.828894648506298,5.319321296740053,6.6702588004069305,2.3024993845428394,6.769601000138365,10.272754954310562,11.302715794806318,3.9613899446363776,0.0,0.0,6.304049316143326e-05,0.0,0.0
1153003106,2009-10,Central,1.6940774025872103,2.8573358669172606,2.227791717523764,2.3179157004947912,0.49384322254591856,4.033414987154817,2.327655134868283,2.139426442405824,1.8042117667438808,2.6370038947431143,0.758568015829642,1.7282496219717038,4.380665571310302,3.828308048858521,1.5223623591847448,0.0,0.0,1.991059548722162e-05,0.0,0.0
1153003107,2009-10,Central,1.5734834380313285,2.2766819841211112,2.0875964270047613,2.19137617358396,0.5508773341153205,3.943011934913964,2.1919386780244268,1.74938595798333,1.5125394568178736,2.3437953583324798,0.6502655813232623,1.5129070765099606,3.437494536104072,2.932945435457888,1.3749541806419514,0.0,0.0,1.9895331293971147e-05,0.0,0.0
1153003110,2009-10,Central,1.6250879398311953,2.6167922744238634,2.175264574100665,2.1028774507857024,0.4446282252398566,3.5233048474769357,1.764468834080266,1.9134434035358896,1.638889485680778,2.376259262516184,0.7259625291842291,1.5204643086061447,3.574297319987187,2.9521521922505407,1.50169913811395,0.0,0.0,1.6923496928878818e-05,0.0,0.0
1163001101,2009-10,Central,1.0655193415061874,1.4859375096289253,1.3843984205279927,1.2924303132327746,0.3590839908374516,3.1119083485992562,1.6139038601685154,1.2888817749632926,1.0294500595664593,1.6165800608512828,0.4770581426075166,0.864461690953021,2.6467188381637077,2.261864202557373,0.909575990550972,0.0,0.0,1.3372590786709638e-05,0.0,0.0
1163001102,2009-10,Central,2.687402121023361,4.302694550118038,3.3207180987599108,3.2172833342391773,0.7084854628187736,4.846469020961942,3.534093961996036,2.998131972645766,2.5846592250551086,3.387628256723468,1.1146943236266478,3.140080590842317,5.10384314061651,4.7998522960111245,2.335859663133988,0.0,0.0,3.026341764738679e-05,0.0,0.0
1163001104,2009-10,Central,1.6875853639050973,2.570022839399734,2.1700447384609434,2.0195613392237415,0.4886115282296413,3.57233350348722,1.9755589482386549,1.9259525258620394,1.6148549824411818,2.300078087556233,0.706638291962253,1.6781642933953147,3.573445102339594,2.986970858616973,1.5305786035874953,0.0,0.0,1.86622215575752e-05,0.0,0.0
116300110402,2009-10,Central,2.224790749023974,3.597807323904106,3.0113098022617364,3.1426492040290848,0.716316863832289,4.432256299641864,2.8218932106904284,2.575959924638362,2.2478603001026234,3.2135907917119737,1.0482909338695456,2.2405158716684968,5.301265137682586,4.733835509637229,2.0945090140039717,0.0,0.0,1.6525861605554883e-05,0.0,0.0
1163001105,2009-10,Central,3.7879124942626192,5.578027309911404,4.963792340006071,4.473875260090507,1.1209220315299493,7.684873034547682,5.189887057585169,4.3118725335210115,3.714321405857017,4.758009383090519,1.5998667001504414,4.134739404295354,7.692788756338527,7.356763455902887,3.155018882461642,0.0,0.0,3.028553742940353e-05,0.0,0.0
1163001106,2009-10,Central,13.574170093460658,16.974190770609994,19.80321198542561,17.812483432257316,6.708056796831636,31.844750488776594,26.170869157683402,14.918054906269289,13.724398534988282,16.278927045111303,6.213837440234929,16.32560466579202,20.627945200410327,25.22121014116437,9.813363782645165,0.0,0.0,9.506284539604853e-05,0.0,0.0
1163001107,2009-10,Central,1.5619531553035928,2.5139946536004882,1.9688387415724213,2.028812262494257,0.5104917230745369,3.2749195178023145,1.8797508834939285,1.8164595614078403,1.5723736130314923,2.2071389500930785,0.6687884163704919,1.7460610444856706,3.6397900374434395,2.869869217578403,1.4558832812123925,0.0,0.0,1.9868167985623045e-05,0.0,0.0
1163001108,2009-10,Central,1.408759555273023,2.1019520388880393,1.8678759287364788,1.8604253373672794,0.4814337266491317,3.5215521646301315,1.656665517851063,1.6544756963933378,1.4624970360811145,2.047408194223041,0.6728454197456766,1.3963114907835898,3.221907635732241,2.5475255145947275,1.290554335053702,0.0,0.0,1.6109269089032426e-05,0.0,0.0
1163001109,2009-10,Central,0.9548935530664857,1.489315069734832,1.2041254862073978,1.2023343520549006,0.2726023328896128,2.093113135406833,1.1143991394009356,1.1071362551672443,0.9037680250661392,1.3877556453832331,0.42755929607445825,0.9136151619463561,2.319966828242802,1.915605640660801,0.8618805577808657,0.0,0.0,1.1643948346358608e-05,0.0,0.0
1163001110,2009-10,Central,3.5660099865208186,5.003261978696846,4.681288265542981,4.425936114105632,1.3031895412816286,8.590634497954,5.696599587279103,4.203043322330725,3.6396419427383275,4.701194884607652,1.5804891875238585,3.9970766729347176,8.547733929554038,7.599975176430249,2.8727460690448225,0.0,0.0,2.714757321699443e-05,0.0,0.0
1163001301,2009-10,Central,2.381800266964689,3.732796743689256,3.1966691480956038,2.9992085433901767,0.6626624868486165,5.464539306398668,3.0355282139989126,2.8316797587890705,2.4899208093921597,3.390708117249391,1.033420930786207,2.5270466538135294,5.48096110209284,5.277503348102891,1.9677870473142036,0.0,0.0,2.2267500271916163e-05,0.0,0.0
1163001302,2009-10,Central,2.053860574142658,3.2864929662620384,2.6574953157251016,2.7852929332151786,0.6530583201237253,4.70353815078287,3.060365057470723,2.5315793812893226,2.1555614611630336,2.902477632496007,0.9059823551943726,2.4765582672680413,5.291028709419749,4.545729901521858,1.7419250922943792,0.0,0.0,2.115816126074682e-05,0.0,0.0
1163001303,2009-10,Central,1.992620796625942,3.2163562492237165,2.580515287078488,2.530859852809974,0.5875657764884585,3.9126534073020807,2.6675545093022928,2.3641731381929145,1.9208766261099728,2.858334980359316,0.8332708182259264,1.9377077467718058,4.941804233018591,4.283926553432654,1.8619141997446829,0.0,0.0,1.9083628524482233e-05,0.0,0.0
1163001304,2009-10,Central,2.160035291837822,3.7667151729368538,2.861096366808231,3.322621808303975,0.6327451660186808,4.238892289722307,2.843275190601878,2.4471587936564556,2.24062324029175,3.3257268063651586,0.9529776148204477,2.3499656631324966,4.76221327647704,4.624343497562783,1.9684729552621967,0.0,0.0,2.3260574062964958e-05,0.0,0.0
1163001307,2009-10,Central,1.8446630702150053,3.0461716796334164,2.5050328576023677,2.620499154064127,0.5461322415779252,3.6465400020351586,2.525153700744193,2.1274003311357186,1.8004183623144479,2.8023466547187463,0.7862528254302518,1.6685765655133442,4.3149937699821646,3.967634129585689,1.7536919103588935,0.0,0.0,1.678893407114315e-05,0.0,0.0
1163001310,2009-10,Central,3.7917650008118238,7.323970782781007,4.708969414813376,5.223165722972375,1.0433580396683784,6.27468337584099,4.826698545808927,4.621311624273826,4.051210074413438,5.249279935200281,1.7764696226136376,5.038012051344278,8.73956881844163,9.878139468720862,3.5443725117679974,0.0,0.0,4.2554691535524976e-05,0.0,0.0
116300131002,2009-10,Central,2.623175549995256,3.938497767698108,3.3483366164718995,3.1337755959255365,0.7635950795944094,5.414965557258397,3.626757179014497,2.969990070425185,2.538917945926325,3.3917898898820615,1.0725602991501615,2.890453712130225,5.339413344113117,4.762645630182421,2.2190028912755415,0.0,0.0,2.6325320292284868e-05,0.0,0.0
2013000401,2009-10,Eastern,2.080476523505393,3.238424893310737,2.729733450723496,2.606469905662308,0.5484514366707304,4.880196966085672,2.4686033894803145,2.5405451793791656,1.933006883644817,3.2279399397708084,0.9317167410905529,1.916400146554944,5.241746284333296,5.041739986535891,1.8718792068601324,0.0,0.0,1.740787825802425e-05,0.0,0.0
2013000402,2009-10,Eastern,5.683554352883369,9.23924703853755,7.35569464820454,7.54257785545589,1.6300115103627337,11.373598273265753,6.227577336944576,6.835770117357662,5.647478427861525,8.857534360527563,2.8526947421474778,5.646286633216734,14.983658278437938,17.540992999738666,5.056216172025171,0.0,0.0,2.9874920098136948e-05,0.0,0.0
2013000403,2009-10,Eastern,4.2945785925666415,7.123139802414461,5.872595014383642,5.895893465465516,1.2463268282291076,8.92253125269158,4.7491526759032165,5.3383292795175645,4.369130791908884,6.902182270919765,2.2731949798111355,3.886993362681927,11.509545935529369,13.187182448635852,4.101695360204589,0.0,0.0,2.229187155149917e-05,0.0,0.0
2013000404,2009-10,Eastern,2.5703078087867475,3.8872634727830295,3.1869156924832267,3.1490170820698933,0.7708436885291439,5.89634335077576,2.922110174343011,3.038097602580507,2.342057123563618,3.6038751149182446,1.2206799254139278,2.9967023941926976,6.361848958577897,5.778183069761439,2.1384652709866203,0.0,0.0,1.76526845000038e-05,0.0,0.0
2013000406,2009-10,Eastern,1.8099989745489435,2.5591800826586377,2.3965679756816414,2.4786890828602837,0.5353194476632311,4.607807312054298,1.9795507239080643,1.9290171331704538,1.6089741264869812,2.923101035608524,0.7754341364445766,1.4353022647846967,4.246666138816936,4.267448497343547,1.565376161718183,0.0,0.0,1.47777668251414e-05,0.0,0.0
2013000407,2009-10,Eastern,2.800081997269244,3.8987610231559016,3.693480758666686,3.2789160915575017,0.8071729268574124,7.10196598586648,3.3118321849355707,3.279673204205291,2.497666475705701,4.136314777311356,1.2341204087612057,2.4571044760760428,6.552482933596847,6.536468000360241,2.347537527726393,0.0,0.0,1.8688805969919867e-05,0.0,0.0
2013000408,2009-10,Eastern,3.0799987571878784,4.5150341365447995,3.9685245508156637,4.351932706056837,1.0464770822907579,7.779372096865578,5.135779819620076,3.5371819213324476,2.779324862478551,4.788347037237284,1.3004505491229323,3.327563675893158,7.321950016315032,7.705917252649996,2.5417351404408626,0.0,0.0,2.712650844251933e-05,0.0,0.0
2013000409,2009-10,Eastern,2.972569688600806,4.368284858227417,3.9566971488037828,3.952311393415319,0.8752112167752106,7.213894618617317,4.256076168979658,3.492614175587361,2.6930161869018994,4.724942079215936,1.2632178239343645,2.60395922264526,7.569692409249759,7.97606112309177,2.5692603022544405,0.0,0.0,2.1011671344039834e-05,0.0,0.0
2013000410,2009-10,Eastern,3.096609562865149,4.5269396723016015,4.170901521644433,3.805433967104999,0.7871624358335579,7.146954622279179,3.7253663545974574,3.598378869572596,2.7263520241933565,4.9691802158309715,1.3357603049324482,2.1450041158385607,7.804762513854008,7.724429204814716,2.7802624661820476,0.0,0.0,1.7236719088645575e-05,0.0,0.0
201300041004,2009-10,Eastern,2.713582797966343,4.187584757603795,3.2485838555723245,3.537337157210614,0.8953359340282461,6.651366453265521,4.568787693224883,3.192767561391195,2.500258324762673,3.8210204780469965,1.07855685188183,3.8125821002376403,6.379391763630827,5.5883684181191695,2.0794651499229104,0.0,0.0,3.4215228745781394e-05,0.0,0.0
2013000601,2009-10,Eastern,2.9391844344931837,4.9068934910327355,3.608890653181771,3.5546882087901523,0.6937891064495474,5.224685303375955,3.5418066009161286,3.3666355056658688,2.560790748045347,4.064995990959055,1.1933777668515324,3.2712755834558047,6.3344609837629235,7.143891196755041,2.620555268930254,0.0,0.0,2.611582083513098e-05,0.0,0.0
2013000602,2009-10,Eastern,2.3200417370407243,3.514024673353018,2.9716565336228977,3.2582609302016388,0.6553621831028628,5.297773875537672,2.746553595655518,2.525181847159207,2.047034375336048,3.6960136358182574,0.9805798998154872,2.107405774688867,5.652578406200588,6.000692505140051,1.9724539083378774,0.0,0.0,1.8409973638773557e-05,0.0,0.0
2013000603,2009-10,Eastern,1.607049337249217,2.676090528320773,2.0591022655348783,2.139571268865038,0.4391999358451025,3.5875059691913465,1.6817619950239904,1.9323998024840001,1.5211593736873479,2.3319925744985097,0.7244843701061525,1.983658446769676,3.8796036864164445,3.256650556870092,1.379419624942771,0.0,0.0,1.509820991224418e-05,0.0,0.0
2013000604,2009-10,Eastern,2.1221090437475656,2.947119449656007,2.775614695091022,2.552619533121211,0.6876943950250975,5.525154542974461,2.372194159560342,2.462408611913336,1.9549622141053478,3.0742597692934805,0.9796431904902573,2.0903860870377757,4.9947326840817,4.8966648298055295,1.787583713689518,0.0,0.0,1.5629743155057585e-05,0.0,0.0
2013000605,2009-10,Eastern,2.980626570837439,3.9486099485882082,3.8840800203260275,3.59211488407633,1.0478763350593645,8.350768280394636,3.1919512099460654,3.375446812025491,2.8187362440722126,4.352639600510035,1.4010012859257128,2.8616488339013153,6.7569406873278695,6.743523511120211,2.4722348479104954,0.0,0.0,2.0912521056949533e-05,0.0,0.0
2013000606,2009-10,Eastern,1.0217856518730701,1.4007579486719284,1.2615735703616209,1.2298706983292789,0.2944959243414006,2.880266700033845,1.4278059613749492,1.1511913314228994,0.8607557157020217,1.5890115333372354,0.41488779778719537,0.9211295788835593,2.4761879197915935,2.340467005324914,0.8373756216298706,0.0,0.0,1.3461133327076339e-05,0.0,0.0
2013000607,2009-10,Eastern,1.4943995760311284,2.234789980595484,1.8909586773320595,1.8733526055274927,0.39451850502599256,3.4821238014901446,1.6218660239904028,1.6840082087165973,1.295646831255153,2.297079446759969,0.6360810166238852,1.369443779654753,3.5382053039380486,3.4509916600790502,1.317506188204931,0.0,0.0,1.5291689026072526e-05,0.0,0.0
2013000609,2009-10,Eastern,1.8169697642314362,2.62428962467981,2.319393587287187,2.192249441219928,0.5176394830510159,4.545053267469066,1.8310148499213446,2.0261765031822447,1.6101784690306042,2.6107851828062776,0.7250813146898505,1.82132842121023,3.766682192070978,3.55345653301287,1.564723637117686,0.0,0.0,2.092401308266045e-05,0.0,0.0
2013000804,2009-10,Eastern,2.476232076479521,3.669247257900701,3.042058034678575,2.8174195643067717,0.610708011451669,5.436011642537685,3.242552614042667,2.7940112906563592,2.078592903814273,3.404553482694595,0.9314275708851015,2.6271682177175606,5.333806804386046,5.443862058624936,1.9892143103061397,0.0,0.0,2.358335987186886e-05,0.0,0.0
2013000805,2009-10,Eastern,2.0543576982585163,3.030290943836495,2.6480420206086315,2.519610193707923,0.5788211268841927,5.090729585216591,2.381408371270005,2.4239274326698075,1.8458344920928749,3.0532114809406967,0.904144154108271,2.052633398449552,4.979160277802594,4.629167868861212,1.7262970018069437,0.0,0.0,1.6915781902460076e-05,0.0,0.0
2013000806,2009-10,Eastern,6.079532816699096,9.326299964863063,7.985246304894811,7.966681905078058,1.9576452476436839,13.486319430513753,9.211978642692063,7.458130125540867,5.90651425239441,8.545973592727055,2.924698703106305,7.343464168739061,13.984906440397143,16.005113578762714,5.068449146129451,0.0,0.0,3.688718539481646e-05,0.0,0.0
2013000808,2009-10,Eastern,4.64101710178599,8.089938340177149,5.87468452994765,6.5381928384476025,1.4709958553515408,9.489577902425,5.905245406575746,5.960292671948988,4.626219291804994,7.153563783429484,2.1524106035531845,5.943902989495328,12.757260045251535,12.729544576535517,4.186237959025754,0.0,0.0,3.881116458249701e-05,0.0,0.0
2013000809,2009-10,Eastern,2.019453725106854,3.5100428856998875,2.506654095397952,2.7780369660891915,0.4977797093609104,4.2146790991665775,2.3872328863268693,2.4096081180795914,1.8843551183307503,3.1825657050693215,0.9213570294109439,2.204857871244825,5.10368716215301,5.33520419386147,1.7654906305707416,0.0,0.0,1.8693817924238015e-05,0.0,0.0
201300080903,2009-10,Eastern,2.6497994824182025,3.7235270943300502,3.354964811420441,3.0003925031754517,0.7090185272201224,6.046111818302765,2.8193802505609566,3.001433317377081,2.281772089981518,3.7727253096698727,1.0999176971281954,2.398237452403059,6.139351008093455,6.023861744692018,2.2245702109160166,0.0,0.0,1.7946695782650012e-05,0.0,0.0
201300080905,2009-10,Eastern,3.2208351288394725,5.11060683686287,4.142082999350614,4.188757015330032,0.9179527060103874,7.2908369034301685,3.262213800433861,3.797320350056521,3.185535133393631,4.9474015953349815,1.4748367272929652,3.3767930375092843,8.037275421760176,7.885377448201253,2.7653556496008633,0.0,0.0,2.3834789274110637e-05,0.0,0.0
2013000810,2009-10,Eastern,4.275350346013081,5.8845004998857355,5.834079723903902,5.552252535302559,1.4051027022117148,10.910859292703291,5.174219490773627,4.950228780303754,3.9991831602281467,6.443531920726189,2.0208429767937215,3.65316955716692,10.418277782683786,11.589245109190262,3.524916741524172,0.0,0.0,2.1992429713147276e-05,0.0,0.0
2013000901,2009-10,Eastern,2.644588209581638,4.213711322790655,3.2543589577431438,3.2961305665337277,0.7108788390956235,5.271121801961492,3.46071023806773,3.092189462223963,2.3462924970694954,3.8262580251415943,1.137141072920931,2.876109617337806,6.303944772405849,6.522468471810056,2.3504801039456678,0.0,0.0,2.1700607540575135e-05,0.0,0.0
2013000902,2009-10,Eastern,1.7068588957765527,2.5790622824105593,2.1927606772074513,2.0881714864548555,0.4458959592371492,3.7380200834279926,1.6860197301080913,1.9489546996754106,1.526749868702399,2.552773194744351,0.7541437483269215,1.5172404302697498,4.050145345234517,3.7311724435674893,1.5471463164054968,0.0,0.0,1.459806435605399e-05,0.0,0.0
2013000903,2009-10,Eastern,1.8441111453770254,2.8792037904955796,2.3469198389825237,2.4094910334213036,0.5435147720961915,4.549837312126772,2.045108025578358,2.1689677897387396,1.7576805253191232,2.799613293336724,0.8436880646586413,1.980753566070708,4.3327163320779105,4.026216448367263,1.621280202467279,0.0,0.0,1.823155097817561e-05,0.0,0.0
2013000905,2009-10,Eastern,4.4186022990135285,6.117344087868733,5.739802561929777,5.884563328982897,1.76933077322266,12.72225242534885,6.468385398329444,5.432866868006656,4.503424579580935,6.871755514081039,2.2970402604447915,4.6633745229173655,11.951003776125896,13.379042996526643,3.5283254090772025,0.0,0.0,2.9021274299919613e-05,0.0,0.0
2013000906,2009-10,Eastern,2.728553112464422,4.0257715360189215,3.501850481867414,3.4851958940731946,0.8415241526191415,6.930698726178139,4.028623260536502,3.3280233728705784,2.5340999542188403,4.117322741151167,1.2442039598707417,2.844239626448897,6.885992000652436,7.037183046438102,2.2665516657907374,0.0,0.0,2.1452742550237302e-05,0.0,0.0
2013000907,2009-10,Eastern,2.448076119116437,3.6764182166913812,3.0978005550506076,3.0985996454209284,0.7170668460658075,5.830893967628313,3.0869065312907495,2.8750279637179936,2.222153678677166,3.7278206892751946,1.1783786196515609,2.40846702837111,6.028684047875538,6.000872542734174,2.0969043029268652,0.0,0.0,1.8129161455493386e-05,0.0,0.0
2013000909,2009-10,Eastern,3.5482937834868133,4.733168424843244,4.513191577793078,4.856709287034771,1.5373712442740002,9.93830289236411,6.776211630976356,3.9022908785973907,3.141122693693208,4.990665668522132,1.3778576514612442,4.447067197626458,7.743524560968803,6.70998243142392,2.638370457216938,0.0,0.0,3.331518791022275e-05,0.0,0.0
201300090902,2009-10,Eastern,5.017602762220276,10.419788830655015,6.478128738580249,7.453854720096037,1.2946874221471774,8.543993565616285,5.715927618713563,6.4617042396726445,5.180124086111387,8.033606315983514,2.531621256049854,6.03745125362332,13.843580979664647,19.104675753730294,5.012745269166375,0.0,0.0,3.4170807737488704e-05,0.0,0.0
2013000910,2009-10,Eastern,1.1689348805211908,1.7954659949789293,1.4437429618012623,1.4489502927576394,0.32779435002776725,2.9155059273637343,1.3161514663698977,1.3616022667151708,1.05553556383788,1.765471700129173,0.6018825998106868,1.1568664916291558,2.813284340675836,2.553841679909816,0.990779294681842,0.0,0.0,1.2197027695537817e-05,0.0,0.0
2013000911,2009-10,Eastern,1.8996894513389344,3.2067826505234667,2.6038801380435235,2.8037437729068935,0.5858721849610379,4.276815198399059,2.0820480561999384,2.400324625878585,1.890212499720121,2.983250459025357,1.0703646106188687,2.0537774490279648,4.8678980489182555,4.630189193181616,1.7249006044409891,0.0,0.0,1.6493562065348338e-05,0.0,0.0
2021000103,2009-10,Eastern,3.10108507802454,4.69110418370803,3.9455063981110277,3.9127837798597436,0.8778988157161399,7.27636924899568,4.309385650554217,3.68616711947894,2.8127330351264974,4.590726578103143,1.3619602110564961,3.3009310933837317,7.442148958583412,7.725548500350362,2.5648291563273498,0.0,0.0,2.3509986706709067e-05,0.0,0.0
2021000106,2009-10,Eastern,1.5865070486739616,2.5017383245105833,1.9741305772741178,1.9969876396165014,0.4542213030293468,3.8834901817568572,2.2045180693218724,1.9700829604297505,1.4487172112545543,2.2374917141526174,0.6605741200292834,2.1211228188636317,4.118666604924279,3.5386268330998827,1.2528055235800213,0.0,0.0,1.559015960250531e-05,0.0,0.0
2021000109,2009-10,Eastern,2.9605399926360114,4.318851254256641,3.7156252763279456,3.634435679070194,1.1148614666009988,7.840255124520123,3.2571075387458213,3.464380434793277,2.910852715401359,4.223636672582129,1.383773740224194,3.429913407093932,6.896833190241876,6.458626256763712,2.565043924017297,0.0,0.0,2.526915263873428e-05,0.0,0.0
2021000110,2009-10,Eastern,1.4676367260196406,2.4550122320002212,1.707733192302098,1.8054509240146466,0.42077729705747785,3.294356775093723,1.967050578385596,1.8365988886265947,1.3396020300294789,1.9458993007803143,0.6212901966938629,2.3565227692458164,3.7904088941212657,3.2505947045567805,1.1548622330430216,0.0,0.0,1.3571440949823553e-05,0.0,0.0
2023000502,2009-10,Eastern,1.8463629451745167,3.285619469455163,2.3083969862640834,2.653980329834152,0.5029614266424703,4.1135321702333725,2.425732369227897,2.3036204999900187,1.8033272756076368,3.1015197894416016,0.837837853711466,2.0296211829818467,5.214348985677755,5.461998397026489,1.685416289484283,0.0,0.0,2.0761202599003017e-05,0.0,0.0
2023000503,2009-10,Eastern,1.17275417123244,1.8608651620615206,1.410826713967638,1.4641520414134228,0.3060838150148725,2.641611757059294,1.4353620167642611,1.3686255825769897,1.0214959894323488,1.6917370611676161,0.47499717297665967,1.4373105301785882,2.847321436127871,2.64829765414383,0.9564014472986475,0.0,0.0,1.2938393058072093e-05,0.0,0.0
2023000504,2009-10,Eastern,3.270386074234641,5.233364497367471,4.002481855189181,3.8986584029756575,0.8140928710829292,6.073132714870251,4.217670629078406,3.682718782883866,2.8818467010318995,4.365502477570974,1.311203393385821,3.810005389144657,6.575917257628065,7.162758388669026,2.7670898897093408,0.0,0.0,3.0616556554822614e-05,0.0,0.0
2023000505,2009-10,Eastern,2.5833595589082465,3.764735885997148,3.2879134362144145,3.102773116063395,0.7514622230761503,6.758259144308184,3.7808119941591056,3.0752200664412364,2.343156429263523,3.80766264603828,1.094816079875743,2.698439013243256,6.5315377593446025,6.819132901338793,2.0292464158278145,0.0,0.0,2.015347043748749e-05,0.0,0.0
2023000506,2009-10,Eastern,5.033821612202184,6.619100903932674,6.7216634306900875,6.504197164461022,1.7399399932465711,12.929348103980987,5.749860518885281,5.486083718406776,4.664735237271228,7.462874443925343,2.2297620039303103,4.602610686248418,11.293276946689604,12.436179434147263,3.9802120395706693,0.0,0.0,2.8913099666078195e-05,0.0,0.0
2023000508,2009-10,Eastern,2.9038575587537467,4.757878037952278,3.7974770288276147,3.6846924569348514,0.7512313768706068,5.943422535104144,2.8709475346377205,3.4130943729644123,2.6802502536307373,4.355066584220888,1.361012439163611,2.886741987515218,6.794219310700555,6.953332243471125,2.7541800410633477,0.0,0.0,2.0185353696411332e-05,0.0,0.0
2023000509,2009-10,Eastern,1.6029451935545478,2.446500320423218,2.0878975126311414,2.0058864483703847,0.4348474081289444,3.7837684207288453,1.6430267209154659,1.8928082537502788,1.4860481029686816,2.3764004987053466,0.6888112851912606,1.5934552811973164,3.8693367114734354,3.6500874791366122,1.4010162060988218,0.0,0.0,1.493604807633459e-05,0.0,0.0
2023000510,2009-10,Eastern,2.0281747492800917,3.058119405900239,2.7102511811132417,2.523555006312614,0.5900140539632789,4.973194882968412,2.124043852168374,2.3927393315933654,1.9161796403138744,3.053936006052597,0.911498548816108,1.894837274329009,4.640899399283107,4.244960017279805,1.85250506538789,0.0,0.0,1.7323963061121915e-05,0.0,0.0
2023000701,2009-10,Eastern,2.414846954135526,3.8851308819559423,3.0077977361373454,2.9048527522942535,0.572615155455054,4.900534827942194,2.491279859459993,2.762460384737457,2.1358640351405453,3.528659655429351,1.0492760890618373,2.389700232408743,5.616147748948658,5.698337469250415,2.0936879208020955,0.0,0.0,1.7725217901393364e-05,0.0,0.0
2023000702,2009-10,Eastern,3.552140831800041,5.38025269166791,4.803747139768445,4.851847039385314,1.1285315426043374,8.262265088436486,3.8144818615391687,4.004027331490535,3.347374523741484,5.389156622640903,1.617502743647361,3.4904444521089615,8.049347508416094,8.464260784871922,3.1653101497127976,0.0,0.0,2.3643769994062055e-05,0.0,0.0
2023000703,2009-10,Eastern,3.1410807509662435,5.056096874592168,3.920122980866693,3.8942320714921768,0.7564063139331315,6.557446808527423,2.8043767868853,3.619123477991805,3.0591423990660345,4.962239431137956,1.3225044809888113,3.2781076794137216,7.484227709019005,7.9789428862047895,2.5933218255073336,0.0,0.0,3.5190874242715405e-05,0.0,0.0
2023000704,2009-10,Eastern,1.5668488937543612,2.636380348960027,1.9385199064096879,2.0362567692451066,0.35626127870642854,3.1516262936143242,1.6249558065924938,1.7830638846865094,1.3938134854110562,2.3565498433164254,0.6435669462933744,1.6741611222663684,3.65675194436066,3.8797299547746817,1.3339487223012254,0.0,0.0,1.5626387801894925e-05,0.0,0.0
2023000705,2009-10,Eastern,1.3227705271246106,1.74253295451001,1.6971320367326883,1.4926172134917532,0.38017458700773915,3.845777922900015,1.5432172410735874,1.4850097301349328,1.128324017632373,1.9876957342324888,0.5262649237871362,1.0852506369242076,3.0046179560900783,2.759178451329103,1.0938303298986727,0.0,0.0,1.3687023165918177e-05,0.0,0.0
2023000706,2009-10,Eastern,2.1079250061244728,2.7271154911414155,2.769073964565497,2.6919466687275193,0.693134669513484,5.677425362558088,2.3444648335098375,2.222273682631783,1.831104713817008,3.2860460666124927,0.8376959581750921,1.6391650342833013,4.758093437905416,4.713037421069743,1.7733097466977041,0.0,0.0,1.8303099337959537e-05,0.0,0.0
2023000707,2009-10,Eastern,1.9637151157824762,2.8290032146441586,2.589611754373802,2.497870389958111,0.5755227789705439,4.888586898236529,2.5955305932797805,2.2557592853108366,1.7298624645795415,2.923769973912902,0.7785293845597293,1.933013219224405,4.836182177724116,4.483218246969535,1.603224615608594,0.0,0.0,1.5493948084544976e-05,0.0,0.0
2023000709,2009-10,Eastern,2.167286607342838,2.942270531564979,2.832922322129627,2.750892228888204,0.5771535493472804,5.62170538075169,2.87480660377249,2.3521766165535127,1.8221838108761226,3.4288583793935663,0.7898852024788964,1.7666628584320132,5.035541578402859,5.4967865146432695,1.7232256546467304,0.0,0.0,1.9612641713670068e-05,0.0,0.0
2023000710,2009-10,Eastern,5.105874385018891,6.626934016263439,6.738577736085948,6.501456537524212,1.7686609651897012,13.083959989793538,6.310960358254123,5.432374699824079,4.608231776028711,7.37417324977022,2.035626236883221,5.185496395967261,9.737155453467425,10.577226433753896,3.8183794136274556,0.0,0.0,4.2843692422171e-05,0.0,0.0
202300071002,2009-10,Eastern,3.1911316672519567,4.78813802780782,3.990526450093852,3.9181001883891486,0.9094403771072788,7.1659652991385165,3.8893703342094024,3.6985455684533255,2.945935961599679,4.605145932370293,1.3188404259237032,3.6822253487831893,7.774093066626105,7.840051836054558,2.5338583740442946,0.0,0.0,2.6498685212174008e-05,0.0,0.0
2031000102,2009-10,Eastern,4.247039485003803,6.231931785015283,5.342382466629675,4.990642887986524,1.2041952010790469,10.135772128572876,3.7877736421464943,4.902795806334838,4.221511561812327,6.412933379897595,1.8234263683085692,4.729711470855666,9.00314516283615,9.26913708247352,3.3543108112480686,0.0,0.0,5.499813029170673e-05,0.0,0.0
2031000103,2009-10,Eastern,2.5626994472628493,3.787834421821661,3.1806845703693103,3.0400470380707207,0.7571609449889141,6.189668696304878,3.0349997524010224,2.9740880863666,2.3183639546019577,3.7653022991534044,1.1193790699574688,2.5892491102418433,6.350843406251712,6.299705884001799,2.1508637825630603,0.0,0.0,2.0247407749404365e-05,0.0,0.0
2031000106,2009-10,Eastern,3.258485172087102,5.005726185775261,4.1522321685809,4.346787072497902,1.0577195948746088,8.416186899262803,3.9859080910536178,4.023809274529729,3.308918414015745,5.277535935225891,1.500716417297954,3.566664643997104,8.54928363205939,8.574091367700058,2.7586505694872825,0.0,0.0,3.1619116698977904e-05,0.0,0.0
2031000109,2009-10,Eastern,2.463963314248318,4.795967457164933,3.028364205499157,3.265426550793665,0.5606867442079989,4.250982049970064,2.5570046708296537,2.986893490942365,2.3577682936329403,3.732849647820026,1.1140058538665205,2.761414031580993,6.597677609842674,7.8101172641790955,2.297324674376757,0.0,0.0,1.8415831223960115e-05,0.0,0.0
2031000110,2009-10,Eastern,2.0418160543482693,2.838820870604436,2.57704016191754,2.5742232485119967,0.7317907383034913,5.759981612349703,2.8049115955779134,2.355085635901988,1.8628836644995517,2.8492323149643486,0.8074507772552753,2.6493380249412497,5.177600115068617,4.235941820616758,1.5090314613594167,0.0,0.0,1.9268150687556148e-05,0.0,0.0
2031000114,2009-10,Eastern,3.577591203465762,5.348952256070302,4.512499428048859,4.205726375544051,0.9974035550171227,8.006316852379147,4.076076931745292,4.162353854056981,3.2573841826705396,4.9681572541101895,1.6350146143936335,3.8255164091573173,8.26873314450081,8.402839845604655,2.9373484855699292,0.0,0.0,2.174992321847085e-05,0.0,0.0
2031000401,2009-10,Eastern,5.5033230633203605,7.748522945489739,7.063738439240535,6.198821658933852,1.5589840552380623,12.558220391652164,7.665310009262216,6.242359280289884,4.878456189653654,6.945043466123103,2.2486573320698477,6.316420163854723,11.037386916412363,12.13314751337623,4.1305631431652605,0.0,0.0,3.637485198864956e-05,0.0,0.0
203100040102,2009-10,Eastern,2.7925696414940764,4.35730179310181,3.8075590896320746,3.4605552860783244,0.7524954443747995,6.037963757022033,3.137717042354487,3.241548253146884,2.5734021204767297,3.9055366841839962,1.3060054786369695,2.9515038630262485,6.454700293188894,6.920088040882683,2.2829893010152946,0.0,0.0,1.582314345694123e-05,0.0,0.0
2031000404,2009-10,Eastern,2.1244979793444565,3.319809131531049,2.6502424759933603,2.6101648502871395,0.573209913405542,4.498294673137049,2.8150107915469245,2.490435852926719,1.853044687695656,3.1802333200837074,0.8490694429808852,2.162697025100957,5.498126168328621,5.418566920842168,1.849813360771397,0.0,0.0,1.9188632006772884e-05,0.0,0.0
2031000405,2009-10,Eastern,2.740037855957209,3.7304664679790513,3.5603719556990914,3.7446326049777383,1.0287278822351893,7.474682401203569,4.078999201926187,3.0751637894952015,2.4815812072837105,4.148430325662474,1.199808399736753,2.8254324237048887,6.770501180004857,6.757756091336011,2.210950705029297,0.0,0.0,2.0933948780712593e-05,0.0,0.0
2031000406,2009-10,Eastern,2.802152425292534,3.8532077032498475,3.8376252310979506,3.8302261008383485,0.8574064694687806,7.380224399671736,3.1142011241167165,3.0476665637404086,2.5743707938380265,4.394015524132236,1.1594633435858206,2.4859606548288258,6.482781330669583,6.763554984314516,2.274329098051966,0.0,0.0,1.8983171557302667e-05,0.0,0.0
203100040603,2009-10,Eastern,3.0947181484690587,4.791488652489985,3.871181027768603,3.5363252414752826,0.8053236463297956,6.53228062621967,3.929613050111642,3.640985134675464,2.8628245621138735,3.9417536892501874,1.2146459539156986,3.868468860231249,6.9520996638929216,7.282664865117626,2.3926135747235495,0.0,0.0,2.1203640116053818e-05,0.0,0.0
2031000407,2009-10,Eastern,3.6942810682514695,5.77491068388514,4.801916308577472,4.772675865924669,1.0447707748022945,8.15587384051008,4.139423004730304,4.4035843577505815,3.5074621589813457,5.21011817307401,1.6095824561344674,4.31176379560713,8.589503047349044,8.573104378504436,3.040152418889718,0.0,0.0,2.5959137530932162e-05,0.0,0.0
2031000409,2009-10,Eastern,3.3585804664771377,4.8691992610259405,4.307557722288706,3.9889182437931154,1.033921327157063,7.567427421189242,3.364574989858325,3.9070717371742556,3.150443991564949,4.238677216693126,1.383177001425175,4.206583470294794,7.672961800695178,8.188198524033437,2.5841634623020444,0.0,0.0,1.820040623274541e-05,0.0,0.0
2031000410,2009-10,Eastern,2.9634635459809386,4.397806300482189,3.8807223607326184,4.016372566525281,1.0241159548196963,7.084480305596774,3.5601349554519217,3.4113148968594618,2.87194748660619,4.149284589984991,1.3361327699315186,3.7186557648225023,7.371042009115239,7.071055638527768,2.382045647794565,0.0,0.0,1.819865424348701e-05,0.0,0.0
2033000801,2009-10,Eastern,3.063910732560647,4.650216371800019,4.026272414855979,3.7746493781847903,0.8162681238091901,6.814782751448908,3.184499811185484,3.5486552163102525,2.7940935749507654,4.500210516442918,1.350781720618554,2.905601721462557,6.972250522451463,7.054345686517448,2.6605405017358406,0.0,0.0,2.0631238651802347e-05,0.0,0.0
2033000802,2009-10,Eastern,11.671241062435964,15.57235007765051,14.836985371146827,12.042483058702954,3.4377995349990105,22.465954893864243,16.548704414342414,12.419366035549345,9.790357993156315,13.043503930649642,4.861454184735237,13.22215812233922,16.920019862651316,21.0082119378894,9.001431809971512,0.0,0.0,8.235409965182445e-05,0.0,0.0
2033000803,2009-10,Eastern,2.6553191702136556,3.801667027600267,3.7419410423208244,3.2754909928864624,0.8967226961097295,6.887820464942629,3.0509941641765184,3.373922410311763,2.5326466354260906,3.9422896696190137,1.442505463565116,2.5733042553539014,6.3955080174353975,7.272587445870499,2.2425607345941976,0.0,0.0,1.5751489533016753e-05,0.0,0.0
203300080303,2009-10,Eastern,3.3723031457309838,5.551730243618163,4.232661711811103,4.18615675758307,0.8812635838643788,6.7396718930598984,4.1987870991120095,4.023284422984834,3.040106967210516,4.976865855370978,1.406456979952109,3.5729439066414814,8.539085051205875,9.694713989782143,2.9638806821545405,0.0,0.0,2.709313808385732e-05,0.0,0.0
2033000804,2009-10,Eastern,9.399014314351309,13.505017657084608,12.049035095434292,10.3334122273195,2.5528896665883622,18.209812909282594,12.97638859112852,10.374464138304646,8.466536235580271,10.965905444694263,4.032504662488223,11.34918521619776,16.596883137908655,20.753262941863433,7.010709442901655,0.0,0.0,5.322196550532023e-05,0.0,0.0
2033000806,2009-10,Eastern,3.051191759528256,4.655685183789244,3.9056839454930405,3.979441752160358,0.8634755754351828,6.904737889573861,3.895264685696664,3.6232882499559835,2.808649740731317,4.737227310099715,1.4688122072006775,3.0546680033615985,7.76231994101178,8.415234045333657,2.617641076921122,0.0,0.0,2.035876224642e-05,0.0,0.0
2033000807,2009-10,Eastern,2.402104356789549,3.510220934869646,3.0142176888145733,2.8932183078852924,0.7694068061214328,5.860409811409369,2.98560302306933,2.778285141687667,2.1806589363329434,3.4395809375329893,0.9871080567258066,2.6141319884752603,5.785055380118963,5.300954286626008,2.0054526898193674,0.0,0.0,2.1468575298342664e-05,0.0,0.0
2033000808,2009-10,Eastern,2.266981108421128,3.0458877080015596,3.0111818116128535,2.900487802478156,0.676421572057636,5.506576763551327,2.472667325288806,2.429498586751279,1.948958197593821,3.601614768155908,0.9313730588976538,1.6126583067079925,5.3461683952524135,5.440523167622845,2.0058826082595824,0.0,0.0,1.6906009726228737e-05,0.0,0.0
2033000809,2009-10,Eastern,3.4056598320777245,5.709735548934913,4.226730127655116,4.216402445786051,0.8516593904829609,5.952031833480234,4.164668884481027,3.9177487611300688,3.0554674181773613,4.696060875612161,1.42232387812874,3.8514110002323427,7.332686660939172,8.288447410352095,3.0724192653725453,0.0,0.0,2.8065628558757103e-05,0.0,0.0
2033001801,2009-10,Eastern,2.4630721173516386,3.5341458307385856,3.1122169928385053,3.2136629042275047,0.8596455179220015,6.795889683564015,3.523131574660419,2.934866481960726,2.3497096251045697,3.731439995466157,1.0630679765296696,2.8681981771379013,6.462744596042516,5.832898590365895,1.9328350936874341,0.0,0.0,2.3443199678269927e-05,0.0,0.0
2033001802,2009-10,Eastern,4.872408423313526,6.930808634053856,6.556887072124936,6.175785833119018,1.5988062889716081,11.374918513998253,6.010828592462765,5.4634367025766455,4.587597393427496,6.700117679309013,2.1868864475750147,5.275244316057155,11.011534342703511,11.409722579061947,3.8546263314316604,0.0,0.0,2.5342857945087616e-05,0.0,0.0
2033001804,2009-10,Eastern,2.190916483005798,3.1477617585367446,2.73876217663899,2.6592978653907533,0.6497893161245637,5.683907285809062,2.8604001569213313,2.5518860411809787,1.9370169984494798,3.2815722900638455,0.9887710382445207,2.1960542575336737,5.330164244346915,5.258610890797943,1.8062758932419105,0.0,0.0,1.8119209593911654e-05,0.0,0.0
203300180403,2009-10,Eastern,3.2616994124539334,4.7105322809614485,4.215709637612911,4.151719836169292,0.9955317264724158,8.176454153893742,3.925400237148474,3.806752646271107,3.0370186880497623,4.732977476542878,1.4372897250024261,3.6530142446365876,7.675914416268247,7.8154201746606535,2.5708761498786536,0.0,0.0,2.2787352825470213e-05,0.0,0.0
2033001805,2009-10,Eastern,3.945142840094265,5.576878253811961,4.827409824028076,4.844002529097821,1.4266999073586257,10.279257480051823,6.93051694485903,4.5930441222750815,3.5606258278551297,5.4081223800847305,1.6737592013592417,4.880836975065961,7.991555558055222,7.524046533059989,3.1604359110313682,0.0,0.0,4.1365766204088065e-05,0.0,0.0
2033001806,2009-10,Eastern,1.9047317579728436,2.7846408763303936,2.474748431748313,2.4479615817772045,0.6131710322133584,4.892754475816353,2.1452791004736116,2.2274484717181946,1.7951159414542603,2.8808229795786633,0.9000666610155896,1.8876546230621842,4.580959563672198,4.32591775626645,1.6725463819979232,0.0,0.0,1.6878604304687555e-05,0.0,0.0
2033001807,2009-10,Eastern,3.2388192476461746,4.551333765089735,4.232659440627347,3.796963836007098,0.8965135673115538,8.580168286253484,4.768040452438812,3.8037813561900116,2.8336742658327783,4.591755525055645,1.2896440574637063,3.3044276318670405,7.183535040592143,7.4485848667601475,2.519498081857362,0.0,0.0,2.65365191490321e-05,0.0,0.0
2033001808,2009-10,Eastern,2.617358401213582,3.8276374877875265,3.343563914167727,3.6935258899054078,0.8719987938353596,6.674257756307053,4.371903759779855,2.97831220565075,2.3250058028658027,4.105956641749115,1.0761747610671275,2.779474847495605,6.230001993352652,6.465740491768772,2.15892433325115,0.0,0.0,2.529141157669083e-05,0.0,0.0
203300180804,2009-10,Eastern,2.631490625553503,3.8495483553484284,3.2930967227001067,3.310025820964715,0.7954817350015184,6.622672195341409,3.8760597121798144,3.1175578016265324,2.3665820412937286,3.9455498181460387,1.182995183067294,2.7729010882702028,6.501414512333088,6.594870287524577,2.146897575916257,0.0,0.0,2.0913264819782264e-05,0.0,0.0
2033001809,2009-10,Eastern,3.6571827074960344,5.208145127202283,4.784193585384881,4.1446515474740195,1.1425192606613532,8.652110371270622,4.169852539279926,4.282285764017612,3.4277749053390423,4.797817374278095,1.6738495303375955,4.110125799835953,8.277672307707824,8.391523780064826,2.9758167247377827,0.0,0.0,2.073974095539594e-05,0.0,0.0
2033001810,2009-10,Eastern,4.1372484702248045,5.530002720106087,5.179087352124763,4.429350096950638,1.2399614954378735,9.24087224687998,3.872292650235697,4.392845262006522,3.4657295268626265,5.174348700865569,1.6157036662676778,4.211825358896122,7.166017286145348,7.031862033676734,3.3954621359218833,0.0,0.0,3.9262270109656204e-05,0.0,0.0
2033002301,2009-10,Eastern,3.650123280517368,5.483361212464742,4.683068439293222,4.608197880364936,1.1198069428714186,8.856758058364012,4.571894540482302,4.355001639770544,3.450851572817068,5.306276502574107,1.8188013320928658,3.97643804117498,8.739972697671728,9.120806890434295,2.978792089546826,0.0,0.0,2.23193852042212e-05,0.0,0.0
2033002303,2009-10,Eastern,2.191797056887018,3.2896016255095284,2.9920904948686786,3.134063234568848,0.7061482899790825,5.369247304866888,2.630508650235492,2.5229266065237854,2.0766599475592185,3.3658392212895754,0.9225052636041097,2.21682006628131,5.466871688076744,4.9250516619698725,1.8980629973909502,0.0,0.0,1.8211019158504856e-05,0.0,0.0
2033002307,2009-10,Eastern,2.238187338638878,3.400294205759399,2.7515271941697823,2.664119590853349,0.5984285092091856,5.017619165345976,3.015032470919157,2.6102516776765894,1.9175915684265468,3.274774114642694,0.868545923655356,2.392526380176236,5.689509813669188,5.537202021686819,1.849795219089726,0.0,0.0,2.0840785846466615e-05,0.0,0.0
2033002308,2009-10,Eastern,3.2649167619811945,5.438987850338927,4.147434554148233,4.333736033499461,0.864460824311569,6.540610391905415,4.142666505243061,3.928288691137568,3.005514354544539,4.964885003435826,1.51722581048991,3.502207459737623,8.143861706273597,8.860533889745144,2.9608199274294638,0.0,0.0,2.3124869682979472e-05,0.0,0.0
2033002310,2009-10,Eastern,2.2878196879545283,3.0657907926936203,3.067829860535832,3.0770255044893187,0.8113099699026893,6.243897197255949,2.758588818160012,2.485671876118156,2.0290782235003753,3.303495776279118,0.8830562312899075,2.4001700473387015,5.384510653695637,4.8649985955283315,1.800188149173187,0.0,0.0,1.844167284551899e-05,0.0,0.0
2033002803,2009-10,Eastern,1.319384919314407,1.9323995309841229,1.7338448601720644,1.6503620304241005,0.3742694549232151,3.4189328953705385,1.4245507353000124,1.5411787154977297,1.206852748793447,2.006644780663236,0.5787650688971222,1.2167520688481073,3.13762083813331,2.7405363952880806,1.1358348808842722,0.0,0.0,1.3600552684186281e-05,0.0,0.0
2033002805,2009-10,Eastern,3.0250810850550636,4.873715557582904,4.099872878320777,3.901959560446181,0.812473231057561,6.592150810205324,2.84178801627341,3.652361254476865,2.955741078226064,4.510663230090036,1.4280622892746264,2.9455804846458746,7.142652611356806,7.054429572989184,2.7955104398181443,0.0,0.0,2.0497808183576377e-05,0.0,0.0
2033002806,2009-10,Eastern,4.570487837295739,6.7118566812338125,5.758587996936425,5.37561355271888,1.3099725250727317,10.853482198621752,4.072137719394766,5.286403412244166,4.563268830130716,6.8739500807049305,1.981422936490471,5.124738192455447,9.680122899596546,10.08340650053465,3.61006460273154,0.0,0.0,5.67659541650769e-05,0.0,0.0
2033002807,2009-10,Eastern,1.2845665306743357,1.9584034199973748,1.5938157438594545,1.5701322290891762,0.3496228415596621,2.949886766791291,1.5263585218582043,1.4625568859867295,1.1206499185696785,1.9611637974126912,0.5122716955849179,1.2286683125848314,3.1876320196343517,2.9659245221335993,1.11331884320536,0.0,0.0,1.4515305590268955e-05,0.0,0.0
2033002809,2009-10,Eastern,5.833116129404072,9.041227258039969,7.4629210699586075,7.012356686104779,1.425604701650882,11.346487791585554,5.668000635782419,6.595457229051121,5.526688103569261,8.187537884704511,2.5953570505208035,6.213382807340011,12.379036585579815,14.04638115285043,4.7173322427179345,0.0,0.0,3.4648496080414e-05,0.0,0.0
2033002810,2009-10,Eastern,3.5625404849000133,5.099870139394121,4.646650482022626,4.262371000470517,1.2044089988011875,8.588264024818626,3.4769737612599037,4.050512839811767,3.4931671956412593,4.832856510590987,1.7200124486978512,3.911111606654834,7.779603424293313,7.430115392788096,3.055673266036275,0.0,0.0,2.1433855823086515e-05,0.0,0.0
2033002811,2009-10,Eastern,3.2107499928211403,5.044116267015128,4.006620604602364,3.9388020486610755,0.9587195607975805,6.792387650538685,3.572402918711469,3.784473885199065,2.951240410157727,4.556968143431499,1.407137699639892,3.7119724187072833,7.9006923248246945,7.777020996411871,2.802559922572818,0.0,0.0,2.4554149021396096e-05,0.0,0.0
2033003302,2009-10,Eastern,5.009941343680967,7.3456929972243215,6.614839497148621,6.084353480755087,1.437935431208695,12.180212080927838,7.378026254067388,5.94690765681639,4.584634835035357,6.828289998972197,2.1508859198234704,5.7294894612366685,10.599315721286677,11.831158380728748,3.914426524936665,0.0,0.0,3.6480034301247216e-05,0.0,0.0
2033003303,2009-10,Eastern,4.134536758763725,5.09402959778062,5.670640490734967,4.781350081210874,1.221297251724873,10.619897851096756,4.171316347684679,4.429588469316241,3.5417020692236862,6.11934457229716,1.6164020186755224,2.8784766431536215,9.087720376552804,9.899749875802103,3.353312893611768,0.0,0.0,2.3051749314492822e-05,0.0,0.0
2033003304,2009-10,Eastern,1.0517971038742013,1.3635092465455023,1.3435665471270164,1.1904786391494147,0.28675012771085434,2.816822045286454,1.0070537133232589,1.1207371734449563,0.8797730493009369,1.5518865658235816,0.3594444235994773,0.8680327292536983,2.3698017062223222,2.184173759269391,0.8413681959097129,0.0,0.0,1.3102786077843401e-05,0.0,0.0
2033003305,2009-10,Eastern,5.957724280640503,8.503112163026456,7.952343977334,7.708313732854045,1.8405742644983871,13.286472167369006,8.36588399057042,6.877086152550628,5.358772630962972,7.870443982741414,2.4712838959391443,7.07246131396152,12.631432476803347,12.347196527305854,4.6239200537851906,0.0,0.0,3.0587891660176206e-05,0.0,0.0
203300330503,2009-10,Eastern,3.3538576759087646,5.152980296443356,4.037219259824702,4.358077333151455,1.1291948835876597,8.099854242955178,5.612741292776457,3.9534680415721932,3.1222861501626618,4.649524880583075,1.3614944650817071,4.753754063681886,7.851873047326126,7.055289419487268,2.5599433075011913,0.0,0.0,3.7316225381289606e-05,0.0,0.0
203300330504,2009-10,Eastern,1.9492839754444957,2.8275468240504953,2.361431757785599,2.3884160012984887,0.6068426739725186,5.241598278309546,3.0899672279706545,2.2492093946338962,1.704931826660422,2.790634604792746,0.7293926372487559,2.358239227777389,4.677577227673619,4.120301840485143,1.4831536666186895,0.0,0.0,2.4363107160032828e-05,0.0,0.0
203300330505,2009-10,Eastern,4.156049313027314,7.033511321554685,5.122903015984122,5.287755851860636,1.103695993962395,7.821253699642079,4.9323936176545935,4.969069544629688,3.836241774602946,5.925074483411427,1.8294111219547255,5.056561901758803,10.69248621969851,11.499647876541623,3.540447388036742,0.0,0.0,2.772704437143611e-05,0.0,0.0
203300330507,2009-10,Eastern,2.506830994046583,3.6256685488647773,3.223156524852686,3.158023070460902,0.8396219161727242,6.5380049115628385,3.464221277371903,2.997365609411124,2.3288694675805215,3.904701473982516,1.1774610397224103,2.3681052479690488,6.534960353758246,6.586701818201055,2.1822312946825964,0.0,0.0,1.963388562035873e-05,0.0,0.0
203300330509,2009-10,Central,1.8669947091892005,2.978765475060605,2.3525963441925843,2.501966702538455,0.5829177255566321,4.319123243791673,2.72436075038233,2.2706424687118507,1.9712494239165084,2.594564671651762,0.8546004717780851,2.328811427396174,4.388056074080625,3.746019790880934,1.5714199095968082,0.0,0.0,1.977698190215613e-05,0.0,0.0
203300330511,2009-10,Eastern,1.855001324554043,2.9288911783376568,2.2972625245518374,2.2399166437239373,0.4354052867668728,3.7586812655879234,2.231364831589131,2.109193191033003,1.592822000715017,2.725229976602477,0.7262965970356301,1.8280193813802477,4.283723306405112,4.477374699819474,1.5885352523777971,0.0,0.0,1.809868552546364e-05,0.0,0.0
2033003306,2009-10,Eastern,1.7793121320669671,2.6460540115815103,2.267048471056867,2.1399137642918786,0.48096962689027845,4.084691409420851,1.9416011081126385,2.05615411986124,1.599756777742071,2.6469575427846697,0.775077004062087,1.627603780587576,4.225763010208873,3.9194746717935796,1.5585197555975703,0.0,0.0,1.5280682991873824e-05,0.0,0.0
203300330602,2009-10,Eastern,1.0730673276043898,1.703806880506988,1.3641088840751665,1.2586951806483333,0.2797601210419172,2.50697951615837,1.47008145084391,1.3323922638327181,0.9611431239987115,1.5561060470890216,0.4362202758579721,1.27931149744601,2.8313181544728003,2.5421951927092232,0.8856635082536409,0.0,0.0,1.0795773913835058e-05,0.0,0.0
203300330603,2009-10,Eastern,3.5338925416333615,5.339383635592094,4.284274445351266,4.958234601730067,1.6249610788636022,9.88025661204165,7.016808636678086,4.3591461147475945,3.3054598300256655,5.175581381526413,1.4630568391306247,5.369134625554957,8.355346519441413,6.517630829390986,2.759528730088354,0.0,0.0,5.7037919291192e-05,0.0,0.0
2033003307,2009-10,Eastern,2.2128009393417223,3.3326392123115283,2.7237485317312746,2.863255035209991,0.679542960293275,5.818221422912681,3.7883424683418574,2.6156043264532283,2.0101005587713066,3.2600427161696848,0.9194407797994121,2.6980489284652784,4.937513472393975,4.745921148783667,1.7924641414568665,0.0,0.0,2.7045440643912877e-05,0.0,0.0
2033003308,2009-10,Eastern,2.4898058243397623,3.829414286119298,3.1142347707781317,2.967507754100031,0.631793503692285,5.085416628704415,3.1891813226854246,2.848931156089342,2.154811152341549,3.533512808931694,0.9791061219029102,2.545768738658036,5.590302277130429,5.8016790813829315,2.131016610685034,0.0,0.0,2.2028473746676515e-05,0.0,0.0
2033003309,2009-10,Eastern,5.90743802890534,9.581478078130555,7.511265909165989,7.368381017235929,1.549253949768809,11.833532822492012,5.223915933314265,6.943467298826186,6.018076931826345,8.975492771568137,2.7326864530119077,6.58320170136067,13.95210866422767,15.918182103271818,4.872682204772206,0.0,0.0,4.6314826331214545e-05,0.0,0.0
2033003310,2009-10,Eastern,2.6348829174640738,4.311120216116753,3.7751355662337347,3.818431546925957,0.7819516538571112,6.078706241081723,3.0038470151636747,3.2568215982781448,2.599514769850246,4.03723813724074,1.3088455329384794,2.8209929417410353,6.523393077286489,6.4493480878066105,2.2906178785701274,0.0,0.0,1.7213709528673018e-05,0.0,0.0
2041000201,2009-10,Eastern,2.247699957619439,3.8205591734263185,2.8484849432316866,3.0539260965286616,0.6122202054227462,5.099957022644155,2.75295958868504,2.833483677011305,2.235885369255065,3.545810856267579,1.0018712101326952,2.488636149447448,5.78014240459804,5.593917310846749,2.0246918485388887,0.0,0.0,2.3491668368757254e-05,0.0,0.0
2041000202,2009-10,Eastern,2.2373991537367526,3.615714225875836,2.8669733110651516,3.1064845223495094,0.6316238341514496,5.02806574633421,3.20345686645182,2.5766334161530184,2.113422427967304,3.28515516115682,0.8855529770690992,2.7473681333513627,5.240780194222613,5.635058245335307,1.8058650418083848,0.0,0.0,2.0539244553398346e-05,0.0,0.0
2041000204,2009-10,Eastern,4.123950550816654,6.4565629607730575,5.259635731843671,4.941269093064638,1.0574049835742734,7.844791607208053,4.655920677251684,4.75233053897644,3.859462492411468,5.5871141802535655,1.7329908283334354,4.661981445037431,9.201801699129886,10.388261637638507,3.4277772798689097,0.0,0.0,2.450813109034759e-05,0.0,0.0
2041000207,2009-10,Eastern,5.7551269088222705,8.453246472740476,7.302841790749114,6.78170289968359,1.7026880938019293,13.45831810857311,5.107524970835311,6.69420350496985,5.8236787939852865,8.544343455387539,2.571285803892922,6.562897844584626,12.150907342666605,13.197901288042626,4.539335946658736,0.0,0.0,6.257546465060599e-05,0.0,0.0
2041000208,2009-10,Eastern,3.037178196869705,4.895034909851065,4.0087760516543876,3.9442712500235535,0.8179495079220382,6.634807658320909,3.0436631063930863,3.6946509599264354,3.0610332194066996,4.538961179386063,1.3467985883609455,3.1723655786592757,7.942498034325951,8.218416902292866,2.573743034765176,0.0,0.0,2.1109775706811624e-05,0.0,0.0
204100020802,2009-10,Central,2.7619622996263034,4.413598518685007,3.42826957999922,3.63828192856188,0.9045686216308664,5.655883461134217,4.14650027558518,3.2456428292327346,2.801556976903562,3.7191603621523415,1.1687366448782464,3.5554286218120263,6.4400058856462445,5.38982850115666,2.3375348223164436,0.0,0.0,3.1382283445617386e-05,0.0,0.0
204100020809,2009-10,Eastern,2.166388174465709,2.9579025243537993,2.7778359321092587,2.6569337321226802,0.6774611165058599,5.886910398807842,2.685110705086618,2.505064545367386,1.9478033866574898,3.342206321270444,1.028088200874845,1.9423088844549463,5.324703562904076,5.533547269853083,1.7764070910614693,0.0,0.0,1.617621219279858e-05,0.0,0.0
204100020810,2009-10,Eastern,3.366163489252732,5.308793785501639,4.40672898407693,4.462751089166063,1.0406577415239993,7.7528265872793245,4.072004871687744,4.121814846735434,3.305081967776275,4.99864354103029,1.6056386429809923,3.7622236396971114,8.12281976099771,8.35626268765655,2.9817029564049173,0.0,0.0,2.4917941672907418e-05,0.0,0.0
2041000209,2009-10,Eastern,12.640683747756773,16.79366785321791,16.17979158464516,13.01777027432075,3.744313916223936,24.217645691581335,17.890573747276513,13.463830757466924,10.634555554651545,14.045842776370174,5.311135017039742,14.27558439683269,18.28101170842497,23.169256547779362,9.714704324191842,0.0,0.0,8.487347955068226e-05,0.0,0.0
2041000210,2009-10,Eastern,3.707137950305047,5.108641379829,4.959733248700526,4.8651295317057635,1.0770911055835604,9.168754477386715,5.032687382006114,4.019579225337821,3.299154528778827,5.3726859140000975,1.4541306597386097,3.78302106014558,7.413881929742774,8.04914785385211,2.8641547389109028,0.0,0.0,2.816391368626093e-05,0.0,0.0
2041000603,2009-10,Eastern,2.204981002941129,4.422019885191986,2.833070203131981,3.303122054562628,0.5400649266676067,4.6403853129848995,2.8878927893019495,2.894050715970578,2.268055030159681,3.7389756465956503,1.0255693539871078,2.7080760639742727,6.278098164354008,7.6794424639695205,2.081511878668622,0.0,0.0,2.40662046616722e-05,0.0,0.0
2041000606,2009-10,Eastern,1.993065319345359,2.8776572773909996,2.5687311952195477,2.3666159522350507,0.6277122854318755,5.1539317715115995,2.5189982453199566,2.4257675865196666,1.8453164971454645,2.763067340474084,0.8810570998201953,2.318038314080196,4.866404217604362,4.813612824782346,1.5826211507844212,0.0,0.0,1.5193052183479919e-05,0.0,0.0
2041000610,2009-10,Eastern,2.4866650969476325,3.765988590813444,3.1652453173069297,3.0962286164992494,0.7088729576493528,5.8442193295834794,2.4958172886798047,2.870758880079012,2.393482262729669,3.752024355974539,1.1281853941702675,2.426744097734557,6.0813311673628965,6.142380650216314,2.118851133583692,0.0,0.0,1.8519692191339006e-05,0.0,0.0
2041000611,2009-10,Eastern,2.0005761942666087,3.0809376788740215,2.410696832068645,2.6246207381843205,0.5819036040379699,4.953504597474318,2.867595258987322,2.337325475047877,1.8117131897804022,3.0507130585579416,0.8822441650667163,2.315315773723018,4.916988306080972,4.864981402618575,1.619356996107913,0.0,0.0,2.0123064690387457e-05,0.0,0.0
2041000901,2009-10,Eastern,2.661042198984826,3.589562135767292,3.4431574807039715,2.9848527113553667,0.8542827334530678,7.23216969924517,3.22105854979721,3.07243661980902,2.4104726880071983,3.695370226421401,1.153710320139245,2.6381296878453044,5.963100149202876,5.675235467195076,2.1604285367438716,0.0,0.0,1.9180027798025203e-05,0.0,0.0
2041000902,2009-10,Eastern,2.1565846635590917,3.451821693270211,2.6227529025559315,2.614360097669266,0.6230852448668122,4.720711951006879,2.5039619119846654,2.563989285423034,2.06282711840016,2.977678608887561,0.928717789570229,2.6698701731460255,5.403571870190511,5.360144277439166,1.8057779201146897,0.0,0.0,1.7462128535885176e-05,0.0,0.0
2041000904,2009-10,Eastern,1.8390887031131518,2.7919620266944647,2.2661494233391455,2.479461354947481,0.6326823930550869,4.645353501585878,3.0809877994055936,2.1327938936864834,1.6853184480182954,2.478717743009181,0.679194418635051,2.853089484191448,4.546353091277829,3.695748351662904,1.3791539023535822,0.0,0.0,1.7023405532792872e-05,0.0,0.0
2041000908,2009-10,Eastern,2.789883392672841,4.376033045749308,3.486805087616775,3.634531855808812,0.798177734224698,6.861171754063213,3.8062344274575124,3.342401296032337,2.600670223028056,4.349696421878886,1.2341087914410864,2.996764717606651,7.312262611654403,7.620185236647268,2.286839361735717,0.0,0.0,2.361742167552826e-05,0.0,0.0
2041000909,2009-10,Eastern,1.729490311005887,2.693959169183113,2.1529727491957464,2.2334115219990758,0.5268813123676848,4.310929348093314,2.2697365088424046,2.0752346497464336,1.6337413841760402,2.483681823895629,0.7357130551701271,2.2176354676146497,4.176202396522751,3.7455543985002224,1.417354585321987,0.0,0.0,1.7744306403124496e-05,0.0,0.0
2041000911,2009-10,Eastern,1.7489783298807777,2.5886451628146365,2.20646196157036,2.469144842684067,0.5848569100795517,4.385873732661708,2.2632832598601973,1.9378380624598839,1.6106378369248622,2.592075109074993,0.7797234869077682,1.997972976533695,4.295421149243745,4.478586310199501,1.4036499470919759,0.0,0.0,1.4094099711685166e-05,0.0,0.0
2043001201,2009-10,Eastern,1.2275410923901722,1.7084889533086458,1.5385964265884378,1.4289978164011212,0.31624214076377055,3.256060962431139,1.5769672345612848,1.3861813410109076,1.0267492948419323,1.900822194394672,0.48531563719662424,1.0223732752485983,2.927883864254476,2.8253843992113303,1.0118303840926035,0.0,0.0,1.35972469224887e-05,0.0,0.0
2043001202,2009-10,Eastern,1.22925094522628,1.6198212801470648,1.5858102085346386,1.415356039780332,0.36940599745913355,3.506098333041161,1.4695646461944918,1.39059850179803,1.0546722486630724,1.8642874588015665,0.5327070621153636,1.025161460447321,2.9201967066299535,2.654040654042678,1.0185414148252538,0.0,0.0,1.2190532935194126e-05,0.0,0.0
2043001204,2009-10,Eastern,4.242686861366337,5.503753850083967,5.5472797545673,5.4016139401858,1.4355721781661706,10.995034077655783,5.257193984134278,4.477574527451866,3.772815348126094,6.1937297387817685,1.6404990708710392,4.244020777681163,8.103968267292453,8.563960809026355,3.1760361874112677,0.0,0.0,3.9614076256285056e-05,0.0,0.0
2043001205,2009-10,Eastern,7.340168868594372,11.376103724174596,9.366622679293414,9.303581104924637,2.34252087832139,14.786540313602927,10.29628911532898,8.80509042357897,7.010835386901032,9.742197688140378,3.357359353659167,9.633548641580402,17.804851937271447,19.73268905271331,5.778915969086796,0.0,0.0,4.3098321092998943e-05,0.0,0.0
2043001206,2009-10,Eastern,3.9798446145638198,5.803605180339784,5.216014163900602,4.514202400210848,1.0105977748150083,8.076101124289428,3.8970928298977845,4.560129924653166,3.4985646582555407,5.575285013860456,1.6737801851006875,3.4769526335788212,9.0654366229031,9.279378145204014,3.4942315297564526,0.0,0.0,2.0969549706693212e-05,0.0,0.0
2043001207,2009-10,Eastern,1.9446517067215436,2.931847954701627,2.4079005578628956,2.3604248616934638,0.5695983443955771,4.572206657018376,2.3170804705302763,2.2319422755770666,1.746647246582113,2.8535703006440376,0.7942825246535302,2.0566307699975512,4.736180510494057,4.354541273207243,1.6351309484335028,0.0,0.0,1.8412811866526815e-05,0.0,0.0
2043001209,2009-10,Eastern,3.6342701528400214,5.510759304926122,4.874218008164711,4.045113539154246,0.9103336554201844,7.613412998062127,3.4674771871975305,4.320366880840051,3.348313335094116,4.971562601832743,1.6559608041089424,3.5191073793345584,8.421821947484698,8.290568501245154,3.1848128319474154,0.0,0.0,1.832797002723219e-05,0.0,0.0
2043001210,2009-10,Eastern,1.5742384366254056,2.4424359484445604,2.0050040489796896,1.9823099994228868,0.41926513465169235,3.8456627645704256,1.9160677437297522,1.88976795971903,1.425514806395935,2.4054402099973133,0.6879144746597572,1.6024437737114239,3.9378097115931845,3.5583605325903718,1.3415882183265244,0.0,0.0,1.5560785512659286e-05,0.0,0.0
2043001212,2009-10,Eastern,3.3608943637665174,5.0622722690815545,4.345031892944138,4.12328755104367,0.9626800621278461,7.618853179573326,3.0146388264089183,3.8253242843656183,3.1137229346944073,4.8828432416133065,1.437332202409604,3.2930268895109385,7.672750770520603,8.03115860460517,2.905466513722638,0.0,0.0,2.6680895767511726e-05,0.0,0.0
2043001401,2009-10,Eastern,1.7667391058232988,2.4643351798012936,2.245884636996334,2.032231663183123,0.4120183940656573,4.220689910996312,1.639506485335741,1.9232030438029226,1.572628218460471,2.7121469929027096,0.6459209263229843,1.4766065201311962,4.054185034814417,4.255838517289512,1.4063310343547442,0.0,0.0,1.7230080756666355e-05,0.0,0.0
2043001403,2009-10,Eastern,3.6592848134896907,6.2750348457361085,4.744525355642941,4.930689400462206,0.9573425634933161,7.254364368158024,4.436081960458335,4.53584350808757,3.502361268148728,5.612787451862239,1.761968293227887,3.8868963514511186,9.400905468240326,10.269020667168231,3.3755890907632216,0.0,0.0,2.3505392459380555e-05,0.0,0.0
2043001404,2009-10,Eastern,6.293526278044209,9.888212329218229,7.880215354380049,7.242212546088964,1.595923905194778,11.302420656068444,7.848603335972418,7.172302400457773,5.620724644454264,7.931333972051883,2.6887369971541784,7.475926974111529,12.490779232617223,14.917177336025789,5.174721051111793,0.0,0.0,3.961279017469336e-05,0.0,0.0
2043001405,2009-10,Eastern,3.3913644306340984,5.7729502506488135,4.3524017493822935,4.3286935317270245,0.8188906644496396,6.632770204250083,3.4336180262044538,4.005745164142697,3.122340716880329,5.033959110058595,1.5609302780501748,3.5831450269895933,7.972374048762164,8.75471643410302,3.086410421121789,0.0,0.0,2.28340873657235e-05,0.0,0.0
2043001406,2009-10,Eastern,2.847428124630409,4.1754188128155985,3.6850413925887953,3.4435533979640285,0.7549245870149638,6.538178133438514,2.717175479592096,3.2589773225420706,2.6119631281742595,4.437048197030866,1.248093237657292,2.2935217894724236,7.105775664066267,7.396327019836897,2.4891613192680957,0.0,0.0,1.9489971803821763e-05,0.0,0.0
2043001410,2009-10,Eastern,3.1823389798292676,5.179683953665476,4.138332896825266,4.132628898137335,0.9050342633418602,7.2282552726013325,3.501589494410033,3.8606177287062886,3.125279838489234,4.654107152771722,1.4450273343649382,3.6671391122894055,7.118276638654808,7.317313172820095,2.833319434548719,0.0,0.0,2.7846130474468243e-05,0.0,0.0
2043001411,2009-10,Eastern,1.7921503465615611,2.675758174804295,2.2541939025981987,2.0971641226830764,0.46462424653234696,3.790346288303945,1.7274862345216213,1.9882966188933011,1.546152734727529,2.546046470789555,0.7153302776977807,1.7023565158685827,3.8813945945183828,3.7403960100670415,1.6084564907078733,0.0,0.0,1.750143426369764e-05,0.0,0.0
2043001501,2009-10,Eastern,1.1846196177014428,1.7543159173770693,1.5269058458655331,1.5617754596765898,0.2944206406180517,2.7899581085417786,1.2549453800853547,1.2812207334895422,0.9929248606204122,1.8371923971490884,0.48057197108122124,1.022018207434493,2.7571756442588216,2.596755398041891,1.0144283384197952,0.0,0.0,1.1940812495341544e-05,0.0,0.0
2043001503,2009-10,Eastern,5.201450078697044,8.972926170454956,6.903478438437939,6.981107736648328,1.444113730514739,10.741221080858589,5.022622135246222,6.466084433069522,5.37031100640138,7.833384095220694,2.5413003583098903,5.753827203600005,13.167932108909124,15.564580476032267,4.630729487163633,0.0,0.0,3.336610835956581e-05,0.0,0.0
2043001504,2009-10,Eastern,1.0435177102995257,1.4732453733926645,1.2932152418807141,1.4018413041788225,0.3127735487416713,2.7914908690962803,1.4399592184321788,1.117477348561154,0.8755101475229684,1.6055799741976795,0.38435790353276356,1.0761884059861466,2.5028202631782297,2.3946632771464156,0.8169014205422163,0.0,0.0,1.3435923550755692e-05,0.0,0.0
2043001505,2009-10,Eastern,2.3999501690876417,3.5271917892339415,3.035050326132419,2.944133018466643,0.7629965336559321,5.73679549933321,2.6762846746175084,2.8138334325736043,2.2478829595682788,3.5750918587744387,1.1176760291755032,2.3230829524691394,6.144065995347588,6.056030433665279,2.11446184388236,0.0,0.0,1.8283616968285605e-05,0.0,0.0
2043001506,2009-10,Eastern,2.285631520238989,3.3503236620018546,2.848025824815452,2.6606471270715852,0.6994077912245522,5.479856538674414,2.270137438259823,2.557801822842095,2.110736121295141,3.113746130327723,0.9600317102436681,2.5425346021340736,4.619611080759133,4.183638674286313,1.9835719933674696,0.0,0.0,2.2613475210250848e-05,0.0,0.0
2043001507,2009-10,Eastern,2.189901137057239,2.953037288366479,2.8187056581805296,2.4940666520011883,0.6689181539235941,5.806793917590294,1.8073794670017955,2.4035706765318348,1.989912942677467,3.2602072837713463,0.8780631264404534,1.877461121878406,4.682149867821151,4.402765410154646,1.8955095696428075,0.0,0.0,2.416309211381772e-05,0.0,0.0
2043001508,2009-10,Eastern,2.5850010897354565,4.250552410184302,3.3529838740227174,3.460974594169653,0.7099168392603051,5.6775193274364675,2.814528967780107,3.062901051848133,2.435609176780905,4.062761350857302,1.2587712630092955,2.560003190343458,6.6178667474767545,7.047094856399535,2.327034523808119,0.0,0.0,1.8132274166983257e-05,0.0,0.0
2043001509,2009-10,Eastern,2.641147765798705,3.957806143060274,3.400047758859352,3.3751063391150185,0.7802162256842312,6.0882013041689875,3.816795698046003,3.153463769445275,2.374314129229962,3.947498481685018,1.1664723494546925,2.7662610720295397,6.615977919412792,6.445145762641399,2.250585642972728,0.0,0.0,2.0189892269164447e-05,0.0,0.0
2043001510,2009-10,Eastern,2.2100547044648353,3.283722352540303,2.812207919643694,2.896087758076389,0.7269044988275924,5.452110816766904,2.8994807661786655,2.5778187842580107,2.0113265000036393,3.2514312339040456,0.8961000045519623,2.5661956970627706,5.525564406234939,4.916845670565755,1.8199067458076372,0.0,0.0,2.2079828352816034e-05,0.0,0.0
2051000105,2009-10,Eastern,1.4114752165786606,2.0206393755139485,1.862104538325233,1.9670222528222976,0.44257946475960347,3.693118826695238,1.6022667848436167,1.5310442800986561,1.2532736174874686,2.196542608040892,0.5902709830878299,1.3196713659915873,3.393104588502018,3.065126158614331,1.185922359624444,0.0,0.0,1.3875512820964523e-05,0.0,0.0
2051000106,2009-10,Eastern,2.684063476274408,3.737105863459987,3.5097922404245554,3.599205260138114,0.8834900058736143,6.947413924708207,3.295650176558131,2.8968216641632134,2.346769842580486,3.9797385188306333,1.0297952401805088,2.6879226728689916,5.558864387130424,5.694729814748941,2.171183624713408,0.0,0.0,2.748502891790199e-05,0.0,0.0
2051000108,2009-10,Eastern,2.3631091643249635,3.385809665457975,3.0605899346526493,2.973949805034807,0.6734455647854454,5.66525333193386,2.860538576892225,2.738895477302477,2.113758494487932,3.6660162784260177,1.0737799761224478,2.1455058107996083,5.889231738577251,6.192058794592948,2.0227295195964836,0.0,0.0,1.7772976638973827e-05,0.0,0.0
2051000109,2009-10,Eastern,4.981651379878009,7.876192187871886,6.734420191495444,6.846744761066453,1.3311366533168687,9.951940141478222,5.3490689268786555,5.75181224043433,4.733034961925272,7.911218986216089,2.2143314347576006,4.366938274341899,12.09862736027787,14.365117967670932,4.450048245742441,0.0,0.0,2.7615453694971073e-05,0.0,0.0
2051000110,2009-10,Eastern,6.643663959434294,8.594450224304406,8.922799606925794,8.444289538652646,2.3697239050537444,16.77012580034714,8.171831095777478,7.148535001860643,6.120021557839733,9.440007294668655,2.7688702699266847,6.837514079002142,12.6366909676515,14.412627091721932,4.943478273660024,0.0,0.0,4.7729585300785327e-05,0.0,0.0
2051000111,2009-10,Eastern,1.8092042183701826,2.8028500466498945,2.357916153226221,2.2743781698055545,0.46645618271931205,3.9522913898065553,2.1273207025764074,2.1031510209404454,1.6001935729907555,2.793765397529879,0.7594376498847473,1.600313061366555,4.26845058259198,4.282101232967585,1.6726164383334858,0.0,0.0,1.7170440572956762e-05,0.0,0.0
2051000112,2009-10,Eastern,2.888591628827983,4.6568062778858135,3.489323278837403,3.7421800706080903,0.8645072148079352,6.149524488085003,4.190830322022605,3.426559478245586,2.623343043288948,4.127926309995219,1.1767586765991533,3.7791639986594405,7.1349210541405075,6.7947403078804705,2.3642517776734877,0.0,0.0,2.9884054402073348e-05,0.0,0.0
2053000401,2009-10,Eastern,3.4107760013401878,4.873591287480004,4.227604694805088,3.864555413456286,0.9275918606667495,8.023801661885164,4.799190324995668,3.830655979978002,2.9453054406844292,4.468905960151377,1.3098303439199046,3.893494624213649,6.909670358862631,7.006359216905059,2.598439120975242,0.0,0.0,3.0070633588133458e-05,0.0,0.0
2053000403,2009-10,Eastern,2.032832065036011,3.0559551107607965,2.565401705338116,2.4742669571950975,0.5549877958385288,4.795183338148701,2.4846392070301926,2.4224010403701093,1.8199875343300942,3.021442579672342,0.9131848964620742,2.042683247212781,5.076798702893512,5.052975468049784,1.7086059356102468,0.0,0.0,1.5977582979553998e-05,0.0,0.0
2053000404,2009-10,Eastern,3.708655948360592,5.868467653567389,4.997008399668204,4.825047214524251,0.988726145166253,8.22152223762371,4.519712963849741,4.712181066191558,3.439184299800901,5.275372098346069,1.6637538023488423,4.269632837035671,8.310883762179936,8.493780087449883,3.0848460589175204,0.0,0.0,2.2281558401179878e-05,0.0,0.0
2053000406,2009-10,Eastern,3.186556771472523,4.705274348023467,3.9419519409976416,3.7920322668111295,0.9788876648531302,7.344487473005612,3.8191721783298807,3.6835963696368657,2.9083922972345846,4.366768257958223,1.3977479738604808,3.667681753507585,7.082913295918885,6.9375957854404735,2.67156031203617,0.0,0.0,2.459390062364155e-05,0.0,0.0
2053000407,2009-10,Eastern,2.806977498861899,4.222078237992804,3.668741924754505,3.5700250353173453,0.8601521962079115,6.683195262069866,2.9980284585534394,3.3029481092073047,2.702006209302916,4.335040883409161,1.368330033039906,2.6473284597880915,7.118866429702635,6.937354450123098,2.492973822639226,0.0,0.0,1.935445450073976e-05,0.0,0.0
2053000408,2009-10,Eastern,1.4318382160688377,2.0497953911795865,1.7560534771309082,1.6482925286935761,0.39004425468084153,3.577590675526479,1.5929446961359186,1.6011046405884162,1.2340488080849314,2.0919902955878666,0.5957092068119425,1.3734965671239192,3.274681478722419,3.0012901619556733,1.1987735763433072,0.0,0.0,1.4443473734449196e-05,0.0,0.0
2053000410,2009-10,Eastern,2.7918391765006736,4.019482556728871,3.8461596199729944,3.2583177745799596,0.6433596319642546,6.474964446106835,2.8587348509084585,3.2459878044894004,2.469551142896755,4.312707294856053,1.1762910530413502,1.9538180895384505,6.478257365385824,5.689579168639276,2.512277785771778,0.0,0.0,1.542968851808754e-05,0.0,0.0
2053000903,2009-10,Eastern,2.2411137444549984,3.4906916475201206,2.816167567856956,2.8562536530431437,0.6398645260051233,5.369513642384652,2.9980419354154533,2.7150855460341514,2.02121826735406,3.4911092415389753,0.8932806513070696,2.3479734827499428,5.95166451901461,5.470562828833443,1.9142381127925927,0.0,0.0,2.4198853347538277e-05,0.0,0.0
2053000905,2009-10,Eastern,4.405722062900765,6.927190640205208,5.832869307619381,6.485578866846174,1.428813147703095,9.566331415184766,6.812169438894764,5.093872805063481,4.1141848310567,6.718575971461354,1.879713144791214,5.012173699308865,9.685758450287459,11.234359307674932,3.748834134466166,0.0,0.0,3.5876331671740555e-05,0.0,0.0
2053000906,2009-10,Eastern,2.1940144849984553,2.8801271622928284,2.7975884810054876,2.896209805284959,0.8926814678937434,6.730035754326444,3.061698814641506,2.4023360698406044,2.0349125522026292,3.3150789223656716,1.0328232673673052,2.316390540056883,5.4068178104200975,5.203180095932093,1.7351224754208343,0.0,0.0,1.744569793846461e-05,0.0,0.0
205300090603,2009-10,Eastern,3.0809558487399435,5.509684690663966,3.8396784768205303,3.836194039505647,0.6772219446691692,5.199882661146801,3.2905436655526814,3.6173569753094252,2.7252218200754807,4.500442429838643,1.33306579393106,3.1756147513862456,7.373944573273781,8.591879613539998,2.935999737116326,0.0,0.0,2.133109696834994e-05,0.0,0.0
205300090606,2009-10,Eastern,2.657182200562627,4.287591070052704,3.202943630886394,3.4454459294593023,0.7887339081762795,5.6881269509843095,3.864126024914476,3.1474109801618537,2.401191453825384,3.819933415968738,1.0724863085175511,3.4579116360981113,6.571585298700335,6.214353520744087,2.1773905953511483,0.0,0.0,2.8859010636744814e-05,0.0,0.0
205300090611,2009-10,Eastern,2.7910977220234265,4.209086991099576,3.5873794560834202,3.4092336149708604,0.8374550070476791,6.15595748639747,2.906203933848298,3.2279355199625464,2.595289633038653,3.899512236226476,1.324783583169431,3.045440603814477,6.156573785202496,5.516078509163484,2.507803307130763,0.0,0.0,1.8648637152476062e-05,0.0,0.0
2053000907,2009-10,Eastern,3.801656103864645,5.94221123171486,4.790973262028098,4.650108327227399,1.1499610378563838,7.968732319493917,4.205165672343449,4.499341437282864,3.534909106382119,5.329829504870342,1.704800936881709,4.419902541987393,9.3417561796031,9.428738651546691,3.29850352705946,0.0,0.0,2.6277442853522722e-05,0.0,0.0
2053000908,2009-10,Eastern,2.132668746809603,3.2188646407410486,2.584303258933436,2.6454242836397426,0.6688152273257012,5.187461677257978,3.064474490603392,2.5716301808069337,1.9043802572909154,3.0602659021714445,1.026108350190611,2.6597874182934977,5.486334713702705,5.223896897974666,1.7072203184825372,0.0,0.0,1.633055358752894e-05,0.0,0.0
2053000909,2009-10,Eastern,1.6920294710993107,2.7594658410867,2.172007248058464,2.1300682868316314,0.3870800618517546,3.656012810670193,1.826565705932315,1.9844234603564888,1.5072894727286632,2.655491772546307,0.7211539783068579,1.514937063078995,4.117050216528636,4.110347847568135,1.5259697672703378,0.0,0.0,1.5679681045603874e-05,0.0,0.0
2053000910,2009-10,Eastern,1.2123603894732915,1.9990301280929565,1.5263642846185201,1.719815801970594,0.3264174706992959,2.7396426150742728,1.6015130794316177,1.4004520880878513,1.1169455111970361,1.8990511731966466,0.497180063998416,1.3269298163938368,3.0979957620072245,3.1290539967096316,1.027413841561575,0.0,0.0,1.358089204888074e-05,0.0,0.0
2053001302,2009-10,Eastern,3.4625072721796126,4.73173542288795,4.379331419480542,3.8108771562616615,0.9784319007957486,8.23727506115984,3.888241355321682,3.83692388001852,2.986100906176318,4.513147088432948,1.3377081515974367,3.5917362740155436,7.068830068525921,7.088227265746299,2.6976264365803293,0.0,0.0,2.638378320108346e-05,0.0,0.0
2053001303,2009-10,Eastern,3.0505432767414677,4.526769692569166,3.9743434822988997,4.210955566784691,0.9268445988937629,7.033655076785097,3.816543836046616,3.416291684894599,2.7209877111513747,4.698581596039521,1.3342370424884074,2.976042002903993,7.535996833348528,7.646984804388664,2.5789262546998595,0.0,0.0,2.017057868357138e-05,0.0,0.0
2053001304,2009-10,Eastern,3.896522048855151,5.546385077002336,5.065994961027526,4.479440238016507,1.1262243704499693,9.02707153106858,5.31284053730724,4.601039676627459,3.463486239719328,5.504904036045418,1.625855983713815,3.861689038646054,9.77854359454236,10.088299610600085,3.140063326575432,0.0,0.0,2.384645311364623e-05,0.0,0.0
2053001305,2009-10,Eastern,4.086390845103062,6.714335766968884,5.58733720232288,5.126581009386111,0.9837465194898753,8.46937340949259,4.776283943899936,5.173363772318086,3.899115990911794,6.237751160296884,1.8711230026876524,3.6663167418557174,10.26462621350379,10.935431163322953,3.6625116962477064,0.0,0.0,2.234435229666292e-05,0.0,0.0
2053001306,2009-10,Eastern,1.594140056541614,2.2472093035466756,2.0041677210111835,1.7414902968628498,0.41850221480186334,3.899298214038464,1.8427100550419513,1.8588308932408542,1.3749748426198705,2.319673476706751,0.6889483154736354,1.4201447291301517,3.879068913874481,3.5544185020994266,1.3488640269235348,0.0,0.0,1.2778016403414197e-05,0.0,0.0
2053001307,2009-10,Eastern,2.4497239847562233,3.3887566425950824,3.0922214517569984,2.8873070021399174,0.8888350441527839,6.80784687318444,3.036703612380627,2.82798863041231,2.292297199378384,3.4491638258241957,1.0815221027418773,2.709622976172736,5.853471316120095,5.308881484434581,1.99738326182344,0.0,0.0,1.9915987150529855e-05,0.0,0.0
205300130703,2009-10,Eastern,1.783535175027487,2.568521296897822,2.2161747845625226,2.3246706324864,0.5906063110688152,5.142047563970573,2.502789257122773,2.1323008103197703,1.692212597574514,2.9350552556731118,0.7718057191545789,1.7878452807551084,4.766935927661267,4.485517739285033,1.473390793231966,0.0,0.0,2.1630522494963732e-05,0.0,0.0
2053001309,2009-10,Eastern,3.8778977623607607,6.038085438539813,5.423038438965029,5.321632084966981,1.227495033749006,8.873112512037755,4.4060832864592445,4.64014518622602,3.9008669045233284,5.723317731923718,1.9396571519515986,4.0242034040645285,9.544897455187298,10.353959564550514,3.3788539207540444,0.0,0.0,2.1253527637908915e-05,0.0,0.0
205300130910,2009-10,Central,2.0021396401563263,2.9855693415354154,2.67511185154176,2.562293341628481,0.6577162678847189,5.229938887850063,2.6309987030651296,2.432206077311471,2.05757118690318,2.9419292590021895,0.8718801464939927,1.933626376995645,4.814266171049859,4.177192475579055,1.7429206794086447,0.0,0.0,2.1805194347076154e-05,0.0,0.0
2053001702,2009-10,Eastern,1.554917393531457,2.178382045576295,1.8612741339421977,1.8522125766948037,0.5150596172787129,4.347457018272899,2.157428094506628,1.7751374180616213,1.3822644787436196,2.2879781610301766,0.6609149268041251,1.6906056516126058,3.896474406257506,3.503959409115888,1.2347000673200454,0.0,0.0,1.600437855145192e-05,0.0,0.0
2053001704,2009-10,Eastern,2.2997444335703,3.3619388699230344,2.8879289892559004,2.669174654557769,0.6401475812202292,5.2800848605438695,2.652391284745665,2.6056421172867896,2.0264980025827137,3.218041638806373,0.9203355117811828,2.3572309759146575,4.98473976732041,4.783115824897489,1.9454840946368015,0.0,0.0,2.0925973761958427e-05,0.0,0.0
2053001705,2009-10,Eastern,4.764219225649873,7.8421034021359874,5.94671242486071,6.188404161415331,1.4229093324916586,9.082524611550378,6.2969367366438975,5.730756139860036,4.47186053284055,6.694465901598234,2.1075316007910128,5.973242882829606,12.090949653792435,12.891230982692644,4.080305990354478,0.0,0.0,3.25926140401103e-05,0.0,0.0
205300170503,2009-10,Eastern,3.5939752190962886,5.610212429084174,4.974794031297545,4.994117698084395,1.1233232006762341,8.075961105690274,3.88090242101138,4.2084929292597995,3.480997865865762,5.591977549667339,1.6728354996937136,3.3511764205594097,8.563715418100042,9.02745183911903,3.3731462225561017,0.0,0.0,2.2748739026824308e-05,0.0,0.0
2053001706,2009-10,Central,2.148526485274816,2.816640558428675,2.8009218254952817,2.631233893584628,0.854472770408771,6.262767798374471,2.682688168542475,2.449727697366614,2.202817039027975,3.087011554401504,1.0108805362329865,1.9862417558064107,4.982313608963097,4.432092086721515,1.794578426523704,0.0,0.0,2.0528631318064517e-05,0.0,0.0
2053001707,2009-10,Eastern,2.290329150224094,3.44487909450592,2.8611691049058843,2.6788355818884058,0.6543282695252042,5.117712742165055,2.241522082232986,2.5819360491653573,2.06990936073608,3.1709312500916536,0.9699470418229262,2.4508921488414677,4.82865757167688,4.529035984602085,2.0346766033179966,0.0,0.0,2.0913427208331808e-05,0.0,0.0
2053001708,2009-10,Eastern,2.2971067072255114,3.531008587050804,3.02823294028403,3.160628244570081,0.6487511991587971,5.539979020928213,3.11001761158226,2.7010564172814324,2.1186827032738518,3.723707359760427,0.9751318197072847,2.0222016667744667,5.914009502290882,6.036911233733792,1.9944523282453879,0.0,0.0,1.8665275065302453e-05,0.0,0.0
2053001709,2009-10,Eastern,2.0307876089315218,2.7744410250971208,2.636159213675527,2.5086113906139538,0.593131996503335,5.3168325899082935,2.471312404932275,2.2493074093168217,1.7876488071096068,3.12721068026164,0.823570702584868,1.7004608367205258,4.873106779951678,4.9029404404390124,1.6718010139744632,0.0,0.0,1.6192009518930156e-05,0.0,0.0
2053001710,2009-10,Eastern,3.483447063482037,4.5367554824380205,4.636911518048174,3.9367032628435163,1.0467954788016023,8.703611732189206,2.9609421899543475,3.780842538158239,3.1456594458226395,4.840992429041769,1.4408527736781278,3.0168520544365527,7.050265022290121,7.040186638866875,2.920343436761585,0.0,0.0,2.4211094539530456e-05,0.0,0.0
2053003001,2009-10,Eastern,7.060038761414437,10.341813002219718,9.04179004643574,8.323204266424568,2.1422254705804664,16.295370762650297,6.238399912003833,8.24894982322777,7.225203310670269,10.356186072937204,3.239223275807226,8.12573315744848,14.858036331823353,16.850971734185066,5.5491869285389,0.0,0.0,6.805857414412492e-05,0.0,0.0
2053003003,2009-10,Eastern,3.445171964926156,5.78678876825637,4.299733694408191,4.849636411908776,1.054085792595587,7.892724490197077,4.953661789412679,4.231228908428743,3.3728854450014096,5.2187593407558195,1.5268125693349106,4.668090866692365,8.856355660527257,8.632592017020743,2.8128402620104245,0.0,0.0,3.296379907756578e-05,0.0,0.0
2053003004,2009-10,Eastern,2.165904207468626,3.3222051723777275,2.870999507279354,2.7539040993986315,0.5481375195540381,4.622876646376564,2.3710087341614576,2.51217333086001,1.9083642593357895,3.339584516786796,0.9434216454960141,1.8686656598243605,5.245629198383757,4.908258800507249,1.9585897827423382,0.0,0.0,1.606244699751654e-05,0.0,0.0
2053003006,2009-10,Eastern,2.293419547711463,3.8686578499781534,2.9235434323427523,3.094263117518023,0.5799592563803059,4.892805302562614,2.835756482992458,2.8165334717920647,2.162411168974497,3.4499652019367755,1.019235401623022,2.6151418374149222,5.4589639836203,5.367441414765974,2.0015783508021925,0.0,0.0,2.0349443494571184e-05,0.0,0.0
2053003007,2009-10,Eastern,3.2085269597195456,4.338157211094488,4.363175236599728,3.973238854434198,0.9828082001068659,7.664377953439733,3.502597345283627,3.5140606460650687,2.8755582193278175,4.8119280813977925,1.3176053941183472,2.549038311493697,7.3041598341162235,7.6140239322675285,2.7537183543326265,0.0,0.0,1.904440382727566e-05,0.0,0.0
2053003008,2009-10,Eastern,1.595111722000736,2.4785775770570044,1.9979347169248398,2.0035979679237053,0.4524212981045362,4.027403983353725,1.9825770989599003,1.9007697161511936,1.4884799685970898,2.448016116631079,0.6872104054322753,1.6674429642131965,4.0690394744675755,3.968608111315862,1.3440757724031582,0.0,0.0,1.6154883344446328e-05,0.0,0.0
2053003009,2009-10,Eastern,1.461395929974721,2.035413465709828,1.9423219020409772,1.8477628430997315,0.4606368571967272,3.991630305739585,1.9308658607910114,1.6913543792568713,1.2874372682031607,2.293504992639552,0.6964907599028325,1.3136361658541216,3.631321344468704,3.566340643278492,1.2146541481168307,0.0,0.0,1.193346798380445e-05,0.0,0.0
2053003010,2009-10,Eastern,2.1871651879068446,3.0926175076961,2.802505207434026,2.8841356629454054,0.6804864188512804,5.491811836677504,2.6058265650338157,2.345984422264366,1.971716691956988,3.2600608941370917,0.8602657042606083,2.275831893956875,4.925272503456709,4.685969223669971,1.7481839981967144,0.0,0.0,1.901766419094931e-05,0.0,0.0
2063000301,2009-10,Eastern,2.5910565266990284,3.319204071035017,3.3348407685853987,3.27843106127105,0.8149727351650814,6.9278653883499395,3.2185501185389,2.6736574554022186,2.2099031055736513,3.8809270038457955,0.9239196818156883,2.4322249997952334,4.966694777418734,5.015781013276679,1.9271680762412062,0.0,0.0,3.184232323961965e-05,0.0,0.0
2063000302,2009-10,Eastern,2.0471389362603225,3.052550440653124,2.562090303152297,2.4973294660283405,0.5716671243043345,4.784739548298994,2.182035009428846,2.33773501208796,1.8292696951765117,3.0295008761512277,0.8590067787971214,2.041259710240584,5.03509317493429,5.138691831930749,1.726194578141554,0.0,0.0,1.7465929500303067e-05,0.0,0.0
2063000303,2009-10,Eastern,8.075664582928779,11.791071409094249,10.423436384523146,9.51767675333504,2.487715324028098,18.487085572704277,7.112748024968403,9.461365084094133,8.32398830781587,11.749137022681538,3.770871226453536,9.324128396349433,16.955550154370925,19.840944390878185,6.325327968751898,0.0,0.0,7.183657575585701e-05,0.0,0.0
2063000304,2009-10,Eastern,4.63107794699963,6.801548328461817,5.8368054174216155,5.447679742283862,1.3298663588622024,10.987577625951603,4.125322368406536,5.358304307206257,4.62741250562041,6.960057871561885,2.0111734057853523,5.198648521463523,9.80682152482704,10.23771664278377,3.6578789298814343,0.0,0.0,5.708733822934468e-05,0.0,0.0
2063000305,2009-10,Eastern,1.8760776108225707,2.741946030712971,2.4215996009539964,2.5335132611275446,0.5716031186411963,4.40836964284436,2.4942006300402206,2.0867424921010898,1.6335484200132195,2.8621496345355397,0.7670769019325078,1.8739120614961102,4.666296403330271,4.548159220360384,1.5910545667195304,0.0,0.0,1.5862131688669628e-05,0.0,0.0
2063000306,2009-10,Eastern,2.8039946173689567,4.326438582031028,3.4885815806013243,3.344548457923565,0.7865602648483309,5.808724534420136,3.015342338144668,3.17629189794343,2.5506778738749247,3.834732820453686,1.1745114237777914,3.1272275515845545,5.823250147818454,5.763719390139192,2.469056604322426,0.0,0.0,2.5278518631355284e-05,0.0,0.0
2063000307,2009-10,Eastern,2.6996126044666373,4.1815374298790005,3.4632988223939787,3.375376498851358,0.7440206432338964,5.896267656184636,2.699910760462393,3.1215871618956035,2.47406271264132,3.763655058221957,1.1764432966205225,3.0904521969860514,6.159555892412899,5.842994772293496,2.2561460088692327,0.0,0.0,1.854133754727152e-05,0.0,0.0
2063000308,2009-10,Eastern,2.0715334979569584,3.0009035163004434,2.6381238623174545,2.788698642503208,0.5930651956675912,4.795692089515459,2.666400450632233,2.2273094768486126,1.8122217309671698,3.155153113597482,0.7844961264445051,2.0969190473568875,4.813115985085691,4.799985931478588,1.6520200260098359,0.0,0.0,1.8804574885669476e-05,0.0,0.0
2063000309,2009-10,Eastern,4.9796139556794214,8.081409117352385,6.285338442644135,6.208732494803773,1.2792754109342739,10.08456675453059,4.418941713409177,5.823721641977901,5.014211303185773,7.651530665175496,2.2456445217484426,5.480813174701458,11.791468614622572,13.124377508199185,4.116898487467355,0.0,0.0,4.309503004494112e-05,0.0,0.0
2063000310,2009-10,Eastern,2.369684923748915,3.462434328178522,3.1976950561053643,3.162975704278198,0.7067292830351797,5.548043594912776,2.358403077336287,2.5904502438068975,2.2221770516935857,3.6458141199476803,1.012235949672288,2.030784299173755,5.404982858854354,5.278827949303091,2.108448623528677,0.0,0.0,1.6950796891902708e-05,0.0,0.0
2073000501,2009-10,Eastern,3.79075487061374,5.162282747894597,4.620814111251648,3.955020147890364,0.9899115674287917,7.889576093384532,5.486449295999907,3.955334277816276,3.028498409331138,4.552261277945465,1.4057334773883519,4.149067846287046,5.637118402511606,5.675725718234059,2.976525722175619,0.0,0.0,5.21084623832361e-05,0.0,0.0
2073000502,2009-10,Eastern,2.5026862134951746,3.6702210158148985,3.2057006079581276,3.156053261279352,0.846094603002043,6.6546917500745275,2.9224732801308066,2.9278358530874824,2.3827581477189166,3.634870515527156,1.1451600957781625,2.8302013558785464,5.590569400839676,5.252047691875112,2.1553281399006603,0.0,0.0,2.266446425898771e-05,0.0,0.0
207300050203,2009-10,Eastern,1.7046665624656183,2.3553894573268384,2.0895111041211476,1.969593296902417,0.5079015340581556,4.822780318632024,2.642373926635361,1.9467673796120204,1.4425299613681506,2.4617918808879033,0.6153044702062,1.8127581970448752,4.121418964991009,3.6849650845949418,1.2928526247676857,0.0,0.0,1.9829126573164933e-05,0.0,0.0
207300050204,2009-10,Eastern,3.5581228405891414,4.748133885181592,4.842050571467997,4.349457750288431,1.0990771940988477,9.436381664465161,4.840713741803657,4.072304999674587,3.237532719282694,5.185530069394822,1.4539746484441585,3.2949060339516403,8.467599517363873,8.951155765043028,2.7370805032484786,0.0,0.0,2.1577797045139874e-05,0.0,0.0
2073000503,2009-10,Eastern,3.673237418017703,5.494619966153577,4.757292877138503,4.5878629351337175,1.0701576424748402,8.128481821430363,4.354389337638512,4.3313674617334845,3.346402507497858,5.322636612058756,1.6496205271764819,3.790203000133118,8.629771637935729,9.157270828102128,3.1886927547873727,0.0,0.0,2.4981241388938677e-05,0.0,0.0
2073000504,2009-10,Eastern,4.609496466425444,6.887473989416906,5.941755450798453,5.40593306411147,1.2503599249513877,10.027948899251834,5.687903417671631,5.463910278129775,4.204336915045141,6.392030356109109,2.127762295906734,4.758804560498128,10.827755020911049,11.602110077624326,3.6936329329796624,0.0,0.0,2.3347352121254523e-05,0.0,0.0
2073000505,2009-10,Eastern,3.9076518088459937,5.323961893696937,4.763892263254664,4.077525191881768,1.024763130180946,8.114606456980749,5.653895183965831,4.080364673073319,3.126909220390363,4.684612832281614,1.4538113146102472,4.289444598209517,5.808179396580329,5.86788491943188,3.0690494405138304,0.0,0.0,5.280061324886079e-05,0.0,0.0
2073000506,2009-10,Eastern,1.7937538696841155,2.4434424825987398,2.2704205837926854,2.1355018629648983,0.5192259671246852,4.974554096292671,2.31936884466893,2.0587136436905764,1.5642862924284986,2.76060727246818,0.771893065599428,1.6327165026826886,4.3592654410738465,4.380861884836386,1.4510720117583928,0.0,0.0,1.603468097526048e-05,0.0,0.0
2073000507,2009-10,Eastern,1.2642290648186936,1.810556489145574,1.6258381543944227,1.7570068198465276,0.3438472807587292,3.2541504782726816,1.5091395483116585,1.3306278611093965,1.0805499780174042,2.0504177442638034,0.4688312327337331,1.1219618553485662,2.9700475463829203,2.9703511915818135,1.0194178094713993,0.0,0.0,1.4412723164396906e-05,0.0,0.0
2073000508,2009-10,Eastern,5.815775538043326,8.541703615898182,7.382769718208518,6.853519212949087,1.7229782141607048,13.590828966121386,5.160294205075157,6.766379256000929,5.888534825442526,8.629163830768523,2.6019262205104985,6.636071687022248,12.277051450044656,13.36269790785074,4.586590920890184,0.0,0.0,6.284910575913586e-05,0.0,0.0
2073000509,2009-10,Eastern,2.008819751260662,2.8772606924311055,2.637545152171732,2.7032173660081114,0.5525570778722192,4.982973793634485,2.347284254390552,2.215903689692318,1.7686033864566966,3.2570520177576987,0.812914772142636,1.6358283240781366,4.950468334107302,5.234624871981558,1.6902366789075582,0.0,0.0,1.6810287588380414e-05,0.0,0.0
2073000510,2009-10,Eastern,1.589072278648573,2.4367361487147763,1.9969000435228756,2.0471596973769275,0.4309401758805843,3.749932394034503,1.699268562337213,1.788956714405741,1.4177762175341904,2.3605917606933295,0.6494345583638642,1.7164107716085493,3.6047132645141593,3.3056439839539777,1.331357850995315,0.0,0.0,1.69352910132834e-05,0.0,0.0
2073000601,2009-10,Eastern,4.597346812508918,7.387342308809569,5.98933777460987,5.97056585237027,1.297052258284765,9.774620742693097,5.829824037565809,5.742057658140601,4.408115866795235,6.896272147658071,2.3284983036421796,4.8748490520146275,11.935354224520276,13.217858439837718,4.054636767436757,0.0,0.0,2.4619678666487316e-05,0.0,0.0
2073000602,2009-10,Eastern,1.8058518743677907,2.5299301577946673,2.3443533171686437,2.1123687068647627,0.48025751984542875,4.68564271228184,2.2935770021434645,2.12169637849494,1.5720505377451541,2.756269456827197,0.7227203254611052,1.5189028179487187,4.376425278328822,4.222627537645687,1.5142514428768055,0.0,0.0,1.6286803419333052e-05,0.0,0.0
2073000603,2009-10,Eastern,2.9532150864425653,4.707373953528581,3.7565692281631606,4.128100656351302,0.9887455387724834,7.389189128304508,4.5867677935554845,3.6763033368617677,2.9043485290671627,4.403907080995102,1.2776259109257042,4.0082035707755255,7.87787548767185,7.103033102952537,2.372688442240847,0.0,0.0,2.8176247432577922e-05,0.0,0.0
2073000604,2009-10,Eastern,1.7152813701947696,2.31591665134073,2.211728816193532,2.138951087333149,0.4918117925806598,4.217653964339911,1.974426963198905,1.8393907799036142,1.4461739153640565,2.7000432549193136,0.7307579613930634,1.291917706591147,4.223402909657644,4.256412748612306,1.4786053844239149,0.0,0.0,1.3363547972485374e-05,0.0,0.0
2073000605,2009-10,Eastern,2.781632848652239,4.034035673582413,3.502996507779118,3.4723748438516506,0.8918222733116576,7.246187014202037,2.9755285542327075,3.215737283830061,2.670096668222015,4.3248188003903145,1.250286767727601,2.7739183773731475,6.7494089372204495,6.550321078689401,2.3582345427752482,0.0,0.0,2.5143939667421005e-05,0.0,0.0
2073000606,2009-10,Eastern,1.8373852011353127,2.984248010564842,2.435236481396654,2.4145616855713294,0.4785349485196201,4.070720518202178,1.8374737177024605,2.195680919544158,1.7537764835299792,2.8321462718302195,0.7923036416719329,1.7565294149196773,4.373583142109058,4.195159725479838,1.7171220325599996,0.0,0.0,1.8104231308496863e-05,0.0,0.0
2073000607,2009-10,Eastern,1.2014486540607137,1.8573371725304486,1.6116586599997313,1.5155770289518091,0.3715508205426959,2.8986067055063027,1.413517505409057,1.4463032001620142,1.1200979333407775,1.6784668303052717,0.49709556127267307,1.5453824215437433,2.9662283819982562,2.6820119566339664,0.9995487362284975,0.0,0.0,1.0889124824514464e-05,0.0,0.0
2073000608,2009-10,Eastern,2.3357578524948566,3.3119989134202465,3.0171438328749507,3.121452517987384,0.7681211496973567,5.946532059338208,3.177951132632318,2.5597686425280473,2.0773427891067553,3.3512161490008787,0.889817347262406,2.652922962311206,5.248521570856254,5.046085667964321,1.8320300878756755,0.0,0.0,2.1121064363954758e-05,0.0,0.0
2073000609,2009-10,Eastern,2.1426151879049398,3.0360067378981554,2.860852114943217,2.764924277064202,0.6372291279654121,5.561014252023378,2.467734055238712,2.3605959042566043,1.9508833762681035,3.272614734014192,0.8820182375620684,1.9636863384214207,4.889639227638183,4.955283527321722,1.7783628534113998,0.0,0.0,1.638550341649491e-05,0.0,0.0
2073000610,2009-10,Eastern,6.783946434483345,8.473501384275213,9.750503537213698,8.312189463450581,2.137771557447218,18.43676997676551,6.62999004036701,7.8175107606228895,6.805464964272639,10.424350667030089,3.4579625109713645,5.245915126476584,16.529746525124327,22.703715539881568,5.069819847367991,0.0,0.0,2.5071023097772777e-05,0.0,0.0
2081000101,2009-10,Eastern,2.252447032051029,3.1994285723112807,2.982404581222953,2.784248432381578,0.7043680605413652,5.753915167327594,2.5440584954299,2.713268441908537,2.103332373120992,3.2308239150806024,0.9887573279552362,2.3204751626420514,5.581995883587466,5.84950878825033,1.8219446443761684,0.0,0.0,1.6667488215368752e-05,0.0,0.0
2081000102,2009-10,Eastern,7.28675410057776,10.666854844170265,9.348061945054546,8.59023958681348,2.21913217488647,16.78568405960349,6.4339854847294715,8.519428638307728,7.469916088365056,10.668351553545,3.357044851449316,8.394654921544358,15.326944751538012,17.507720220270922,5.723178946981636,0.0,0.0,6.893473043395456e-05,0.0,0.0
2081000104,2009-10,Eastern,2.5387435284003974,3.916133547232714,3.211876301856686,3.414278806658092,0.8100851944255355,6.623642585448411,4.325517572206094,3.100208915845362,2.3869945993598183,3.6927652914258178,1.0953342646687423,3.4196849820297497,6.128328692133478,5.917166426881942,2.002283820375179,0.0,0.0,2.3833329544876634e-05,0.0,0.0
2081000106,2009-10,Eastern,2.5941287930397765,3.99817465867761,3.3365066600467403,3.2294750287236393,0.7284328836767995,5.529774948039082,2.8537313276161393,3.0610685651017118,2.436273994982024,3.6770572015087244,1.10202079118124,2.9171140839219167,6.708107945551849,6.4993722623293655,2.1634456382937612,0.0,0.0,1.7566152966100297e-05,0.0,0.0
2081000107,2009-10,Eastern,4.98021979303285,8.294490196231033,6.402592555700621,6.429372073893743,1.3322792440370788,9.606930686864613,6.770501536347419,5.95911105789285,4.688495574996782,6.970677110979495,2.234049445509063,5.973927564996267,10.574247961456726,12.472191309659163,4.383356496645388,0.0,0.0,3.805600034497367e-05,0.0,0.0
2081000109,2009-10,Eastern,1.849151325647605,3.007306415784963,2.2904642277781244,2.435680918571654,0.532147184256763,4.338254529521516,2.3569354267096654,2.274053406486103,1.7543891667441485,2.57235828290791,0.7478878734373043,2.686564478606922,4.6852430171382204,3.8225467667377564,1.4345641535876574,0.0,0.0,1.759119421633233e-05,0.0,0.0
208100010905,2009-10,Central,3.205356180588673,4.834786148210538,3.9444675419336854,4.189953768545052,1.1638373354089573,7.450982036142862,5.564975173015036,3.7006793265973252,3.3466998165527655,4.189998958714716,1.3532790184293386,4.449495438420453,7.098573470149544,5.582531256845311,2.533530095678702,0.0,0.0,3.8720609527960455e-05,0.0,0.0
208100010910,2009-10,Eastern,2.009236305950678,3.0147399165952433,2.5212460628019677,2.5301140834804174,0.58118657391788,4.449621660741723,2.366891205425117,2.2074224009043437,1.8244569660551813,2.76994199386551,0.7459598813688895,2.2924115888402543,4.506558859411347,4.509514674879796,1.6153197642153534,0.0,0.0,1.7508323142137637e-05,0.0,0.0
2081000110,2009-10,Eastern,2.090765568463103,3.2871272015580186,2.590069685663015,2.506081463815932,0.6383045257982818,5.001349628166857,2.428447995828722,2.6112108284046776,2.0125811338828634,2.7705790902895537,0.8635322195303812,3.155989201989791,5.067205892145971,4.750446925319365,1.6253346396911152,0.0,0.0,1.4478769668107211e-05,0.0,0.0
2081000111,2009-10,Eastern,2.4444728215989056,3.836577030326455,3.062676179735395,3.2363787828044512,0.7613549970553186,5.6379773395775015,3.49448252000308,2.987950752607709,2.320286360379418,3.5318503540641872,1.1192073651530725,3.0739946968100114,6.288394672319998,6.139432611425956,2.0238277042200856,0.0,0.0,1.9289196002393838e-05,0.0,0.0
2083000501,2009-10,Eastern,1.4564888540575047,2.145237925337686,1.8751953465249176,1.7474297092276037,0.3781395949014505,3.505476230637566,1.585112290808173,1.6545592094511299,1.2607905759049762,2.219242192962045,0.5954210172284,1.2695337094053751,3.3265543100172006,3.166189169958926,1.3049584882864977,0.0,0.0,1.5281574130424976e-05,0.0,0.0
2083000502,2009-10,Eastern,2.384339384550873,3.3067410301903952,3.249200480374808,2.89628110181647,0.7021354761376597,6.107387250545974,2.9177195052859632,2.7425955326126403,2.127196923724748,3.524711323488761,0.9689340318427074,2.118382209070761,5.7315593425948155,5.550919242265566,1.980965538567604,0.0,0.0,1.629642411114868e-05,0.0,0.0
2083000503,2009-10,Eastern,1.3081954399751141,1.7122224047541734,1.6740768139914155,1.6544018608085007,0.3870247798126265,3.6433418080486186,1.8013621960976065,1.3942209233936134,1.0613939317820509,2.0737545772781263,0.4707810414614899,1.0114227244417386,3.108636900412917,3.116370828762247,1.062285397979034,0.0,0.0,1.5001926585125494e-05,0.0,0.0
2083000504,2009-10,Eastern,2.5157867045740874,4.035404351704972,3.1335469776443756,2.894401649649302,0.5825529239337649,4.813453725633589,2.980583055850767,2.9334198532446907,2.16943229763602,3.544317645186146,1.0142885497879486,2.5752296908171064,5.967987691843459,6.272348841021118,2.2131626165195675,0.0,0.0,1.7814920162446665e-05,0.0,0.0
2083000506,2009-10,Eastern,1.2474928413020079,2.0638574342548344,1.63341689170787,1.6940656542585981,0.3331919138273719,2.9158068128544876,1.4875258444187256,1.546422549566676,1.1889582378386674,1.9330174745765452,0.5584723174222609,1.3544884651203521,3.32599605617225,2.7763648642215326,1.10634008486069,0.0,0.0,1.4382391569580787e-05,0.0,0.0
2083000507,2009-10,Eastern,2.9235263972521595,4.645185399880923,3.8837837330570117,3.7017106488277745,0.7756021457951093,6.5608351005726115,3.364866560366249,3.6182078199685677,2.7759793490666755,4.471904943835597,1.3839958894704218,2.7645660553895657,7.356551908538806,7.366636409071734,2.6244746536628067,0.0,0.0,1.965566882666231e-05,0.0,0.0
2083000508,2009-10,Eastern,3.030143711965522,4.431944801667576,3.9311414446657844,3.708909414356031,0.9202208981702716,7.267955081482939,3.8533346284809324,3.691104379487503,2.8032838602954806,4.2936223265815165,1.3979794485415291,3.3380493745471687,7.627707962331459,7.856950586954794,2.458312035476399,0.0,0.0,1.8994723534350202e-05,0.0,0.0
2083000509,2009-10,Eastern,1.9902312496476704,2.7976154907307618,2.498784607367905,2.5038990691619607,0.6071709858707968,4.925628221805796,2.515914861994289,2.1993071505184294,1.7215339580309932,2.861909671022789,0.7926606530111924,2.2032175310448503,4.872618401173157,4.665270889854979,1.5603719715220763,0.0,0.0,1.535334128995734e-05,0.0,0.0
208300050903,2009-10,Eastern,2.127521086054597,2.914839061087707,2.6787900549078834,2.4165758524081467,0.6774292689979813,5.923429754049157,2.798732430150898,2.4380299076120684,1.8726302624373186,3.018837558322991,0.8318952528905575,2.1859031754084812,5.027496337614653,4.543926055599515,1.6825254777924976,0.0,0.0,1.967895701059762e-05,0.0,0.0
208300050909,2009-10,Eastern,1.9895355046866459,2.8859920066575686,2.4114864402600027,2.437861384420385,0.6208380154921159,5.3422028058999995,3.152390952168531,2.2966480695524805,1.7423801271880528,2.8442848160608993,0.7462463283983245,2.4110508689845265,4.772796793638846,4.21013547943097,1.5136393756858497,0.0,0.0,2.457665449943766e-05,0.0,0.0
208300050912,2009-10,Eastern,1.3468497334034935,2.244162627704786,1.701003556382693,1.7035751483496955,0.28020286492143726,2.8313496193331953,1.5405735510340828,1.572580978099282,1.1657201604107323,2.158695328841094,0.5371688222419668,1.18982696157253,3.37568919347969,3.6126695541300187,1.19286543753246,0.0,0.0,1.4680667796117253e-05,0.0,0.0
2083000510,2009-10,Eastern,1.6873166197733795,2.5596089293990434,2.098456793642152,2.1719067996672456,0.48352854885792956,3.7565347236031794,2.1370514186574483,1.8705276277092602,1.440065924122726,2.3627823782398307,0.6516651343330254,2.0308905044417513,3.85686838148554,3.30500766164102,1.3923192303697185,0.0,0.0,1.48778864931932e-05,0.0,0.0
2083000702,2009-10,Eastern,1.7251714672606449,2.482802726221851,2.220637914818396,2.3924075650467604,0.568230751732075,4.711376182274216,2.205485789291838,1.878898024242968,1.525229224497853,2.680857180577115,0.6657651493084812,1.7493050608043312,3.6535993697670013,3.5909377387199135,1.4404488262492507,0.0,0.0,2.296303396093132e-05,0.0,0.0
208300070203,2009-10,Eastern,1.620546733599152,2.2175454994396993,2.0434038671237693,1.9760692270436924,0.46778849525804445,4.110221085435424,1.98814489374151,1.7232170224062215,1.3339145005748108,2.4186280501494317,0.583928019826235,1.421387798225555,3.591162228191055,3.53053460406298,1.3281264532733834,0.0,0.0,1.7216579721400624e-05,0.0,0.0
2083000703,2009-10,Eastern,5.889371197136621,8.175794442529686,7.957603740336732,6.714278231009047,1.595461639076144,12.17040988568506,5.280107949266077,6.652094474613581,5.401163562526893,7.929460858751627,2.600537464153052,5.389164764469181,12.849228079661641,15.001700644256967,4.890198760542987,0.0,0.0,2.6401671984557168e-05,0.0,0.0
2083000704,2009-10,Eastern,2.091124248228923,2.8102726771949693,2.641628370110837,2.3618397791823638,0.5968378053977733,5.865138310787216,2.8659500550789807,2.3835886768924692,1.8149745545705245,3.0585044725790542,0.7772693389160069,2.034868775107262,5.035722724820138,4.812345207428487,1.5805121316046535,0.0,0.0,1.9220594582315738e-05,0.0,0.0
208300070403,2009-10,Eastern,1.6700856510407858,2.4200873220505343,2.0162727387738086,2.044753472843026,0.5103174104702876,4.539708917903705,2.6553550285823606,1.920373127451618,1.4462363968912093,2.4157399112055384,0.6136759503709649,1.9911366002669688,4.015912048363192,3.507087094384225,1.270765541252277,0.0,0.0,2.2790503969995917e-05,0.0,0.0
2083000705,2009-10,Eastern,2.0995984817122593,3.4647492967352522,2.6661058976002683,2.5613526314897364,0.49494586181138456,4.305703023965221,2.1716743248055677,2.4561627790675935,1.8614798713479688,3.199080915521392,1.022510017153945,2.042504115327215,5.190569847984643,4.858896564483686,1.9682504686550348,0.0,0.0,1.453044576993409e-05,0.0,0.0
2083000706,2009-10,Eastern,1.4521805185709638,2.015585671051985,1.878758974883283,1.846385040233182,0.48102309823404427,3.9979368893765788,1.7483925239255222,1.6966297592381903,1.331622207625926,2.2857790105357334,0.6938513399088414,1.3474996692433259,3.849217028445575,4.453593184067678,1.190238760891213,0.0,0.0,1.2833963465644741e-05,0.0,0.0
2083000707,2009-10,Eastern,2.248604059837071,3.200834630398475,2.8531389527811672,2.6442143054953546,0.605386061429217,5.192031601420826,2.185319190678631,2.494702402299392,1.979273206282588,3.2700198313715183,0.8875876760016973,2.1263487050371284,5.317861013931714,5.2281325843013,1.8417951856136299,0.0,0.0,1.790008684268472e-05,0.0,0.0
2083000708,2009-10,Eastern,2.2786806264117314,3.48256240431743,2.81781286435988,2.781298218293812,0.6370464013809585,5.064557097959767,3.123073086674237,2.6621531851347666,1.9875394232368795,3.3419172996390842,0.8981210865292988,2.458941945074005,5.783706299959789,5.599669672025741,1.9013132570517113,0.0,0.0,2.1258627108755e-05,0.0,0.0
2083000709,2009-10,Eastern,2.0777219921718952,2.6501416848564605,2.6666582311423466,2.4255581327775144,0.6595570210982232,5.8239489052049676,2.8337393359341148,2.234119782161083,1.7197879828892266,2.978171349327325,0.7394571383587041,1.8848624098971503,4.691344475876725,4.400997399116964,1.5974070064048822,0.0,0.0,1.7868915266974287e-05,0.0,0.0
2083000710,2009-10,Eastern,1.7400469987178444,2.8193804248805527,2.231281536975408,2.205586236993966,0.42472298462029734,3.661731958537614,1.7290944852829777,1.99198503573901,1.540465055796631,2.6821806548173974,0.7653198458122171,1.6143151223762238,4.072703685936447,4.067921279996707,1.6458759201647517,0.0,0.0,1.61090989868387e-05,0.0,0.0
2083000802,2009-10,Eastern,4.640825405054012,7.571732532846808,6.441075291053218,6.312924762858461,1.2364578740050092,9.596152807434018,5.1744477262856154,5.699532345287952,4.542450002925815,6.794024403693005,2.225559550975065,5.253890087786319,10.485252410114269,11.61649728000668,4.03010098664845,0.0,0.0,2.4630114420686487e-05,0.0,0.0
2083000803,2009-10,Eastern,3.7557147598321086,5.709927484526681,4.853038417653932,4.949958260569223,1.2712353271306662,8.98190922605981,4.586150815275386,4.534136447097661,3.617364738639686,5.664245971976238,1.7438085191270498,4.062328116740355,9.420782225222409,9.956791149677903,3.2831836400976493,0.0,0.0,2.939855839544232e-05,0.0,0.0
2083000804,2009-10,Eastern,2.1801987627611283,3.2876712553973495,2.609947006627447,2.625241180905318,0.6034169648071138,4.937397708035398,3.17969426033627,2.5022186526089927,1.8896289821227372,3.068893281747515,0.8710132676075446,2.534459972271421,4.866695959881456,4.744400187259207,1.7802607981430913,0.0,0.0,2.3185532090563056e-05,0.0,0.0
2083000805,2009-10,Eastern,2.8372455914409875,3.695982065976695,3.8464157593330635,3.9407008753691586,0.9682931379816933,7.952643346059575,4.228775028535427,3.032047106705531,2.4775365063027013,4.3442145713129054,1.0773351830824562,2.593283925890714,6.551628484414285,6.342675552409903,2.1868301378735433,0.0,0.0,2.0736358274555872e-05,0.0,0.0
208300080502,2009-10,Eastern,2.89845648135062,4.303320530762484,3.582873285550564,3.507407747117015,0.86056462823933,6.835298089331925,4.14879014592616,3.3883838456838435,2.5583890095038315,4.102748818737601,1.1536810258196268,3.3600236178847656,7.156221768511892,6.8750156272294936,2.2936729525233255,0.0,0.0,2.563014012669418e-05,0.0,0.0
2083000806,2009-10,Eastern,1.7030710768106005,2.561955565522506,2.1460504377603775,2.0631136129776424,0.46407178343768957,3.8562846069893193,1.7921115753137236,1.9568338597590882,1.5262143878698253,2.499923720328999,0.7251605928266186,1.6540794110709012,4.006931586075933,3.7295112776659876,1.5096159918240126,0.0,0.0,1.6080511508813735e-05,0.0,0.0
2083000807,2009-10,Eastern,2.3957055261548486,3.509217123221658,3.1811934537167894,2.9457978313685294,0.6887331237361664,5.894156344563027,2.7831546114762835,2.9095034524703056,2.227881688620904,3.6635529882496396,1.124902509447627,2.108851995950071,6.023724008681439,5.9348858855890585,2.109807165396716,0.0,0.0,1.7324085153609494e-05,0.0,0.0
2083000808,2009-10,Eastern,1.551460832241625,2.240669388850778,1.9702110935113564,1.8624478792838202,0.3869231417682865,3.6313368565396873,1.496182081903919,1.688864743755693,1.3175874793727376,2.26597484462368,0.5813039315043144,1.4296440296119208,3.3107538909681495,3.266076270844083,1.3002502910945302,0.0,0.0,1.7819502412072025e-05,0.0,0.0
2083000809,2009-10,Eastern,1.9679848457681375,2.9696567768612367,2.5769912809045223,2.483786831585826,0.5288871160977415,4.521733638771134,1.997003438110505,2.278187794315001,1.782605895237427,3.007338740992457,0.8771815117359764,1.7570383844763966,4.708865894561431,4.486611497624948,1.7747550268110701,0.0,0.0,1.6319391707569976e-05,0.0,0.0
208300080903,2009-10,Northern,2.426374825704379,4.042930982084306,3.360301234076897,3.4100994482991487,0.9150085782094686,5.728374703003428,2.8987995654843464,2.9165060705981456,2.3861680177523485,3.9908005356110023,1.0834631222330247,2.51682423136106,5.851633338912606,6.739930417562501,2.4298883088028322,0.0,0.0,2.3420278678552165e-05,0.0,0.0
2083000810,2009-10,Eastern,1.8092730805226906,2.3541642761394894,2.275081708233894,2.2494950815407426,0.5841697299131994,5.2483408348013105,2.7459592628868528,1.957233459956643,1.5400828714361465,2.7130785772653603,0.6769808089494627,1.7710521328610407,4.27948392640822,4.131554998529547,1.363039980853894,0.0,0.0,1.7292707468311005e-05,0.0,0.0
2091000306,2009-10,Eastern,3.2483825279255973,5.379836026687671,4.088355065507084,4.127226941051711,0.8835068703214117,6.456064704066903,4.1254311417461205,3.873854261976761,2.9703228243113458,4.828667254620761,1.3607246301035574,3.453638378981544,8.210299195953969,9.225387641881838,2.890328287720397,0.0,0.0,2.6943592162786565e-05,0.0,0.0
2091000308,2009-10,Eastern,2.1216875136334714,3.0087879600896907,2.7193062693047323,2.5293470014554007,0.6451672885243837,5.518157331866801,2.317963449940619,2.4432206923159887,1.9905209182915804,3.208858693650255,0.9970691488411799,1.8777622716016753,5.154460323665585,5.113729347276361,1.7900287066379224,0.0,0.0,1.5531291431396533e-05,0.0,0.0
2091000312,2009-10,Eastern,2.3253478352185337,3.3915476024416265,2.869275974624016,2.7969910037420824,0.7396745061355497,5.577688074093525,2.7224031202478685,2.671422032365658,2.085833657052281,3.0686182391534462,0.9382294460510439,3.0234772948390525,5.380607236925267,4.463846773532983,1.8307807067835156,0.0,0.0,1.8968660309703493e-05,0.0,0.0
2091000603,2009-10,Eastern,2.9305822008787312,4.595527417005751,3.75952731030961,3.536617941431041,0.8274336844112838,6.312524664682526,2.8284561638716745,3.4302970422938897,2.786657903508324,4.096201393082675,1.3151799421538912,3.176177497002161,6.526027590792227,6.340017592455075,2.643371435959707,0.0,0.0,2.215248171453838e-05,0.0,0.0
2091000604,2009-10,Eastern,2.711571238954982,3.8897412628553836,3.678238844048035,3.5135534351014495,0.8490675189113948,6.853090113776381,3.2807842040345867,3.1323926679678435,2.4956895712214013,4.233910905703658,1.226089148216036,2.264730240903237,6.61573148811139,6.601982356034686,2.411100848408284,0.0,0.0,1.8212447124414568e-05,0.0,0.0
2091000607,2009-10,Eastern,4.856602186313142,7.752060525151037,6.305203402594,5.8456093414787125,1.3284528754630092,9.668958158821141,4.9233033358358105,5.786159637203432,4.67425400279994,6.561601858268801,2.234681680126773,5.475786736529466,10.796630868072569,11.87396509605379,4.259396674334594,0.0,0.0,2.9272585498049238e-05,0.0,0.0
2091000608,2009-10,Eastern,2.0111845940997397,3.197243457180657,2.505372966227912,2.455351981031475,0.5882949916531311,4.476468675695585,2.2089392409161537,2.455797068656742,1.9085442319554078,2.5809599201358866,0.7954913450329913,2.9577079213620237,4.751180673106709,4.769409322438762,1.5630227178765885,0.0,0.0,1.4466780676942882e-05,0.0,0.0
2091000609,2009-10,Eastern,3.810382554665811,5.914123386385115,4.661595046803534,4.7029902748514765,1.095297642009128,7.87637127789205,4.349635274462173,4.451063306184206,3.4444839567874963,4.992641111862164,1.6311414720521438,5.026785116773225,8.949777629203103,8.048228302564244,2.9980674425466103,0.0,0.0,2.2358042310364168e-05,0.0,0.0
209100061003,2009-10,Eastern,1.6516726944398912,2.6085415536584495,1.94765445956633,1.9078200153610705,0.500084440539454,3.6820732453841147,2.348324887390315,2.022593698371901,1.538481128359754,2.070655524738359,0.6202125094350285,2.585552343485337,4.19363984675289,3.780191307339697,1.2665495331075596,0.0,0.0,1.3076953755975942e-05,0.0,0.0
2091000611,2009-10,Eastern,2.402542776423984,3.6414884076261784,3.048184059380952,3.019909757749118,0.7530064039291748,5.679782779563907,2.840636911254732,2.851937944037576,2.347228839602966,3.458057944239324,1.0661846889460482,2.814013231494174,6.125995413176452,5.970693500699712,1.9873179896028106,0.0,0.0,1.8196687632387188e-05,0.0,0.0
2093003301,2009-10,Eastern,2.813983102899294,4.547091146634776,3.6710299168160065,3.62405554099126,0.7338926522462821,5.891959630483342,2.9861134374645832,3.3379985212840486,2.6334297571426317,4.159306040723286,1.2004690379919047,2.903430083746859,6.451634275023565,6.764465205774974,2.5409413450454155,0.0,0.0,2.4213169688633174e-05,0.0,0.0
2093003302,2009-10,Eastern,1.5711156021095312,2.3372713235874634,2.056084190214803,2.1049033188749133,0.3816328733283898,3.483864066163055,1.5512046985884453,1.6718121415099874,1.3680886968575026,2.5104179619316938,0.6041167778684455,1.2198848206622708,3.6898154217331447,3.829871087030994,1.345158928287496,0.0,0.0,1.3831386661259453e-05,0.0,0.0
2093003303,2009-10,Eastern,2.4069854193259004,3.5617200703064973,3.075363519239194,3.35592352532124,0.7083255433830191,5.661475303642696,3.5404558031205275,2.6531639821903794,2.1006796587678873,3.6650972123785346,0.9801856043065695,2.5008160878212906,5.417831994246044,5.5502673611596745,1.9815266254956547,0.0,0.0,2.1274526386409175e-05,0.0,0.0
2093003304,2009-10,Eastern,2.669923290753042,3.6285715616247347,3.4106052613798794,3.5163541469793165,1.0678354753063086,7.303006636239949,3.0781822006371815,2.865095135565251,2.3490806609677333,3.9058981783717726,1.0510175771090655,2.7869399436887754,5.084914020244343,4.767647682843284,2.22377292161647,0.0,0.0,3.336654896335621e-05,0.0,0.0
2093003305,2009-10,Eastern,2.723793622731055,3.7738253511213316,3.5348947668482023,3.7069824042994464,0.9071807559759943,7.365612406040495,3.6940813982664307,3.051619646395693,2.518058957200607,4.331701238859783,1.1192759989926275,2.6001857115776663,6.391452470311984,6.480118195672017,2.194057831380915,0.0,0.0,2.534539290454472e-05,0.0,0.0
2093003306,2009-10,Eastern,3.8741176009704623,6.460232971933037,4.790952236425366,4.67174445541198,0.9408984492810436,6.767718806373556,4.638919957586907,4.46702716266617,3.43008956549271,5.256331687519837,1.6199760797539964,4.401151114194218,8.319911707227103,9.577201328972063,3.445537678998501,0.0,0.0,2.9348395651676018e-05,0.0,0.0
209300330602,2009-10,Eastern,2.5361394115737577,4.158399901495329,3.1289086075862413,3.713647735369611,0.9151612188313909,7.168984454885984,4.809171089553762,3.24632257594745,2.53374168737013,4.10354513503146,1.1626803436933744,3.48398437274186,6.670918090556877,6.34520037533945,2.137434393183869,0.0,0.0,3.484378125102379e-05,0.0,0.0
209300330603,2009-10,Eastern,2.9911377804693147,3.972059972417806,3.9448704472192637,3.780815108081691,0.9370703735303335,7.89594644317018,3.7254006862331903,3.341810685871294,2.675469900551852,4.712866893392926,1.3064808605966378,2.270808761437293,7.3856320405089955,7.819681538999164,2.4736073268874685,0.0,0.0,1.9028534704390646e-05,0.0,0.0
2093003308,2009-10,Eastern,2.643818482553995,4.124089907011898,3.370783599274181,3.887046142982304,0.8585496148159498,6.2138325871198905,3.6822108296569964,3.032663403967697,2.4317999379495463,4.194775620684895,1.037249974202122,2.9991651861953583,5.595515425914399,5.722105410506046,2.200498362549155,0.0,0.0,3.495942109918072e-05,0.0,0.0
2093003309,2009-10,Eastern,2.1827535397586693,3.627176684432713,2.7805733562813355,2.760120257277517,0.4835131663733023,4.3540395303078006,2.5295755691965494,2.5510737999114124,1.9004242301752994,3.405462692493446,0.9171290209310018,1.9992259661963023,5.389650685919786,5.924377973193081,1.96567135885542,0.0,0.0,1.7889409971745206e-05,0.0,0.0
209300330905,2009-10,Eastern,1.7510327593815627,2.9386074219622533,2.286920447624674,2.4848118851436793,0.49514647089993336,3.981666388079459,2.0580647939916674,2.209722001817044,1.7279554158595878,2.8417821063372695,0.9397782316676306,1.764292609552548,4.583874573707588,5.0392578811517605,1.5298994104808463,0.0,0.0,1.5225942252090079e-05,0.0,0.0
2093003310,2009-10,Eastern,2.4403270457769883,3.264585183117647,3.300753109924044,3.168612163770609,0.7691607963856011,6.539788941849093,2.869362112374706,2.6857464046765065,2.164420291239369,3.8063316603175212,1.0448201831134798,1.9671111689797354,5.831012293258169,5.920060545816463,2.0286988134625417,0.0,0.0,1.6328870362369186e-05,0.0,0.0
2101000205,2009-10,Eastern,5.768767983244863,11.604384382014466,7.293345986558293,9.000868869053892,1.7433195113897793,13.060453828927903,9.474745677097493,7.884884525152338,6.439345839597816,9.227966061449816,3.0184948171944703,9.324003147444808,14.49102704320939,18.804348079512547,5.071116538600164,0.0,0.0,6.645867223636403e-05,0.0,0.0
2101000206,2009-10,Eastern,5.617093998027763,11.306259554790797,7.091131208910023,8.766602753350744,1.692965908458954,12.739673039263279,9.23030795598533,7.673209810532168,6.261458839834633,9.00097712563569,2.930287993991462,9.073303103970844,14.118431392878454,18.224011719677335,4.940654117711587,0.0,0.0,6.575190926698949e-05,0.0,0.0
210100020602,2009-10,Central,3.1928720113351132,4.531698420410563,4.323914059327767,4.113723408775949,1.0295330747817806,7.084003419382385,3.5200646936828592,3.4030129187629945,3.2847428567009307,4.351629946910861,1.3709058195938397,3.2304045077715133,6.451097017392597,5.990203041794272,2.6429459365042693,0.0,0.0,2.4907190359862646e-05,0.0,0.0
2101000207,2009-10,Eastern,1.8465468188069778,2.793407584816928,2.366735336199825,2.384875640692744,0.49115060520870785,4.559389542850417,2.1621423855365896,2.1449225052752507,1.67449052987903,2.977499848107686,0.7858779728382637,1.7321219654557583,4.773215668329608,5.201420997942521,1.5557026034976018,0.0,0.0,1.6901179926165726e-05,0.0,0.0
2101000208,2009-10,Eastern,2.9330983832224478,4.671946177269334,3.698238398995204,3.673297667202055,0.717018938864203,6.449797262260207,3.5970497281441993,3.419301031257239,2.639044321404636,4.303144885088874,1.2191481719647428,3.193437503511548,6.72728140079343,7.189775782287185,2.3822111455435397,0.0,0.0,2.4222926346984834e-05,0.0,0.0
2101000211,2009-10,Eastern,1.6164643144147244,2.659165819245134,1.9945871203715435,1.9599171261781083,0.3642958355765125,3.128158379976889,1.6228153466259265,1.8275217682982268,1.3840289322682036,2.396603170069814,0.6642112299690334,1.5546290762207193,3.72810780038953,3.8946058515426314,1.4862458035724964,0.0,0.0,1.5985998444457937e-05,0.0,0.0
2103000402,2009-10,Eastern,1.826213872947399,2.5326170935714556,2.3677195523236243,2.429009190112387,0.6022366192994134,4.689584285291721,2.312738564424842,1.9919036023587533,1.602380014938593,2.715950909913914,0.7207218501049953,1.8427982425459277,4.360948105379299,4.187385941607122,1.490311777284313,0.0,0.0,1.6198280039876887e-05,0.0,0.0
2103000403,2009-10,Eastern,2.3834326994122876,3.354081224077109,3.074458599554963,3.0142500386226336,0.6939011410787839,6.688729709314866,2.9974967780218695,2.7775072539596444,2.2683472143135988,3.8553800960032363,1.0035699002182137,2.296451737328079,5.953280239189565,6.311204963585565,1.8903196736449106,0.0,0.0,2.28424054361912e-05,0.0,0.0
2103000404,2009-10,Eastern,3.7882409734447515,6.839101256807075,4.943340166324477,5.165513677178038,0.9628906208100478,7.327700002692933,3.687283046980411,4.639895731223611,3.7840548285571667,5.921885614555938,1.7881960439925562,3.888026778992489,9.876770941767916,11.36111284491673,3.535033523384868,0.0,0.0,2.5397089968686144e-05,0.0,0.0
2103000405,2009-10,Eastern,1.7853427058348028,2.7383013083258723,2.193273207299697,2.1665925328839313,0.47438451207508286,4.00868801255681,2.059275895819842,2.0328514701744003,1.5772672483164842,2.5701319739719657,0.7345789940978185,1.9512383028347429,4.109376248756602,3.7494007344152855,1.4789458205737167,0.0,0.0,1.6603800377413495e-05,0.0,0.0
2103000406,2009-10,Eastern,1.7326366501206045,2.6478987261245064,2.151078913987877,2.0214275374082225,0.4489139059387376,3.750581022412894,1.6781635477984733,1.9438282671770433,1.506519730079367,2.4746893337680635,0.7145531213602662,1.7232340403830408,3.7777131666665853,3.589452383860533,1.570623915897085,0.0,0.0,1.7241286537581558e-05,0.0,0.0
2103000407,2009-10,Eastern,1.3511011363020013,1.9104308559847627,1.5969478071918797,1.5617292305473585,0.3599160587586418,3.453925711408546,1.902567526807466,1.5217614325814919,1.1162302265622297,2.001370987824922,0.5345977850977089,1.3522587469722103,3.277737190212905,3.1629252479161636,1.0637585893264514,0.0,0.0,1.5012884354560122e-05,0.0,0.0
2103000408,2009-10,Eastern,1.9674665018045985,2.909571411281644,2.4952892466627805,2.510577397201955,0.657912102912135,5.192998812537593,2.3713701642088614,2.337064914390957,1.8947185961593778,2.9375389544850306,0.8973209907185132,2.143755284443772,5.002247166671362,4.947330085800835,1.6565928701924624,0.0,0.0,1.77753929016564e-05,0.0,0.0
2103000409,2009-10,Eastern,3.0228277739317377,3.8165562731931417,4.003653991181499,3.340428008381378,0.7540446071861736,8.452470840081288,3.1100459820838178,3.3534156293707755,2.748308458974045,4.753436940156789,1.134956830605448,2.223015025928249,6.94168853346813,7.5649166975967965,2.294996327877394,0.0,0.0,2.3194415805256215e-05,0.0,0.0
2103000410,2009-10,Eastern,1.2417312751122678,1.758128908676142,1.5911908705527678,1.5318130693449201,0.32910178281262414,3.0248139393111586,1.333913665191744,1.3770559999926812,1.0400768901631539,1.8924473030450093,0.49730116133792923,1.0998913282658087,2.9653035472023537,2.7711918645544737,1.0516111669025061,0.0,0.0,1.3253054496003152e-05,0.0,0.0
2103000411,2009-10,Eastern,9.8077079164896,13.647570990002501,13.59884026502341,11.371534174924617,2.831564381245596,20.611719841555097,7.728258030616395,11.097113258302825,9.667593462998509,13.473697503394385,4.8834948685002955,8.603289017592639,21.90658171340225,27.713483426929287,7.946031020978313,0.0,0.0,3.6878623817626836e-05,0.0,0.0
2103000602,2009-10,Eastern,1.5028245410051722,2.1143780314760847,1.8892712564084275,1.9488545947539226,0.43173885124015143,3.9373323235869484,1.9765360787629969,1.622053143091053,1.251151531117277,2.362233072485723,0.6015661225617696,1.3336952473857544,3.682225823537182,3.593709597934784,1.2218765871131225,0.0,0.0,1.4497299528302513e-05,0.0,0.0
2103000603,2009-10,Eastern,2.143158903344273,3.2451936539370223,2.6995151935632324,2.722731271182721,0.6735461182110045,5.347564976090648,2.6326564111757382,2.588592397583863,2.017249207183636,2.967286405062465,0.9435937938350042,2.7748298071367716,5.015530524294604,4.665420985304371,1.7271489156986997,0.0,0.0,1.7826683359748466e-05,0.0,0.0
2103000604,2009-10,Eastern,1.5210407945441522,2.1168413557573387,1.9084709566670643,1.6956100466772501,0.39933685333579305,3.8103266333623633,1.8419830373334147,1.7079716430294114,1.2817936075641456,2.2015346809305374,0.5678462104688214,1.3701698409411946,3.380773571793718,3.154494877194424,1.256135859240657,0.0,0.0,1.593209894996681e-05,0.0,0.0
2103000605,2009-10,Eastern,2.8026397375354257,4.221362686077768,3.5663614485952797,3.620735538136297,0.9093737559955943,6.738988467472725,3.7416181807707285,3.3440768007624775,2.595542239853949,4.0039036573803495,1.2781975472364253,3.4939009002097836,6.890068607181843,6.346474113556207,2.3081710420446835,0.0,0.0,2.1191625664655655e-05,0.0,0.0
2103000606,2009-10,Eastern,2.0545919916565807,3.174761577430311,2.6406394423269144,2.5575393144397216,0.5370946844367505,4.773989230524967,2.429939187957947,2.443560245527827,1.8551218747966927,3.165914904949872,0.918282766343188,1.922122022046624,5.069961259763372,4.942474336287427,1.8124072385185608,0.0,0.0,1.717012180802282e-05,0.0,0.0
2103000607,2009-10,Eastern,2.561804474263453,3.7464338693301724,3.4265293183688263,3.488307470484531,0.7877230123508339,5.936234045965865,3.1280734613377277,2.9068797351868216,2.3386925772919125,3.8010273834439916,1.066430874508677,2.6970197688504163,6.4780120984092,5.994304649559234,2.1212198360896055,0.0,0.0,1.7661872351751246e-05,0.0,0.0
2103000609,2009-10,Eastern,3.9578322799799466,5.5126898015088885,5.1384578144313915,5.189805670455376,1.168717330966289,9.1942646246591,4.497369583045575,4.2077147326484114,3.5641473940023722,5.974801224903401,1.5631121970322794,3.8366012369908424,8.249585551691213,8.906741500816867,3.074842090494349,0.0,0.0,3.233910498482011e-05,0.0,0.0
2103000610,2009-10,Eastern,1.555240234826448,2.0315672701032614,2.0098892401720487,2.028852066797377,0.5319855834694475,4.568081713889707,1.9448446322694617,1.6733642473975978,1.3723835576519137,2.43796137174622,0.6416136475031669,1.3362425682704908,3.7570684402161176,3.5691698880567504,1.2582215368851093,0.0,0.0,1.534996993240496e-05,0.0,0.0
2103000703,2009-10,Eastern,4.247641758769497,7.07581571533231,5.623470822928613,6.159003123119604,1.1737206021260904,8.34572121434188,5.426984291878722,4.921171144636783,3.924314063484851,6.647383269359136,1.8472909798486903,4.35980004085258,10.160096146399745,12.226778564494719,3.7963166026493056,0.0,0.0,2.8145064923671856e-05,0.0,0.0
2103000704,2009-10,Eastern,1.5092333980837467,2.280423022072118,1.8145155252087968,1.7781075128920067,0.36827288807916175,3.4740149872812154,1.6811603080544617,1.6902879438554161,1.285633290087714,2.2413811193912645,0.6315530997228519,1.4745083724844565,3.564664572396963,3.494023067223981,1.240203638348824,0.0,0.0,1.4539415531872423e-05,0.0,0.0
2103000705,2009-10,Eastern,2.8308574436970555,4.21155933978103,3.4800430317241644,3.390707143563828,0.7901232706346635,6.422234334934276,3.7872855174072515,3.2741842543931456,2.514823621230503,4.004113813187153,1.187469339638593,3.0926081487345054,6.588212672268868,6.579206964488845,2.2929852822518453,0.0,0.0,2.1986040017895104e-05,0.0,0.0
2103000706,2009-10,Eastern,4.611889411577838,7.896471280871511,5.941452731632492,6.106966407622213,1.2645602510859966,9.950236189014525,4.309292402070586,5.794419287059097,4.976464036884512,7.517293777328942,2.195232573033651,5.240429171249789,11.728516052570884,13.238640307780432,4.066085933774441,0.0,0.0,4.30855513862116e-05,0.0,0.0
2103000707,2009-10,Eastern,2.107805178844649,3.0529304840763856,2.7644371311908267,2.591003677258385,0.6099084819015798,5.288001304465796,2.4266931009091732,2.4832815227800173,1.924375275536276,3.17379795648206,0.915978682565363,1.9366156228674578,5.022917257781667,4.835146261836797,1.8255943192555715,0.0,0.0,1.780221517093688e-05,0.0,0.0
2103000708,2009-10,Eastern,2.2883852405533753,3.318149735546696,2.8099982118333813,2.8436137437852005,0.7011730144827355,6.09055823999468,3.07978151395252,2.6587434485381056,2.1515085915651437,3.4690633492925604,0.9435381078301699,2.584685475550705,5.548578797752665,5.4105366020879195,1.795879336497157,0.0,0.0,2.5522639463368495e-05,0.0,0.0
2103000709,2009-10,Eastern,2.480686358271039,3.2534729456039613,3.167559859976302,3.327058487893131,0.9488000345969573,7.350307836062747,4.021178400997066,2.710962455967248,2.20660493502791,3.717474630344915,0.9931186903689928,2.7197891329335904,5.88299850929266,5.4232901220226735,1.8656426112855755,0.0,0.0,2.2707278783901175e-05,0.0,0.0
210300070904,2009-10,Eastern,2.3601655682579863,3.5646030479786828,2.9458872240943017,2.781338079877373,0.6706630195322177,5.5617165107240325,2.611932610666701,2.7349937444168155,2.1082918075963284,3.4450386333010328,0.9652653969971063,2.4001278579849386,5.60445404108668,5.584582275083983,2.0304998227165516,0.0,0.0,2.2666215686894712e-05,0.0,0.0
210300070905,2009-10,Eastern,2.6546917117436277,3.851580147147974,3.513728485622856,3.1234160198183742,0.7127879681092905,6.397894547505574,2.936584064117436,3.163418513076765,2.396482739997522,3.978456262324011,1.175343761473551,2.3448766403842773,6.439158665319449,6.354546298558303,2.326946032045849,0.0,0.0,1.841246582454613e-05,0.0,0.0
210300070906,2009-10,Eastern,2.3247408411541413,3.4372713840251046,2.8451457476952173,2.6770931182836355,0.654232567013945,5.353202254524966,2.535638762867146,2.585092779261482,2.0767882533218285,3.117239995355911,0.929281127776313,2.645734619712612,4.545842877144642,4.2866386716153215,1.9395231337466599,0.0,0.0,2.5661985777052096e-05,0.0,0.0
2111000303,2009-10,Eastern,2.3426448062253726,3.5890274107463527,2.955033516348407,2.963649304597671,0.6064019839783986,5.336307870378444,2.6889030908309204,2.7090141222368938,2.1576312777415785,3.4988494525038116,0.9431836413377557,2.5476563531354164,5.410124702919258,5.107870602679011,1.9025389463156592,0.0,0.0,2.2702083357526364e-05,0.0,0.0
2111000307,2009-10,Eastern,2.1452068461229237,3.1117177273998577,2.8153382210687394,2.633611012030506,0.6269763238856751,5.48554565803392,2.446858242499943,2.519102733714207,1.9590503023784733,3.1126517350674083,0.8848418521162729,2.2003842353658314,4.978500459266733,4.568852196244583,1.7859255539574597,0.0,0.0,1.896831253655165e-05,0.0,0.0
211100030705,2009-10,Eastern,1.025488798136929,1.4815601601515438,1.2335777184581826,1.1768890463211834,0.27817919244062983,2.7283007128475245,1.5469122232393748,1.1920690995396874,0.8614762285185336,1.515279315351566,0.386209643763712,1.1113293542100207,2.6365303612595015,2.4900693309262913,0.798129343284923,0.0,0.0,1.2156961143272674e-05,0.0,0.0
211100030706,2009-10,Northern,2.2997137534533345,3.244651963493399,3.1268261355251314,3.256401312177154,0.8853946801465837,6.198605402660652,3.7105232842828975,2.5283433095943186,2.01838534821979,3.7358932519518895,0.8491588092848562,2.27954689839735,5.495072122336218,5.861706657105403,1.8968183111201413,0.0,0.0,2.0484682170014655e-05,0.0,0.0
2111000310,2009-10,Eastern,0.7734725555370033,1.1308439688277108,0.9018272142654472,0.9701699973642892,0.2547399656447234,2.188468053232297,1.1236757290368828,0.9065588550670012,0.6738827861161197,1.1538570322123454,0.35754749351202136,0.9585838311927063,2.01326891194993,1.909127838583634,0.5972993210724552,0.0,0.0,1.1105931133012075e-05,0.0,0.0
2111000311,2009-10,Eastern,1.9454396786158017,3.316172599473177,2.4789009345880477,2.4895586318541723,0.42777817237949256,3.963367880111672,1.9050749457873928,2.281784053618815,1.781393710174776,3.090183689970317,0.8387017247861352,1.809346879505602,5.0266578547062535,5.58542943404096,1.7238069455598484,0.0,0.0,1.542090824180003e-05,0.0,0.0
2113000401,2009-10,Eastern,3.3358201754301313,4.8439851399936025,4.439564944869672,4.5629056447515755,1.0643367179234964,7.669093057949374,3.9942142460751264,3.679725786234816,2.979777820834985,5.014219309382982,1.3438058671320954,3.217498807564852,7.280859733016518,7.814558189291011,2.8576974301261058,0.0,0.0,2.718173909518131e-05,0.0,0.0
2113000402,2009-10,Eastern,2.0954795088366907,2.7085144204663734,2.68489980875793,2.7475728985435683,0.7086707848008367,5.92493711701371,3.0149248674480487,2.198556988122885,1.7806773620164509,3.167137706107454,0.7453604771991994,2.0792858515665387,4.454144472105814,4.117594672139415,1.5654641684919433,0.0,0.0,2.507617890946836e-05,0.0,0.0
2113000403,2009-10,Eastern,4.461897247003745,6.114208985585943,5.706267359903473,5.619517182585447,1.669163455298038,12.107355604714192,6.2672518104261545,5.194104131706543,4.234392473444585,6.310909748508327,1.9089062857202632,5.504159463925383,10.72033151817167,9.856955269227383,3.3150332096336177,0.0,0.0,3.585273354167788e-05,0.0,0.0
2113000404,2009-10,Eastern,0.9174215545775127,1.323129817846709,1.129081543108701,1.1563745016340439,0.27652567396031685,2.483738657017671,1.1061904057210485,1.0270782779479046,0.7880936337083437,1.388174870567413,0.40209686932713434,0.987542423890518,2.2257585341368444,1.9324653562315288,0.7488714218429823,0.0,0.0,1.1901292338366054e-05,0.0,0.0
2113000405,2009-10,Eastern,1.474326301450697,2.130839791224442,1.8654429591894652,1.7726633983920073,0.4284250735965931,3.7678457824027163,1.8430161011626984,1.720688904480099,1.3226263215335947,2.2276661142090135,0.6286257954129442,1.4669953923278787,3.8021546014835406,3.443620862448664,1.2171566526034343,0.0,0.0,1.4000299571395066e-05,0.0,0.0
2113000406,2009-10,Eastern,3.426233015458522,4.972501472284968,4.4262396150905206,4.048818144932859,0.8619924496663971,7.123264258038579,3.1810209356612957,3.779589179810767,3.057780904472864,4.944407548876771,1.401734928779125,3.102062685053612,7.309834910763988,7.682492822569351,2.923355571826931,0.0,0.0,2.5054601374045923e-05,0.0,0.0
2113000407,2009-10,Eastern,3.5904708258783598,5.673448030678639,4.493082097343003,4.464374986947345,0.9505571772287426,7.992952291639817,5.4745351669246345,4.180888193949844,3.2796955648710737,4.943692384138572,1.5014804731661535,4.440699944719343,7.0046001187486375,7.5800951262531795,2.9368478375193163,0.0,0.0,3.836070746307589e-05,0.0,0.0
2113000408,2009-10,Eastern,1.6785821012424504,2.2558353720789706,2.1626664175334986,2.1233004579929853,0.5354803320412522,4.676179918790724,2.239000703625597,1.8603255427620087,1.4719040472398324,2.510963612222056,0.654177131852892,1.6473180637604063,4.1139790200975535,3.8730011548750793,1.3066671290313014,0.0,0.0,1.5202359567100123e-05,0.0,0.0
2113000409,2009-10,Eastern,1.51852230616368,2.2126258576349622,1.8534237975240044,1.7909656316799192,0.4091214173975243,3.5715043662941546,1.5932804678844574,1.6840532088669993,1.3083197872295487,2.195602285924365,0.6187255236147833,1.5107791114950284,3.429831129810809,3.2190026696964824,1.2788770516854402,0.0,0.0,1.570137097451437e-05,0.0,0.0
2113000410,2009-10,Eastern,2.2060538400809633,2.9909524591291605,2.92265801591537,2.5517756744841242,0.6642409274885135,5.926838524840253,2.5512307793081175,2.5573111176485335,1.9657053171179566,3.275948276105587,0.9623430685787385,1.8694609556029,5.086591391116404,4.855872611796265,1.877966038121024,0.0,0.0,1.658459386183627e-05,0.0,0.0
2113000602,2009-10,Eastern,2.1639091600872025,3.5608165745429714,2.7136051029707544,2.725964120417904,0.5227270921808593,4.495823598299352,2.3972956251277013,2.5741984987254676,1.995030780595551,3.4478130648838956,0.9598897577718745,2.015106014560907,5.847133431007868,6.354467884598823,1.9440155982646208,0.0,0.0,1.730047589794822e-05,0.0,0.0
2113000604,2009-10,Eastern,3.452018208495968,5.7880707811369305,4.477183673008726,4.377455597733377,0.8046245918271008,6.702924911259197,3.9807413186830938,4.126335957921191,3.111494391363957,5.245266095422643,1.5331212099813607,3.3346221847694957,8.471041380406009,9.458175052349267,3.1168619408134655,0.0,0.0,2.1879882906427834e-05,0.0,0.0
2113000605,2009-10,Eastern,2.025049750288932,2.5055281110305847,2.6428512173262186,2.4332977060494803,0.5629696319715561,5.248657962820186,2.200121229834025,2.019689080282019,1.633553132120426,2.91828190343333,0.6826733123738646,1.649322026390677,3.8350609961491444,3.786747401937158,1.5591883597556508,0.0,0.0,2.089051774128225e-05,0.0,0.0
2113000606,2009-10,Eastern,4.227074451198706,6.318090311978254,5.641862541963661,5.209971630651994,1.3810660524905136,10.236495260523686,4.333410321378125,4.985433212948913,4.144328744088708,5.841435329563628,2.0051137128049628,4.8114908287930085,8.84244693114011,9.05055678176531,3.711758009912857,0.0,0.0,3.0149993995266124e-05,0.0,0.0
2113000607,2009-10,Eastern,2.355060626168243,3.3292454187157343,2.8986654222140342,2.837442818481446,0.8351012882010873,6.328739047580415,2.877544351406262,2.7040648415858857,2.221250405781136,3.292585984003235,1.071027580214633,2.7458913080049077,5.336225661873387,4.875582071544937,1.9548291152932649,0.0,0.0,2.0242496300964373e-05,0.0,0.0
2113000608,2009-10,Eastern,1.8699523067485384,2.6918370214660805,2.3412807457662117,2.337230606520473,0.5538441102275908,4.756090577275849,2.8618453670005293,2.1904923675401857,1.6350681145652026,2.8750889698413307,0.8074107273097044,1.8311656079152996,4.678643374892788,4.629040928449661,1.5632902909331505,0.0,0.0,1.793627780509668e-05,0.0,0.0
2113000609,2009-10,Eastern,2.7669144427574994,3.886183779954164,3.61458635919558,3.2177824377962807,0.7371589650114354,7.523224132139706,3.3153949412441084,3.271545864729271,2.524723638660356,4.331391315485328,1.0817731871355625,2.320645326670406,6.8691173571341455,6.9890436185568445,2.2351529214128076,0.0,0.0,2.412811781817039e-05,0.0,0.0
2113000610,2009-10,Eastern,1.801168593289204,2.7314758928382976,2.266522400559599,2.3590919158567263,0.5604751196059743,4.501499735320959,2.2436854644515605,2.1178213588946964,1.640477342655053,2.8382465166409565,0.7583088654336613,1.8201827434690383,4.548398760984663,4.472767388449087,1.585264534280222,0.0,0.0,2.1487422508535397e-05,0.0,0.0
2113000701,2009-10,Eastern,1.9241842502125746,3.081237609067186,2.453950008823504,2.524018374029938,0.5163230136279169,4.2095487287187225,2.071665339944213,2.2163508874799738,1.747470468487023,2.9861986508254836,0.9211436527345283,1.8643790019766568,4.640726285685881,4.504654551190122,1.7640636179518223,0.0,0.0,1.6243718442866597e-05,0.0,0.0
2113000702,2009-10,Eastern,2.0319789319245505,2.9191476909226135,2.563082156699742,2.303657038314943,0.5682668853365752,4.883493777500827,2.1338253487623042,2.2909647508168436,1.7846207386333341,2.8559165890286713,0.8293783195307097,2.0039233658448206,4.413629070965476,4.093237662034107,1.7404307752016697,0.0,0.0,1.821977278977246e-05,0.0,0.0
2113000703,2009-10,Eastern,2.944403047292312,4.517636828959901,3.612020001003612,3.663970188339988,0.8476718268344792,7.384275752218626,4.247256326207466,3.4428279805621242,2.6581165184102127,4.206896572509994,1.1644651772316112,3.593967450853226,6.859174637446745,6.959852431079709,2.273060043862989,0.0,0.0,3.397332260302176e-05,0.0,0.0
2113000704,2009-10,Eastern,1.205474586084194,1.9236826852413902,1.584256285052794,1.5218804303441558,0.31101169597803946,2.8413468842310365,1.2173130940076078,1.4254209118743646,1.1550449624677537,1.8624134393913583,0.5420681166149653,1.1297693876019637,2.8547653597770615,2.6171193653648466,1.064053030628047,0.0,0.0,1.1713369465064831e-05,0.0,0.0
2113000705,2009-10,Eastern,4.473017411695542,7.053911676447301,5.650200851227177,5.550088395014096,1.211491574040155,9.812712047266873,6.792424854138169,5.241167265272758,4.137869645067381,6.067758394741965,1.9198494425167634,5.595073573449814,8.692815161159912,9.693062746683653,3.6476965103262797,0.0,0.0,4.201025217850062e-05,0.0,0.0
2113000706,2009-10,Eastern,1.063049112152704,1.8301526807736948,1.3443082787465295,1.4227833200623545,0.2552290070473174,2.286711020372681,1.191882515376783,1.27380868001321,0.976028317790438,1.6330837351180452,0.45056258965603413,1.187412562776523,2.648761193934925,2.387999558180261,0.9418223686158169,0.0,0.0,1.3093304560131887e-05,0.0,0.0
2113000707,2009-10,Eastern,2.217496330461305,3.073146583145758,2.8687158504562174,2.5076571164290833,0.634341535305581,5.372621272406183,2.353158961937054,2.542761724533016,1.97999291678561,3.209193980695801,0.9697821368185796,2.0443822688213293,5.4784767657954045,5.409364838953296,1.8506171514041707,0.0,0.0,1.4487787104481902e-05,0.0,0.0
2113000708,2009-10,Eastern,3.695055043183318,6.206163748550214,4.655715993201346,5.254248547296293,1.2223120148185194,8.715548809112258,5.893287490647675,4.72941625220957,3.6599360271084875,5.844299793522348,1.771892467532996,4.7099215780479815,9.974682309773797,10.619908899982422,3.2570563310765035,0.0,0.0,3.428700493048119e-05,0.0,0.0
2113000709,2009-10,Eastern,3.337980989393635,5.341321751962807,4.228513961825297,4.23582091006748,1.0203683205779923,7.275358652536569,3.6841994441559978,4.023635320024469,3.2413279504751094,4.778824047744553,1.5009410603593794,3.9614959061492527,8.406496546753212,8.209043505789747,2.891112433945928,0.0,0.0,2.5400764547522664e-05,0.0,0.0
211300070903,2009-10,Eastern,1.8712663497990882,2.499602552360196,2.372310582363595,2.508530076506531,0.6362645194184234,5.4689406171137005,2.7631737820181237,2.0649385670617137,1.6680079592650132,3.022368818339873,0.7585091348826469,1.6899200990001069,4.5867046037857175,4.527166161791842,1.4882244255613601,0.0,0.0,1.975976916834958e-05,0.0,0.0
211300070905,2009-10,Eastern,2.589789943254897,4.294943806638254,3.146732931088422,3.049709914442213,0.5777237228570942,4.675613718713046,3.07502575957808,2.94971193508651,2.192321100201108,3.5880877536037357,1.018863687314446,2.826620148151057,5.585130769269483,6.299188742681524,2.2840185865770017,0.0,0.0,2.443675080882793e-05,0.0,0.0
211300070906,2009-10,Eastern,3.7857399964595473,5.579309708318368,4.755544319427439,4.571144975197691,1.149515065214166,8.784663076535475,5.372538606367908,4.45165171032366,3.4003316300287367,5.253963834323498,1.5636370265805075,4.422833962071719,9.310897462909733,9.28800152947805,2.9705670287047647,0.0,0.0,2.8545433323691215e-05,0.0,0.0
2113000710,2009-10,Eastern,2.050028004863384,3.1518482310966185,2.6669498391018633,2.573283939939153,0.5703409960362784,5.0578541347358446,2.4134055425699668,2.451494362366147,1.95018320270721,3.0914010302830515,0.8740987466405339,2.182343354328753,5.134726642056806,5.038569505176125,1.6889351655973306,0.0,0.0,1.713079382886511e-05,0.0,0.0
2113000901,2009-10,Eastern,3.004118034489305,4.997189876708707,3.7950261668569785,3.8418769839452747,0.7628241646728597,6.528406727430741,3.151960699155024,3.6123788969496475,3.037031686698307,4.636433277342629,1.2989019254652459,3.4018102174731113,7.453218294386055,8.254290690476362,2.5057452670111973,0.0,0.0,2.8796376037042986e-05,0.0,0.0
2113000902,2009-10,Eastern,3.568373188481161,5.005855149299349,4.586180117073686,4.167643590220239,1.1031844131903277,8.789470360125119,5.159966964352372,4.1752275548880124,3.180994392539846,4.992674636513005,1.4505706001971261,3.73569974879445,8.760457816849831,8.705039071167693,2.7966906679507866,0.0,0.0,2.488202036876765e-05,0.0,0.0
2113000903,2009-10,Eastern,2.2692771517312402,3.550786317399994,2.921447210863108,2.7948356670514216,0.6087398145640956,5.024651367852949,2.278297176900178,2.629283973393836,2.0468808001304715,3.360396001544298,0.9995032552352413,2.2812342701303594,5.113620364447078,5.073816957477171,2.106957130493557,0.0,0.0,1.9941408971295242e-05,0.0,0.0
2113000905,2009-10,Eastern,2.958589169519773,4.268472913589369,3.826921435604376,3.50688110794391,0.840361492509282,6.988927407234452,3.2889130064460583,3.4258448362024096,2.65666230367756,4.013286621924995,1.2030054722230188,3.2806917878214628,6.6907667500519965,6.552276218645994,2.3294979911418583,0.0,0.0,2.0035802050438512e-05,0.0,0.0
211300090503,2009-10,Eastern,2.1412678216449397,3.292327439317781,2.601939196149395,2.60046908337924,0.5742701065956983,4.864239464173725,2.8051101665582725,2.4770985782365322,1.862117762201706,3.132097001986444,0.8361485060343469,2.379417223951753,5.384186910227872,5.184064390575504,1.7206977224578672,0.0,0.0,2.062604349788757e-05,0.0,0.0
211300090504,2009-10,Eastern,1.9097449759128857,3.1689743989904104,2.3017206912478074,2.446683110580185,0.5037297169565627,3.879458742540061,2.5523180856655165,2.2533952585188195,1.6626576823464803,2.8475546708591333,0.7513569098270046,2.2529457490434575,4.902984363223746,4.8584332161358335,1.6455319825859795,0.0,0.0,2.204301588183384e-05,0.0,0.0
2113000907,2009-10,Eastern,1.2018352757795088,2.1258642839616657,1.4953571136467583,1.5876559030558797,0.27424594855684525,2.449295650085886,1.4463138728738716,1.4442998472868365,1.0821144943639422,1.9765332872808732,0.5267608059108719,1.1417468803781858,3.367996705306883,3.6651642457161198,1.1260081991360584,0.0,0.0,1.3145329342226963e-05,0.0,0.0
2113000908,2009-10,Eastern,3.0805499018507825,4.960428022482937,4.07525005113338,4.003707340266079,0.8347366848322384,6.5229923800183105,3.0263131133033934,3.648043418493437,2.953293370886144,4.560014871533513,1.399477016834593,3.118204708468878,7.119506102608823,7.232838730379508,2.8072335678659837,0.0,0.0,2.230175623444078e-05,0.0,0.0
2113000909,2009-10,Eastern,2.805545593576447,4.043717307872295,3.633024063020503,3.6640885231402627,0.8193199533423868,6.315112386272999,3.6604295358774537,3.134303123994051,2.4590584882693314,4.297616067160976,1.1951541008038917,2.634258157660731,7.048122538338829,7.276071212929434,2.373077396760304,0.0,0.0,1.8368862297578587e-05,0.0,0.0
2113000910,2009-10,Eastern,3.2932556614784785,4.4412691032843625,4.442345270896703,4.173923287106909,1.0741239599045094,8.57519712672437,4.116268168156883,3.7170566976805706,3.030440466385935,4.711666845623436,1.3487218307530036,3.333346976925473,7.880821746854217,7.928322436040397,2.5426942379711623,0.0,0.0,2.067484411827883e-05,0.0,0.0
2121000304,2009-10,Eastern,2.5197651016127427,3.902365418282931,3.214042132755391,3.418876271350667,0.8224909381697726,6.193360044494431,3.6489015403257956,3.130482032896581,2.4316583940931356,3.687122983215926,1.1660580107350744,3.1722588034095542,6.6575656901788385,6.291279410492274,2.0499604857049407,0.0,0.0,2.067299344608366e-05,0.0,0.0
2121000305,2009-10,Eastern,4.502729490264079,5.994197710093269,5.71110256813435,6.155173422566159,1.95434006857614,11.727315783346004,8.42172102791723,4.833583701658883,3.821564821504542,6.246159499316579,1.6870870173820336,5.569293688897204,7.444721388489214,7.672841542258194,3.290988338918019,0.0,0.0,5.9284847044735246e-05,0.0,0.0
2121000306,2009-10,Eastern,1.0500256081549884,1.3179472139545383,1.3036099708003226,1.298654694185874,0.3597617138950119,3.338924766433562,1.5213072548596633,1.1122824551548387,0.8604505842892327,1.6378908124718128,0.42228282663556815,0.8931215431857759,2.5978552511713797,2.494931689252627,0.819707833577971,0.0,0.0,1.2245246184033117e-05,0.0,0.0
2121000307,2009-10,Eastern,4.145557390732952,6.924092597395087,5.28327880510842,5.365425370942433,1.0903052533654791,8.088974020383464,5.661161823595687,4.933071325943733,3.8606007449601023,5.877221698764562,1.8191470423471814,4.932509996466674,8.826573486412657,10.152635311022532,3.6627963617555808,0.0,0.0,3.530412348995645e-05,0.0,0.0
2121000309,2009-10,Eastern,2.0100836952298278,2.858777997382359,2.6372497473725063,2.825108769772661,0.666190807864319,5.186092572518848,2.8981076649470086,2.242905574379638,1.810059093688685,3.080152810325062,0.7860640041030282,2.164597079643037,4.985637112509264,4.399585806552761,1.5984712282728981,0.0,0.0,1.9092588769996437e-05,0.0,0.0
2121000310,2009-10,Eastern,1.309300126935765,1.846100291655776,1.6116557305113481,1.5462374528060359,0.3859863931155971,3.2836418076276748,1.3686673183764766,1.4436064675397189,1.1289201947550547,1.9282879153197299,0.5302884170206704,1.252318929019337,3.144266572948231,2.838591817130449,1.096640929817477,0.0,0.0,1.3920094175435447e-05,0.0,0.0
2121000311,2009-10,Eastern,2.981256109092357,4.661364820746519,3.866542166735614,3.8982598911876125,0.9123418303150788,7.108230171495891,3.6104272014546903,3.597616244743999,2.8834517863484947,4.272515124882076,1.3139448631345816,3.6414900143566564,6.912692329403447,6.529544560879192,2.514051205717522,0.0,0.0,2.541620752758594e-05,0.0,0.0
2123000801,2009-10,Eastern,3.1677912938762485,5.100502727652546,3.953931559081694,3.927998814631247,0.7638306049261208,6.609499685884913,2.828044323102117,3.65097539374433,3.0871366617454155,5.002062874095382,1.335457803854081,3.310070527197638,7.547076798980972,8.049878141220141,2.6156814084850244,0.0,0.0,3.53260041257866e-05,0.0,0.0
2123000802,2009-10,Eastern,3.2249719836020017,4.617712689573634,4.114522010391351,3.997858466718447,1.0094373758428825,8.689036325455236,5.185843481449065,3.8407282238602938,2.924989726629248,4.629002798002789,1.3768492469439704,3.6536610186695566,7.387382609927405,7.505038268174167,2.536914830071931,0.0,0.0,2.7508002338591806e-05,0.0,0.0
2123000803,2009-10,Eastern,3.0275019645417283,5.103075203193081,4.0288975299318635,3.873511347596896,0.7177244098885407,6.302801529055531,3.59794149515211,3.8033459010500654,2.8771853744451223,4.685581982626981,1.3185083158426298,2.929896297839494,7.708956216038765,8.234450637991236,2.779625645032608,0.0,0.0,2.211171935410062e-05,0.0,0.0
2123000804,2009-10,Eastern,2.7837095651548953,5.821865775742829,3.519248908445763,4.102007520477696,0.6538711840230446,5.273096672949738,3.085326260307149,3.614376795482428,2.854446043519237,4.692248419626411,1.3171782912294927,3.2957542703268228,8.001599360129553,10.020606935180671,2.6969430627311737,0.0,0.0,2.658099747279438e-05,0.0,0.0
2123000806,2009-10,Eastern,1.0599525324891903,1.4740653948788387,1.2900062697402217,1.3215464693061265,0.3472417397343017,3.1185875365720026,1.8389457549720787,1.224886037719215,0.9032057164396193,1.6487726234569877,0.4270748942744709,1.1216333722007006,2.834476483880448,2.528501821934409,0.8330554787285469,0.0,0.0,1.4195627452672609e-05,0.0,0.0
2123000807,2009-10,Eastern,2.450219093939131,3.6525824516871572,3.0945968448873873,3.2021872701543757,0.8347261389573574,6.198177223598056,3.428525293377186,2.9059729745026095,2.287822716652604,3.4998577079617106,1.0849391533182333,3.1343806003822245,5.9337580187975965,5.2655093402011985,1.9940634442734342,0.0,0.0,2.1096644948942582e-05,0.0,0.0
2123000808,2009-10,Eastern,3.2800824088378815,6.10234616112805,3.99013242009858,4.315308540619085,0.8053049535899364,6.162158452200766,3.67752733011348,3.9838366952347974,3.306624982491481,4.726036174493897,1.4495940861414902,4.330830681966249,8.359450169279818,9.729812641763477,2.739000314705949,0.0,0.0,2.6394216957440378e-05,0.0,0.0
2123000809,2009-10,Eastern,1.8694358372874802,2.488775855682763,2.3647294796853706,2.2033726596479055,0.5819178126909416,5.112919778456259,1.9530572435636102,2.0529978033136547,1.633668208512391,2.7738084096728732,0.6947427481308399,1.7943466148787683,4.214887460649445,3.727896251872697,1.477443964842456,0.0,0.0,2.3527139543175636e-05,0.0,0.0
212300080902,2009-10,Eastern,2.2340554361083664,3.3423311376931477,2.747923993454862,2.765395746605085,0.6728283279997258,5.31703407999775,3.28154187301169,2.5974831529190228,1.974493278653014,3.2376830119998115,0.8677239806220691,2.5577578885286436,5.528637919509801,5.132686237402249,1.798379022981126,0.0,0.0,2.3205330054109595e-05,0.0,0.0
212300080905,2009-10,Eastern,2.0495582172267746,2.7722922734982505,2.519672507000029,2.302062883921348,0.5919929239727507,5.652154426236832,3.11406166936496,2.3378380250066466,1.7345853808939875,2.8888728832866466,0.7805060361696082,2.1036085070203883,4.657367197313535,4.416672145271236,1.5671159787542133,0.0,0.0,1.971279649054587e-05,0.0,0.0
2123000810,2009-10,Eastern,4.756733568479809,9.940968144637948,6.286348199168207,6.908614724652577,1.1504683122937616,8.169278062865597,5.118448250949358,6.247701501268207,4.9426292662829,7.783009691767378,2.425696277845082,5.1337082796909295,13.756173371825607,18.73933928791693,4.914953820095002,0.0,0.0,2.821476026444243e-05,0.0,0.0
212300081007,2009-10,Central,1.9018612295467263,2.948895906882439,2.2969282789742826,2.535838570049143,0.6735218223960959,4.541276789416652,3.356780096771488,2.199597829908344,1.9589342765187678,2.5883398321264126,0.7768476167734282,2.6596604993802044,4.231615626367743,3.0690985652889875,1.5315788623402409,0.0,0.0,3.165282850799025e-05,0.0,0.0
2123000902,2009-10,Eastern,1.2953195175539,2.121060174039949,1.6304908033067742,1.73639766486786,0.35767694015684853,3.1271005820890827,1.5572731537669822,1.5601161461867954,1.2119530115594084,2.0862227817860792,0.5710005901441816,1.3335485316398652,3.4864950218467463,3.196042590575743,1.148446302736239,0.0,0.0,1.5219598876792147e-05,0.0,0.0
2123000903,2009-10,Eastern,2.2461839426184973,3.4875017683724114,2.738072807018824,2.67048089265324,0.5880838779899074,4.83941040446988,2.330039934386422,2.5124536774170543,2.0349692885500317,3.10584236917654,0.9181439768703296,2.5454596981559914,4.650895735522436,4.491668385159419,1.8887927776581166,0.0,0.0,2.2766847519423787e-05,0.0,0.0
2123000904,2009-10,Eastern,4.759806243724062,6.492559079495546,6.516738247194478,6.322409877892169,1.6026625585650913,11.663988135931845,5.423280407276464,5.395466003674718,4.528868387886246,7.300892325313457,2.157846741369447,4.075466424722016,11.297536209473312,12.721245176237204,3.9902741779466067,0.0,0.0,2.684036656233279e-05,0.0,0.0
2123000905,2009-10,Eastern,2.519295518063339,4.220337074145927,3.1824899028176867,3.1894211557411434,0.5598313760919517,5.051151362248959,2.842773556939453,2.942955005765042,2.2151949819941747,3.8744542781597615,1.0741694809098727,2.445482148892217,6.163471139487648,6.823581807110828,2.1957409536244588,0.0,0.0,1.9214141461067096e-05,0.0,0.0
2123000906,2009-10,Eastern,1.91127015611923,2.9161890652248594,2.3366445002017944,2.5166985792291467,0.5672656776658338,4.681575560930819,2.8489442332816663,2.24208322352325,1.720269043889668,2.9377333381855046,0.8418820866291877,2.130453321889942,4.737205704603778,4.680579266827248,1.5914228717894503,0.0,0.0,1.9728124908860258e-05,0.0,0.0
2123000907,2009-10,Eastern,3.49434010083905,5.842789010822529,4.250910928820695,4.6818445954058285,1.0497490860185907,7.264211102687632,4.630680434459313,4.212171972733978,3.378437277613033,5.220000610796859,1.5963345679815582,4.302248434576059,9.073084443110034,9.517307993487494,2.9994920190797054,0.0,0.0,2.8552726966993615e-05,0.0,0.0
2123000909,2009-10,Eastern,3.5133597245788675,6.0238761243173755,4.609618832656608,4.610579872697927,0.8484976445498715,6.935711607521863,4.0457548767283535,4.3028965443266145,3.3159811081771204,5.360752373976943,1.598046477959434,3.5272666051231956,8.702156978925343,9.529331794327149,3.161025903701306,0.0,0.0,2.2752655659100196e-05,0.0,0.0
2123000910,2009-10,Eastern,2.1370942451525208,3.26600186958247,2.658782849726447,2.748884534975127,0.6353859559092948,5.309185219888544,2.6421709358632257,2.486221706276127,1.976437973212476,3.1822915950533717,0.9366098149858577,2.421100692673861,4.900853928708076,4.70294865780656,1.8024928627797112,0.0,0.0,2.1579945176016624e-05,0.0,0.0
212300091004,2009-10,Central,1.1381322789733264,1.718292443757146,1.6840122283676624,1.6559124461431924,0.3563003859414795,2.725031063412034,1.2969066502426763,1.337674260073644,1.1603971956766712,1.7752832620072216,0.5517482321954924,0.9505968147571939,2.775907007847877,2.055586457475554,1.0556566985999618,0.0,0.0,1.1534817192783843e-05,0.0,0.0
212300091005,2009-10,Eastern,1.260083558540398,1.8718615522032087,1.532629162353146,1.4902261460363928,0.33643493748124653,3.0664742302090873,1.4806787874152403,1.4222133141091533,1.072714403250294,1.8884229259321352,0.48201257284554866,1.2525259141095322,3.086158934786102,2.849327984231949,1.041812484407541,0.0,0.0,1.5049177477184353e-05,0.0,0.0
2123001102,2009-10,Eastern,2.7046816892763,4.192749862992075,3.529994279608591,3.3627880268979045,0.7612050244408832,6.121473773877854,2.767575622698882,3.183990907813179,2.5894722174940497,3.781201355904842,1.1609572269364212,3.036249254113736,6.063883408530871,6.073786394663056,2.3121601785247456,0.0,0.0,2.1411048917999143e-05,0.0,0.0
2123001103,2009-10,Eastern,3.2887587275229735,4.815174550192281,4.172994417613362,4.153159373877376,1.0188867865313145,8.163071678965478,4.824905999197363,3.9394807829666423,3.013134942565023,4.8623073148010825,1.5230946391118378,3.5224186945681604,8.098375128331734,8.425209617913334,2.676985742532884,0.0,0.0,2.2965393985028183e-05,0.0,0.0
2123001104,2009-10,Eastern,4.443346898393224,5.656096907460181,5.884608053151625,5.266478648655548,1.6207143040212375,12.257515621572498,4.649264460367073,5.00768244151628,4.1669079536618705,6.308019538069945,2.0048193018336375,4.223411570519887,10.445852062137313,11.07078126288511,3.451891902836276,0.0,0.0,2.734734867167726e-05,0.0,0.0
2123001105,2009-10,Eastern,1.4608206056896647,2.1707124465093885,1.798076764807755,1.7862344440975924,0.42768719191036614,3.4757105453747648,1.5365222690123799,1.6406378921059295,1.3093610047626976,2.2106783321595853,0.6114403530450706,1.3988463650504148,3.5282774134605006,3.344037740102794,1.278008993509111,0.0,0.0,1.6066933749492493e-05,0.0,0.0
2123001106,2009-10,Eastern,3.8569224813802294,6.56067471946166,5.0647933376054235,5.318681157224879,1.1042246635435622,9.328403641124279,5.185975390769851,4.9621345427377275,3.89692912155069,6.077964601256658,1.76674155585371,4.518740543651357,10.270462164840247,11.55391818465104,3.294096033339384,0.0,0.0,3.3622911442047985e-05,0.0,0.0
2123001107,2009-10,Eastern,9.668656992614824,14.030220277648288,12.640319441156562,11.382245050666638,3.033553259711646,21.904906174019906,8.475752102103392,11.366591864758316,10.059581775811202,13.908034813331566,4.623579907988099,11.17061523630644,20.230572812273895,24.765084291451252,7.52607322119845,0.0,0.0,7.711244576419223e-05,0.0,0.0
212300110703,2009-10,Eastern,2.4125798097170437,3.4705070255036747,3.0908014619375894,2.9837860222971115,0.7231940896929375,6.218544386476954,2.6840682077401508,2.803055238900212,2.2798193437132017,3.6365839069619446,1.0491971749154831,2.402390546185478,5.512022272496374,5.29119889594986,2.0398431250831415,0.0,0.0,2.2367420620677226e-05,0.0,0.0
2123001108,2009-10,Eastern,2.1627420769862944,3.4003589940214667,2.754784577633213,2.6458541972755856,0.6168099546093115,4.945520844657296,2.6484552522216362,2.5623753600071244,2.029343056869746,3.106203638526826,0.9061111189926344,2.457754473787645,5.271448376409662,5.414682371820525,1.8276824819165198,0.0,0.0,1.8306237085853076e-05,0.0,0.0
2123001109,2009-10,Eastern,2.143950645846456,3.055602509801268,2.80831774046465,2.939380266664933,0.701678803889743,5.513566999481623,2.511697745320627,2.317144519725481,1.9146547627306927,3.2449879241041875,0.8567404005385691,2.1484622323146474,4.849963057949429,4.564215222465258,1.7807634841627036,0.0,0.0,1.9479145307676493e-05,0.0,0.0
2123001110,2009-10,Eastern,1.686132854566474,2.5343988465608587,2.095862618781609,2.211263897393677,0.504766476072529,4.05778058298591,1.9649707401084564,1.8567297529183313,1.493510173376576,2.48281454173571,0.7427162207334276,1.9260470445743834,4.063533764936822,3.7008130545897724,1.3788263157893754,0.0,0.0,1.375033759689774e-05,0.0,0.0
212300111005,2009-10,Central,2.1807212372782865,3.2417064622370177,2.822549013374106,2.770825088192126,0.6941652740294438,4.8206226180214005,2.570259349780352,2.5897350579502976,2.1953474693897723,2.871301007244021,0.9777180069584138,2.429699511208193,5.499627991061096,4.689993738992317,1.812330173074983,0.0,0.0,1.653722076382106e-05,0.0,0.0
2123001301,2009-10,Eastern,10.274326565715073,13.792542427231178,12.935340731297565,10.630700433899781,2.996873060695891,19.93312689480336,14.610556109553146,10.915524545639219,8.577952087581536,11.586352375046259,4.221932103720973,11.680567720692586,14.95030120616352,17.98624311526213,7.9637624677973395,0.0,0.0,7.843427462023535e-05,0.0,0.0
2123001302,2009-10,Eastern,1.9595843112295,2.773215366466449,2.558666069619953,2.5372533395082173,0.5893577214344856,5.216475936758506,2.586092363169543,2.219388947810108,1.7269451371074636,3.0980682515019127,0.8023542687804375,1.6748826347778594,4.797804256519144,4.740272888103112,1.6659764644769706,0.0,0.0,1.7395153282331217e-05,0.0,0.0
2123001303,2009-10,Eastern,2.1164450551602743,3.110285720984814,2.7018096274709995,2.554320819932602,0.5347848236039602,4.869423807088333,2.204727725723247,2.4192927642364164,1.8524078785155547,3.1490911683320593,0.8892556018091506,2.033493394948498,5.038738803380296,5.222113219118217,1.7640388157442464,0.0,0.0,1.588865840605563e-05,0.0,0.0
2123001305,2009-10,Eastern,2.8087075623385145,3.7544234823101292,3.565262705376274,3.3585700101389335,0.9599474623263833,7.882601395577197,3.001814980982366,3.1801758047119675,2.584964993854457,4.232478441023661,1.177113677830229,2.692352742222385,6.521597911862615,6.2949098536638886,2.281492486984768,0.0,0.0,2.7952927625358288e-05,0.0,0.0
2123001308,2009-10,Eastern,1.9782420170529524,2.6789302939123094,2.6474618736361712,2.638846291895167,0.5961757348752177,5.140268544818731,2.1547391280569537,2.1072857140578756,1.7334184012609988,3.1541739205711323,0.8093813529012339,1.5117963427904777,4.627325012844881,4.741507782248978,1.6850214854477479,0.0,0.0,1.5598722324392698e-05,0.0,0.0
212300130804,2009-10,Eastern,1.0984387262011437,1.684809912423092,1.3830245602036506,1.385592737802622,0.2905093839955168,2.5792798354189967,1.2343822051606372,1.266799629001452,0.9678644797827964,1.6967035473186372,0.45355823216702945,1.0650721275374502,2.83462729742698,2.665530815691386,0.9448434740015006,0.0,0.0,1.2506809987606759e-05,0.0,0.0
2123001309,2009-10,Eastern,1.6251385181748847,2.6871365760080437,2.0455321980282855,2.150452603571343,0.4058119384922977,3.5467663802680285,1.813600388655544,1.906113130401614,1.474920373479114,2.561192413307577,0.738373245292585,1.6030493003520856,4.037704509444774,4.00124173153856,1.463209092014396,0.0,0.0,1.597868829915924e-05,0.0,0.0
2123001310,2009-10,Eastern,3.2828066973883834,4.709760726494232,4.206977084213988,4.036787464829823,1.0009657431770342,7.927512163286902,3.4194851129007433,3.7374810847196693,3.0459921328688173,4.921092996158283,1.5252261886460017,3.1260847099800064,8.05930547300359,8.103642583450732,2.748924571310882,0.0,0.0,2.1079249809410133e-05,0.0,0.0
2143000201,2009-10,Eastern,3.803684446602836,5.516722925877535,4.958443566544917,4.862663918726569,1.338258846525584,9.693840987865954,4.394644424267562,4.485031199668846,3.7028834830291646,5.470376080346665,1.8113724008254315,4.279195870603945,9.292227457195818,9.313781496842411,3.12369442418035,0.0,0.0,2.5161382723274217e-05,0.0,0.0
2143000202,2009-10,Eastern,1.958884434970272,2.857673765698506,2.5638560193867015,2.362451479920608,0.5291390245894331,4.761768971932108,2.21235557926542,2.302879950118262,1.75143544931263,2.988024764587289,0.8470772667031858,1.7037071282185459,4.742081544470471,4.526241083632184,1.7295745352112775,0.0,0.0,1.641669604547681e-05,0.0,0.0
2143000203,2009-10,Eastern,2.1758107515911913,3.0208897924098888,2.761547660695468,2.5682466776506003,0.6859494917844412,5.743354836245219,2.791055901160879,2.5651750580418153,1.9484918320198177,3.1853177509279473,1.030700072091632,2.136227208895789,5.2996662032799575,5.3849565775870465,1.76900187702316,0.0,0.0,1.5641132534575543e-05,0.0,0.0
2143000204,2009-10,Eastern,2.746850234159414,4.261731814529596,3.4633062397671335,3.5137669526513777,0.7645060798867117,6.480422802726476,3.955186483911815,3.3030777432976515,2.5354620699793684,3.908203511212321,1.1611730788891794,3.3196445442268243,6.014109317750156,5.913307309203936,2.2555585219195917,0.0,0.0,2.494649933484368e-05,0.0,0.0
2143000205,2009-10,Eastern,1.7343562300489108,2.4918842956121896,2.1365452323393237,2.2085181903944315,0.5846959210668857,4.931005637441911,2.489808463914708,2.0208843931278992,1.580755717169461,2.601893925008828,0.7575552481950909,1.9624257334645379,4.081412393465325,3.783068027094398,1.4291030348193456,0.0,0.0,1.977454797770227e-05,0.0,0.0
2143000206,2009-10,Eastern,2.471843102597266,3.9241180059993073,3.07614871537193,2.964331271339076,0.6447257075938211,4.8985114743594425,2.5972806008888703,2.8195387885275767,2.197405896968369,3.4720653550284113,1.0350582147645637,2.6243604523324042,5.3772046635246005,5.46012985990992,2.2441941987647,0.0,0.0,2.1976475567746442e-05,0.0,0.0
2143000207,2009-10,Eastern,1.355012626349551,2.0335407806758172,1.7622827834309642,1.6664901620481518,0.3293399409089053,3.1017868044865278,1.3673003969995858,1.5438590612465395,1.17634217884621,2.125410107942782,0.5802171189817302,1.09223763321773,3.2865465534713842,3.064673846442678,1.239961681046433,0.0,0.0,1.3218710067595332e-05,0.0,0.0
2143000208,2009-10,Eastern,3.584280348047672,5.728370662934342,4.474778976763718,4.4039116344475095,0.9259878792834833,7.6909523212981314,5.245844354185731,4.179443732882,3.321905541020715,4.793924088515898,1.4822744192952062,4.626583786412966,7.38725240901041,8.144820450622385,2.8306166160798885,0.0,0.0,3.111010835893093e-05,0.0,0.0
214300020802,2009-10,Eastern,3.780554171012684,6.186035441944783,4.749503479198045,5.545797685740449,1.42677475505547,10.407939370503385,7.111382443321866,4.900514898341822,3.8821485183908373,5.965594119647374,1.8231881872027242,5.323944468262849,9.879308307998201,9.93132521062365,3.1710506284503817,0.0,0.0,4.112997911892202e-05,0.0,0.0
214300020804,2009-10,Eastern,3.1945231658248554,4.914334144471221,3.839692967778724,4.154524688342072,1.070817093878815,7.741069956988242,5.353920679653429,3.7642618263384637,2.9671255046262806,4.4448124546771774,1.2905018280800027,4.52085902767826,7.486332676850207,6.683829320548369,2.441024369887061,0.0,0.0,3.658682923870076e-05,0.0,0.0
214300020805,2009-10,Eastern,3.2919703608105317,5.294939375888266,3.992842843549947,4.2571856620501505,0.9972040873481088,6.948807248291447,4.7572068713970745,3.913274717422446,3.0124157617177887,4.659583317964991,1.3609876290937337,4.335709248486363,8.11435936701267,7.830456830163739,2.6875321309656823,0.0,0.0,3.153983421729935e-05,0.0,0.0
214300020806,2009-10,Central,1.2019398700547823,1.7430638048027625,1.5265121798818824,1.4445769558789847,0.4358492487702846,3.1966191167063953,1.472298054805888,1.3612678140313164,1.2175030295844784,1.667142244974012,0.49868028976937745,1.3003495878795304,2.6206036176059184,1.869138701731104,1.0586577032073932,0.0,0.0,1.689074000598232e-05,0.0,0.0
214300020807,2009-10,Eastern,4.373491073763875,6.6568609021126255,5.3220520842013554,5.650892381505253,1.5045580648876444,10.375705823470739,7.25622721243372,5.162947493537183,4.120094004890764,5.939899893510748,1.8243183225333124,6.222107978465505,10.178438069722064,9.527535700853083,3.311188038519068,0.0,0.0,4.147437741297921e-05,0.0,0.0
214300020808,2009-10,Eastern,6.368160506209179,10.594794344482125,8.11861326026909,9.167798250608696,2.357142938995826,14.467907561867877,8.843477262441347,8.24886646442623,6.625567221428959,9.580283175701036,3.0429279951559747,8.989523685099318,16.956308043637794,16.58165969060623,5.351429287863719,0.0,0.0,5.252722857608974e-05,0.0,0.0
2143000209,2009-10,Eastern,2.4134874716651282,3.8085559736290238,2.974370385484424,2.970671633994777,0.7024786783188258,5.189958692456193,2.7086908089560726,2.8235541394930044,2.174633635420763,3.493490630465312,1.0198261915269942,2.7414400399462617,5.95042060707649,5.6791614625407965,2.1200035653746805,0.0,0.0,2.182121445225451e-05,0.0,0.0
2143000210,2009-10,Eastern,2.6697670667946913,4.0477495000550086,3.62688664252215,3.646295032316308,0.8091434862246749,6.186200874940087,2.8279962868000275,3.0038456029688496,2.538652510457374,3.868887178039948,1.1602630441125723,2.8293360880681284,5.853643141573677,5.6238184758491645,2.306206073264777,0.0,0.0,1.883770255934183e-05,0.0,0.0
2143000301,2009-10,Eastern,2.005986456729923,2.551031199343385,2.6255185710202498,2.3785387302358894,0.6023069918677163,5.940714613107941,2.572971530365014,2.205818351338127,1.72623452971203,3.1536118573901892,0.7727207903507439,1.4291533136903665,4.722762609850795,4.666944462250986,1.617482324788477,0.0,0.0,1.6626533066304968e-05,0.0,0.0
2143000302,2009-10,Eastern,3.3816340629928767,5.396756326891392,4.458627752861935,4.929980508009136,0.9947083021094173,7.745997351865458,4.756464056231224,3.946074922671714,3.1642633641019624,5.327221698190117,1.5461242482445792,3.659987819319393,8.50047779254695,9.665979037666027,2.829153987735106,0.0,0.0,2.281728835553258e-05,0.0,0.0
2143000308,2009-10,Eastern,11.757734139089614,16.279109782355484,17.012150635462863,13.255959332871974,3.395459146765784,22.812983208363946,10.063691552139788,13.636690679907387,11.385048705171915,14.64261091764537,6.008851114004208,10.884676275721484,25.212518412666952,32.79329223680394,9.668888612526835,0.0,0.0,3.323037553434416e-05,0.0,0.0
2143000309,2009-10,Eastern,3.1481812506326836,4.609949758028038,4.092587572762466,3.9683817236054413,1.0893291246416053,8.259163534642946,3.6604598322083213,3.7190543901910225,3.050302075710075,4.504071584576498,1.4854386610120964,3.61467150223593,7.025087614988416,6.823146048810414,2.6997409468595146,0.0,0.0,2.4914614864602872e-05,0.0,0.0
2143000310,2009-10,Eastern,3.2617707130669826,4.9412400452629495,4.412258256251329,4.037995020543136,0.8666095205080935,7.24771625679621,3.2212354259932137,3.8549429709562886,3.0417814072879237,4.8283867547880055,1.4640471751395547,2.8951918152593232,7.529073512317286,7.487052179888323,2.893426306349791,0.0,0.0,2.0003447280715583e-05,0.0,0.0
2151000101,2009-10,Eastern,2.7254592646989746,4.116935074208189,3.5925914828467977,3.397472902203388,0.7198199171725004,6.113049631671826,2.960778444063239,3.229327198436465,2.479432583187585,4.153255523906982,1.2260422230371049,2.3756571714589514,6.616702459501488,6.572006980161206,2.406608914984955,0.0,0.0,1.832171637445275e-05,0.0,0.0
2151000103,2009-10,Eastern,4.7706367762904005,7.6301570359574304,6.227719432242369,6.252224573038019,1.3519039700333477,11.430485241169775,5.4945808541184835,5.821346646718474,4.941305690208693,7.373037706791435,2.2320518536971203,5.646845564445747,11.321780467232305,13.344492548554463,3.8851274695355196,0.0,0.0,4.213652853086897e-05,0.0,0.0
2151000104,2009-10,Eastern,2.121548642764314,3.036569960185643,2.791870754505637,2.5445089523953777,0.6595791569591448,5.669724944776777,2.23625271191067,2.439473848119429,1.9667873025684772,3.087424594623316,0.9250150691126825,2.0957069147658287,4.602625162830406,4.21886235848243,1.8542244398666736,0.0,0.0,1.89455228285114e-05,0.0,0.0
2151000105,2009-10,Eastern,5.558872311213834,7.210936774572392,7.373748471777014,7.075930467268538,1.9449045268458913,14.173716582339123,6.861170359032052,5.9360504840584465,5.050678479619252,7.987311952466887,2.2479055403410007,5.675848538497327,10.592580363306231,11.674963762260111,4.152375493834066,0.0,0.0,4.438337562504319e-05,0.0,0.0
2151000106,2009-10,Eastern,1.9521809875672613,2.8455977079486128,2.552781592091305,2.665945878826084,0.6039331000745104,4.922192214522209,2.3379901270806687,2.1756469132935794,1.7483829620986717,3.038067027132239,0.8300548324034791,1.8431621703414682,4.774881325561775,4.521442828332813,1.6635084096209518,0.0,0.0,1.6754252899385518e-05,0.0,0.0
2151000108,2009-10,Eastern,1.9889172686405316,3.3409879068716295,2.4658446438718475,2.876304476735187,0.6315527539217015,4.844685977365404,3.2636526534261114,2.489293183478385,1.911588578420572,3.283020842145913,0.8853093558277034,2.397383708372362,5.3978950153980705,5.401895603049503,1.7768951351801958,0.0,0.0,2.656096624480102e-05,0.0,0.0
2151000109,2009-10,Eastern,2.7338497129749872,4.179306183463322,3.5342490541536513,3.388686465681173,0.7531033691638899,6.212353924026464,3.2390861302678906,3.2824433301577156,2.532436906911943,3.948299747683855,1.203409849658414,2.882345265374851,6.611173296277848,6.785253536933604,2.2798537689284806,0.0,0.0,1.9169490002022297e-05,0.0,0.0
2151000110,2009-10,Eastern,1.388697854567475,1.950218027059589,1.7394579086221365,1.7655863371167662,0.45599808743832076,3.9597559618723013,1.776531307859225,1.5812053399061394,1.250979485436669,2.146906967685396,0.6029072616319474,1.4544789266389644,3.5334857335623036,3.289730520364532,1.1130705147482411,0.0,0.0,1.4540411145521272e-05,0.0,0.0
2153000202,2009-10,Eastern,1.8522517000411665,2.9487850633015857,2.3415954111355632,2.286858815575085,0.5098140683630594,4.256888520841327,2.0462702793472913,2.2001582493917846,1.725312616187571,2.833941388793397,0.7666356733432947,1.8138512129648134,4.614329994511463,4.510559749183231,1.6640857298062415,0.0,0.0,1.9165660141948132e-05,0.0,0.0
215300020201,2009-10,Central,2.7702349704920257,4.11490657402116,3.495827896431174,3.1928615507580727,0.8504725504791809,5.819545030608136,3.2624962817479997,3.068136996365543,2.8685220567643093,3.3533784673372806,1.1794922360008633,3.369538168964426,5.3657886835477235,4.609574718800167,2.329128995261239,0.0,0.0,2.522469555147592e-05,0.0,0.0
2153000203,2009-10,Eastern,3.1693834273276735,4.46611066725443,3.9480550995426107,3.7506338870571043,1.0319189486447378,8.13230523394537,4.122181836448274,3.686780305508788,2.927977885399433,4.388525737716023,1.44742123832489,3.542657196903818,7.3547842834956345,7.25298802949053,2.520357752999808,0.0,0.0,2.1685896513340626e-05,0.0,0.0
2153000204,2009-10,Eastern,2.922964198262605,4.159456509639402,3.9425603727326055,3.482339044062884,0.8447812157701216,6.857823299495432,2.4865222110692886,3.331753448910341,2.7694187314376197,4.446631772297692,1.2591164318817103,2.2642750420998956,6.7851136146655655,6.879489352263089,2.687287482665234,0.0,0.0,2.1147577859093485e-05,0.0,0.0
2153000206,2009-10,Eastern,2.8105306188864114,4.410706935407317,3.6109198746807833,3.6156687011225066,0.7661394540275501,6.463908466884768,3.706959998649846,3.41526698889468,2.610536522265503,4.2584164874633466,1.2532298961841446,2.922441963075343,6.975211944647946,7.180526982465342,2.3888781157943284,0.0,0.0,2.1749531759638833e-05,0.0,0.0
2153000207,2009-10,Eastern,2.948964044865526,4.02930801412041,3.88076838130849,3.8101685897334154,0.8967875660264703,7.278297657388898,3.695435737859112,3.134179632475261,2.5181620813715195,4.157312789911803,1.1101096959050878,2.9566721470363353,5.753203693413541,5.824396430098473,2.3523032674571795,0.0,0.0,2.5712306775338033e-05,0.0,0.0
2153000209,2009-10,Eastern,2.5538267747555645,3.5993480534565934,3.409061530371195,3.5108009629365093,0.9128074309254935,6.895483354547617,3.211693770586778,2.891836597737288,2.3967502563693044,3.8592616971315143,1.1114853057554728,2.606225577558318,6.13884717320473,5.923578053243589,2.1239250736309634,0.0,0.0,2.0334127561109925e-05,0.0,0.0
2153000211,2009-10,Eastern,2.7488973831956893,4.052404101467395,3.7351168029994217,3.920550436178305,0.9369048992478344,7.029740743651791,3.6487948259404304,3.281607127400083,2.6808778116178655,4.071374793775425,1.2025246297590548,3.1035748820114133,7.28276787923625,6.942178924658158,2.2123938367930647,0.0,0.0,2.032935758078572e-05,0.0,0.0
2153000401,2009-10,Eastern,3.041805840785265,4.623877077842433,4.019021444922809,4.333664821847232,1.010809221086968,7.600651121378929,3.8758583747906066,3.521538428351206,2.9384884713759143,4.740074073456861,1.3916313594662886,3.1685552523083236,7.351925128531268,7.553559596096388,2.602714980589743,0.0,0.0,2.32220521492422e-05,0.0,0.0
2153000404,2009-10,Eastern,3.212116683375904,5.679538580146764,4.1777620917831975,4.357004075947213,0.8214394884305372,6.804940140169994,3.880498033232907,4.0361120039974585,3.150201784347462,5.152408482956271,1.4448117157671072,3.3367505578927177,8.724969290574343,9.912248465102936,2.8991948325862613,0.0,0.0,2.5322614870926546e-05,0.0,0.0
2153000405,2009-10,Eastern,3.6676213024402102,5.220187943793596,4.613177914328443,4.721082865660802,1.3485511712068747,10.43604289584023,4.866941664196836,4.39698816953571,3.604110973377725,5.7015508009372535,1.6444746081352861,4.2102038739338825,8.899023447848057,8.559183408054725,2.943730574292389,0.0,0.0,3.90442759253349e-05,0.0,0.0
2153000406,2009-10,Eastern,2.0092123014873646,2.9673759461395237,2.557350103492909,2.4736372817808183,0.5440989737169761,5.021251598094688,2.4236488828647644,2.3560760547296815,1.7979061656260733,3.0266019626618705,0.8340462026353546,1.9583683461331045,4.809863891382361,4.716868294132262,1.6643027097029053,0.0,0.0,1.848229556017537e-05,0.0,0.0
215300040603,2009-10,Central,2.3704545534902177,3.7205885319448027,3.0516995675703242,2.95215988692145,0.6598502319760949,4.877792507267884,2.6774822498472806,2.6934698465347893,2.4174456230728736,3.0849006504338328,1.0096047412587863,2.7530991836439345,4.836476606768611,4.302427202697517,2.0017090665929453,0.0,0.0,2.3006949189969953e-05,0.0,0.0
2153000408,2009-10,Eastern,2.550881898607584,3.7953028175642753,3.2920189060342886,3.42410389624009,0.7397926694215577,5.89341565871799,3.0316787616923375,2.775784203063131,2.283010874289333,3.747164576932109,0.9998882302320135,2.692466747688845,5.651207630404751,5.968608788875379,2.061416708932517,0.0,0.0,2.155972536071363e-05,0.0,0.0
2153000409,2009-10,Eastern,2.3752549219841184,3.3324749010521972,3.0213451348814955,3.373966698931636,0.9054587344872561,6.861364028128056,4.5004291506674186,2.6834478055129427,2.139227966871769,3.6142715137794217,0.9626540309786233,2.8112514781142037,5.624501584135644,5.2771677472788765,1.8471510531952349,0.0,0.0,2.466758543476891e-05,0.0,0.0
2153000410,2009-10,Eastern,3.2231413034710825,4.561608917144914,4.058314886896061,4.07700814487947,1.0971063805949126,8.331928631236936,4.413790242207148,3.7936757722882213,2.988858974856708,4.896228171077316,1.4148832138077803,3.5148268279742374,8.238342426860044,7.961640301036931,2.587951777454583,0.0,0.0,2.782473575759525e-05,0.0,0.0
2153000601,2009-10,Eastern,4.412280859352891,7.155128016210646,5.546759566141692,5.496802893142054,1.1158271610588646,9.00645029943421,3.923690752194288,5.141142306947743,4.405513595088509,6.831904797558048,1.9544257012148603,4.8023604860306754,10.466215386922428,11.48011970345681,3.6503221642345203,0.0,0.0,4.091064015074758e-05,0.0,0.0
2153000603,2009-10,Eastern,2.2169783207868172,3.3970079614794644,2.7497900468650593,2.7181525588796687,0.6323920682750748,4.67508958378706,2.4671131658991725,2.535711169210032,1.9479488842078345,3.1952413595961096,0.8834052482395898,2.3608117688910224,5.4016154513284835,5.168691579896913,1.9179127063655461,0.0,0.0,2.0997671913700262e-05,0.0,0.0
2153000604,2009-10,Eastern,2.3918060980498224,3.0531899855970464,3.073427291842671,3.0208325091342823,0.742471592289909,6.427871840270975,2.9704604572043323,2.458726544329569,2.025521228882036,3.5959753330394646,0.8416077886790598,2.2151926395408514,4.587100972163757,4.615517226943125,1.775134736638707,0.0,0.0,3.0693161757109544e-05,0.0,0.0
2153000605,2009-10,Eastern,2.4324040052782023,3.504512817239626,3.0278662011738953,2.7559987319315424,0.7068179007920811,5.709037639536487,3.404786765799155,2.843632920922858,2.1229727810817534,3.324340244954146,0.9612945989950916,2.752655376436745,6.105436750273409,5.677751359617828,1.9059806643005364,0.0,0.0,1.7682904429376597e-05,0.0,0.0
2153000607,2009-10,Eastern,2.350226704910999,3.2690590967659943,2.930118630623049,2.8289496364700937,0.6805168685983907,6.429795762997803,2.986867467223355,2.6930995724473177,2.1057770469061716,3.6958339680413537,0.948050997035818,2.1675962141776064,5.894679671233191,5.8101315202997945,1.8617837516527578,0.0,0.0,2.3021105005567916e-05,0.0,0.0
215300060705,2009-10,Eastern,1.6395404213501332,2.7562381042598796,2.0552145198884983,2.1881916452204715,0.3996039529041698,3.5119842741477165,1.7885853593588865,1.9146242088926575,1.4859462042503195,2.5939537069194225,0.7588517404239634,1.613079077400216,4.082983961360554,4.088194856302003,1.4706646248934598,0.0,0.0,1.565744218451214e-05,0.0,0.0
2153000608,2009-10,Eastern,3.048978248817427,4.564362444339155,4.037720429841228,3.962905801410754,0.9285541620582906,7.276088680121958,3.3711088754453105,3.6385692618335987,2.8308435473694527,4.468155817986525,1.4793214568901822,3.5075112744717947,7.593536583763245,7.316144311856254,2.5118438869733692,0.0,0.0,1.8683601250264295e-05,0.0,0.0
2153000609,2009-10,Eastern,2.2948324988529447,3.809846860874832,2.933476622382908,2.802148908214138,0.5299613522126593,4.672462292733598,2.635759392106807,2.7846627989611674,2.103176098799477,3.4267588086110874,0.9389819336254656,2.269152414113978,5.668752891671683,5.747856587422199,2.057895338897251,0.0,0.0,1.9213012928801845e-05,0.0,0.0
2153000703,2009-10,Eastern,3.229124383924664,4.966246717668156,3.8825150282000043,4.198766023290798,1.083485715802277,7.819070098784783,5.410178032093832,3.805355281036449,3.0008008996898483,4.489346116615892,1.3058866398927216,4.571511383991783,7.565762332392886,6.764140833311153,2.466885074597899,0.0,0.0,3.6747396880221876e-05,0.0,0.0
2153000704,2009-10,Eastern,2.6577412394614996,4.07834584762679,3.3213001067169343,3.317518884489166,0.7872729484340701,5.808115083220197,3.695834002415488,3.1185550308719936,2.381679173502571,3.875113606307001,1.075995733108951,2.9141662536099617,6.727164894913855,6.53188985354877,2.239938715362097,0.0,0.0,2.2907115076230804e-05,0.0,0.0
2153000705,2009-10,Eastern,2.6235354626298144,3.9013128373466817,3.227674731175716,3.175943172602251,0.7715979505899488,6.225775433209668,3.766100458891373,3.0597807387917046,2.3004328942337327,3.7399577206883796,1.0305611012063562,3.025451807510855,6.485978429718129,6.163481414553952,2.080450220246179,0.0,0.0,2.4596246480404937e-05,0.0,0.0
2153000706,2009-10,Eastern,3.9720779577124192,5.006684698969216,5.281126787178664,4.878789897896014,1.3311722072624395,10.32016781108439,4.058288164491557,4.125704783347421,3.474935877906488,5.727218218894375,1.5350586551903067,3.498343971663016,7.853756316614817,8.219465862738524,3.0985836574389616,0.0,0.0,3.131915746120138e-05,0.0,0.0
2153000707,2009-10,Eastern,2.185154902151388,3.2340687954341076,2.7882361126313993,3.1712470989114587,0.6979142204908687,5.751364885510894,3.870587859064743,2.421624615519266,1.9263419972638305,3.379508078758228,0.8263307602076195,2.507754266810553,4.48543196706316,4.698321009759077,1.708541745243958,0.0,0.0,3.101624062852092e-05,0.0,0.0
2153000709,2009-10,Eastern,3.7076949887031385,5.814149180162615,4.724355436303781,4.376754144634426,0.9270194018710222,7.125426460734669,4.495942928856869,4.33138567944254,3.2563409361348814,5.211678501361952,1.5442289437213248,3.725903814828669,8.572416617553325,9.371819327603307,3.266268480699469,0.0,0.0,2.410247341155487e-05,0.0,0.0
2153000710,2009-10,Eastern,2.6944484770463157,3.746635804936081,3.542086327804822,3.1703203671304028,0.7892414893803903,6.931531835981125,3.5410536580939387,3.263196965052238,2.410725451814713,4.016711072852156,1.2166707229179898,2.4615953183170807,6.808489051785146,6.760412394739605,2.225231208060764,0.0,0.0,1.7903967016523986e-05,0.0,0.0
2163000302,2009-10,Eastern,2.6887359608523704,3.6897337345466648,3.523865876933464,3.0179801736867518,0.7266940805254184,6.670186078473757,3.095954582937071,3.0882555162762926,2.3902953179952178,3.876508924643229,1.0812811669152091,2.399337023409677,6.0277686452245325,6.0193522658303165,2.195982915131414,0.0,0.0,1.890751112910516e-05,0.0,0.0
2163000307,2009-10,Eastern,2.8824231482449894,4.3319665059677375,3.770331683409745,3.8713690605542355,0.8045619810454785,6.439794564389587,3.508559574564144,3.2262985558214137,2.518332111649327,4.4072583505201415,1.2613793978079273,2.7178338097189765,6.719225752492386,6.821558872796978,2.5344393575722837,0.0,0.0,1.94287073477191e-05,0.0,0.0
2163000308,2009-10,Eastern,1.6953443089724805,2.4904759127354454,2.112339521075477,2.051533337238883,0.47998515177620904,4.117321440736022,1.8689524684752918,1.9248163696336003,1.5224561658757731,2.5321925112738946,0.6728874451151597,1.7672428180197373,4.061635501760086,3.7928367473070206,1.4058753561930892,0.0,0.0,1.8236351020088426e-05,0.0,0.0
2163000310,2009-10,Eastern,3.114642674371166,5.090897716776032,3.828791406736947,3.916657793419558,0.8147261885282201,6.022629256355514,3.795605822194226,3.652437737308852,2.8060357501176396,4.501359312559245,1.3890614908412269,3.4211522197281887,7.5113420166792375,7.91805199081345,2.7551744435791,0.0,0.0,2.204306335633316e-05,0.0,0.0
2173000902,2009-10,Eastern,1.4760786526663878,2.247821987138702,1.8366409388053029,1.8985131662398387,0.40673196725199773,3.458016992462131,1.8386389688650202,1.693145650739389,1.290599407864539,2.3162153708133295,0.6758695130202863,1.4120474532502572,3.694823481919894,3.629542931179084,1.3002456443296369,0.0,0.0,1.4989457183079819e-05,0.0,0.0
2173000903,2009-10,Eastern,1.5850429155727137,2.288409640135159,1.9850822258076999,2.027895334558563,0.45229916086464494,3.662715626174433,1.9461584010389577,1.71330017133643,1.3208737163146473,2.4481472690952635,0.625020282950175,1.3822650834063341,3.789194437409036,3.782886392842056,1.3866257023964423,0.0,0.0,1.541797137382501e-05,0.0,0.0
2173000904,2009-10,Eastern,2.8517685672114355,4.27284173017842,3.6830674129766328,3.70963959379279,1.0753436599952222,7.928872596317944,3.2793368721936766,3.4431039265979373,2.8489723180306603,4.312162858227661,1.382351509743317,3.239804734066091,6.88139963837529,6.6206438292456,2.530308580711198,0.0,0.0,2.5702275280335364e-05,0.0,0.0
2173000905,2009-10,Eastern,2.349700891419424,3.359775122372784,3.105199406809482,2.9011002533157964,0.6449060306187678,5.715078384822717,2.63284843433372,2.7174994383500537,2.119594020645928,3.6329566942341516,1.045447179401936,1.9928790951609945,5.587078098880382,5.642451468224517,2.0226942620304653,0.0,0.0,1.688446903182426e-05,0.0,0.0
2173000907,2009-10,Eastern,1.9396556104392342,3.0457794648590055,2.3846395387834867,2.283808629186022,0.4392458015966616,3.946184226411625,2.290256469950612,2.201483990849986,1.635236336809159,2.82460165083853,0.7490077262377645,1.907660184362649,4.481915236289203,4.718340752253775,1.6432571883581777,0.0,0.0,1.8263336964147006e-05,0.0,0.0
2173000908,2009-10,Eastern,1.5004830408478107,2.3781741881773995,1.9167180651214633,1.8784316149421476,0.4002201388361457,3.363878423970632,1.5911886706922806,1.7824387925853566,1.3790012423163602,2.1553000949641072,0.6382361009295517,1.7047813759859805,3.5376229884274424,3.1587075133497824,1.266124568763537,0.0,0.0,1.3626542990844914e-05,0.0,0.0
217300090803,2009-10,Northern,5.49738001204391,9.800516016900474,7.526591626805397,7.761474765125989,1.949923768515199,11.185201739943697,9.353826126272784,6.677371480602274,5.612147872915754,8.252323090665206,2.436979190123189,7.553046007781979,12.685359042310239,17.147777450593175,4.818826769736382,0.0,0.0,4.707302305728142e-05,0.0,0.0
2173000909,2009-10,Eastern,4.282017626329847,5.555225020577067,5.601022576280552,5.451877282813019,1.450653797775613,11.090634512836013,5.305370670929736,4.520925705158327,3.810642754651597,6.247889001818673,1.65822135333441,4.287086834161405,8.17847712987432,8.653392132039368,3.205470320307927,0.0,0.0,3.977095021591e-05,0.0,0.0
2173000912,2009-10,Eastern,4.094552622973979,6.211981702009666,5.568589660463504,5.142575672081802,1.1022519378408488,9.009807093851522,4.501356373079371,4.880000958924039,3.874385207717434,6.138598817757277,1.8987447369532748,3.8221049982659245,9.580748457935107,10.516273273277736,3.5627656437735724,0.0,0.0,2.29781717117895e-05,0.0,0.0
2183003703,2009-10,Eastern,2.2654012315620364,3.465123071093492,2.819216932254862,2.8597101707488144,0.5969446632020556,5.0306354362881205,2.545710357232744,2.5959787574717166,2.027833273292983,3.5406329367763907,0.9028812145639701,2.3032465229003645,5.717522282608406,5.62125654084881,1.876120225689924,0.0,0.0,2.356130307461374e-05,0.0,0.0
2183003704,2009-10,Eastern,4.3488780513068095,5.642659748582852,5.692499867926688,5.537289726186331,1.476315342323489,11.253048974694279,5.387231883905451,4.594656250525364,3.8750026045701698,6.339871478253239,1.6884121415618023,4.360265900195322,8.305117833057558,8.805933643627545,3.255471120543627,0.0,0.0,4.003530376329007e-05,0.0,0.0
2183003705,2009-10,Eastern,2.438855948372405,3.5090917031763555,3.1871247614007077,2.9270409977664,0.7411896714438434,6.414273044277359,2.7079866455493953,2.8231733478771366,2.2394344950915497,3.5131300791375675,1.0445731019141529,2.486464615019039,5.2904998203461835,5.036519842926333,2.082415506469491,0.0,0.0,2.1673611742192974e-05,0.0,0.0
2183003709,2009-10,Eastern,3.226015409961285,4.624625526484733,4.302809236987232,3.7614611281522357,0.8676612131149783,7.831131917122142,3.5227926340114903,3.76007075374795,2.9008580867238,4.659539639210274,1.3886049620185663,2.9312074481813815,7.260355640506672,7.380043295963573,2.671584169972451,0.0,0.0,2.0544334260697485e-05,0.0,0.0
2183003710,2009-10,Eastern,5.298621642040405,7.537597440604942,7.089211252645817,6.5712916092015705,1.4427491125908016,12.532359203339526,5.394574591748825,6.084219957394893,5.213710697042541,8.134306422378797,2.416266878431841,4.99172173878301,12.895435964951453,14.794740745983015,4.105218229993461,0.0,0.0,2.7463432969446402e-05,0.0,0.0
2193000301,2009-10,Eastern,2.090659763048613,3.252558155099056,2.687410036678121,2.6381255026416612,0.5563308902143551,4.965529347314446,2.122896402870797,2.4464250634490385,1.9633002654783958,3.333154814425594,0.8915168451071421,1.9964090882849745,5.073823193403615,5.39087207113063,1.86675482640661,0.0,0.0,2.1854271948984336e-05,0.0,0.0
2193000302,2009-10,Eastern,3.424440215850314,4.426803981048003,4.4405997858591215,4.352703880587234,1.1245317192435944,8.994624760893153,4.251121369143125,3.5794943706930784,2.991733125097361,5.057949516803423,1.2784011279051073,3.345944928259083,6.551776803928008,6.754936286865679,2.560263038061383,0.0,0.0,3.6090353651008504e-05,0.0,0.0
2193000303,2009-10,Eastern,1.5964848568053411,2.5938981159326704,1.9547850454056108,2.0326136815457203,0.433732296394923,3.3800408146490724,1.7642036721553194,1.839749733069751,1.4274037587579698,2.409912704673217,0.6629451690980869,1.7192191733714897,3.990511702109516,3.7996207513047313,1.4161602471898898,0.0,0.0,1.7196708325263518e-05,0.0,0.0
2193000304,2009-10,Eastern,2.759022686140382,4.300785546471406,3.4006714815709786,3.386391794294121,0.7718746398987566,5.849375103532153,3.108791737468386,3.188090038785719,2.5083298700130636,3.933704586336847,1.2382417895084445,3.0303276891362723,6.417702298827076,6.339383191821878,2.4003934805386686,0.0,0.0,2.0738609673522954e-05,0.0,0.0
2193000306,2009-10,Eastern,2.1616350190862437,3.2308299232406625,2.6926648665963113,2.6865499385407996,0.661051469741892,4.938518336829666,3.113297339064144,2.536872548662977,1.9279573505528447,3.2397514649027594,0.915224207240685,2.2179961410445945,5.668051750595429,5.392751709629695,1.8513427189597402,0.0,0.0,1.8539016106173344e-05,0.0,0.0
2193000307,2009-10,Eastern,1.428575182636023,2.052908407027252,1.8661800017774144,1.915046764202067,0.4641737109444477,3.7976778224862504,1.6346211408490277,1.572300221323682,1.3091572201522224,2.186346077022655,0.5941348387643061,1.377180919083752,3.344270721712275,3.127705755573467,1.2271074225520853,0.0,0.0,1.4502451079471018e-05,0.0,0.0
2193000308,2009-10,Eastern,1.5037179965262073,2.4928653182616904,1.8437001173584469,1.8681564217406799,0.3408943178166571,2.9530804760473206,1.4979274550725004,1.6887855259323885,1.3102506055631165,2.243933659822576,0.6220375452776462,1.4929456223277688,3.4496643577591652,3.592944702836865,1.3419131149251016,0.0,0.0,1.569941322672503e-05,0.0,0.0
2193000309,2009-10,Eastern,3.531518850605802,5.548715692103664,4.570281343648122,4.754330729404556,1.092518756113139,8.85976068271952,5.895142336056275,4.367683981607297,3.4220461612023816,5.143182412511967,1.6131468446396429,4.58159251018713,8.25964565967591,8.89852961712972,2.85279258604735,0.0,0.0,2.9163326656372733e-05,0.0,0.0
2193000310,2009-10,Eastern,1.7714759134254783,2.6915896180233823,2.1973634987036466,2.144761790523082,0.47423632777275676,4.041160395344419,1.8267554902774108,2.026557506251001,1.5910750537609124,2.5785839640345096,0.755446611243322,1.796347310877854,4.1237206384843255,3.8542493310447834,1.5265054631269672,0.0,0.0,1.648717060625285e-05,0.0,0.0
2203000102,2009-10,Eastern,3.082923759493939,4.696061889659479,3.8585611135554414,3.7599062717277465,0.8875903264711266,6.727227085317293,4.187449202510434,3.6296801272480823,2.743884820810097,4.430045528451432,1.261737697630227,3.3937780589982527,7.80141520418015,7.765685636291236,2.5593041337090288,0.0,0.0,2.412109066557984e-05,0.0,0.0
2203000103,2009-10,Eastern,3.1031425803967894,4.383041991707313,3.9783639676828635,3.559542020660486,0.9110329335796656,7.521069899923981,3.8367289946959415,3.6156314689543643,2.7865168900472006,4.369177215861111,1.3623648344925123,3.0555032534727538,7.1797650981715355,7.096893012548262,2.540494601461617,0.0,0.0,2.0043410968747058e-05,0.0,0.0
2203000104,2009-10,Eastern,3.1803781037474756,4.174346154392304,4.044760286397561,3.8939662788343163,1.1978934782877315,9.38686921080743,3.899929800852483,3.6576925129949975,2.981142582437762,4.815702580273116,1.4314871124424542,3.0990864339155624,7.78615487886554,7.856959889538343,2.542263120702962,0.0,0.0,2.642465555957096e-05,0.0,0.0
2203000107,2009-10,Eastern,2.8305630732548135,4.045812743561652,3.637704612432783,3.289120783283449,0.919264749021813,7.029167997458053,3.145271044866211,3.2735686625552867,2.6075627112724638,3.966466051616855,1.235338414579418,2.993653927336704,6.700759884680349,6.285359988018151,2.378524704077593,0.0,0.0,2.094789675275605e-05,0.0,0.0
2203000108,2009-10,Eastern,7.136678311101419,10.451790988837121,9.145185054589547,8.413499458505553,2.168207921001946,16.461192470127834,6.3045437384898895,8.340372288011173,7.307889057776244,10.461793052296562,3.278995599714707,8.216729642821239,15.016592937249293,17.07227661878144,5.608051536869474,0.0,0.0,6.835701204679574e-05,0.0,0.0
2203000109,2009-10,Eastern,6.0300302039798,10.274587045429852,7.872611466653513,7.987014482032847,1.7044188058402716,12.81047211583788,5.590242837907995,7.628702583882728,6.615842952015216,9.668855439267604,2.984825062614246,6.936150813970715,15.306186737847678,18.186701619100027,5.281925821114205,0.0,0.0,4.810043059223811e-05,0.0,0.0
2203000110,2009-10,Eastern,3.181310974696582,4.9527409922283825,4.192133099175583,4.102466038462899,0.9571517284623514,7.40481474893497,3.949467486671575,3.988207585023764,3.034629438535738,4.542015735168642,1.5318001848363474,3.8222898447367646,8.16169951075624,7.595650485362218,2.6177529611307544,0.0,0.0,2.0332319469997214e-05,0.0,0.0
2213000601,2009-10,Eastern,1.9013099420738262,2.704130253271566,2.353789215969799,2.2301004589702607,0.5641842275532851,4.749563059915257,2.4093969116378444,2.167258244688925,1.6736925170208925,2.727142999029872,0.7806444972453879,1.9521385195786305,4.334607863049928,4.035519825144191,1.5793036930789461,0.0,0.0,1.824123650504854e-05,0.0,0.0
2213000602,2009-10,Eastern,3.223657857133972,5.306425245058552,4.081191632624406,3.7873537093324527,0.7671771108910092,5.951056130808236,3.237091954982813,3.765227148206563,2.850740815982995,4.59836617994472,1.4053420886076329,3.2168404082582573,7.469190346554243,7.981047981927052,3.0792578765844616,0.0,0.0,2.1221489238425985e-05,0.0,0.0
2213000603,2009-10,Eastern,2.116427226795585,2.7473544198878086,2.7373624238931478,2.7113334977221313,0.7289217307760255,6.048329150202385,2.385166306264324,2.2313822745222764,1.8907876425612387,3.2914030760375925,0.9196535867613859,1.7324756926022522,4.894317100393814,4.821397206495329,1.7561421029616493,0.0,0.0,1.6758084233439788e-05,0.0,0.0
2213000604,2009-10,Eastern,2.0791961884157244,3.0065388066300587,2.683596262365848,2.8645266575942814,0.6004148953289398,5.128590418364229,2.592287576721647,2.270446719648,1.8593950121125447,3.295936834177849,0.7914597874899854,2.0006691034935606,4.887252694600143,4.736953609048298,1.6645617628705858,0.0,0.0,2.089932762882048e-05,0.0,0.0
2213000607,2009-10,Eastern,5.087815772184885,7.428563541903223,6.676273951239754,6.640428462874062,1.8936461179548272,13.395865367516624,6.340029708862199,6.1924587267559685,5.032001041835594,7.390397775987992,2.4496739167589294,5.881610236475324,12.28744253015842,13.371523189499294,4.188324083606452,0.0,0.0,3.685413724481753e-05,0.0,0.0
2213000608,2009-10,Eastern,2.0029036871161385,2.856354711446831,2.5174913286627496,2.350910220079008,0.6436284703958434,5.051274795384936,2.39162181681251,2.3048900349795782,1.8039155501558546,2.9217806328193214,0.883305352910577,2.0129969863697115,4.937790687769411,4.48554121034519,1.7100681871652006,0.0,0.0,1.6578635471892294e-05,0.0,0.0
2213000610,2009-10,Eastern,2.2187843843882322,3.046678586134542,2.937933104702867,2.9805511473107584,0.7419180371432066,5.855147845545225,2.7543122171947068,2.4786179448030383,1.9987586623836051,3.476585732094446,0.9488797915986705,1.8927230347220667,5.471081570281544,5.564486664138339,1.888418220635333,0.0,0.0,1.7935280737457617e-05,0.0,0.0
2223002201,2009-10,Eastern,15.287192941549334,19.555136344008332,21.336304941837614,20.366974006774054,7.383960052831557,36.923759107896416,28.137898530962826,17.061089645442788,13.910899198928584,19.54842868349653,6.711308288663182,18.93409540848404,24.57008565373255,33.18189986082032,10.802235357115636,0.0,0.0,9.565545799761855e-05,0.0,0.0
2223002203,2009-10,Eastern,6.763895866871895,8.61266554780769,9.147086791591779,8.194135412372267,2.149700173960156,16.16265653590544,8.584435537202971,7.134112149166069,5.988303650036176,9.04563649195093,2.741638419761252,6.720656650973562,12.180031701564442,13.756155425423314,5.043531214789279,0.0,0.0,4.025491264346455e-05,0.0,0.0
2223002205,2009-10,Eastern,3.613823460168903,5.79927464135771,4.398650959324637,4.666175127078991,1.1035074192507504,7.582688036765836,5.206539275350108,4.3017063561948365,3.3243651702831154,5.079478258638098,1.5101365891599259,4.77630337714302,8.893664161285809,8.678339585458462,2.9432823954428304,0.0,0.0,3.27599086941904e-05,0.0,0.0
2223002206,2009-10,Eastern,3.8246867877840507,5.560173937783374,5.094436076069713,4.5075802674305745,1.236018756468881,8.786943755691661,4.354363893261703,4.577494702031981,3.7140186404753273,5.180564006861876,1.841102373629234,4.171514534472088,9.585717599556057,9.893458090423906,3.171865498526327,0.0,0.0,1.9933093693914183e-05,0.0,0.0
2223002207,2009-10,Eastern,4.13961169700781,5.682887915458676,5.896818297489095,4.941316773611104,1.3056559111045096,10.281302725089619,3.837971512481157,4.8042419679630886,3.9720631128862753,5.840365907608311,1.9681298961627292,3.620324478705314,8.976013850045534,9.212143804567823,3.5901429678781533,0.0,0.0,2.0868211126507896e-05,0.0,0.0
2223002208,2009-10,Eastern,5.8963536993347745,8.55979564792131,7.921539437765287,6.927966630776069,1.812849316440341,13.103543101622698,6.68763140043935,6.977575406594243,5.6302527324764995,7.891960236257593,2.8022835634973458,6.4158549177124335,14.181227316996182,15.593406508848513,4.696455040449063,0.0,0.0,2.8493069224002117e-05,0.0,0.0
2223002209,2009-10,Eastern,3.415783535916529,5.605711211107337,4.526788251644656,4.4514375843063085,0.9015825126043004,7.368863263951832,3.53682939338714,4.185486197910168,3.3579396192695157,5.03668329696857,1.511231620240993,3.6633471160012467,8.036680172055421,8.619934461102073,3.0229741532844514,0.0,0.0,2.651541258046694e-05,0.0,0.0
2223002210,2009-10,Eastern,2.56616473444065,3.5676030865300636,3.5692148747864687,3.105115328169305,0.7475676107921986,6.521201820396124,3.094342409584353,3.0333989198376106,2.3252544043960865,3.9936432162465922,1.2032626509252315,1.9341495888428835,6.258445212047077,6.1091426771446775,2.2346424647206016,0.0,0.0,1.4635618568870008e-05,0.0,0.0
222300221004,2009-10,Eastern,2.231986964969972,3.369486572562877,2.8254933951911374,2.851416089674344,0.6963210689978715,5.629761580172104,2.5223594423780336,2.5865384301675265,2.1073939061674927,3.299769209807112,1.0204414152090402,2.4756718767254653,5.0709926357207715,4.762951830400631,1.9259822102740178,0.0,0.0,2.039466237706024e-05,0.0,0.0
222300221007,2009-10,Eastern,1.6670994285664826,2.3571344487039347,2.061690374682919,1.9376466615756385,0.47629861869533724,4.308460125848744,2.4605970981880287,1.910504828578314,1.4114141426347617,2.4558737317863795,0.6114967831361079,1.6618928623367395,4.124781195922816,3.7878572350247723,1.3236442873179182,0.0,0.0,1.810262277415858e-05,0.0,0.0
222300221011,2009-10,Eastern,1.557086157497077,2.2304686635883533,1.9636285135246707,1.905382175349808,0.44817939057048345,4.0849996741089925,2.048019314932202,1.789871966179633,1.3598245877416075,2.3647562830534437,0.640315735237824,1.4994102240084382,3.6527233427801087,3.4740090735076534,1.3121336227501392,0.0,0.0,1.7131694934453894e-05,0.0,0.0
222300221014,2009-10,Central,1.9780407656894796,2.995623852897719,2.4513925963866927,2.414740450347931,0.5844544910262635,4.204293432342417,2.290478965213513,2.2317898866580785,1.934682970315079,2.6292525999646923,0.8519360370920601,2.183227104538863,4.201003392068167,3.510117348811799,1.6988227167838323,0.0,0.0,2.0434660633586462e-05,0.0,0.0
222300221016,2009-10,Central,1.870653110449324,2.728774085183575,2.399865207843563,2.387192417000763,0.6278616237978011,4.691513575770448,2.4940529821075335,2.1517720874506745,1.875348661898198,2.5650895599076904,0.8052801311757544,2.08781775525299,3.893416777656468,3.178052740014392,1.596812969149476,0.0,0.0,2.374381538137937e-05,0.0,0.0
222300221018,2009-10,Eastern,2.298019285590174,3.437570729862292,2.8289125022372494,2.844530187348959,0.6941990766500856,5.459006040213109,3.37300308779573,2.673473242853265,2.034606077301997,3.323937938200246,0.8954570579149227,2.636766017587569,5.685066656377574,5.288918640252443,1.849366418109769,0.0,0.0,2.348437480893085e-05,0.0,0.0
222300221020,2009-10,Eastern,2.613691607703885,3.9913937120039376,3.247846519159875,3.189871535207279,0.7409837450667996,5.760440433824418,3.568534404070991,3.0646269729685915,2.3009657289717134,3.79858276777777,1.0475944357622027,2.8501778320320925,6.625352152879713,6.4829726434978685,2.1771977830034994,0.0,0.0,2.25264357257846e-05,0.0,0.0
222300221023,2009-10,Eastern,3.178932586907359,5.174803427313779,4.05520452212321,4.190702541583185,0.8776257459457187,6.528713553465657,4.320807767306197,3.8392251811547458,2.917058568199932,4.806308197209501,1.4508385496692089,3.43103277144094,7.847981989214645,8.473753230005192,2.896497432419436,0.0,0.0,2.4155272839133883e-05,0.0,0.0
222300221024,2009-10,Eastern,2.3151543630166933,3.4558503483122376,2.8950986902663365,2.792842012035877,0.7017903723196779,5.296002265519213,2.5171064421118756,2.65290674588033,2.1139016782058055,3.299174636465057,1.0400154735178886,2.464826237194115,5.281383707380964,4.932454418218889,2.0510252379336698,0.0,0.0,1.8950923058725612e-05,0.0,0.0
2223002211,2009-10,Eastern,4.9181441469756875,6.711970554426494,6.009569676893379,5.13285953834081,1.3295006661730413,10.041260133953548,7.095379598105153,5.162367797879756,3.981225368197024,5.81762530471547,1.8744000910568082,5.498832643096682,7.281204387471268,7.580552730849967,3.8650325308579996,0.0,0.0,5.8260185119204675e-05,0.0,0.0
2223002601,2009-10,Eastern,2.235189443646476,3.395732929367419,2.747701942738412,2.660540722675495,0.5975425358805166,5.011295480082565,3.011091847541818,2.6066444655936696,1.914831526258833,3.270663234903561,0.8672270623113135,2.389040859516057,5.681958655479702,5.5293722267795395,1.847335211829916,0.0,0.0,2.0828852731377315e-05,0.0,0.0
2223002602,2009-10,Eastern,5.5157707449615305,9.484982951064884,7.186816870286383,7.129199430690469,1.4122170760605692,9.98868663672593,6.919135684494196,6.713033307702344,5.187404936240544,7.836752811566196,2.557808585968415,6.341268230566707,12.42966784787998,15.46757401794295,5.063361277678105,0.0,0.0,3.52021826585546e-05,0.0,0.0
2223002603,2009-10,Eastern,4.469934182867631,6.847150611812686,6.105270422521459,6.036347765245933,1.2346997169022491,9.372967180576833,5.16613128849462,5.187270801939054,4.309524778554288,6.538908058303934,1.9179595143496537,4.523832205141983,10.151153596082631,11.37590343351926,3.763348875599354,0.0,0.0,2.543543236647234e-05,0.0,0.0
2223002606,2009-10,Eastern,3.6668998985513332,5.449348650087782,4.605074407170713,4.2697574367745466,0.9837734268445479,7.783166583965299,4.849448754126844,4.186527253840892,3.2151332777078543,4.937155006173583,1.4634311147448027,4.016737841752519,7.854623510813998,8.257137385290898,2.970777783397365,0.0,0.0,2.8090159489221977e-05,0.0,0.0
2223002608,2009-10,Eastern,2.946674460207689,4.786878312456044,3.5552897683429094,3.903039599409935,0.8979395282517897,6.629911165932126,4.008367308530884,3.53614917385598,2.8196964138228164,4.158624986642715,1.3364477346345514,4.121671162437687,7.529035967065572,7.191673786822344,2.2955889328730317,0.0,0.0,2.141086702108066e-05,0.0,0.0
2223002609,2009-10,Eastern,3.7393062176358893,6.184581535179595,4.785822525330768,4.519348719144607,0.946118259323707,6.791866167295855,3.8019099501169125,4.39232804433882,3.3919988559380627,5.302498119355296,1.68722956830618,3.812046828784207,8.66083344040485,9.376897771229048,3.5891030373355073,0.0,0.0,2.2901885984433046e-05,0.0,0.0
2223002610,2009-10,Eastern,3.139338240465158,4.566228869058414,4.057178059292589,3.9343801127707203,1.011970305768852,7.472014026841241,3.445439730424319,3.663718877249921,2.968780071899125,4.4312375948010505,1.4887770945510868,3.4256488183993894,7.388263655039029,7.63631248662706,2.617111492090584,0.0,0.0,1.955207837439482e-05,0.0,0.0
2223002611,2009-10,Eastern,3.189067974054318,4.224040889524886,4.014764067949825,4.356678373075516,1.3199104496501624,8.516296816414131,5.969584195880517,3.379600926450796,2.64359490140712,4.504720895674378,1.144128053942815,3.815250205964432,5.299373754392804,5.247177729099879,2.3206054383729393,0.0,0.0,5.10909466933692e-05,0.0,0.0
2233001101,2009-10,Eastern,7.058985870131668,9.35594646999475,9.137470961103261,9.604483548235223,3.2237186327555185,17.818675913093802,13.145751815186914,7.692856120119024,6.157477372236183,9.533547571820266,2.7964558816489844,8.920936133086444,11.573113942169297,12.899168344081927,5.144195899350097,0.0,0.0,7.131040131814116e-05,0.0,0.0
2233001103,2009-10,Eastern,2.2292981791366695,3.535472720761113,2.7818627237059284,2.900946931888852,0.6085579409507502,4.917163854217474,3.1967156425605046,2.641957443944034,1.9857761501930848,3.3882308775856544,0.9546187526092371,2.428911097997498,5.375906669894918,5.561949792708041,1.9590408718705994,0.0,0.0,2.2242927572365445e-05,0.0,0.0
2233001104,2009-10,Eastern,1.9703689761751408,2.8387552012108785,2.426342481181409,2.5197883844954934,0.6049256446871373,5.0723182158904905,2.6266140907630153,2.276046071838019,1.792495956402974,3.204730134237948,0.8514925839137553,1.8547413477352956,5.217366695739679,5.16014861980584,1.6437488173179873,0.0,0.0,2.03291605811208e-05,0.0,0.0
2233001105,2009-10,Eastern,2.474944951070147,3.9642075550993976,2.992114655468585,3.0718603577869454,0.6409572681884645,5.036476257638433,3.111122903349991,2.866223021119265,2.1890782441774936,3.5746433386182956,1.0525803522675867,2.7678555025665297,5.851545694074567,6.005580426384932,2.115833966931587,0.0,0.0,2.1094235570480577e-05,0.0,0.0
2233001106,2009-10,Eastern,3.6214720831908758,5.261880029701884,4.845213033287998,4.732839927878874,0.9914843652169373,8.33212257161847,4.247897515012605,4.08913669315718,3.302243905555058,5.723984253769538,1.4782910818082085,2.966692752725406,8.623890574561601,9.413799202354744,3.050852569162175,0.0,0.0,2.3712264622420245e-05,0.0,0.0
223300110603,2009-10,Eastern,2.35540366432334,3.2533667004489577,2.929050643035183,2.730345594118274,0.7282703689952521,6.520821998588068,3.6256228601879785,2.7138901781472566,2.038265405076999,3.3280747957249854,0.8886323131867296,2.569733035018351,5.672351514862768,5.211789065817104,1.7814380345165326,0.0,0.0,2.275068193943538e-05,0.0,0.0
223300110608,2009-10,Eastern,2.435257624603054,3.2554246251879753,3.1005945393470267,2.9108273222055048,0.7719368992397343,6.488977577561429,2.580386745985217,2.69684462443174,2.179021421209964,3.6280529264655432,1.0039229980306124,2.2355862543832745,5.811775272711237,5.591184785068385,1.9563186568400552,0.0,0.0,2.016557689061848e-05,0.0,0.0
2233001107,2009-10,Eastern,1.6948249950694108,2.6456137771007024,2.097003956420346,2.0081077271100454,0.3950944309050304,3.5790762642387453,1.7889802332050377,1.9116088301361736,1.4550198589403627,2.5100489686695,0.6915498826003675,1.596031296512166,3.9224512866497996,3.923938865016507,1.465529233479005,0.0,0.0,1.5581269611903297e-05,0.0,0.0
2233001108,2009-10,Eastern,1.429624860097112,1.946416389365263,1.7956497571997163,1.8473253512295096,0.42383089324279477,3.8332737643287196,1.769003017455056,1.537791438426444,1.2408879732903586,2.2463076752845335,0.5667206306115413,1.2489525881100774,3.48535825333547,3.5181475846004124,1.141065398195671,0.0,0.0,1.4441348006546538e-05,0.0,0.0
2233001109,2009-10,Eastern,1.3928281044755952,1.9909076772201122,1.7306319533576195,1.6113560365256476,0.425776895967335,3.808343597789208,1.4596740832541915,1.5712970372678048,1.2456512386790983,2.058604213200699,0.5498607429841184,1.3449240907156408,3.146136336447098,2.8185128664400296,1.196386028682742,0.0,0.0,1.7661616790132246e-05,0.0,0.0
2233001110,2009-10,Eastern,2.611459805748417,3.8336226286896355,3.447875340922625,3.4658389249492103,0.7575784647309978,6.379525034488129,3.74594755255376,3.0441441730101495,2.336818592427694,4.1765344472607655,1.0866146574405546,2.259957100297613,6.6495550626426505,6.909542715162122,2.257641393172262,0.0,0.0,1.9884579161360547e-05,0.0,0.0
2233001402,2009-10,Eastern,1.7134903892973394,2.436891614730014,2.137189468932605,2.1402025480299733,0.517673356027988,4.28469630324791,2.300724057070437,1.9708446290321266,1.4861117153561079,2.6449339660207,0.7806494843991513,1.6169359414680993,4.358375266041724,4.329039644853878,1.4612008652427075,0.0,0.0,1.5900103302849507e-05,0.0,0.0
2233001403,2009-10,Eastern,1.7241932663008357,2.3981082388451673,2.2879185075801436,2.216760542288366,0.5094821540369531,4.546112504889678,1.879127068945665,1.8767916573033034,1.5241815329280293,2.7051822108051704,0.7283530241359963,1.3121311032327325,4.012087800863499,3.8156162163482774,1.4926366195912406,0.0,0.0,1.4306606659897041e-05,0.0,0.0
2233001406,2009-10,Eastern,2.721323354008886,4.11005534866028,3.499929009383219,3.365156992132369,0.7617664813223954,6.2443295361318745,2.673376112205405,3.087781454078073,2.5018780882563814,3.891172552065313,1.1640763736778157,2.8445652053871524,5.827246217124631,5.752808239596731,2.3492659052343385,0.0,0.0,2.3143878928739792e-05,0.0,0.0
2233001407,2009-10,Eastern,3.149711079800843,4.82330018835459,4.289676461162417,3.9950178644109515,0.8249227696760825,6.917605426828783,3.069041679488574,3.733560953160546,2.9954002852804553,4.777896799871654,1.4243464971813822,2.867318842458923,7.419722071106848,7.86419048726424,2.844100873028939,0.0,0.0,2.0742305665702295e-05,0.0,0.0
2233001408,2009-10,Eastern,1.7484265256207245,2.7440970431562044,2.216665782255559,2.100513035761433,0.3840989783978242,3.6798194079437696,2.2013364360017844,2.024287368496621,1.461608459471459,2.6952340283425,0.6729097669915368,1.5505088339540447,4.2176335301587935,4.572851995841557,1.5677323124044829,0.0,0.0,1.7574524457521263e-05,0.0,0.0
2233001410,2009-10,Eastern,1.9095713862943382,2.697429106276706,2.3438560393195824,2.248111031627215,0.6126319119864497,5.046920088082572,2.5278609478063117,2.200336964561246,1.6853026561518634,2.771209909606098,0.7917066088597049,2.0390800446874078,4.7382253239183365,4.303614425598015,1.550415120684493,0.0,0.0,1.813959376874538e-05,0.0,0.0
2233001803,2009-10,Eastern,3.371818817922241,5.459339954497991,4.376701644995554,4.3024586307062,0.8556933061873274,7.4895436709203915,4.183014513171231,4.096029814815485,3.1723561156962043,4.973045416784439,1.4555868661488742,3.6954116399040617,7.945748022510361,8.533501499566151,2.810911759605884,0.0,0.0,2.6089082418503304e-05,0.0,0.0
2233001804,2009-10,Eastern,1.4639671510154066,1.862250273065465,1.905286440418965,1.8476083599323172,0.4198842413811027,3.906116073043881,1.545905987656384,1.4796433158424,1.192687766006209,2.2558980261677863,0.49922071132515283,1.1260666691496586,3.2301037939556787,3.1181139299740455,1.1553496158398668,0.0,0.0,1.5570266065916388e-05,0.0,0.0
2233001805,2009-10,Eastern,3.811870749669897,6.530703432358156,4.877459846658964,5.040710627516284,1.0201078036209876,8.319152993869984,3.5781437864967107,4.764044976010743,4.063091731562696,6.28256760125684,1.7655474401680993,4.269174145273222,9.703920753125994,10.631724190932966,3.3682565386584944,0.0,0.0,3.97469449364433e-05,0.0,0.0
2233001806,2009-10,Eastern,2.27019255521209,3.061648998947759,2.9805192771536513,2.8553810215500204,0.6314882554803003,5.473293543035077,2.1861212062715834,2.359645902905842,1.929507111140815,3.5173188632530428,0.8632174112630524,1.6989345964122002,4.990579913811302,5.121148426903591,1.9304429948615658,0.0,0.0,1.8560256467856455e-05,0.0,0.0
2233001807,2009-10,Eastern,1.8602574316165987,2.8599785369658197,2.3183081781831048,2.328889381903001,0.5443072134944741,4.150415597530982,2.0164115431364884,2.117171196284055,1.7149767462880083,2.7348004425979813,0.8455420863415943,1.9421050852309643,4.291615380205916,3.952796346412195,1.6668450159167143,0.0,0.0,1.6770611614378677e-05,0.0,0.0
223300180704,2009-10,Eastern,1.935214648804587,3.0961073253275546,2.480351406533745,2.501625039032745,0.5259129118526836,4.322069218915875,2.284455052346935,2.3540180113790976,1.8069564968691418,2.835407320657736,0.8377072521742568,2.2047027335880753,4.926503707290182,4.647839901775585,1.6545065681677475,0.0,0.0,1.6796815982922154e-05,0.0,0.0
2233001808,2009-10,Eastern,2.076568575255343,2.726329311891765,2.6603885238850338,2.7779705028405983,0.7394884166521533,5.966530308326852,3.204968250174041,2.2160618804030485,1.7884367004106618,3.11176389559737,0.7569954355758162,2.218664383196277,4.669664241609836,4.14037235394172,1.5514813533132992,0.0,0.0,2.2744234911035717e-05,0.0,0.0
223300180803,2009-10,Eastern,1.4995432271973301,2.265027477547787,1.8771041076479278,1.8542023076301914,0.405994598317791,3.760251407040915,1.7300600890780053,1.7014504106734576,1.334205364210536,2.203461995663821,0.5962844802162119,1.5999378496110006,3.0918997656047034,2.9569378297354723,1.2890492450458304,0.0,0.0,2.1951318153952386e-05,0.0,0.0
2233001809,2009-10,Eastern,1.7109732423319814,2.678663839393667,2.1782525260200183,2.265634164138103,0.4783272425058379,4.063431062953203,2.060839825684166,2.048831259584914,1.5923107315719012,2.671382482499617,0.7761680122069158,1.7078654563309394,4.353458589578265,4.248665894455057,1.4893959703251187,0.0,0.0,1.681897439211269e-05,0.0,0.0
2233001810,2009-10,Eastern,2.2745458975383674,3.224371453241193,3.0126927317455774,2.6895068019079633,0.6286249249924034,5.41274784644675,1.9637226436621362,2.539038037384837,2.1221255077592223,3.363864249203699,0.9369959429700905,1.8892489734117324,5.205081619027441,5.149882803919299,1.977902253205994,0.0,0.0,1.694765129185517e-05,0.0,0.0
2233002201,2009-10,Eastern,1.586601515496505,2.53591304081205,1.9721203440581565,2.1625513251889803,0.4789590609625832,3.867282175437534,2.229762369204793,1.9380065816830658,1.4813816590552276,2.396206167525919,0.7207184372245108,1.9625637315138584,4.163392175667383,3.7190432677155894,1.308985858767259,0.0,0.0,1.6771176697391588e-05,0.0,0.0
2233002202,2009-10,Eastern,2.3357563099146605,3.152672872217835,3.058276267527555,2.9819685925089225,0.7543253468021157,6.4149300771293,2.870917355344611,2.554424601197339,2.0507170244530095,3.5710365385420033,0.9640510402360751,2.019075904288705,5.428468910110142,5.436624769335131,1.923826427599767,0.0,0.0,1.8422293642723876e-05,0.0,0.0
2233002203,2009-10,Eastern,1.7029213896904347,2.6416227402172328,2.2074621120289675,2.198240570559529,0.46010072518053596,3.9968132794302536,2.296828334047951,2.079192605167699,1.5660207726956843,2.7164939103205117,0.778793035892249,1.530846255724367,4.491178003067098,4.361959515648173,1.5257866357999506,0.0,0.0,1.5834749938872288e-05,0.0,0.0
2233002204,2009-10,Eastern,3.7810884597888816,4.942233125353182,5.0423227748338775,4.235661370525297,1.1982072514272692,10.324089325422756,3.535819488225712,4.260939491673211,3.484486214606602,5.492348557671176,1.6089684952612087,3.166683974482682,8.38645391795004,8.644935304727763,3.1279435578702435,0.0,0.0,2.6636416162427006e-05,0.0,0.0
2233002205,2009-10,Eastern,3.25594836125849,5.923855427794665,4.174216208812743,4.462892791517033,0.789809440060398,6.216113866483605,3.769332679949861,3.9983141767447727,3.1696939831470887,4.953723303014911,1.4758430347806775,3.7489031932685517,7.848059295607302,8.897499538189422,2.967640113357173,0.0,0.0,2.6446210091366776e-05,0.0,0.0
2233002206,2009-10,Eastern,8.145459062987637,11.890028050194559,10.519294315256076,9.59959539337788,2.5115411788865862,18.637286866655305,7.172668753267796,9.544750983565448,8.399729995279612,11.844361900415239,3.807761634644709,9.405881667581614,17.099409261621144,20.050850160299305,6.378356084385127,0.0,0.0,7.208313664462168e-05,0.0,0.0
2233002207,2009-10,Eastern,2.6935892025835595,4.119032338922627,3.498359195685699,3.4269912982401673,0.7391293510655012,5.995965858162489,2.729582664560229,3.130089013152451,2.5359574253671844,4.167784682407176,1.1396461775365405,2.5267795291715585,6.755052324337525,6.653657128330347,2.338103512052832,0.0,0.0,2.179074978532886e-05,0.0,0.0
2233002208,2009-10,Eastern,2.991524276106051,4.899361896096769,3.7290039537401825,3.651925914411378,0.7610241212447735,5.7225950477766485,3.0284667306014184,3.436220323772619,2.7166167867940323,4.215113338171094,1.3057343207703882,3.2357970195484835,6.677517698155466,6.93816320462222,2.696838128999214,0.0,0.0,2.235584228940794e-05,0.0,0.0
2233002209,2009-10,Eastern,1.5722507734665956,2.514325919049916,2.011691792755289,1.8939329487057546,0.3726204376305022,3.4134463233665158,1.6899156970355504,1.8672477776350456,1.4233273296032012,2.3749949284167653,0.6425641597809408,1.452591336658216,3.7926985003241516,3.550429061235022,1.4259116934522842,0.0,0.0,1.550291207654858e-05,0.0,0.0
2233002210,2009-10,Eastern,4.995078982049434,7.219743173756099,6.890479047664605,6.713722066745277,1.6394200250869675,11.525300428404234,5.671652858162664,5.737901246166618,4.729404033374419,7.506768485002253,2.4066976839379266,4.589658743794241,11.918829626545609,13.24137553393121,4.358756779059847,0.0,0.0,2.465342049973853e-05,0.0,0.0
2233002601,2009-10,Eastern,3.1507771069320336,5.086293531653269,4.126698605192056,4.054363011245168,0.8309681090499091,6.554026841458823,3.3322981195163606,3.751170267235071,2.968846814875979,4.623780794095832,1.3618471772096308,3.274688125876753,7.219343378020036,7.667433002953426,2.839913208009057,0.0,0.0,2.5384858597220613e-05,0.0,0.0
2233002602,2009-10,Eastern,3.8109900432236525,5.096199724941263,4.761336750646284,4.082212139836986,1.1316650474062562,8.559892848620375,3.5738562515951795,4.038802853334296,3.178510613155265,4.7918401820706205,1.4744936410227414,3.859367313624762,6.609907144941039,6.41905289678583,3.1303319632236035,0.0,0.0,3.793168126919703e-05,0.0,0.0
2233002603,2009-10,Eastern,1.8089474665920244,2.5285767049832972,2.329510152035685,2.196392877490006,0.5575514712581691,4.927370845445349,1.8187813595590205,2.070593903571972,1.6892665138130993,2.843424360514718,0.7607828209233707,1.546824369396258,4.359982759673857,4.122575547514861,1.569417454151443,0.0,0.0,1.8911536803594606e-05,0.0,0.0
2233002604,2009-10,Eastern,2.625485029381752,4.3840104301914655,3.42092632918321,3.6330487773800337,0.7071215370267444,5.327635394785809,3.4348277778664467,3.0638863934765994,2.4601395479285677,3.8972139640148553,1.0861424943133944,2.991951986954992,6.446208916917125,7.196696254474695,2.2592236160856065,0.0,0.0,1.9489437001061784e-05,0.0,0.0
2233002605,2009-10,Eastern,6.702130406656811,9.826850561554227,8.560797654591683,7.90117375157791,2.0211077456675057,15.519910273376421,5.9291237586246535,7.822158015658036,6.839581616081586,9.86186736116605,3.0542612957866604,7.699583194176704,14.116949340222444,15.827144610723975,5.273637917719079,0.0,0.0,6.663288699689418e-05,0.0,0.0
2233002607,2009-10,Eastern,3.09202621631669,3.986154085051062,3.99705716239174,3.9248775093210866,0.9999930651899298,8.174459558216498,3.840239439588663,3.2169703250832846,2.6780090568927255,4.591151610014752,1.1351431741139912,2.9808289626000235,5.920038529217445,6.048614811187887,2.308368275719716,0.0,0.0,3.449078026800772e-05,0.0,0.0
2233002608,2009-10,Eastern,2.542009417866973,3.6212798192239366,3.3331527374015995,2.9389144206777043,0.7545063404622463,6.196077492204711,2.505299699916703,2.9206103069679856,2.3647006116318456,3.53916984855677,1.079093974982247,2.473597909565002,5.583068179862493,5.208538546620621,2.1829583022266372,0.0,0.0,1.920512046206895e-05,0.0,0.0
2233002609,2009-10,Eastern,2.3424288000435194,3.6251698817226563,3.006647922633739,2.962754885390271,0.6070540253528616,5.3982572133516324,2.754034600716259,2.807872590890976,2.166965441142438,3.4891979641487803,0.9898919735234326,2.601718750103396,5.705814496701651,5.430933478954656,1.88048761073182,0.0,0.0,1.7400989782853882e-05,0.0,0.0
2233002610,2009-10,Eastern,2.8151075386635624,4.105194371173148,3.6712224830934863,3.8374604091631572,0.8442831347666664,6.694367166692152,3.2471067904976603,3.048757869734348,2.4953332791352305,4.253737729051399,1.107838718911311,2.769151909377119,6.12550231397192,6.442431524284556,2.3129539485621464,0.0,0.0,2.5058618886280436e-05,0.0,0.0
2233002901,2009-10,Eastern,3.2860364994784366,5.302699458516357,4.0102272690195315,4.344187566170386,1.0345660356690634,6.884065288268635,4.835803319287729,3.9028937045893146,3.066261389680897,4.683831834927764,1.36814302477055,4.33436256697537,8.104155518668437,7.751071104426647,2.719682469479227,0.0,0.0,3.177510490359977e-05,0.0,0.0
2233002902,2009-10,Eastern,1.9469625366868213,3.017028518873687,2.4938325569722934,2.4267164545793642,0.5004580351500943,4.423419944016832,2.0463378834354202,2.2724770908507073,1.744126321204047,2.978470600792574,0.8596790665716583,1.8274734731818374,4.7246608531004215,4.566500868871071,1.7456391710965797,0.0,0.0,1.6736333278730846e-05,0.0,0.0
2233002903,2009-10,Eastern,2.638558738756119,3.9233655617568077,3.2469860559105235,3.1940804778682024,0.7764498304243261,6.259167545737093,3.7870618097395625,3.077726017105095,2.314489770085746,3.759866722448657,1.037238813192328,3.0437933564376314,6.52263893920939,6.201909657414242,2.0921456632482105,0.0,0.0,2.4654698408084896e-05,0.0,0.0
2233002904,2009-10,Eastern,4.230560114257708,6.354022275966977,5.388123068041824,5.98788176137047,1.7589375401490868,12.285042999116655,8.147893205497155,5.383433371568573,4.30065633004574,6.4984972245091726,2.111971576711387,5.5509203706795285,11.226131645842319,11.566327847754701,3.430191648315821,0.0,0.0,3.575573527575891e-05,0.0,0.0
2233002905,2009-10,Eastern,1.9666816352924283,2.8113335980246412,2.410171862735107,2.2827059358075865,0.5535284042691816,5.1045692178113775,2.768625701813214,2.251241228128468,1.688906473121461,2.8488547286878427,0.7378597319491669,2.074323399585187,4.813950221262862,4.466031982047965,1.51320181008764,0.0,0.0,1.94110798391026e-05,0.0,0.0
2233002906,2009-10,Eastern,2.1970132135758376,3.37456296180887,2.7406541201926227,2.6176914411656904,0.5490767481041473,4.523782225520593,2.820180475211487,2.504998923928984,1.8870886121581898,3.143041420126282,0.8526181561071454,2.216903292934571,4.938590242259432,5.098703018229475,1.8796886846250818,0.0,0.0,2.086015956872472e-05,0.0,0.0
2233002908,2009-10,Eastern,3.064078104671814,4.605508769788332,3.9456904765644554,3.656107873319939,0.7717573230325572,6.674119123544934,3.3659769481171864,3.5756589474121947,2.7364504743016447,4.811898308392889,1.2378895470676863,2.6018752398217977,7.687286491844715,8.525598328275406,2.687988821808787,0.0,0.0,2.57706746824102e-05,0.0,0.0
2233002909,2009-10,Eastern,3.646558987407198,5.50272175567483,4.85207093813685,5.054355932612459,1.0883658368037283,7.9407093918612714,4.15489748810558,4.041333720338634,3.3091944780628153,5.539380725113251,1.5159278987166316,3.4985059588417684,8.228207371144796,9.016312647005835,3.1452678631681565,0.0,0.0,2.588926428109209e-05,0.0,0.0
2233002910,2009-10,Eastern,1.590963776830547,2.4401313554704513,2.0214686333326206,2.0977525327612008,0.4397663465971299,3.7834065744188154,2.0068148401937598,1.8855593954213614,1.46514824339784,2.5175060726104843,0.7243853041844037,1.5538517973694044,4.114950496429182,3.8817488314777147,1.3586029470083403,0.0,0.0,1.5907153888698305e-05,0.0,0.0
2243001302,2009-10,Eastern,1.2554826315045902,1.9128176803449473,1.5193888800332662,1.5048122281404819,0.3219359596910231,3.0003283508550402,1.4764230640728646,1.4435711343562825,1.0858434801124939,1.8562366646766082,0.5254944307631896,1.3165101958654248,3.0243597384248115,2.7108970529907817,1.0306539387179845,0.0,0.0,1.3614947947139962e-05,0.0,0.0
2243001303,2009-10,Eastern,3.215879050636394,4.15052884875522,4.16191882147128,4.084389857653909,1.046248095047888,8.480630288049138,3.9934792151258174,3.3518678595195763,2.794629263617539,4.765467876635665,1.1882428346215441,3.1168201212774926,6.155494296016819,6.309826210878006,2.4023279855972812,0.0,0.0,3.509994590872976e-05,0.0,0.0
2243001304,2009-10,Eastern,7.474578863663601,10.95604665026189,9.9095308509888,9.771156869443985,2.682958189471717,17.370372821415422,9.17590591615807,9.170468875381244,7.64717611086929,11.281790866221023,3.793601420002537,8.152913737313066,18.84034018573456,22.004056097340538,6.25774447062945,0.0,0.0,4.4448101786110036e-05,0.0,0.0
2243001305,2009-10,Eastern,5.4702418369502865,7.218186811065883,7.456153336292,6.914832035252282,1.794740415461246,12.576284301896933,5.580780967742528,5.872879541376195,4.948830920824356,7.9782782703897945,2.2862234395411565,4.692525771408365,11.468005744653567,12.942082822193825,4.507033702372659,0.0,0.0,3.235363415161809e-05,0.0,0.0
2243001306,2009-10,Eastern,3.053869791999804,4.3037310735133865,3.882151478887405,3.566744481657852,0.9316974523439779,7.593046634876177,4.4386864915197295,3.559179862917695,2.6943614504883735,4.32133962184459,1.2137391294016422,3.1849676003610177,7.5114375519342325,7.284135002223884,2.406464145731433,0.0,0.0,2.3375042668585796e-05,0.0,0.0
2243001307,2009-10,Eastern,2.9630327268143724,5.111995997890464,3.684932898217813,3.6807677398474343,0.6991726877219839,5.0812276421330695,3.455967918821791,3.4440752890716615,2.615624565666661,4.209092478058989,1.242526332494422,3.186526975287561,6.706329215547295,7.736495501039859,2.775989508948587,0.0,0.0,2.408993923874226e-05,0.0,0.0
2243001308,2009-10,Eastern,12.196244121945767,15.383299763894431,17.443415193426137,15.309254651653667,4.565992374615044,29.93594821429437,14.773122131334377,13.461957333654,11.760899577558659,16.61793864796731,5.666572445972689,12.476055487919355,23.020456619561784,30.470386885463892,8.81516995261474,0.0,0.0,6.0318510413082724e-05,0.0,0.0
2243001309,2009-10,Eastern,2.551986431156492,3.9238847196486013,3.4483673367314824,3.3834420275549557,0.7777565716872923,6.132416695889043,2.7110412675972904,3.076273489585551,2.449413692982894,3.7697433754666076,1.230972068041755,2.807482585985147,6.172178082175856,5.9760784784863805,2.1989914679587144,0.0,0.0,1.8002305335761918e-05,0.0,0.0
2243001310,2009-10,Eastern,2.3362570096066793,3.923848694387406,3.054579126333967,3.4774928179286095,0.7857474223555441,5.882186031062689,3.0238511450192616,2.9930281813612822,2.2064555230539336,3.5022093843496775,1.172231836874484,3.576521441494076,5.819864051000417,5.359080896388805,1.8743355930946526,0.0,0.0,1.8242032191694462e-05,0.0,0.0
224300131003,2009-10,Eastern,4.607584513468091,6.734336797773125,5.877406561641569,5.549020820768989,1.4184166061504904,10.573598499690938,6.493648436907359,5.439809648230906,4.191367903384656,6.298045270414873,1.9591869521210135,5.382646156348151,11.296474261211326,11.672792907566429,3.5830620198353276,0.0,0.0,3.082540415210117e-05,0.0,0.0
224300131004,2009-10,Central,2.3018827367214403,3.2379255360741266,2.8908428490871265,2.8925553415152163,0.9195114979043002,6.051450661917962,3.258754704254519,2.619771630043378,2.384471369596225,3.0466076610146273,1.034449454337784,2.805882652165268,4.813463111733463,3.598150005093417,1.9454286789539879,0.0,0.0,2.6360716026741915e-05,0.0,0.0
224300131006,2009-10,Eastern,6.65958253012575,11.866623523301609,8.134042847252045,8.857196691234849,1.819445817481867,13.066096479917073,9.540503444978372,8.028100595496195,6.636127934710427,9.142002775090855,3.051395078912011,9.88975010015437,14.580035656864043,18.77667854986511,5.189179552964853,0.0,0.0,6.530692458930109e-05,0.0,0.0
3013000301,2009-10,Northern,2.979051560622278,4.112051312593188,4.066147099949091,3.888180634913443,1.0892442317663593,7.6184000298705925,3.4500180769272286,3.3758784470901846,2.7248404651181213,4.896511139533736,1.419542808857579,2.2648147228999806,7.50750388419251,9.254880686205066,2.6468293583430325,0.0,0.0,1.8590875464087868e-05,0.0,0.0
3013000302,2009-10,Northern,3.034701633103584,4.094612469138337,4.345713685076825,4.369885699259482,1.2654664930725008,7.966252567830202,3.7630354335018854,3.234475595196301,2.7235799376911816,5.009717163115831,1.1891634134653157,2.358279520573664,6.787604848993834,7.486310427667506,2.7319217799074096,0.0,0.0,2.373206422565137e-05,0.0,0.0
3013000303,2009-10,Northern,3.522859172565552,5.107381495596506,4.82000043379942,4.796413307113732,1.6166791484955196,10.109640535743386,6.867000332735578,4.289417466853423,3.3792061498872368,5.52971824463566,1.5419096715451586,4.089121683251666,8.943300626033944,9.690135227886769,2.9565790098935123,0.0,0.0,3.0853638204450005e-05,0.0,0.0
3013000304,2009-10,Northern,5.219226106902657,9.749790896374995,7.773096311089312,8.161686742418693,1.6792919503524595,11.079493392985084,6.341592435275634,6.95917651394375,5.9517810326333835,9.437586805981898,2.7678335484501453,5.027160063117734,14.802387305788752,22.2454745654932,5.189323999141017,0.0,0.0,3.424278200693738e-05,0.0,0.0
3013000305,2009-10,Northern,1.7356210850273983,2.622234026885538,2.3586600174690333,2.3543917743226395,0.5656965971775934,4.366082372705417,2.212173889202175,2.0139840583630497,1.5578290844095641,2.890989540562821,0.7100465624124708,1.4378554321691666,4.179567517492733,4.488433761636863,1.6062913086273114,0.0,0.0,1.7497872274823032e-05,0.0,0.0
3013000306,2009-10,Northern,3.4456487967469376,5.452326669752169,4.905128147617675,4.849643789801912,1.3061452153019955,9.06267139427969,4.851578591295243,4.321980817185445,3.4889512984416213,5.818981835033381,1.6541941327252587,3.217291438995842,8.93969885656387,10.729768970623999,3.1871668485540194,0.0,0.0,2.640069817041918e-05,0.0,0.0
301300030803,2009-10,Northern,2.964149808594451,4.564758686428667,3.931504966277916,3.934843869978867,1.0746799571953751,7.228367347376709,4.052322110290939,3.480147756012005,2.7564327328319482,4.710474565099089,1.2735902320983823,3.068610524296156,7.405565807903411,8.169443813283916,2.58193662999379,0.0,0.0,2.2425335908478838e-05,0.0,0.0
3013000309,2009-10,Northern,3.639949912714216,5.74253593927888,5.151101552210202,5.010684606553622,1.1414087305482807,7.629476343999064,3.943810857051822,4.216117173865303,3.3222807722299734,5.80055911389853,1.553169091565798,3.1768468668624004,8.374738105438428,10.197357264803966,3.507425103047943,0.0,0.0,2.541081979883228e-05,0.0,0.0
3013000310,2009-10,Northern,4.804880982279304,7.350633307477515,6.91011449593381,6.643139896568875,1.8892220242197426,11.777520937521006,5.387587488283221,5.664707327932373,4.936751006326142,7.794864890958644,2.3544289234201004,4.6015009047050555,11.401602738076093,13.264045841621709,4.446971851988198,0.0,0.0,2.9869303129728754e-05,0.0,0.0
3021000201,2009-10,Northern,3.1537910115251666,5.374089313411094,4.3101925433797215,4.768710383979753,1.0933154635995306,7.403819662151667,4.835891680124161,3.9282307762815263,3.135136819250234,5.262785825560079,1.4383526636835755,3.6157973410953756,7.841532648346213,9.185690739923722,2.8934613898435373,0.0,0.0,2.92382680306347e-05,0.0,0.0
3021000203,2009-10,Northern,3.146593718998528,5.056244919484935,4.140890623264673,4.615866583175493,1.356003197410869,7.906825685514951,6.236286732333268,3.789298725781882,3.000074754719028,4.9500939831983946,1.248541289964526,4.284168190027294,7.604022217364435,7.428256938054638,2.701226717371303,0.0,0.0,4.0606132342025655e-05,0.0,0.0
3021000205,2009-10,Northern,2.3809544941671725,4.551623679710833,3.291456493875992,3.766014087600467,0.7460762443671902,4.750074394100485,3.205525881561938,3.01752238441068,2.376571693288012,3.974898259416789,1.0601681279339707,2.86316293872921,6.171892975517839,6.83008268891036,2.311801836745882,0.0,0.0,2.1203660565808958e-05,0.0,0.0
3021000207,2009-10,Northern,3.731152985304879,6.158733698495091,5.212327731871351,5.6136458044274695,1.4135974022939173,9.250088620396843,6.31955510358618,4.732353749322732,3.782996228274438,6.139709571947099,1.7512859567102845,4.37769184574635,9.117227054122743,10.845787664067787,3.4078080783303544,0.0,0.0,3.4023468196333e-05,0.0,0.0
3021000210,2009-10,Northern,2.7480336264685055,4.729633913113784,4.169825324580567,4.401126628110068,0.9461978873552207,6.481533394105486,3.5102593662588584,3.639015057682806,2.9665198076280355,4.567090266492077,1.3096603854194349,3.037937696669384,7.68016223465268,8.280381783472714,2.52337984413517,0.0,0.0,2.237959304517142e-05,0.0,0.0
3021000211,2009-10,Northern,2.421956318481998,3.792941869892777,3.318301428216248,3.5688176208090527,0.9552807948110759,6.394415018094742,3.619018244540265,2.9484356132781295,2.358034264069292,4.006784173060146,1.0600326129763993,2.680145536394948,6.40223485106105,6.692420665485602,2.128291925452296,0.0,0.0,2.3035974431344867e-05,0.0,0.0
3021000213,2009-10,Northern,2.643721104047991,4.264656829798802,3.497581524466454,3.536284646181009,0.9014348709931957,5.774685321379241,3.1851694301127016,3.0032066032230724,2.4492414246386494,4.042655494953352,1.0647301455646354,2.9102477545753525,5.587105810326675,6.0976267983875765,2.46201323745752,0.0,0.0,2.720001874404417e-05,0.0,0.0
3023000301,2009-10,Northern,3.951962247571644,6.145766863196164,5.481056779938719,5.3398714305321,1.4951892162703124,9.02627147372334,4.038064091286425,4.641722182699483,3.8980016329488487,6.6179224175881295,1.7511506393847178,3.488485410733159,9.224436280637153,10.87281828610795,3.974911704954728,0.0,0.0,3.614784293244959e-05,0.0,0.0
3023000302,2009-10,Northern,4.261458085789616,6.716644697913009,6.047276279920462,6.4551310694997,1.3927070056603215,9.239875788312347,5.205054526285662,4.847432810496136,4.0481025600662,7.4012972789487605,1.7925960850070575,3.5319796707758706,10.237527807990077,13.397396220966677,3.9033313101930136,0.0,0.0,3.0311236471330007e-05,0.0,0.0
3023000303,2009-10,Northern,3.854938660268011,5.352822201208867,5.6350894908122555,5.490773669134409,1.548545342064433,10.03617461245,4.265409578519028,4.246038984428631,3.6701858333330266,6.400230544893167,1.6257558174857543,2.938784036963471,8.484361572118788,10.073382360315808,3.5332803264776493,0.0,0.0,2.7920937602834152e-05,0.0,0.0
302300030303,2009-10,Northern,4.595062835547086,7.669588896347452,6.271976413309055,6.703386917685591,1.8490797379094528,9.913222489923745,7.781995711277887,5.677271791781325,4.479433339103316,7.220180215595769,2.0283119145278032,5.863473728320379,11.64873225804049,13.355144365517475,4.157460826528226,0.0,0.0,4.0326744453177286e-05,0.0,0.0
302300030307,2009-10,Northern,2.1784757735593,3.546477282083586,2.8852262752411533,3.094865828977304,0.8105578115882699,4.868522992739103,2.9978402931689487,2.5720954665657634,2.0222655339611593,3.6283055780969793,0.954499057862084,2.1866035623368227,5.68230934897635,6.125011440524236,2.1100646874766595,0.0,0.0,1.9840515196566886e-05,0.0,0.0
3023000304,2009-10,Northern,3.835496963337318,4.98269345885575,5.487229630416201,5.15390355958558,1.5962712718625953,11.084184648926513,5.032852992679018,4.160826632903403,3.4577881050928054,6.232259239429362,1.5292882085113686,2.9452677522749795,8.2633654916107,9.752090185733708,3.2844557894556483,0.0,0.0,2.9565920670041156e-05,0.0,0.0
302300030403,2009-10,Northern,4.022896079746205,7.100743798014614,5.471768427934514,6.5585182833904305,1.8056803239392631,9.800094601230272,6.637805882133924,5.291319569685418,4.219038422728074,7.009544998210708,1.807971072898519,5.403538505433633,11.088408082505962,10.968121015937248,3.8096644735227314,0.0,0.0,4.8777828222124635e-05,0.0,0.0
302300030404,2009-10,Northern,1.7720963203612847,2.6329706045174723,2.402559149541917,2.42764466354676,0.6390939951795135,4.726600836320775,2.429725048732726,2.0421270084626046,1.5743685457413363,2.8185867229571353,0.6872506779960668,1.8294626481510285,4.151872448599277,4.123527146746959,1.5401674542870807,0.0,0.0,1.8723697752045843e-05,0.0,0.0
3023000305,2009-10,Northern,2.2063773901322334,3.5401287314115555,2.9464275977226198,3.0512303325911216,0.6526001987171783,4.98143664835953,3.1937829019760993,2.5439766932219654,1.9293950672746385,3.620082352380573,0.8327717554967171,2.0738329212473685,5.197398022976392,6.199702960993851,1.9957616148145414,0.0,0.0,2.3552526849933103e-05,0.0,0.0
3023000307,2009-10,Northern,3.2353249240163207,4.650772495977832,4.365288408459227,4.478079329866962,1.3497409387065207,8.994744166777343,4.699582961643201,3.746322948623206,3.057198654425119,5.295887251558242,1.2772703695518899,3.52540761035604,7.672030011711874,7.539050089292638,2.704641410754314,0.0,0.0,4.079623873090592e-05,0.0,0.0
3023000308,2009-10,Northern,3.3663202676728363,5.371278040281591,4.809981788177221,4.700889038272469,1.1689990657017761,8.500966762007288,4.478200608370838,4.24797762440915,3.3922843358357753,5.72282427622927,1.5662859048256506,2.9277758867971606,8.927234503225156,10.856692152757208,3.11049774421653,0.0,0.0,2.4966963177540134e-05,0.0,0.0
3023000309,2009-10,Northern,1.6832957941806317,2.601797472450167,2.190916197126176,2.277289661481762,0.5850854740433611,3.8789425029417597,2.2844294051954064,1.9181075662003921,1.4768646708219224,2.707150796689636,0.6725053425214208,1.6525376558151577,3.9476872940396945,4.2631664436682515,1.589558541622069,0.0,0.0,1.951181497622044e-05,0.0,0.0
3023000310,2009-10,Northern,2.768778593027864,4.834086542369008,3.722913746293593,4.208198004410591,0.8966507960772594,6.263947871777613,3.9631694887411566,3.3977845680573373,2.707624340234655,4.671385323171159,1.240036170499041,3.110618786356864,6.968798852801868,8.140824958921533,2.5425565918660893,0.0,0.0,2.6003193742025086e-05,0.0,0.0
3023000501,2009-10,Northern,1.5419089091052036,2.6846084217010455,2.01139065079861,2.267371572405393,0.4980764311270968,3.0654932785650857,2.296241603272458,1.814005616441817,1.3526318309604104,2.6159878144719557,0.5755005898383324,1.5470396042450096,4.115724927340672,4.753321712213462,1.5212078020832513,0.0,0.0,2.027712035672726e-05,0.0,0.0
3023000502,2009-10,Northern,1.6122050008766604,2.7648482143029374,2.1786250410112173,2.4537005214593495,0.581854434852754,4.232368884598169,2.2066536322582673,2.0192206362295706,1.6270998856225323,2.916225492001923,0.6988518213604088,1.5743454916875017,4.377258042960507,4.6751893445406285,1.588259560146434,0.0,0.0,2.137960504720679e-05,0.0,0.0
302300050202,2009-10,Northern,2.542514653294713,4.247037005574594,3.318597950016656,3.707198037899255,0.9528282345343614,5.63767787985384,4.311077825163832,3.0496065859052215,2.336696145974938,4.106688013612758,0.994894906206246,3.1286912436076273,6.454888041575079,6.821512209014223,2.299591010160324,0.0,0.0,3.147079459339667e-05,0.0,0.0
302300050205,2009-10,Northern,3.1056780094399876,5.631448401770746,4.178137441502511,4.914238952063092,1.17593679585242,6.74403061012981,4.607853858168395,3.9985936094209817,3.0858345865072128,5.455137261431924,1.3412212515411857,3.6620562263293643,8.746852694038862,9.34868387620297,3.075116982501139,0.0,0.0,3.64043837451444e-05,0.0,0.0
3023000503,2009-10,Northern,2.133939843619411,3.8061888688433156,2.8896583457305787,3.067333698136109,0.5494791294021746,4.30922659730661,2.6454542926242053,2.5477519202681824,1.9233757641991862,3.6895790205514154,0.8820508997356368,1.8067813805856543,5.493143145497702,6.677813515051494,2.0813549681560026,0.0,0.0,1.8684658491974777e-05,0.0,0.0
3023000504,2009-10,Northern,2.6360604626978805,4.940608712207393,3.6422419817170004,4.284533676142903,0.9310980636218118,6.0888741262872905,3.993960308659003,3.4897356030398323,2.8023258737248633,4.8694704548509575,1.2448021724121572,2.773326598910274,7.75908264962971,9.328259070077381,2.6755857502856606,0.0,0.0,2.7071626478630364e-05,0.0,0.0
3023000505,2009-10,Northern,2.5722063066941714,4.383027338225865,3.3793867509431763,3.6488511538679327,0.8330708350930328,5.551791033069753,3.630014559005622,3.1113724683610866,2.4218355212495206,4.162759850884735,1.104624626388752,2.895060117846505,6.351630695840458,7.302150201777237,2.37588696225804,0.0,0.0,2.4371244951150967e-05,0.0,0.0
3023000506,2009-10,Northern,1.4040964208805504,2.031525655659371,1.9118130818210015,2.1381393304323977,0.49419844515428857,3.8967386408332447,2.0339525229601625,1.5507754286105278,1.249106051214138,2.470526187920161,0.5547964704739956,1.1367791230445632,3.613647041141491,3.9681011533898287,1.2122459915267219,0.0,0.0,1.571409137743577e-05,0.0,0.0
3023000507,2009-10,Northern,3.752050787382186,5.737052740789811,5.2457958750985165,5.471468348051755,1.5120472624724048,9.518999630003119,5.547093705865355,4.626038470720368,3.8004868721169554,6.426279335873964,1.7692616125037997,3.7029985439450943,10.143497650877771,11.72300800737088,3.376493973110148,0.0,0.0,3.040670327240084e-05,0.0,0.0
3023000508,2009-10,Northern,1.630584284701097,2.3105327336487362,2.1278021875073425,2.152484230291507,0.5470177437323418,4.37042818572615,2.3868782965498703,1.8420113376566183,1.3850603606063197,2.7015297389829294,0.6449933653706034,1.3850870520546175,4.037399920056765,4.471488159542063,1.4117206884095852,0.0,0.0,1.7464880142298355e-05,0.0,0.0
3023000509,2009-10,Northern,2.228709977842902,3.232144414263396,3.0604710846800818,3.107579082871506,0.8454420011608389,5.7507580018438,2.994079126630066,2.5567457988297138,2.002209424357069,3.5579888784150153,0.9054873893694529,2.171455967494164,5.286495359361335,5.613097386649079,1.9821481336904179,0.0,0.0,2.1412421562263556e-05,0.0,0.0
3023000510,2009-10,Northern,2.5121937976258706,3.8639799352477184,3.564925291884647,3.6249668675795017,0.9225934420460304,6.410653677949748,3.220496505005871,3.061170192123531,2.443403826651815,4.069134214731054,1.1001581402221017,2.5359915871157583,6.248947920997968,6.84239136704071,2.2592934257415407,0.0,0.0,2.2495755634785504e-05,0.0,0.0
302300051003,2009-10,Northern,3.3033136738860756,5.076492112435894,4.485448436226208,4.459904392145741,1.2694535816371355,8.041980325618264,5.511310149323063,3.9699881864517796,3.04067791701891,5.208269545267813,1.3527874446053503,3.641985298856772,8.350020307757143,9.332104946604641,2.876349218365435,0.0,0.0,3.0011612259971252e-05,0.0,0.0
302300051004,2009-10,Northern,3.4254623262225645,5.298999399006612,4.669119845926646,4.707462554805452,1.3871543026974285,8.243830571094101,5.861414468353261,4.118151218927827,3.198834026551881,5.428626298823334,1.3955613581298223,3.785564170725998,8.612359907160608,9.451401881991972,3.0518467659033965,0.0,0.0,3.068963526396246e-05,0.0,0.0
302300051008,2009-10,Central,3.5108654916095294,5.184903456028279,4.316941341888498,4.0018098483802955,0.9746626611573116,6.892711622005447,5.144596767664185,3.7686646091881815,3.428679391712865,4.156374318639502,1.4458022871913907,4.265608613755288,6.000853617082481,5.51190736445815,2.8109489173674618,0.0,0.0,3.854387057430815e-05,0.0,0.0
3023000801,2009-10,Northern,2.5253627447044216,4.456725499215709,3.561105727114381,3.809062671216479,0.8022968209837534,5.668921760768122,3.52062161439178,3.253856587228686,2.49549255641776,4.193145650517945,1.1193163375134076,2.798102959621478,6.6100996594682035,6.896065318742783,2.3353777001523497,0.0,0.0,2.1898080819117182e-05,0.0,0.0
302300080103,2009-10,Northern,2.7806779351748654,4.17503256285591,3.7077874808270703,3.7856421297507996,1.1530649684163707,7.575120436277206,5.137432611476317,3.2969654240895436,2.54610071155361,4.361521561816759,1.0706311569370002,3.2659702987599823,6.79593971302043,6.914185713904366,2.3459222325687805,0.0,0.0,3.1372966965252475e-05,0.0,0.0
3023000802,2009-10,Northern,2.8274521722779045,3.8033903088120646,3.7996850533446698,4.329298373985945,1.426774531070678,7.785207050165435,6.028345097630913,2.955378302876892,2.317300315856307,4.412050224207358,0.9351129222095694,3.09860065856602,4.834247802935683,5.1338541510738605,2.2349590823168266,0.0,0.0,5.333426315239509e-05,0.0,0.0
3023000803,2009-10,Northern,2.2690747740611146,3.1446756945839978,3.0903196936914874,2.775616592923765,0.9078589481711539,6.396454300673444,3.1790037437481167,2.630120991304461,2.0512941001808898,3.519404991719585,0.945105669019957,2.0783696067190083,5.1403608019343885,5.461120011704583,2.0187121541223125,0.0,0.0,1.9856244860129112e-05,0.0,0.0
3023000806,2009-10,Northern,1.8428350811633294,3.0166760142250717,2.5433482412305226,2.5724612816930366,0.5994449764732168,4.359396869099775,1.943451310095405,2.1490942625785516,1.7382625462998476,3.15317770488185,0.7662684860537003,1.4753249123577195,4.480721895204179,4.923134859694874,1.8714518006643701,0.0,0.0,1.8679279198848498e-05,0.0,0.0
3023000807,2009-10,Northern,2.0734308474324616,3.0194710285261923,2.848477433615406,2.626511267286752,0.7338194968168962,5.757831169450158,3.0841625888356425,2.488811530132849,1.9042075698871925,3.392693567905118,0.8333061007829708,1.7893442426337238,5.255806623042741,5.986461904720688,1.8179517799366098,0.0,0.0,1.8986170047028353e-05,0.0,0.0
3023000808,2009-10,Northern,2.070740390073481,3.1891110330190884,2.7208816825944164,2.825216924441944,0.7833237146427324,5.109137093635014,3.5405513114307716,2.42312953918658,1.8369575082329177,3.3504386864857967,0.7603520605829176,2.1951892373631474,5.205969681360871,5.384544159058536,1.835722568438346,0.0,0.0,2.4748738987808833e-05,0.0,0.0
3023000809,2009-10,Northern,3.542525242850172,6.202677979050912,5.024843291536136,4.931663434532793,0.9659297485471047,7.042644260845486,4.5265895696801515,4.434214645870686,3.345618916431367,6.013927086985495,1.5769138094157298,2.9824925227321613,9.213312272131382,11.716502092542575,3.5806077680651134,0.0,0.0,2.3308477650661676e-05,0.0,0.0
3023000811,2009-10,Northern,2.986047119970898,4.756718156198501,4.191401873062319,4.15106960383072,0.9917096653740562,7.009264985455459,3.9880083200034124,3.664057452850324,2.839196223013687,4.953375508764582,1.3948391555670234,2.69111798459453,7.464903296820636,8.761878570505722,2.8152657733728605,0.0,0.0,2.2283481176214084e-05,0.0,0.0
3023001002,2009-10,Northern,3.01371114987984,5.178234301784346,4.189771806559197,4.259057732829164,0.8685178004501037,6.355444519112034,4.0286381801255375,3.701678481457797,2.8200137743584026,5.049319743615339,1.28570917497092,2.7831539714986593,7.576417436911153,9.44776454492311,2.8910269045461368,0.0,0.0,2.4204252272777487e-05,0.0,0.0
3023001004,2009-10,Northern,2.229808027054524,3.490592073064487,3.135692564898703,3.1042726088544703,0.7910880971394273,5.4493433333510515,2.982815199180536,2.6720350385949825,2.0967805547042055,3.711065028935803,0.9359528249809038,1.9591588748486959,5.6440865474211614,5.82040879477401,2.10874241658982,0.0,0.0,1.8935493197061605e-05,0.0,0.0
3023001006,2009-10,Northern,1.8796670881445294,2.8549468520271857,2.5589565771461227,2.490271798833138,0.7253149838316683,4.83505539993551,2.4709991671534177,2.208327339694768,1.756893072546295,2.9438878817540117,0.7598478528747898,1.9616138688916123,4.30681495069844,4.212310718041443,1.7340146432481198,0.0,0.0,1.9545699743779325e-05,0.0,0.0
3023001007,2009-10,Northern,7.606600418326694,15.83869060337483,10.84060547349849,13.337733115883232,2.9654110299202796,17.656308611043965,14.62165794738999,10.736964718873233,8.964319064697914,13.373287370572834,4.164976382871866,11.814271436306713,19.70861018222615,29.081827520953677,7.4171198507960705,0.0,0.0,8.294048156999509e-05,0.0,0.0
3023001008,2009-10,Northern,2.8136061441057234,4.281099354198334,3.875911323017085,4.581313129979578,1.1493005701886554,7.475678926386735,5.700005310358718,3.139826068409911,2.540388355500051,4.739907401780926,1.0456060020734341,3.05642099375967,5.880656305110123,6.860008151776706,2.40833817703997,0.0,0.0,3.807116058814444e-05,0.0,0.0
3023001009,2009-10,Northern,3.5680232448967373,5.4408901467321815,4.845444468587576,4.84751163717053,1.410794882240458,9.051960974085842,6.086740121650296,4.356443377996636,3.365489005752008,5.776768839197725,1.570782942426456,3.7397427883467382,9.25581348101129,10.945839963396041,3.1586453390246736,0.0,0.0,3.072032734847135e-05,0.0,0.0
3023001010,2009-10,Northern,1.67562021924419,2.43376726034702,2.188840753991345,2.1614091477063733,0.6143597089858048,4.315023653710289,2.437352119780482,1.9030810463814205,1.4607757010374756,2.666464405277742,0.6461163142044126,1.587670353832455,3.878564578280239,4.052894935714948,1.5119955713376252,0.0,0.0,1.9074714568691555e-05,0.0,0.0
3023001304,2009-10,Northern,2.149178119600785,3.198786254298744,2.8551789143178574,3.018542207847207,0.8356140669828007,5.79932469330108,3.307755103065663,2.5292763916739713,1.9705842033097374,3.5354379238044995,0.9560792440238034,2.1949294546894484,5.268042274866094,5.810783912146921,1.932299301036098,0.0,0.0,2.2367439474841726e-05,0.0,0.0
3023001305,2009-10,Northern,3.1797092630371444,5.76330483726908,4.566965926065524,4.820428227605297,1.0173617134096302,7.066655676502072,4.803675969654902,4.118012212511646,3.2285409105916165,5.6293221342818285,1.4395199283264495,2.963274968642237,8.799156500114664,11.800904051868466,3.1648469103592514,0.0,0.0,2.5600633389227893e-05,0.0,0.0
3023001306,2009-10,Northern,3.1579475920888807,4.881576690921412,4.349487836195353,4.245209706537595,1.0701400750848677,7.939565248856637,3.9633656607454317,3.710683418794701,2.920299438696258,5.173315908869698,1.2742554881154506,2.8593457345673983,7.6696232555970365,9.04561701770917,2.8403527064590506,0.0,0.0,2.8545005338804938e-05,0.0,0.0
3023001307,2009-10,Northern,2.4184036442634405,3.338303854321284,3.264923369494093,2.970151516924853,0.7610588548210231,5.915811249670095,2.206246342688495,2.568258903792351,2.095405293708361,3.8821859915346533,0.8624989441311314,1.7488513087827784,5.3592651345740325,5.943844756832172,2.1631214733581503,0.0,0.0,2.4147041264070134e-05,0.0,0.0
3023001310,2009-10,Northern,3.315387905890969,4.8073815538064,4.683228431448882,5.044911795562341,1.4910100579084264,8.884201887334749,5.588003297116754,3.9048302512087543,3.2671172259299173,5.452808931403887,1.5691229872070038,3.5552168254390524,8.646832274329586,10.090394061243815,2.8300160540682806,0.0,0.0,2.3350019775283033e-05,0.0,0.0
302300131004,2009-10,Northern,3.3442153925675693,7.229074156889108,4.5583086028111985,5.657779276955435,1.0285079194541227,6.89533344682944,4.395626185938182,4.448740568248575,3.68001597469327,6.227073401696798,1.5861448948505898,4.087012599370264,9.676707344144226,13.081527269913918,3.3915057977983087,0.0,0.0,3.586302503800496e-05,0.0,0.0
302300131005,2009-10,Northern,3.1628957819207133,4.556464760272519,4.330105017415173,4.428758097865819,1.3384187942697863,8.899601782488467,5.007662791802679,3.7715974809299877,2.9954943474045748,5.041626124131685,1.4380868853856403,3.3581269205449145,7.531140404750541,8.61623685085923,2.740644282330535,0.0,0.0,2.8046459336239738e-05,0.0,0.0
3023001312,2009-10,Northern,4.692492605822384,7.8282678823932255,6.418336540698899,6.844180354258726,1.892100496365743,10.115292267720251,7.945077363869077,5.803457187779294,4.583906022567447,7.365142500475846,2.0808407983084782,5.990216560289289,11.895354308828377,13.69338782224813,4.243674769277781,0.0,0.0,4.066776955834084e-05,0.0,0.0
3023001313,2009-10,Northern,2.931191030903841,4.650649947300634,4.087792621078914,4.247359084353515,1.0516359951978989,6.945271511783219,3.9752389505219132,3.5516715670196874,2.817520168628791,4.8222934799930846,1.2978403400236012,2.8953474187908435,7.146751114899788,8.281715521128636,2.760312488069448,0.0,0.0,2.5841339244475477e-05,0.0,0.0
3023001601,2009-10,Northern,3.098642929111347,4.953823660706889,4.632417743780302,5.104773762200735,1.2120303611756174,7.7652669042552995,4.369167249197308,3.788816873572616,3.0736637255205084,5.065337009288817,1.4166332715883747,3.6876998866993804,7.689346569339899,8.988285518494676,2.6955878885683164,0.0,0.0,2.1542128177223536e-05,0.0,0.0
302300160107,2009-10,Northern,12.001681882599708,17.95415489702053,17.705501241074924,15.778811095664397,4.7894518736198375,28.115959345967504,12.25169641100816,14.600305161459149,13.199032530712078,19.004374990894963,6.141634598443217,13.2023697200029,26.051367616802107,36.25024158838822,10.276340075190802,0.0,0.0,9.359751590326833e-05,0.0,0.0
3023001602,2009-10,Northern,2.357489981577933,3.866205200051403,3.1549327210107494,3.3292718255786307,0.9079513606459678,5.192726411566164,3.147745969547795,2.794724702001131,2.1962188229196125,3.8457534165247087,0.9739653728790125,2.4949953818453596,5.902298920672335,6.324938245921573,2.3135837900087917,0.0,0.0,2.414427618899066e-05,0.0,0.0
3023001603,2009-10,Northern,1.994925647875648,3.0027563349553827,2.699694542966684,2.8729464419108215,0.8453239848219892,5.5800938504118,2.9732859284151867,2.352924762692558,1.8904831669363227,3.2252545080095234,0.8533264412692549,2.2860135411035434,5.070705810609071,4.980757183573516,1.7314491917225958,0.0,0.0,2.011138945168366e-05,0.0,0.0
3023001604,2009-10,Northern,1.6093086951794695,2.6203404688261993,2.1871460243361063,2.3582958612917055,0.5308018840606458,3.8122930492556533,2.198105152492052,1.9428102521612487,1.510933449931888,2.782092898655617,0.736028156973486,1.4244757690873173,4.2126522426887725,4.56511698086633,1.567406991015918,0.0,0.0,1.7243167596712537e-05,0.0,0.0
3023001605,2009-10,Northern,1.7147396775405659,2.7566019841175047,2.363444983601038,2.4412029968772844,0.5320361663834288,3.9623621300159657,2.1334143458771395,2.0032825360375317,1.5468738735599614,2.8751696176454904,0.6992054060992238,1.4891193665355658,4.146194441989226,4.26179319964117,1.626743114610254,0.0,0.0,1.6908276869359892e-05,0.0,0.0
3023001606,2009-10,Northern,1.8233557274329788,2.904273360140504,2.473723559513734,2.4580593293401787,0.5988085307494104,4.600252652930998,2.4283670061750935,2.1679053493591485,1.6913580706474327,3.022111511737394,0.6910584182535314,1.7241998964729075,4.551772003127375,5.1438189013984035,1.659712272884093,0.0,0.0,2.0640305289779865e-05,0.0,0.0
3023001607,2009-10,Northern,3.000925054472054,4.742351767314404,4.1113934396094125,4.001541000538676,1.0960584558869868,6.8202508175797805,4.011245865304032,3.574762524531804,2.798870639201582,4.829154723063197,1.289906678344198,2.9136973488221756,7.528463127685824,8.47449514707596,2.820832057571151,0.0,0.0,2.295995308701226e-05,0.0,0.0
3023001608,2009-10,Northern,1.7808495026770808,2.645141288726527,2.34903317611703,2.3685708312158047,0.5746501460104771,4.577528763886807,2.462974749833271,2.0340799467337667,1.5406662047210642,2.933505548510276,0.7119245548078585,1.579379272195005,4.300484543940881,4.797668301344771,1.5827507387384727,0.0,0.0,1.883903710704967e-05,0.0,0.0
3023001609,2009-10,Northern,2.3239630558124467,3.0295652392472734,3.2330597274773876,3.094445307556566,0.8771172355745667,6.77398545021234,2.987519420141495,2.5194015171122452,2.046825371510182,3.9060023296263817,0.893543604110655,1.5434219236780113,5.396827023678556,6.0708093824837235,2.029340856032242,0.0,0.0,1.949951515870545e-05,0.0,0.0
3023001610,2009-10,Northern,3.868078665304416,6.114187439932717,5.50956129285963,5.412857300061068,1.3207305093056616,8.893271430906703,5.671131020707946,4.696782056351867,3.754708799863785,5.988929813277989,1.7319335159615732,4.557675277485561,9.198337857790287,11.359910378712334,3.294220106968345,0.0,0.0,2.774140203579869e-05,0.0,0.0
3023001812,2009-10,Northern,2.9064308308849753,4.824207958766573,4.098174793535845,4.052816512598656,0.8943388402863103,6.404775927499699,3.6255537751147733,3.5423925237485996,2.7451480576439677,4.832064020781488,1.2820560212931977,2.575807524807618,7.108893590625668,8.437124989420697,2.825339217577429,0.0,0.0,2.2603968226363814e-05,0.0,0.0
3023003503,2009-10,Northern,2.01303512504693,3.0334062799785397,2.752229356099496,2.7470348805859817,0.5931316389004712,4.824132850130474,2.468848803311947,2.332052257970739,1.8035780655410216,3.3972690065873663,0.831859412503438,1.661180105226491,5.029274437821669,5.951776046054335,1.8230781234779811,0.0,0.0,1.89091316079665e-05,0.0,0.0
3023003504,2009-10,Northern,3.037592903349828,4.465888660316485,4.2274542969395705,4.135550272668929,1.1339885887808498,7.856987173475392,3.5368843354204906,3.544761265395696,2.9212994066208577,5.01556784727625,1.2503351364917958,2.7927588006656303,7.4294584446362615,8.016749481542723,2.700552256179838,0.0,0.0,2.9036442286946455e-05,0.0,0.0
3023003505,2009-10,Northern,1.44060588858802,1.8685677575006683,1.8750866188247977,1.762390163216169,0.516887284910767,4.194590338778446,2.3537646268411487,1.599567971104478,1.203057411510998,2.394699625537279,0.564122026404927,1.0437558586343847,3.668725660701972,4.226039265585611,1.2017677602972294,0.0,0.0,1.3164562869130096e-05,0.0,0.0
3023003506,2009-10,Northern,2.918929651188759,4.447766845235888,4.030041341168627,4.755535921871274,1.1994397658462874,7.739249760469857,5.918907178412055,3.266375727812907,2.64649411893338,4.911374622938852,1.0932506488777798,3.186327762883462,6.099410680153914,7.135513967212429,2.501986018985786,0.0,0.0,3.870083521360497e-05,0.0,0.0
3023003507,2009-10,Northern,3.128278058286024,4.5061469651042705,4.256642315827548,4.162853934128283,1.1310750572859194,7.874294437111514,3.5846329475096073,3.507235939170186,2.875770595989173,5.0594159473752285,1.2336384952881922,2.8723742547387845,7.3894332479001275,7.910628516392715,2.7074216122014474,0.0,0.0,2.8856351090188836e-05,0.0,0.0
3023003508,2009-10,Northern,1.795990695334579,2.416147697866796,2.4061226383742067,2.3500967605329475,0.6377213949385198,4.9887697572715055,2.644787572450375,1.989031819741432,1.5354595353107743,3.003181904124613,0.7117038313744246,1.3348027416419699,4.499734448517286,5.020491003572605,1.5290843326281018,0.0,0.0,1.5319425096063226e-05,0.0,0.0
3023003510,2009-10,Northern,2.6943750279691323,4.168627138859693,3.6011071106770394,3.6935414339120705,1.0587991641201677,6.557770269164783,4.61367853087612,3.198234258220372,2.455307595383121,4.3149162088594215,1.0429340052380642,2.93206078786716,6.77270556229135,7.18155202618579,2.400058350366844,0.0,0.0,2.7747954140076458e-05,0.0,0.0
3023003512,2009-10,Northern,3.477287860651321,5.304970052351544,4.870116697679348,5.224890465250138,1.2501118469174557,7.7102638621368875,4.924255447186586,3.8779255928720695,3.1743351426760014,5.772585894070919,1.4198100269006544,3.286563288527433,8.403504756951637,10.105015074278409,3.09661250330069,0.0,0.0,2.4399293324573636e-05,0.0,0.0
302300351203,2009-10,Northern,3.23573837992581,5.605593621633835,4.327449953408231,4.772822024261161,1.200698016103157,6.534722056485491,5.08583716168091,3.9483868602236263,3.053330601510914,5.270633769535217,1.354787978851924,3.793191819506925,8.45866931478628,9.725854515021592,3.1099581681096957,0.0,0.0,3.099455676138919e-05,0.0,0.0
3031000202,2009-10,Northern,2.0370395439808893,3.4015425645005655,2.786228658875532,3.1034575424073374,0.723449911966304,4.8363595648891655,2.873203723129851,2.457759269332902,1.9380302214762106,3.394590452096968,0.8379687953857049,2.286568531104236,5.359360143654792,5.29840445182815,1.845161499136758,0.0,0.0,2.023113881355686e-05,0.0,0.0
3031000204,2009-10,Northern,2.724548740420043,4.162345376042143,3.7355625029684143,3.4495191818130437,0.9980983739419238,6.31838912876237,3.360470582600954,3.1628703788251302,2.527221111034832,4.075109885663761,1.1067045626876337,2.896223695237775,5.990939908738141,6.524720883720852,2.477726840741824,0.0,0.0,2.1540701338368454e-05,0.0,0.0
3031000205,2009-10,Northern,2.4699280698560124,3.5728202060907734,3.3824202756090593,3.5452907966816087,1.039663168728896,6.639657482688666,3.679050487845472,2.942722781376072,2.31832529500948,3.978409522252746,1.1782868229619294,2.6232503880020572,6.377956219651652,7.085487572958999,2.136299799913419,0.0,0.0,2.0352743426475705e-05,0.0,0.0
3031000206,2009-10,Northern,4.006945566192206,6.245707869401246,5.540904412741943,5.442498822220139,1.5064104413383201,8.639717722733064,6.23577057930343,4.853428599407932,3.7430516549140624,6.355760343123799,1.7956443734653202,3.9218155731340136,9.794449789359382,11.83364585005012,3.812035485404805,0.0,0.0,2.669074061456843e-05,0.0,0.0
3031000207,2009-10,Northern,3.2149730508305554,5.351083147712311,4.431461341689007,4.548401474846287,0.9939864316724056,6.7556480486264245,4.560591956064103,3.833110786050198,2.9355349166438267,5.2856803320190195,1.3334925722930018,3.0167396989347273,7.7424819359897175,9.654260866470693,3.057714359438586,0.0,0.0,2.6072141969438843e-05,0.0,0.0
3031000210,2009-10,Northern,3.3059306355272113,5.040820383505054,4.673235991970005,4.99707393198184,1.2216288383351068,7.695492323577115,5.4716699045030435,3.776474867272454,2.950932303452847,5.651069806557263,1.27739168133416,2.726803627818481,7.8947857855857935,9.85138544767968,3.090453949947517,0.0,0.0,2.708742755467407e-05,0.0,0.0
3031000211,2009-10,Northern,3.3942616939750843,4.898141574538426,4.659345485814513,5.051716214470224,1.5436785790847798,9.186004406786937,6.143213178831314,4.021004342797681,3.287027394399323,5.644890708451592,1.6392086598661033,3.40508533564139,8.839636153968732,10.654213446795033,2.966507276806072,0.0,0.0,2.5060422931419087e-05,0.0,0.0
303100021105,2009-10,Northern,4.875710902004024,8.125764820593105,6.695038910089348,7.10860978432656,1.9730486625274155,10.495240436379635,8.251374097254484,6.041044533939789,4.780947016897983,7.637147806794427,2.1803935426637366,6.227711007444821,12.359145184894258,14.335936993444461,4.40530589319695,0.0,0.0,4.129505740663467e-05,0.0,0.0
303100021110,2009-10,Northern,3.2724061290316615,4.740825221456741,4.452648079829958,4.090641023404398,1.2833741293996235,7.810812902715679,3.2526924803492374,3.6245994025435926,2.9614900388978413,4.878588874109281,1.2836503054646915,3.111296974947577,6.983556958508596,7.67477786315762,3.0143581167558775,0.0,0.0,3.1453341331443035e-05,0.0,0.0
3031000213,2009-10,Northern,1.4190105000572988,2.344424547392211,1.8343148459262215,2.187061684872477,0.5207149346198602,3.4902422197826786,2.130321499877418,1.6760867865181819,1.3357697711184,2.3968242923524996,0.7017422301522416,1.5070743044614823,3.7810053152089247,4.364157573465058,1.268341173611111,0.0,0.0,1.5149614245567821e-05,0.0,0.0
3031000214,2009-10,Northern,1.8312997724790379,2.741827947328938,2.5335155816869377,2.7810805516887673,0.7350355565730092,4.985003620860395,2.7471690022729804,2.03520640918381,1.6545663268517472,3.0418003566457696,0.7290499544439071,1.8495382703793393,4.369822306585498,4.300574844631257,1.617947373774219,0.0,0.0,1.769465908292357e-05,0.0,0.0
3033000601,2009-10,Northern,2.7298767695688873,4.457201416308475,3.6964818183677974,3.913667758384881,0.9017020742938167,6.19542751360462,3.556168471964852,3.330015034083379,2.6430159760206307,4.890303572006146,1.197650286902799,2.3165733357912965,7.5365939774891775,9.140133555352337,2.6564024638146035,0.0,0.0,2.5835186010821074e-05,0.0,0.0
3033000602,2009-10,Northern,1.3839027884010473,2.6354868704262993,1.85894205593103,2.10123118425753,0.3870633643925431,3.0315817945363306,1.5802591581551373,1.703011653635873,1.3493762435334777,2.5436021983204604,0.5654581716397444,1.2107757916869297,3.7861301408458186,4.500883620983573,1.4355359477048095,0.0,0.0,1.8206294598724865e-05,0.0,0.0
3033000604,2009-10,Northern,0.790973280110748,1.3034428109650231,1.0043084595099376,1.1476489257464881,0.2858188202165943,2.097556951045515,1.4264320615432782,0.9591650733085275,0.7244201898245686,1.309109948432445,0.2876301183755815,1.0333747462643128,2.129055848150966,2.0180831841571862,0.6803925228690934,0.0,0.0,1.3853911258024064e-05,0.0,0.0
3033000605,2009-10,Northern,1.5704733832317337,2.3745519303917964,2.0286597310933105,2.1688701219882383,0.5118594780078672,3.9313846019270517,2.1831397274270796,1.7849398595301331,1.353380704930186,2.635299299497508,0.6635212237765976,1.437602318440938,3.96531769948774,4.445675898808131,1.4131290965500716,0.0,0.0,1.745274779428128e-05,0.0,0.0
3033000606,2009-10,Northern,2.6259120149171857,4.434977786895211,3.6958051016076454,3.9658125306378156,0.9404577384315205,6.174786325019999,3.536752476123527,3.2945903517813995,2.655573661871512,4.455775115324999,1.2312830784243405,2.6588331679224133,6.643695370030769,7.561267761820133,2.5776870001550387,0.0,0.0,2.4035235770762264e-05,0.0,0.0
3033000607,2009-10,Northern,4.684222869108638,7.657122389550833,6.477488178195693,6.563288604643387,1.599510275458267,10.596760048373026,8.243289000518002,5.584313351289507,4.458464652953269,7.069992451909886,2.0155142376549757,5.615024295879421,9.373750821317602,11.643544395380312,4.210158028786112,0.0,0.0,4.776188088090028e-05,0.0,0.0
3033000608,2009-10,Northern,3.0112968115116563,5.151865332005708,4.154880817059204,4.981876118385772,0.9818843281871278,6.2986011515154035,4.282652544344268,3.373924090350581,2.761500768817792,5.297164962890709,1.178794728020083,2.8139484813647164,7.277918340163733,9.392435529078329,2.8165725125382055,0.0,0.0,2.667528917111811e-05,0.0,0.0
3033000609,2009-10,Northern,2.073649578759925,3.1032978177694805,2.7604806285557837,2.702313747300813,0.7940215808735779,5.309678164896068,2.9410062002197144,2.41311192611994,1.8555062597339775,3.3143845723732257,0.8067621739621323,2.0605545408448713,5.073498684650702,5.286151656828293,1.8732004945049119,0.0,0.0,2.206253327913976e-05,0.0,0.0
3033000610,2009-10,Northern,1.4908938081029963,2.2379149978979713,1.9885662313733654,2.093156640321203,0.4869749838205853,3.734167851431513,1.7899395682157735,1.66122111621405,1.2887919534148302,2.454246170258081,0.5988795924124514,1.366718529739871,3.5707060327913815,3.7282019636664323,1.3329219414699438,0.0,0.0,1.617045827481375e-05,0.0,0.0
3033000901,2009-10,Northern,2.386034571573841,4.116039678374266,3.4650764286515243,3.639683297478233,0.7383840257751659,5.127400275229219,2.835432770014242,2.914710356420557,2.3325636474500686,4.036979937303132,1.0932312998724119,2.324919059157188,5.9188578812525074,6.943813795554944,2.320447869605978,0.0,0.0,1.8462014490177494e-05,0.0,0.0
303300090106,2009-10,Central,2.8908622941543065,4.505026718662693,3.7952940048895694,3.4936666132651664,0.7824414760251239,5.895206176901334,3.6328125039668127,3.416476318250104,2.8585550102104107,3.82176610326613,1.2228328247389306,3.0718969222684347,6.332492473177556,5.988545393024993,2.4726143134894376,0.0,0.0,2.5253081734186175e-05,0.0,0.0
3033000902,2009-10,Northern,2.370773464660219,3.3908554470581582,3.324881307116105,3.588259647795773,0.9778916816197846,6.562123091516187,3.4178238719203504,2.6740028491778634,2.1933885242309197,3.936253697959379,1.0270610042284332,2.1804781399823105,5.553855826890709,6.164903735246859,2.117523540215178,0.0,0.0,2.109854807005325e-05,0.0,0.0
3033000903,2009-10,Northern,5.106888697004638,8.42330327096873,7.6767844973132044,7.385048045934818,1.6449046937283716,10.919266456745467,5.756668845692426,6.370883164852421,5.136245618591991,7.827341435067984,2.3987948714951903,5.638349062008122,11.425304475268907,14.462485446642846,4.547935469685817,0.0,0.0,2.7561797152338086e-05,0.0,0.0
3033000904,2009-10,Northern,2.9758133705755774,4.575357672062187,4.000921924905735,4.013382850136695,1.1294655230876536,7.2765636481917575,4.967911298180786,3.5552860821008547,2.707853686995102,4.713998526142392,1.1892352234292796,3.262091197823156,7.5213696077038605,8.266655284667893,2.5931512498565694,0.0,0.0,2.873475547316547e-05,0.0,0.0
3033000905,2009-10,Northern,5.203501601500326,7.84936587660794,7.445960209861018,7.2117421196756,1.957264466208835,12.890993356989103,5.9829194131701815,6.3232224080904125,5.3758531187123895,8.708585198871626,2.592730863498571,4.6236761473425565,13.27151462593508,16.946576415371037,4.684171766741457,0.0,0.0,3.3179656776903725e-05,0.0,0.0
3033000906,2009-10,Northern,7.550872711759722,14.131369282370713,10.318713576640969,11.358347651526227,2.71405369318148,15.232745350210742,12.91629499887594,9.427780489959723,7.8929586234400375,11.624233666905829,3.5356428915437284,10.998658578226635,17.17619663542886,24.125157787287556,6.678718194465179,0.0,0.0,7.724387260429777e-05,0.0,0.0
3033000907,2009-10,Northern,2.9677709949212825,4.3825498863478,3.937092569101474,3.8249437854256554,0.9652084040776739,7.442286150027067,2.9957681039116557,3.3464331593845937,2.8635993263954487,4.95116810992089,1.1452130524986612,2.958881924268166,6.475016133659607,6.908419653814613,2.51190578363658,0.0,0.0,5.1756643885111635e-05,0.0,0.0
303300090702,2009-10,Northern,2.1880178351506006,3.3852006560174557,2.9674394537990025,2.9468215195571643,0.8669471850654703,5.744683718480741,3.1103549555897603,2.6261922762197965,2.0821417535599034,3.542112666641138,0.8810543620749778,2.276656698565061,5.433368546252578,5.537464874323737,2.0006106622061566,0.0,0.0,2.3068935953861662e-05,0.0,0.0
3033000908,2009-10,Northern,2.7931162996234504,4.202252953395352,3.8016103949715734,4.115487681448848,1.343681303895234,8.520485683671748,4.689672275936456,3.452028747300162,2.8068496204433813,4.762035329099695,1.3407754848473952,3.029240542886941,7.261883272287208,7.924600836452506,2.556016413064782,0.0,0.0,2.8775219769094932e-05,0.0,0.0
3033000909,2009-10,Northern,3.9253749174911006,5.742869129045441,5.4390164991686465,5.046244159597111,1.3926994847232965,10.195032641782943,5.4367346201884645,4.571106740147548,3.7241036770073457,6.230412946212085,1.6122520146582828,3.8743717770182804,9.256368158443296,11.26554661970411,3.284769819764005,0.0,0.0,3.403986593499577e-05,0.0,0.0
3033000910,2009-10,Northern,3.0662407665345213,4.233667584002589,4.42713399850596,4.640875820972552,1.431476619460128,8.903133828060055,4.786557487491253,3.4973456655436923,2.89881423295462,4.913799020712179,1.3340890785170247,3.214388838296466,7.584957555169886,8.286699792785312,2.5518404500873992,0.0,0.0,2.3333747028611633e-05,0.0,0.0
3033001501,2009-10,Northern,3.6077474076318308,6.118048071600395,5.074643911424955,5.770796399880056,1.2602883590774965,7.807570495038523,5.477246558466786,4.132725874399809,3.4740879489088385,6.007343214343386,1.5030559441584352,3.9926012427798585,8.466188164444938,10.790805758270526,3.2201205649616518,0.0,0.0,2.8279331461510594e-05,0.0,0.0
3033001504,2009-10,Northern,3.979911557166007,6.563667957096423,5.401161505570202,5.387351952418486,1.2552051621359201,8.208296727459384,4.805593491094764,4.678241981223374,3.8572886067412195,6.480151907513004,1.7051662883210978,4.0998476217732405,9.664142705082794,12.80966042247008,3.6169581425045187,0.0,0.0,3.551186075534606e-05,0.0,0.0
3033001505,2009-10,Northern,4.6504858922861985,6.846625850971984,7.035742472321687,7.035021067672514,2.242388600951593,12.542402566273703,6.077223785914572,5.394280904099203,4.681080241896293,7.593392807665773,2.195178739269007,4.44961586023597,10.070806363320244,12.161275326737275,4.432856987282426,0.0,0.0,3.359108527023062e-05,0.0,0.0
3033001507,2009-10,Northern,2.1500872973989074,3.091120583024289,2.894801129284698,2.638660842174391,0.7562027795153154,5.391938165027852,2.9901571462457444,2.4563429951435976,1.8618645111456213,3.352593988872761,0.8057768271041446,1.8903199910586657,4.825949678318336,5.199078909793931,1.9451987575082437,0.0,0.0,2.0483600451021156e-05,0.0,0.0
3033001508,2009-10,Northern,1.8532426162321598,2.748448667192808,2.5581759485293447,2.3432845260834307,0.5407160830365275,4.648682424277938,2.48838993830681,2.2335272097331065,1.6534930992872798,3.113644700336014,0.7357808699003806,1.351615954987732,4.6902388379687805,5.075431680414548,1.7121540304617244,0.0,0.0,1.695154757828655e-05,0.0,0.0
3033001509,2009-10,Northern,4.162550427376118,6.22296267217247,6.0193922404789175,5.652457586844501,1.5489502756607991,10.199146362018054,5.911525441080605,5.118031597668285,4.002203989943314,6.678845001691837,2.0397417876079293,3.8517016192475504,10.12837569532585,12.769854567301913,3.8130892428468535,0.0,0.0,2.697843393244905e-05,0.0,0.0
3033001511,2009-10,Northern,3.212098050625163,4.811606304277472,4.451531043130397,4.210644238907355,1.3002372144368344,8.074569052444373,4.550244431456373,3.837285747433216,3.0199601715302125,5.040590878068357,1.3840142154881876,3.299160700460104,7.877435611885831,8.76801639213018,2.898968725809171,0.0,0.0,2.6541790771853593e-05,0.0,0.0
3033001512,2009-10,Northern,3.9398717702704276,5.897444328537134,5.38048001156004,5.459940132669325,1.61084427716459,10.520484000529411,6.089874069529636,4.7247421293653735,3.951101762284284,6.44160935874489,1.77419006153008,4.379160399134177,9.741355731358363,11.362049161367276,3.3789870876211143,0.0,0.0,3.5626882585176174e-05,0.0,0.0
3033001513,2009-10,Northern,5.3854501412835,10.633126788119627,7.215062581756927,8.142174515745902,1.735854868889038,9.982136711910341,7.09369483511471,6.65392325003576,5.592031019627805,8.721748499230388,2.462164570883508,7.166470587767362,13.488286997828824,18.21286052974069,4.985479982701313,0.0,0.0,4.923557919409496e-05,0.0,0.0
3033003301,2009-10,Northern,1.9577930742390075,3.3058322737823165,2.6241359926100207,2.9037601413653653,0.6161382348137698,4.388225777831864,2.942762951623611,2.3700454863515787,1.8091280971678558,3.3567338628475003,0.8228258810288742,1.9349622189133349,5.022451459205519,5.857232225518136,1.8824450142006177,0.0,0.0,2.1993881310750917e-05,0.0,0.0
3033003302,2009-10,Northern,2.0657819951703487,3.313552151596597,2.740355886676143,2.801533260775665,0.698686035740002,4.505110188783229,3.1528015471007986,2.4349722251652355,1.8140214574207532,3.4170040925646923,0.7858556593866478,1.9361747470743695,5.411403761896737,6.067368621823959,1.9549862829556928,0.0,0.0,2.0844649486681517e-05,0.0,0.0
3033003303,2009-10,Northern,1.4607415037349694,2.444781724471072,1.9908801960222517,2.1599527664874687,0.497444664454214,3.4364065161705635,1.7427374415977426,1.7111350793065319,1.386859368826928,2.3827581568356426,0.6057346626744586,1.611784118379521,3.417991375626011,3.3462800159093593,1.3730396465642751,0.0,0.0,1.646197620797952e-05,0.0,0.0
3033003304,2009-10,Northern,5.750458977691903,8.695308304317455,7.874632338693352,7.545774314344532,2.100684393547359,13.883248018324387,5.877347124003955,6.731824881763728,5.911111616157217,9.39975617800664,2.5249750383413403,6.213950289494703,12.512134009395627,14.572708675483065,4.9709327245593435,0.0,0.0,6.949735944898134e-05,0.0,0.0
3033003306,2009-10,Northern,2.941325375341043,4.950990086233247,4.11135096541911,4.28634685208336,1.034314200014832,6.92219903804681,3.7373724772531025,3.5928551391679764,2.9247096022942807,4.806040901899455,1.3016975581208865,3.1690706499921633,6.690992833533703,7.666340845537019,2.86743977169574,0.0,0.0,2.9897264050448765e-05,0.0,0.0
3033003307,2009-10,Northern,1.9730502905949912,3.010118990360096,2.6473095487063985,2.6992146097223775,0.6244156273510226,4.671911156633016,2.35808117160729,2.241801502133448,1.7269600651543062,3.251427471944276,0.8237598078300861,1.7240611441930798,4.756670317921943,5.370861796957841,1.8364277956795765,0.0,0.0,1.8876175949312188e-05,0.0,0.0
3033003308,2009-10,Northern,1.8812685515194516,3.1338649282322555,2.4390830896532756,2.7230482884582003,0.6494008609708536,4.073646597475045,2.8462020787626208,2.223902556658909,1.6946764381388413,3.1847895286578995,0.7729537336599712,1.926510389828872,5.107869355455561,5.645675505621342,1.782789904601152,0.0,0.0,1.968398383438557e-05,0.0,0.0
3033003309,2009-10,Northern,1.6563209998106476,2.3174871561166883,2.223283445312915,2.527783492624661,0.7739757557629541,5.136453148175324,3.049357121115751,1.8396057494596998,1.491117011578778,2.782201316109095,0.674114577870729,1.730395213833433,4.141412011421933,4.186304341725595,1.4067708451598553,0.0,0.0,1.8934512300575133e-05,0.0,0.0
3033003311,2009-10,Northern,2.0142985674968585,3.1824282562777064,2.744886851473768,2.855355173423276,0.6620136131707497,4.8405533229583355,2.4327518200430753,2.3582040760157827,1.8585854096448486,3.349680093046032,0.8666597519586828,1.853437089349179,4.880840706392252,5.3773493925661,1.8938567899007712,0.0,0.0,1.9746270253159522e-05,0.0,0.0
3041000201,2009-10,Northern,2.236150865653372,4.059931945316745,3.0462483160426292,3.277341488374173,0.7117868776080833,4.55755155837494,2.6147814398399665,2.721938757317462,2.210917134434807,3.7053894280175355,0.964826804865696,2.345228645282023,5.408923833909968,6.018858170597476,2.2619928943045893,0.0,0.0,2.1870862299841637e-05,0.0,0.0
3041000202,2009-10,Northern,4.321256939692399,5.701645593645864,6.243872383603294,5.6909697903537175,1.717643491029653,12.264536410007308,5.323985192928396,4.9359015147633585,4.180307533422315,6.863685760462429,1.9420578026354391,3.9190203220201276,10.419442638878511,12.406908951222539,3.451086284313386,0.0,0.0,2.965786786319196e-05,0.0,0.0
3041000203,2009-10,Northern,1.8014465063195186,2.585587384852866,2.376125059126606,2.371733709451617,0.7457995332378183,4.926086628625192,2.682676686143038,2.105511068279866,1.6311571193367094,2.80879108064538,0.7724326025183673,1.9652935946707153,4.409529512580896,4.4242376452731484,1.5628777663627937,0.0,0.0,1.753073017625071e-05,0.0,0.0
3041000204,2009-10,Northern,2.0465641641679215,3.367314538691123,2.9361497424055636,2.9620630484432797,0.7085651921528726,4.7475782388900765,2.2315972463908182,2.4480832686189204,2.022138029680876,3.3205412296441237,0.8898891658827649,2.0018116692025414,4.753923324510535,4.972433375633877,2.0020181582116274,0.0,0.0,1.8567476435100905e-05,0.0,0.0
3041000205,2009-10,Northern,5.1245777304393405,6.8074414604646245,7.284294891958968,7.2834200181686874,2.1992757181700275,13.521182580003671,7.263756338406471,5.468790601312629,4.678781372382438,8.187086381582096,2.007692567365009,4.787784239530928,10.003396837399986,11.982004660400515,4.1799675628836805,0.0,0.0,4.716866970345726e-05,0.0,0.0
3041000207,2009-10,Northern,3.7848082459159094,6.342162732789698,4.9933152556756975,5.061220094908301,1.1714205481016247,7.428855104741645,5.2762702102948715,4.319733315767948,3.484670930644636,5.602487937296044,1.5147843625004314,4.486329383407938,7.815170373172676,9.347049912472636,3.352057038006694,0.0,0.0,3.56804756208417e-05,0.0,0.0
304100020702,2009-10,Eastern,2.212506745486718,3.242298225527945,2.917124557937447,2.6247853302486592,0.6195133557149267,5.558071196609621,2.372082998241045,2.5817761575574694,2.061988893467739,3.328176146506446,0.9571490624988609,2.093845268405029,5.298567385807599,5.447724914586871,1.888213756584615,0.0,0.0,1.7196358984214065e-05,0.0,0.0
304100020707,2009-10,Eastern,3.883798183190453,5.978704202592956,5.015792264475753,4.649146613748643,1.0710909643625923,7.904587102613511,4.238749804217228,4.515830021824994,3.57561319276603,5.416310129615012,1.725847543796802,3.9859154338686187,8.786706534119858,9.077590120397165,3.392762739533871,0.0,0.0,2.334561469480316e-05,0.0,0.0
304100020709,2009-10,Northern,4.305628587306327,6.39875058447843,5.931240460958264,5.466477384162168,1.5576333039197854,10.308964017261122,7.103766159327746,4.997073569979209,3.8935079755853925,6.242734911943954,1.7252399222540793,4.8002755133427275,8.949110685475484,10.545654757298514,3.6463430007930304,0.0,0.0,3.697122124369821e-05,0.0,0.0
3041000208,2009-10,Northern,1.953790411979059,2.7954505931149076,2.658218095159894,2.9781572321890253,0.9030164253241932,5.598916583308782,3.074591525521056,2.1555591498082953,1.7856166506635065,3.16360227109832,0.7934303154630142,2.1733115978929676,4.775653293692003,4.535155533362643,1.6668162440260628,0.0,0.0,1.9353890011774568e-05,0.0,0.0
3041000209,2009-10,Northern,6.154290822763855,10.003275057678966,8.912559057164037,8.80790333109167,2.5171781215261104,14.938114119378643,7.172777641630033,7.6335177242530445,6.337418113505483,9.742086050088796,2.998605345901676,6.8113610844151085,14.158501535052373,18.1784337534908,5.821192250408872,0.0,0.0,5.1876711984807994e-05,0.0,0.0
3041000210,2009-10,Northern,1.895709017639481,2.9292258037372485,2.6611639222945183,2.8747754079148944,0.694927189825291,4.754213011333876,2.924297165268921,2.232686733637618,1.7470125350420969,3.0856924383927553,0.7383221687376039,2.0834516309629247,4.700291858183053,4.629715724004841,1.646874354125269,0.0,0.0,1.8236062305944752e-05,0.0,0.0
3041000401,2009-10,Northern,2.716588606850519,3.6899406713166427,3.68267096189077,3.5945329538659934,1.065410303478929,7.605791752322313,3.722152939511483,3.0561338211033418,2.4431628219628307,4.262300376177644,1.0970195960096167,2.653386104663323,6.193898937962349,6.604583509316568,2.2627532687428036,0.0,0.0,2.5718111851854954e-05,0.0,0.0
3041000402,2009-10,Northern,3.403480907761614,4.752015978227303,4.820062359052907,5.202723553414185,1.5342528919662242,9.530872889642264,5.766225866937658,3.9520284349247516,3.3010172964100923,5.733068250827635,1.609441785240005,3.2677522523069187,8.87270401206796,10.335653067635011,2.8732251642557407,0.0,0.0,2.475133806348564e-05,0.0,0.0
304100040304,2009-10,Northern,1.522557789933777,2.2916820856339566,2.055543189980538,2.0255386218242015,0.6010769558358678,4.238810425148864,2.1441626134767344,1.773090812736835,1.4018757145203464,2.470094049009851,0.5905000693386893,1.5327346950345293,3.641485122029918,3.639811827076068,1.393196266499952,0.0,0.0,1.785445117002917e-05,0.0,0.0
3041000404,2009-10,Northern,3.891339667297544,5.13873735209663,5.417822877109612,5.511874352545144,1.6007828214843942,10.405005161202213,5.498405597979694,4.070324620424404,3.4410911452892794,6.277515835581058,1.4252061343829054,3.5327694599304347,7.597335675193494,8.734346740623751,3.158519099848606,0.0,0.0,4.184606029933571e-05,0.0,0.0
3041000406,2009-10,Northern,2.6549740424902883,3.761414519238106,3.6687752737867503,3.50785423417381,1.0622514313539475,6.978228439079606,3.1176370659750012,3.017962010679725,2.5344009055008043,4.341112144838436,1.2346535403171386,2.186924795290378,6.375389955172375,7.273288001596118,2.4612318774008926,0.0,0.0,1.8825592127014057e-05,0.0,0.0
3041000408,2009-10,Northern,7.927690533012061,11.786265599518808,11.713557126579836,10.497835865246113,2.8193904751897403,19.276824427396846,9.583075579838905,9.606254395081043,8.076935098803174,12.756394495175805,3.871977596038172,7.336763040922195,19.373381534375905,26.699435361645257,6.682297215143408,0.0,0.0,4.700008000280427e-05,0.0,0.0
3041000409,2009-10,Northern,3.530194793828691,6.180198597539338,4.9488533486070185,5.117764018620139,1.0584434435659662,7.442794408858396,4.699615061458524,4.365634776648388,3.4057589379217568,5.870378148184345,1.5581948095290445,3.4842679124212146,8.746493446689279,10.920419160141456,3.3291584746599763,0.0,0.0,2.636891935618047e-05,0.0,0.0
304100041001,2009-10,Northern,2.0940414015110176,3.6307196827163004,2.7764305298203933,2.964559166458116,0.5885012898386659,4.515702804623926,2.8780345869342114,2.4917534153020773,1.8649744234621002,3.673602455591889,0.7983150638576636,1.7805389086404475,5.667661997602116,7.366889142913324,2.0146294926710016,0.0,0.0,2.228249512305208e-05,0.0,0.0
304100041003,2009-10,Northern,2.2727842555488964,3.8034979648913305,3.2412635404830668,3.773729064023197,0.7773770966081573,5.239614863819426,2.89719120864846,2.523025037062709,2.128904171264316,4.018129796848356,0.9521210388827291,1.964825805689913,5.41491304882726,6.313823366039686,2.207535233017789,0.0,0.0,1.9147625374974863e-05,0.0,0.0
3041000411,2009-10,Northern,7.499182709529145,11.575994550281486,10.536558592504985,9.479294914190975,2.6422113197843937,15.26029533982819,12.473650523729956,8.622518364527258,7.036725922551154,10.174886254767049,3.24284258019733,9.031075895030368,13.878816412636496,18.17121224543488,6.437349262532761,0.0,0.0,5.517301541759042e-05,0.0,0.0
3041000701,2009-10,Northern,3.656464335145265,5.823163344654407,5.0799249066077605,5.630007313700322,1.1553109367375478,7.4022193178566384,4.4785038470329495,3.9693051712535934,3.289670561812928,6.387841154296255,1.4223045847690168,2.8131815097369532,8.716064185022638,11.314570832296605,3.4451997086349926,0.0,0.0,2.610411398147319e-05,0.0,0.0
304100070103,2009-10,Central,4.155038130185133,6.077805893228818,5.159175830556777,4.702471707537586,1.1617439995784227,8.0916071447527,6.0642365418911535,4.461782974036002,4.074095821283105,4.852437687312013,1.7311828916057674,5.021850334130838,7.084954153716901,6.717833012780406,3.30459716316597,0.0,0.0,4.109104607414516e-05,0.0,0.0
304100070105,2009-10,Northern,3.3925807868587956,4.987326877290432,4.595937528902498,4.42669710300934,1.3463667673619504,8.141656460004063,4.717604814409001,3.8740355332643315,3.0830493006905795,4.912232480833519,1.3306869875486782,3.9411502653893997,7.188656429073998,7.47617042532249,2.928158870510392,0.0,0.0,3.0501208036665024e-05,0.0,0.0
3041000702,2009-10,Northern,1.6874434196727093,2.470411974624659,2.213635719974294,2.205283452389367,0.6848675729302603,4.744470066397105,2.5115408064494145,1.9373376236354283,1.5031340056566964,2.693227993445766,0.6195074524389717,1.7391850343088915,4.0139776360432835,3.893579497105823,1.4903315346961696,0.0,0.0,2.1989600002025022e-05,0.0,0.0
3041000703,2009-10,Northern,4.07878002513698,6.960356113335578,5.63901018170541,5.633228246313207,1.3787722981017239,7.880024372183657,4.809128251923137,4.846804578420822,3.8956384989688373,6.335038470799315,1.8523799680133526,4.305703920247847,9.291643092357885,11.440373537702307,4.0600855312723985,0.0,0.0,2.8412970538312686e-05,0.0,0.0
3041000704,2009-10,Northern,3.1108005710769917,4.891875941358991,4.2582144279528205,4.369327321166478,1.0215696124563283,7.038136275283603,4.709608047150645,3.733247761378194,2.809760689881338,4.981662617114012,1.3463848408949453,3.1400853318860262,7.284147116730674,8.426137041592007,2.8198041250151724,0.0,0.0,2.4245020623424422e-05,0.0,0.0
3041000705,2009-10,Northern,2.4110375123635603,3.502951089789813,3.361450314995133,3.069114369060416,0.8330548670409722,6.437883638568738,3.121470123573717,2.8010700504805324,2.174821545359282,3.849111453539219,0.9848416256818351,2.037794327868163,5.422903953212563,5.98140928957188,2.178513309562645,0.0,0.0,2.0701163452296525e-05,0.0,0.0
3041000706,2009-10,Northern,4.9559885791766085,8.888121560418464,6.845454409998859,6.951551790414504,1.5965690172794342,8.483162318077067,6.685886279952268,5.9862994354415475,4.660381243316952,7.6629700179624285,2.2185594759233576,5.282275331098938,11.458841287033676,15.90597334031475,5.114188007213633,0.0,0.0,3.3359438991161887e-05,0.0,0.0
3041000708,2009-10,Northern,3.5197031393820906,6.026289231374008,4.900288526167947,5.077993996023731,1.3507743264706475,6.966186228084252,4.581544357958931,4.293159318507576,3.4135599039106053,5.799026589168943,1.612968022666897,3.502572295155806,9.146295603333229,10.766380669114547,3.6938531290974628,0.0,0.0,2.5081912916207445e-05,0.0,0.0
304100070802,2009-10,Northern,2.4860441499279187,3.494526143947643,3.419481851767012,3.1909501776667017,0.8772245470946466,6.254229146417345,2.661701153522141,2.736906516611697,2.2367856899236753,3.907534961281456,0.9473152646083094,2.1431953631468255,5.727250405744117,6.231955969040034,2.176708632903976,0.0,0.0,2.0303437796539667e-05,0.0,0.0
304100070803,2009-10,Northern,3.8520838206664014,6.152516399514162,5.414715327467207,5.246161495763822,1.2829223357443358,8.395377061578253,3.861624363201437,4.576161315359852,3.8071452816422524,6.532714238324128,1.6726010511052611,3.157541012791901,9.485724880981364,11.73540385421276,3.8048276438867163,0.0,0.0,3.160162543778259e-05,0.0,0.0
3041000710,2009-10,Northern,1.5501989055575383,2.713466197663711,2.0625472112524545,2.36332085730276,0.5183959029755412,3.4878215823982894,2.3976615210819525,1.893706083166423,1.4534058284672344,2.521203485149621,0.6078865202316657,2.0071784600960934,3.912852175587741,3.878453004798579,1.3952082527260707,0.0,0.0,1.8705985206687883e-05,0.0,0.0
3041000711,2009-10,Northern,2.8863162033347214,3.8374974334051393,4.011394485059536,4.056037012460658,1.1903315232082645,8.456727971912823,4.7481994371091005,3.2377362035184167,2.5443138626755704,4.66618470698062,1.2068456830714898,2.5530739035157652,6.718449066144226,7.832299678006764,2.416153719142767,0.0,0.0,2.2952279093544546e-05,0.0,0.0
3043000901,2009-10,Northern,2.8888773695774743,4.933614585666335,3.9256246886325967,4.080451097158409,0.8843929680739102,6.4119099934550725,2.9552508617579933,3.4108664780791838,2.8855709902846876,5.058905474525994,1.241063899943231,2.51726242434467,7.264583371821295,8.544103245747941,2.8090394351958854,0.0,0.0,2.5802673809695385e-05,0.0,0.0
3043000902,2009-10,Northern,2.9076128893682016,4.612654973714196,4.069563470278336,4.091017694608388,0.9252487666697978,6.107275369892719,3.2246205327720956,3.3139361494703294,2.623835621880857,4.701208699495242,1.1804115458773698,2.4925757900390435,6.65193053075239,7.759741892915454,2.845570268302662,0.0,0.0,2.3267710254000466e-05,0.0,0.0
3043000903,2009-10,Northern,1.2975229500584882,1.8686538099911236,1.713566097597275,1.7073918650498092,0.4449298321652952,3.6078204113651355,1.7751096210172543,1.4880876979305508,1.1389821313642718,2.1596530296376226,0.5439167109775079,1.0818289289073495,3.1782524404934835,3.3447522232919122,1.1641601639242996,0.0,0.0,1.531644140116365e-05,0.0,0.0
3043000904,2009-10,Northern,3.098324451775871,4.0161969536093824,4.377970289453933,4.194798174937092,1.195375247597005,8.390975861354722,4.254347933355215,3.324237818758996,2.6678953201302753,5.071594634766004,1.1525600794677948,2.256869355294954,7.0925549524062665,8.08404656793021,2.635921947994119,0.0,0.0,2.3490062035660497e-05,0.0,0.0
3043000905,2009-10,Northern,2.9993444685027395,5.016799188142475,4.41478110061272,4.480672181308251,0.9735397197336995,6.897617769948015,3.6535044416090727,3.754105725211687,3.0658942982497197,5.281592895713925,1.511160221382361,2.389515630410844,7.989493894555642,10.00950025752949,2.9627469824882886,0.0,0.0,2.0099453549373577e-05,0.0,0.0
3043000906,2009-10,Northern,3.8355904292715284,5.742275674342502,5.276764974059853,5.232319521876991,1.6507842204892544,10.295160758204533,7.082168540664399,4.623287851404865,3.6277040981612907,5.9235081815107415,1.5840482019983504,4.566177843603343,9.367073118801002,10.06280586822919,3.229105289659527,0.0,0.0,3.5810763630060584e-05,0.0,0.0
3043000909,2009-10,Northern,1.8633373839976721,2.728711624281167,2.5157591159602486,2.7857175553269884,0.6710681841810545,4.706248334814486,2.5620855655262695,1.9878244179656814,1.6213018188477724,3.084648590106436,0.6657540277188226,1.8224011662678874,4.414948121801432,4.610618507084242,1.5772333388089068,0.0,0.0,1.8176704157121836e-05,0.0,0.0
3043000910,2009-10,Northern,6.415234492306816,8.525091384593358,9.313897326482532,9.12037928157779,2.8359263806935475,16.768655830203095,9.096707673338637,6.958923740709734,6.0109292104481895,10.155521125792882,2.6605267865614137,6.082117375007161,12.526084078248035,15.677222747896236,5.230639617063185,0.0,0.0,5.18208935434766e-05,0.0,0.0
3043000911,2009-10,Northern,3.0872479872820238,4.6825061701991375,4.332662909309316,4.415926559872662,1.0423339498140203,7.165096844736466,4.22669879993993,3.4887052648720056,2.836614592581255,5.218647168990672,1.2137951277943835,2.536115924781427,7.434152587747772,9.079341430707052,2.776849542979037,0.0,0.0,2.2624221521493734e-05,0.0,0.0
304300091102,2009-10,Northern,2.9633121040212376,5.023368702086009,4.230947560243728,4.509831972310657,1.054698588136554,6.836082366110779,3.949294428486742,3.7187598444652696,3.0059625198818463,4.978624949279497,1.3245212424387685,3.1032528058642375,8.010576930795684,8.701929348467013,2.7812222148820127,0.0,0.0,2.420056087108277e-05,0.0,0.0
3043001401,2009-10,Northern,2.024131821572218,2.702937717035765,2.667918536291151,2.4122728927542862,0.5743593035263458,4.92509435310688,2.4364671632031887,2.089244318230484,1.6730737638377837,3.051344138284101,0.6697396463261042,1.7454841722841299,3.7854746879478256,4.1179968590187475,1.6531943124823405,0.0,0.0,3.11717050200416e-05,0.0,0.0
3043001402,2009-10,Northern,2.384559036192522,3.4030630671730493,3.154504352196193,3.0593499563632705,0.932875161558426,6.4094936834617595,3.61126925300536,2.7919214374524386,2.150581312744273,3.744305903743339,1.0438529109205823,2.381283080853957,5.734015113301837,6.326049976461672,2.0868372155084103,0.0,0.0,2.1141399262400417e-05,0.0,0.0
3043001403,2009-10,Northern,1.8175003653653448,2.513240391212798,2.5594395638932648,2.6466909075558154,0.6932672138696138,4.839360538470271,2.242110281407168,1.9224370991109898,1.548980107153316,3.020473209418485,0.6557817181631376,1.407521372227286,4.152673435394505,4.392603986622524,1.6487533716313834,0.0,0.0,1.809599275307995e-05,0.0,0.0
3043001404,2009-10,Northern,3.4117078674168586,5.112098221779493,4.755709958815894,4.688983250046528,1.2599722294936684,8.417090431781338,4.052892981511085,4.067037942324621,3.3425922455448367,5.828222418502871,1.5268511126216917,2.8064566974691356,8.722341006221377,10.366516162140286,3.2041539214528125,0.0,0.0,2.7781020520069985e-05,0.0,0.0
3043001405,2009-10,Northern,4.9785607142066866,6.611209803746524,7.059543716297856,7.0744770080774835,2.1277776367991126,13.15318645332502,7.055424742330478,5.301794030323909,4.530290152146248,7.962536976563454,1.9365004931726202,4.639922388030681,9.718277594444613,11.582621368042814,4.059863945686748,0.0,0.0,4.6590013596032563e-05,0.0,0.0
3043001406,2009-10,Northern,2.6003037332865606,4.220871942610152,3.393114635780834,3.6939144354953473,1.1216972927898332,6.2060332187105205,4.561931388038254,3.2021119196063617,2.5373026496484776,3.9769225126431276,1.109827886935482,3.7285024000013163,6.816011523191173,6.655500463362104,2.260842226721925,0.0,0.0,2.2200017271307883e-05,0.0,0.0
3043001407,2009-10,Northern,2.8988970950430173,3.996127350316709,4.052159456581353,4.092010044332853,1.1798665495986693,7.99359921078704,4.214578047319597,3.2535150269089703,2.6233927993257,4.8680785698412175,1.274116689979431,2.223746827861256,7.062788382958823,8.245039997755798,2.595875232392254,0.0,0.0,2.053319708080534e-05,0.0,0.0
3043001408,2009-10,Northern,2.4931400048759818,3.3899101972977554,3.4275381910922142,3.747970902169141,1.0941037063912065,7.031786593226906,4.378165153717466,2.729439880828192,2.2203470781861863,4.186040513597256,0.9825199925951514,2.3436513672907537,6.1242068997071515,6.492083985443917,2.0862153550310474,0.0,0.0,2.3331395283970673e-05,0.0,0.0
304300140803,2009-10,Northern,4.162986876031783,8.672803868809254,5.594210569649495,6.447528901979224,1.3270863315224959,6.956200657145127,5.269841012389577,5.183338430891133,4.1689466384069505,7.057984128987256,1.878630578815049,4.697222763587047,11.149612635902374,16.36874920983643,4.4579702465476085,0.0,0.0,3.3739159073615605e-05,0.0,0.0
3043001409,2009-10,Northern,1.73164689538773,2.7951114105746586,2.4010283327623307,2.7614405412291436,0.6219700888630526,4.0562396336095645,2.379636267410988,1.9519622084788855,1.5443077094944813,2.9022520453349054,0.7064191427858972,1.8533361885487118,4.328559486168572,4.310637787492609,1.5844855526956914,0.0,0.0,1.6115332917671967e-05,0.0,0.0
3043001410,2009-10,Northern,4.554750912222744,7.1609866483807885,6.493236673516338,6.296010972122582,1.5792437641090558,10.416897798454386,7.24882920568417,5.528732732110903,4.2785032947622,7.145817964084064,1.9861519659140214,4.639061844341879,10.388232227346919,13.281070275803302,4.133854042990521,0.0,0.0,3.5164644759618984e-05,0.0,0.0
3051000101,2009-10,Northern,2.0570946658499802,3.1736149595688015,2.6646763882528495,2.6969970699074253,0.6495323675898603,4.6886295525100445,3.011381810170938,2.372232919675882,1.769725190461391,3.309950388808279,0.8106780644828413,1.9701286682318977,5.031440732749158,5.729045694797372,1.8415468498056253,0.0,0.0,1.9954948348771256e-05,0.0,0.0
3051000103,2009-10,Northern,3.279943931854621,4.4959320843295805,4.591454896159998,4.001754890805063,1.179391346053679,8.522998277674,3.5551648314272533,3.7029132864108303,2.980654682182373,5.315798696268761,1.3175646949576527,2.2788074929445137,7.496735457941893,8.69233883311917,3.0393655212113173,0.0,0.0,2.5132115755982154e-05,0.0,0.0
3051000105,2009-10,Northern,1.906209658131907,2.656293133819455,2.5490776494331664,2.867762275006859,0.7934320607091392,5.527330126539769,3.147693242438797,2.0801992871531843,1.6696631829341302,3.228143026013512,0.7542093556572301,1.7759728652823472,4.744606626727961,5.116751221338813,1.6145118029177765,0.0,0.0,1.9687269553140167e-05,0.0,0.0
3051000107,2009-10,Northern,1.4083006651383252,2.069676541886329,1.933300299934135,2.0005819468703145,0.5075374185669435,3.7281014441068745,1.6748394111225828,1.5795568619123208,1.2499601314166002,2.292954217662906,0.5880311590505991,1.3352414772326184,3.3409168838064054,3.272866076805351,1.2664865643056253,0.0,0.0,1.5194885435355207e-05,0.0,0.0
3051000108,2009-10,Northern,3.555170590914351,5.794324132050585,4.811817929152862,4.978036113416547,1.1713599707718105,8.161232808676829,6.239006397359839,4.167238111323057,3.2958869589946893,5.433311330705124,1.4501712538959532,4.181285262844621,7.129808825986085,8.513148453808236,3.186341009410739,0.0,0.0,4.25008523476849e-05,0.0,0.0
3051000109,2009-10,Northern,3.1900640036603694,4.55213385384666,4.736197459022341,4.870768766936701,1.1725874247955919,8.225358942798922,4.034127842572844,3.574846490019194,2.9591617446818006,5.226577284825919,1.2944201175308694,2.8198528375722693,7.26397239457235,8.378585015377457,2.7679649455080986,0.0,0.0,2.3301625526648687e-05,0.0,0.0
3051000110,2009-10,Northern,4.111142037164263,5.990107594135333,5.908713788227301,6.0546676779445745,1.617864395288301,9.62571592393419,5.4374768622605805,4.55286725137229,3.8480789716300947,6.654594615342052,1.7151669684108637,3.824967683666608,9.558562879708434,11.305382384819326,3.6364162529529658,0.0,0.0,2.5883533557880077e-05,0.0,0.0
3063000202,2009-10,Northern,2.3505114869998858,3.504551904853309,3.169916949911275,3.1873860841307358,0.8444476861155743,6.281015440340393,3.3993075975160987,2.747844652323377,2.142166948792926,3.8118000029025962,0.9879307063573731,2.2844510720550595,5.538209934469208,6.128516894444319,2.080179233013631,0.0,0.0,2.2679143982377908e-05,0.0,0.0
3063000601,2009-10,Northern,3.316131926034215,4.752041908317123,4.808794310166208,4.5114116228145615,1.2630937637534583,8.244179699088104,4.4463359063584385,3.769179245569858,3.120596555456626,5.289468797814061,1.3418458723374906,2.964023218898,7.701208988828744,9.4240402708692,2.9039491356674554,0.0,0.0,2.2417536054609053e-05,0.0,0.0
3063000608,2009-10,Northern,2.680406223373063,4.133008775420561,3.7529741597547064,3.7590924025607766,1.0707311242122208,6.905842668928911,3.611879416714643,3.290865259974387,2.680258115388481,4.412335985085034,1.3153654225542983,2.6709733553323765,6.999811787885822,8.345148378644408,2.475415975573161,0.0,0.0,2.1321582038951498e-05,0.0,0.0
3063000609,2009-10,Northern,2.141624927425247,3.758827511317007,2.891229554258531,3.227237822900285,0.6408689635393847,4.486609724694706,2.962204974921108,2.5950967831070693,1.990878655033475,3.71213294251886,0.9364065374775246,2.026685968342621,5.612313297163965,6.702597439053755,2.114891444481063,0.0,0.0,2.0680830427735225e-05,0.0,0.0
3063000610,2009-10,Northern,0.6233093217503419,0.8418703636428683,0.8423756979074951,0.949748588373235,0.19952484333358983,1.7299922930866298,0.8671155313583684,0.607706794752896,0.47903704102731687,1.0808234487975215,0.18217446340526833,0.4188154328264216,1.448933229968854,1.552126470516987,0.5244965080798766,0.0,0.0,9.914893833522218e-06,0.0,0.0
3063000612,2009-10,Northern,4.373017840973552,6.199649164046725,6.330694103895559,6.36839594450913,1.9486938190361018,11.126259685540354,6.222904344619193,4.957814718216322,4.266155407631603,7.1750146851193675,2.01645160356951,4.008873120701334,10.221501529344401,12.645823291918779,3.9534974471520004,0.0,0.0,2.761361538788438e-05,0.0,0.0
3063000704,2009-10,Northern,1.2391265035258567,1.6016032095031882,1.62284990757337,1.4452633449638967,0.44940544829567414,3.9684888009074464,1.7292500956783325,1.3719351776377982,1.0378836382027063,2.046728880189495,0.4605241783565132,0.819426088515235,2.9685238292963194,3.1247435714574667,1.0805891464293802,0.0,0.0,1.390624559460037e-05,0.0,0.0
3063000706,2009-10,Northern,1.903654342965379,2.741827067122933,2.6618416390113637,2.7059643549210346,0.6958691092727612,5.0502775175609775,2.4710580430219955,2.103734038427975,1.6982954385704638,3.2539192398407795,0.7638763875795064,1.323810417386193,4.498666302171056,4.83082270452994,1.7908251279302254,0.0,0.0,1.6627726269469998e-05,0.0,0.0
3063000710,2009-10,Northern,7.258981505851983,10.516750083177243,10.909794340499138,10.564028773195574,3.2720680883182798,19.89901087385987,10.792662710428084,9.29780947977513,8.004083931879697,12.002367235521572,4.066599025012869,7.579667815009539,19.573571293997183,26.021956494129633,6.037838449600339,0.0,0.0,4.2758173953910825e-05,0.0,0.0
3071000201,2009-10,Northern,1.8166803810384604,2.720934615582433,2.5005166010111255,2.407613610457247,0.609574242061741,4.479364860297684,1.8356084550089253,2.017120835390762,1.622860267364785,3.010099366883739,0.7132067420805304,1.341891437835203,4.18751258606703,4.536601782788744,1.7910574460146786,0.0,0.0,1.7784268810799e-05,0.0,0.0
3071000202,2009-10,Northern,2.70894797382752,4.212036054401927,3.648118755076279,3.490053384771148,0.890732747011383,6.1042549756135935,3.394496893424588,3.128565095945778,2.425488653291816,4.201499772074302,1.0996982053609696,2.658068261569947,6.129443757460752,6.982215241475957,2.481063329814304,0.0,0.0,2.3259514181971278e-05,0.0,0.0
3071000203,2009-10,Northern,3.076365074863357,5.122691668648345,4.36467624539587,4.3757795366135985,1.0201632036372845,6.679438529093117,3.7119836516399487,3.7920700345708744,2.991323851904655,4.987353492779386,1.4942482412427387,3.083835446532518,7.670272786202442,9.010654700847578,2.9683028176493615,0.0,0.0,2.117209157256541e-05,0.0,0.0
3071000207,2009-10,Northern,1.1855640432033059,1.5904093048350492,1.541944692737426,1.5120760285362567,0.46126659274597376,3.760131916051208,1.805524881336519,1.326950306757722,1.0113181367492285,1.9696993024354672,0.4492631366876158,0.9844965469242923,2.9731019787483794,3.0387494115483933,1.011916801927946,0.0,0.0,1.534247794050858e-05,0.0,0.0
3071000208,2009-10,Northern,2.1275445681119836,3.9511459652441245,2.8709115847693836,3.3190261027227437,0.7146971769556959,4.912502405370825,3.1418709257149056,2.7299054163995384,2.2088486270743273,3.7465684422266774,0.960775365902922,2.4644621330267413,5.982543538764118,7.025109464691889,2.019079475457768,0.0,0.0,2.2581498224575212e-05,0.0,0.0
3071000210,2009-10,Northern,2.058774690403555,3.2956651168642503,2.808745248942613,3.0377553769438497,0.786885056537877,4.775547543210129,3.1122869158503295,2.473941341209277,1.9184695096824138,3.2971783902168643,0.8761554857596785,2.4137491161915228,5.229941963990463,5.327111515440326,1.8870909156547517,0.0,0.0,1.9087884642415486e-05,0.0,0.0
3071000211,2009-10,Northern,1.5387074125170872,2.378083233606687,2.0984755404788524,2.2811770622043874,0.5766476011349628,4.255666484688191,2.28147499943911,1.865742600101829,1.4804454723080216,2.57073943750938,0.6866602839905496,1.6918452007555134,3.9899613360544697,4.115483129391547,1.3349234129714296,0.0,0.0,1.7683321475026304e-05,0.0,0.0
3071000501,2009-10,Northern,1.5235113670397085,2.335139329352505,2.020933233198806,2.0922736106743582,0.5048512331924054,3.9061801248131323,1.9839054334298616,1.7060477879629603,1.3435420315638305,2.442054968086084,0.5653201880632494,1.5027137630483707,3.1964571813436184,3.416796929104702,1.4081402392851037,0.0,0.0,2.431344668766652e-05,0.0,0.0
3071000503,2009-10,Northern,3.5720933278342106,6.1302422817173765,5.160994222064193,5.091000907915774,1.2037881997413995,7.338255138521405,4.1876567578535155,4.359932238740408,3.5073352762528547,5.694705178478104,1.749277025393008,3.7346880828922244,8.491851012974534,10.398237729766873,3.561293641322535,0.0,0.0,2.3247696233416022e-05,0.0,0.0
307100050306,2009-10,Northern,1.5361177869430784,2.0230996185677,2.042419823465084,2.0708432006613537,0.6062762921098233,4.586267066486386,2.369292924596084,1.6338720294804587,1.3010972401802574,2.537485975858073,0.5510227749139504,1.2932450618281295,3.630707038131624,3.8353950852141927,1.283664359195155,0.0,0.0,1.6473591201142844e-05,0.0,0.0
307100050307,2009-10,Northern,2.648993105018133,3.788314110317369,3.656873325345773,3.5685569145051046,0.943455850541707,6.751909037127565,3.0238059492459284,2.981786334174915,2.37718130093413,4.193064674156391,1.0837955341442056,2.352010042594657,6.017507976209165,6.733233107553683,2.362987534548299,0.0,0.0,2.2271302098930453e-05,0.0,0.0
3071000506,2009-10,Northern,3.1288638251954053,5.24029790088594,4.136588809135075,4.569078405409662,1.205841058331975,6.865189569914491,5.309722955915761,3.7933486981057905,2.936078165581838,5.00899077675189,1.274804563877072,3.9207355827160586,7.938184600323672,8.56830325558478,2.8380949468994743,0.0,0.0,3.440766392239728e-05,0.0,0.0
3071000507,2009-10,Northern,2.1340604840594746,3.222345086634712,2.7435444281645585,2.96070464747058,0.8485561822502722,5.402497077640055,3.891396116474783,2.503035162373384,1.9368167439398825,3.4162464747388457,0.8826827281185335,2.4036234873528604,5.154040728170531,5.475750979357025,1.8968109504870017,0.0,0.0,2.3895035158500224e-05,0.0,0.0
307100050702,2009-10,Northern,6.572984293199084,10.768501553255907,9.791778179910253,9.854228985656095,2.6457836320960735,17.731025982409964,11.673796365708457,8.583970766686264,6.863581971973549,10.758541587641615,3.2433089223347964,7.705185130282145,16.60797336088098,22.44656441921699,5.760365753425903,0.0,0.0,5.4278199262765736e-05,0.0,0.0
3071000701,2009-10,Northern,2.671952432161242,4.373294518640601,3.5693850958069877,3.7019764981307985,0.9457570341084254,5.8124730036898535,4.02133486909634,3.1757868291774862,2.4439507521501453,4.3821279268579,1.06236198499392,2.6969791041177187,6.901497863079435,7.703820090085206,2.4986962510961988,0.0,0.0,2.3588294307360968e-05,0.0,0.0
3071000702,2009-10,Northern,3.9597938942163946,5.599721607539001,5.868810434538387,5.565438801591087,1.5292164336168217,9.724687735727075,4.086261213773991,4.458999101889841,3.750750816551115,6.483729928646754,1.6216666600206429,2.841250596792316,8.941516550025353,10.390244621861525,3.7599261187949327,0.0,0.0,2.6795743782589172e-05,0.0,0.0
3071000703,2009-10,Northern,2.180918741946844,3.0676738631688876,2.930347799300916,2.6399815213078655,0.7869622143938432,5.875221439789281,3.0868495552935413,2.4810147077463145,1.8900782868391497,3.337125233283436,0.8096295241939849,2.019495893774243,4.772510953196581,5.077257697621874,1.9025543042112545,0.0,0.0,2.1913717848621347e-05,0.0,0.0
3071000704,2009-10,Northern,3.1888117448127398,5.117117483675201,4.587226112430043,5.107115231366762,1.308070280872184,7.85017345965732,5.71437459468147,3.799206143582354,3.1442139695204387,5.2650102975120685,1.3316459790678843,3.735736027120649,7.760527111114277,8.852133991388952,2.825133073602193,0.0,0.0,2.7744441217406124e-05,0.0,0.0
307100070403,2009-10,Northern,2.4140613689953687,3.6204756190661724,3.1836165104437537,3.280205156779443,0.9821475329707009,6.624850621411147,4.456844211537176,2.8411166433837143,2.1790714019279775,3.809884687667949,0.9027107080197191,2.8056380095275046,5.902561500809019,5.8992000775084525,2.033669056494341,0.0,0.0,2.9543339584294846e-05,0.0,0.0
307100070405,2009-10,Northern,1.5427130558201143,2.4694436537730153,2.0161278087462304,2.264384280720044,0.6392110310862429,4.066658409627953,2.8270562273326765,1.8715759054534633,1.4492521066101636,2.480845579936793,0.574231683878574,2.0549872483001317,4.0681603992175805,3.564407915989166,1.3240732765331071,0.0,0.0,2.1564021738493637e-05,0.0,0.0
3071000706,2009-10,Northern,4.235254906427841,7.600097715956388,5.779795642356501,5.945597593212715,1.3401496574284075,7.298993074925316,5.716647690671689,5.070572936381863,3.92289745234306,6.596367870571156,1.838685799849349,4.474480079496242,9.794730174665641,13.285234910245642,4.3722799465519735,0.0,0.0,3.1247335937660455e-05,0.0,0.0
3071000714,2009-10,Northern,2.8208365885616566,4.283788695186262,3.7617785283818788,3.8593987191642904,1.1310960670823569,6.822714001697446,4.137417619128664,3.3498802653579376,2.644429711065661,4.476549946006071,1.3057698286942891,2.996268205835586,6.85640704016596,7.673741136085208,2.6130969142672953,0.0,0.0,2.3403035562738534e-05,0.0,0.0
3073001201,2009-10,Northern,2.0245334039617866,3.018039107394607,2.7980569132322164,2.8121329093070977,0.7045005780093111,5.056134325648518,2.3488162894552533,2.312178870869805,1.8226192952211313,3.2923801586748884,0.8987027834909842,1.8421803059950832,4.8311032907619165,5.088089142251671,1.8658210038513496,0.0,0.0,1.767000327421777e-05,0.0,0.0
3073001204,2009-10,Northern,1.7421097273721662,2.7113430898985924,2.3429515264092524,2.2811278992026107,0.5383221950067284,4.098882736783937,2.2387985422694867,2.006499707621066,1.5672070196542156,2.86378001773268,0.6498577663877722,1.5867116236223964,4.2909533738370245,5.05346405855964,1.5557855934117053,0.0,0.0,1.6344335631642346e-05,0.0,0.0
3073001206,2009-10,Northern,4.288837599466918,7.687566728220286,6.028522750934543,6.486857711060786,1.6101945662641013,9.867651550944693,5.086275632869952,5.394356096880291,4.535518955327985,7.275408223504949,2.0920808243346323,4.818745373369731,10.644292152427393,13.060230884610581,4.28717802757152,0.0,0.0,3.828583169189779e-05,0.0,0.0
3073001207,2009-10,Northern,2.8677451867777277,4.46842493856226,3.9597585978463457,3.99209139398073,1.2087458525897326,7.31820246181038,4.566404442692229,3.5080743440718445,2.8424603165507634,4.420973910022882,1.251392587884405,3.6307812379047566,7.222759413584871,8.056843187250136,2.495556047186194,0.0,0.0,2.376257843957401e-05,0.0,0.0
3073001208,2009-10,Northern,2.6759109724833468,4.379844417951836,3.6770587550957163,3.7302542587658274,0.8949299653008934,6.082109392587035,2.853072417998424,3.1276578816061402,2.5133950557396334,4.477617079654584,1.1364002494319225,2.3543753072464866,6.4984613570390115,7.682185368089853,2.659326502334053,0.0,0.0,2.4644824664074885e-05,0.0,0.0
3073001209,2009-10,Northern,3.1823902055446074,4.950001769008596,4.348348364654116,4.456252862725661,1.0853238069436775,7.4412259360180375,4.192975623370874,3.748562248482724,2.931495065119493,5.123160861488455,1.3967656980527503,3.173650639774913,7.594030757006779,8.996727655140619,2.8845653158531976,0.0,0.0,2.6164362399411724e-05,0.0,0.0
3073001210,2009-10,Northern,2.1365434186911183,3.3252383865491018,2.9537046271192695,3.340165489873848,0.8060504426500019,5.31342579941225,3.0151776328813624,2.4139873882460434,1.9840664133765211,3.527312940921514,0.8388971528639404,2.359063438883465,5.263117233285505,5.312186867888317,1.8499267910028747,0.0,0.0,1.9212585434577533e-05,0.0,0.0
3073001701,2009-10,Northern,1.5784235377693097,2.1346374719537757,2.119539574504749,2.02770736708966,0.5673941911079006,4.438186577973735,2.068616222535186,1.7648412787209513,1.3555480402617175,2.5796301950823417,0.635490903627187,1.2261849770326139,3.758785799198745,4.046160482271434,1.398666068727581,0.0,0.0,1.611788209777942e-05,0.0,0.0
3073001702,2009-10,Northern,2.0184133711734,3.0849047991009066,2.7199603941673023,2.8375994845321197,0.7461085901612302,5.293108304524456,3.0301973754806633,2.430623204574245,1.8794530876942637,3.327944845797779,0.9197698764082528,2.0219351258254776,5.097303531246758,5.441681867023208,1.8016008105550334,0.0,0.0,1.9134334016950353e-05,0.0,0.0
3073001703,2009-10,Northern,4.125186941732265,5.788368943005379,5.90897390782384,5.9679015158010325,1.7141093919596164,10.082095617159505,5.018719186677646,4.4847626047060185,3.8211811877481323,6.8586725474335895,1.6942623983896758,3.3210505199338693,8.883448147701351,10.630382367780216,3.828456348382734,0.0,0.0,3.178638005176474e-05,0.0,0.0
3073001707,2009-10,Northern,2.823784590399585,4.444103193311016,3.9640844014439462,4.046319052646007,1.055779037508256,7.04943647633556,3.6112136466138938,3.432872196830218,2.777269346382748,4.713451573287773,1.3313111972859861,2.706071645851932,7.317537912697052,8.276912094529358,2.627085369905816,0.0,0.0,2.2592576312788412e-05,0.0,0.0
307300170702,2009-10,Northern,2.604500737389519,4.471069724572826,3.419140120900741,3.755112469309848,0.8957111004744279,5.359493906485122,3.9968980033637456,3.1422892026071216,2.370694819257807,4.252253037541232,1.0470795072789592,2.990891183892834,6.836327569922856,7.827389755544243,2.4489270395537734,0.0,0.0,2.7986056005525927e-05,0.0,0.0
307300170709,2009-10,Northern,3.10600474060426,5.6320471746187,4.178603090799242,4.914761940395086,1.1760769838114775,6.744708615402251,4.60833651985793,3.9990381694646007,3.086192493214061,5.455690530068485,1.341391817680186,3.6624757761379922,8.74777808201431,9.349793541309786,3.075443128623801,0.0,0.0,3.640603471870028e-05,0.0,0.0
3073001708,2009-10,Northern,3.8992345734896583,5.977098087896498,5.5453559344383825,5.965808481213752,1.409923332477704,8.752948260311724,5.0983419660117,4.412085706348369,3.70461558914108,6.7826252053726614,1.5780668419904809,3.271931198791476,9.029811551637033,11.324902269212798,3.616205799212692,0.0,0.0,3.223433076722382e-05,0.0,0.0
307300170803,2009-10,Northern,3.3074789573226386,4.84729007083086,4.537144595154971,4.182979272993297,1.0456817491250459,7.297980166276288,3.6967724671861224,3.693189656735865,2.95637634511407,5.023880408914207,1.3155366683936702,3.0937410304982937,7.135967812090119,8.597328686320065,2.9174370574262993,0.0,0.0,2.639150935851555e-05,0.0,0.0
307300170804,2009-10,Northern,1.3297851567867416,1.986099103738905,1.7149205312852334,1.7999394714496126,0.5229000342458332,3.7945438216938507,2.403077087216656,1.5796058279973044,1.1948199490440135,2.1701312430056867,0.4983654842758492,1.4798406337190855,3.5000678511459538,3.327959424876892,1.1271326730418663,0.0,0.0,1.8141503703098187e-05,0.0,0.0
3073001710,2009-10,Northern,1.16825613310859,1.743252951644245,1.5199019182705842,1.5940018146181223,0.403866615497408,3.0427427811476333,1.475589547491777,1.3096781901750405,1.0246313886397527,1.9129038654967951,0.48984517231691566,1.1215269393096425,2.8075012527088727,2.9426508922878405,1.0499414535514504,0.0,0.0,1.4122161748608334e-05,0.0,0.0
3073001714,2009-10,Northern,2.036968574805067,2.9811558847697723,2.6925468210471863,2.643024462709506,0.7713622885359465,5.189752693682226,2.9736045812049627,2.343011810784363,1.8133650422463727,3.2195394497717174,0.8148701591103139,1.9830499826406602,4.712641363080788,4.987828552482981,1.8503320046604081,0.0,0.0,2.082103180107114e-05,0.0,0.0
3073001801,2009-10,Northern,1.4994063686706727,2.1264090880527506,1.9708390896419405,1.8978859315071825,0.4750382420567487,4.028635729586423,2.154024683223842,1.6926318815812338,1.2599617271189323,2.477625111884373,0.5657399476696503,1.174057121431129,3.6007652209622907,3.933578457672194,1.3155230404301859,0.0,0.0,1.6284437023428722e-05,0.0,0.0
3073001802,2009-10,Northern,2.770931489331624,4.2464558277129205,3.9810123480591004,4.450034513667193,1.1441168036824303,7.196205936822251,4.302564296313551,3.2235462612245134,2.6490215436000906,4.566807089076756,1.1436398978553624,3.0617180775800095,6.921982589533609,7.134509948382913,2.4034884207528724,0.0,0.0,2.3390255253645485e-05,0.0,0.0
3073001804,2009-10,Northern,2.4545383609854015,4.1576452679628915,3.4042440525066775,3.5512459882906025,0.7382847515768047,5.313848558790911,2.6862879416083656,2.889215614078136,2.3061755285013907,4.077787322558071,1.0551290960378024,2.2744169777628325,5.826950370928642,6.664029200553806,2.3860182789821214,0.0,0.0,2.1425380795831312e-05,0.0,0.0
3073001805,2009-10,Northern,1.9763786029964294,3.0397929685004654,2.59018296576106,2.6936246074504013,0.7422140745037499,4.888624738814492,3.3775069726047513,2.3067812700032673,1.7448887188113567,3.203187246360399,0.7191878599096873,2.083400008961444,4.969145241758664,5.123968829289173,1.7497814271881957,0.0,0.0,2.42421110269324e-05,0.0,0.0
3073001806,2009-10,Northern,4.860833516633594,10.468913806952617,6.700016543229338,8.366042860782702,1.7032793043470063,9.355332706306227,7.670644786558414,6.556709280241915,5.260699874608878,8.715730683807756,2.405097980319803,6.334521834744373,13.282320236495474,19.76360435485759,5.2528226371932405,0.0,0.0,5.168543023974056e-05,0.0,0.0
3073001808,2009-10,Northern,3.252511570304865,5.333018662085076,4.3825627025407865,4.737280843761899,1.290941786772807,7.063935009803794,5.299592512210388,3.9923063196991286,3.1105508609840653,5.366927674691079,1.4681860328075165,3.564369909354577,8.819941024649017,10.097932293414422,3.1107777345499974,0.0,0.0,2.643454631240625e-05,0.0,0.0
307300180802,2009-10,Northern,3.623633045719867,5.765207898941161,4.875698469361707,5.011789630227423,1.3744364820209485,9.270633435766952,6.124058416397921,4.338581099049795,3.392690317031815,5.710172171525661,1.4482654859701456,4.267938842238311,8.641846160053182,9.917043588118567,3.114369683191383,0.0,0.0,4.1178702411358174e-05,0.0,0.0
307300180803,2009-10,Central,1.7861086295494542,2.729215483021746,2.27093160994431,2.235764610316972,0.5396423902449393,4.038297352505756,2.5136848537451955,2.111496300836769,1.781732785405583,2.472482070386735,0.7571795545695308,1.9398883342797892,4.07426259169108,3.378104256218712,1.5421903042978644,0.0,0.0,1.9861806260990946e-05,0.0,0.0
3073001809,2009-10,Northern,2.206230002535033,4.664230168382366,2.956919767084966,3.520737980823948,0.5786767280574453,4.1537708693737665,2.6434855390540926,2.761718788681555,2.167361163367545,4.084891282793391,0.9470710691800194,2.0896898105619233,6.399049332805046,9.093858448761035,2.323077197115439,0.0,0.0,2.2254881790904462e-05,0.0,0.0
3073001810,2009-10,Northern,3.554223799338858,4.800323671188942,5.11412421301821,5.157181669764119,1.5757910654468197,10.013484703733756,4.830767859248032,3.9336966575871513,3.261057687388308,5.787819245942474,1.4917080481107894,3.017869795368317,8.073656357686335,9.517752667029061,3.1168249077081795,0.0,0.0,2.734534863625922e-05,0.0,0.0
3073001811,2009-10,Northern,1.2997261247522955,1.912547636456646,1.7364198780325715,1.8435199990527158,0.4774772661049862,3.5458460620768646,1.7075786157491963,1.4606234128871827,1.1438043067280945,2.1050542906178826,0.5059219557994561,1.3341621079567498,3.0956070145457275,3.013100065497084,1.1317593511212019,0.0,0.0,1.6087000160503145e-05,0.0,0.0
3073002002,2009-10,Northern,2.5495821272867407,3.887691103811908,3.5174956308670513,3.449854104704342,0.8887405396224972,6.243021801289386,3.487151089740215,2.9750857438635387,2.3084204057144437,4.101076359235633,1.0301258364010912,2.3575298614072717,5.77458511274745,6.5454916030748675,2.3859965207993525,0.0,0.0,2.4779029193774674e-05,0.0,0.0
3073002003,2009-10,Northern,2.295441819580333,3.474976457463544,3.0542504969748387,2.9978405600497156,0.9023693666580018,6.177323248671369,3.0530320556212813,2.6669173946901497,2.1053107034032017,3.6661975711175083,0.8899934945415678,2.3145157866700714,5.32390489792863,5.626493346716013,2.1000228288550207,0.0,0.0,2.769219891560399e-05,0.0,0.0
3073002005,2009-10,Northern,1.9143551841754585,2.4088476561694603,2.551360759805392,2.6026256914914394,0.7673024210483673,6.054950475226931,3.31999232658388,2.024393492447171,1.5861690768124868,3.1978591069991196,0.6691018344049913,1.5281904451745305,4.545050168631011,4.86343339182334,1.5264918428851662,0.0,0.0,2.088272530051751e-05,0.0,0.0
3073002006,2009-10,Northern,1.873488266456678,2.6834299922787985,2.542622556342176,2.4657169255175564,0.6722018287543269,5.108485133751541,2.333555526788547,2.1204309473945586,1.6748219414703647,3.033998432914032,0.7716869739602116,1.603852384715513,4.289529292761332,4.550097172183364,1.6955921437576282,0.0,0.0,1.8195517197417117e-05,0.0,0.0
3073002007,2009-10,Northern,3.1597853319547897,5.517807936257515,4.273717920054633,4.58818974098022,1.0005274033430607,7.181511340742299,3.381237792802918,3.908234782672615,3.3307171414437975,5.744973572983596,1.36078206054339,3.2210336894447313,8.190072820530634,9.648111851070063,3.010170624303,0.0,0.0,4.029753622888037e-05,0.0,0.0
3073002201,2009-10,Northern,1.594722932246729,2.326673329083672,2.0408925983435124,2.101661889841727,0.5993022763670929,4.348971522953119,2.8362265005037623,1.85068395451814,1.3731217724652736,2.6055802557349113,0.594592831775465,1.6253509511841253,4.146192526039919,4.256860518465035,1.3589967342131632,0.0,0.0,2.011679488713114e-05,0.0,0.0
307300220105,2009-10,Northern,3.3018857931867407,5.720461114463305,4.421928373097285,4.870653583321866,1.2283159510851716,6.662175644921277,5.189328562575484,4.033329098735665,3.1221131415126995,5.373654313899364,1.3881285945284603,3.8765407128146965,8.631703756422565,9.949723249729635,3.1737407316852395,0.0,0.0,3.126119412601096e-05,0.0,0.0
3073002203,2009-10,Northern,4.152440701145531,6.2455866704593594,6.067886023453184,6.344961871311121,1.547462351436363,9.002361129079977,5.701814459737724,4.626644427546344,3.744489299823835,6.712139260848983,1.6836587724223724,3.6364552446307905,8.9754091085897,10.921011945707358,3.943754565788713,0.0,0.0,2.8557584911603216e-05,0.0,0.0
3073002204,2009-10,Northern,1.9126913008599242,2.8143154543380806,2.5531930506820846,2.5978798236952243,0.6577629148149348,4.936719109291427,2.7885172324045175,2.204621715990636,1.6669555361035076,3.110514400313564,0.7571504000471835,1.8140895899835816,4.665700971596389,4.986385430992343,1.6652801685149088,0.0,0.0,1.9171671831746515e-05,0.0,0.0
3073002205,2009-10,Northern,2.68339812913138,4.115293818576042,3.6627266483749708,3.542630808889736,1.0289207834826781,6.357041532455803,3.73522106536295,3.1807904327198786,2.4684781773263222,4.308035284321574,1.1161078787135925,2.589576632761367,6.6925437068322235,7.354409105195547,2.518371304035314,0.0,0.0,2.3025304147409976e-05,0.0,0.0
3073002206,2009-10,Northern,3.3386863286331323,5.4336989528298485,4.500578451376053,4.672338456520003,1.0902500638612944,7.691533274935583,5.853922325340045,3.8981879875072947,3.0765311680962553,5.11580374099024,1.3458810465782742,3.9039831985735054,6.698901268717785,7.942327482393739,2.9884131931027667,0.0,0.0,4.136041792732108e-05,0.0,0.0
3073002207,2009-10,Northern,1.996644635981386,3.1835228096287924,2.7083218928901127,2.9194914357487014,0.6645104282312859,4.581943743553361,2.7407746934325523,2.3233359179065394,1.769443220754163,3.2368498316624295,0.7885264115741357,2.1373543258560708,4.887548115460697,5.07374219220818,1.795584670964875,0.0,0.0,2.019902213422778e-05,0.0,0.0
3073002208,2009-10,Northern,2.880751812194109,4.622491698514205,3.9358517044786665,3.9676305040367823,0.9185508757904953,6.508906039461888,2.970845645645162,3.27668469829243,2.664049178055144,4.733506428322858,1.1565330306304469,2.5281005770937783,6.844540949693513,8.010175478035194,2.7100304293702067,0.0,0.0,2.526798625593909e-05,0.0,0.0
3073002209,2009-10,Northern,2.8706530498451674,3.987361448692334,3.86513701495559,3.999615015209079,0.9694746797636374,7.290251561595224,4.081055160247748,3.0897176921078464,2.462319940477421,4.922198150858019,1.091514767889542,2.065269565154812,7.0134553889036955,8.384660548463964,2.4661783279434797,0.0,0.0,2.1828491688779706e-05,0.0,0.0
307300220903,2009-10,Northern,3.5861575676956314,7.186753961693898,4.689563606769716,5.443346849637718,1.1227130633603093,6.424414051097378,5.117012595827561,4.441249244676454,3.466955257265178,5.895383973319649,1.534840588474955,4.5122889919711495,9.072667738264178,12.789888885730157,3.567760357530621,0.0,0.0,4.3000761219601637e-05,0.0,0.0
3073002210,2009-10,Northern,2.432864536711046,3.974818162564168,3.230757521584213,3.3651219041207194,0.8496361342618258,5.317709668374752,3.6597217467994114,2.8762917901119467,2.2038877154108283,4.0047667113414445,0.9498322108189156,2.4309938726772096,6.285136755012872,6.962355436491784,2.2711537418104837,0.0,0.0,2.2640456429261655e-05,0.0,0.0
3073002301,2009-10,Northern,4.466804736909866,7.8053829036344675,6.083962610510802,6.2366964253425365,1.4959425789656124,7.878977341698799,6.390633887852403,5.279515817090406,4.169167736625281,6.813480281354076,1.8970514531429359,4.930785171826792,9.826323951419543,12.81151909507971,4.493290401804557,0.0,0.0,3.506926312570971e-05,0.0,0.0
3073002302,2009-10,Northern,2.1263811017464014,3.3146940197082766,2.7571987628120302,2.9541702715172984,0.7621176060607803,4.829927798300166,3.420138995707794,2.4961109485809714,1.8938116490739925,3.4687031352968583,0.9096119155863164,2.1703238742418502,5.362853505076173,6.02330245477868,1.9785232995159916,0.0,0.0,2.0934349277222413e-05,0.0,0.0
3073002303,2009-10,Northern,2.609762263375079,4.014491884069333,3.4615362132749627,3.385919402765099,0.8659103790247805,5.805402125495142,4.02516903103111,2.9796865897348788,2.2658644112603006,3.9947119173830945,0.9684848305687616,2.6648779995225724,5.737419381007024,6.555038776160473,2.335754197557532,0.0,0.0,2.7041141724889143e-05,0.0,0.0
3073002304,2009-10,Northern,2.4917809534763697,3.9443788850548738,3.4580567715867323,3.9638523221362245,1.0070767468576942,6.438675217981457,4.526391761828686,2.9349888230572305,2.407338179322818,4.2505837009654766,1.0374195284062797,2.719932647440369,6.166783835510383,7.138944985941447,2.227451617489681,0.0,0.0,2.4797164724569237e-05,0.0,0.0
3073002305,2009-10,Northern,1.8556739595354659,2.5098919943273432,2.510765643748633,2.5477067223185075,0.6090963504569874,5.139613852368581,2.594178261794737,1.975663568562846,1.564805376979347,3.1841299240254313,0.6044561863993643,1.332067602586018,4.241032195416821,4.7809220020434555,1.5499934114108729,0.0,0.0,2.2142432155901487e-05,0.0,0.0
307300230503,2009-10,Northern,3.2514551219600065,5.225058943260235,4.288067873936966,4.76973956246011,1.4070248592950538,8.155828775572354,6.445249425700646,3.921209066763959,3.10904969013923,5.107308093317386,1.2976535351673586,4.435831525115574,7.855785321787073,7.707551378547136,2.7921648962880266,0.0,0.0,4.1168601239777694e-05,0.0,0.0
3073002306,2009-10,Northern,2.2806183590882476,3.476861941392862,3.079197540637568,3.191191054235223,0.8792412561243969,6.080141639121357,2.8331559818635266,2.651671092093028,2.1519990576616825,3.8289957323272077,0.9695451781268134,2.1118812755040306,5.584626186458214,6.071971616129678,2.1351426130099167,0.0,0.0,2.3369915105702013e-05,0.0,0.0
3073002307,2009-10,Northern,2.6418843980553226,4.157772734696945,3.567551861617756,3.7077858709275886,0.874619574616155,6.132671173363536,4.0523145170403705,3.136074365047506,2.384627908684897,4.395592700804988,1.1158860372112862,2.4579720971198573,6.577090045759486,7.726157363483223,2.432158457291693,0.0,0.0,2.2916371886897425e-05,0.0,0.0
3073002308,2009-10,Northern,1.5991097412376423,2.537392202354131,2.2192092918436552,2.380501786525085,0.5461794750446974,3.831133322538752,2.2834513778402306,1.8576741692143326,1.457644994038715,2.7490799655786216,0.6755489903492053,1.3642851947400585,4.1052627108337285,4.272364699945825,1.5142373275657397,0.0,0.0,1.5250062791697771e-05,0.0,0.0
3073002309,2009-10,Northern,2.287412740940474,3.138633354072011,3.1749961732750336,3.3537300526023226,0.9206252059364284,6.070743388776027,3.2578181991653374,2.494316301661917,2.000555957080893,3.9046960343840125,0.9244238881158519,1.6973464394875521,5.620103965490802,6.412760394551482,2.086975878314929,0.0,0.0,1.9374118858658116e-05,0.0,0.0
3073002310,2009-10,Northern,2.1296567641996265,3.010115319417468,2.865006447859647,2.624760803715277,0.780033691796332,5.481439182019615,2.5705093121848104,2.3696175574881235,1.8588064381477507,3.225275252658582,0.7934831895729503,1.9761656932593166,4.516674819389976,4.715103915079833,1.9124466278215964,0.0,0.0,2.1797203315957144e-05,0.0,0.0
3073002501,2009-10,Northern,2.712102090376031,4.805900462008802,3.5553988452991705,4.061811075870073,0.9666192930545547,5.569889152392862,4.033231013925323,3.293094139254828,2.5974854028779397,4.647772565760408,1.1728578833402155,2.892701427762071,7.334214523441958,8.755017743530566,2.686157304946565,0.0,0.0,2.5990336098890225e-05,0.0,0.0
3073002502,2009-10,Northern,1.9423928389377598,3.0268590988129516,2.6000299205962634,2.525891099107784,0.6212325289248654,4.180020816907839,2.473360851968271,2.219925016572349,1.6795998478990266,3.11681344074733,0.7524724561098698,1.674988574915334,4.5239421810883345,5.089458692628851,1.8912466865746835,0.0,0.0,1.892297739309817e-05,0.0,0.0
3073002503,2009-10,Northern,3.9595763805169217,7.120977546713394,5.322281696364443,5.537142740464583,1.1925234777414644,7.027558441687251,5.100878328871291,4.688656270102585,3.6675803508343288,6.156635236240607,1.6933668430759634,4.34435498705403,9.11350476630955,12.005407462799134,3.871620899201852,0.0,0.0,3.029282387252541e-05,0.0,0.0
3073002504,2009-10,Northern,3.838696625203728,6.991116889243161,5.473281095399549,5.855183608702444,1.2408877932306,7.8154204168383155,4.570955043230316,4.7565725822815565,3.9065863879557905,6.3924094916898175,1.836849658749646,4.009508867490491,9.278588928866473,11.422655674012468,3.84172023032523,0.0,0.0,2.7767209488993515e-05,0.0,0.0
3073002505,2009-10,Northern,2.6532981842036305,4.071956119350495,3.704982271300066,3.5725061855912443,0.9393819349294781,6.726765118447246,3.4037430654336895,3.1910113935438718,2.5296405360622503,4.4748013420123804,1.1684151788014532,2.106906945546548,6.680435423096173,7.632322558774378,2.5234039431344186,0.0,0.0,2.0959881259839703e-05,0.0,0.0
3073002506,2009-10,Northern,2.9626456482779875,4.659264603141102,4.043128166217557,4.423277517014396,1.195297782587209,7.9754683381743865,5.327959610845019,3.7141288505817287,2.941371854044801,4.92533910281416,1.3921482111249222,3.397468062661599,7.512862531398003,8.589461480545948,2.636920156789051,0.0,0.0,2.8556478452616324e-05,0.0,0.0
3073002507,2009-10,Northern,3.0725199387961473,4.8928548688920515,4.479170447703189,5.086677343305861,1.2661330872723926,7.895672348250648,5.290820939311237,3.7344157221527357,3.0798605082825916,5.228227105792887,1.3177883436818232,3.40385494097235,7.937404744105231,8.602309418953029,2.7250423093635954,0.0,0.0,2.707933743628062e-05,0.0,0.0
3073002508,2009-10,Northern,2.688028588502538,4.18774030688623,3.612309489256097,3.6391296223837153,0.9307472629316023,5.714749537643919,3.5074640363679084,3.1195667449121482,2.4052009157617382,4.26763204046776,1.128542963037683,2.562358829334031,6.418286025007806,7.362457317529452,2.583419999191351,0.0,0.0,2.2493705769427024e-05,0.0,0.0
3073002509,2009-10,Northern,2.203845415465799,3.3736880301233034,3.109644535416444,3.2162225217348066,0.8933488537161619,5.929654188665961,2.8941434660719003,2.6886751284956008,2.1995075342414183,3.599151033849059,1.0623193536172026,2.2739560627076836,5.481342760678158,5.895690374247282,2.017361199905728,0.0,0.0,2.015895896085834e-05,0.0,0.0
3073002510,2009-10,Northern,4.261398015313059,6.802493342312359,5.906969539874503,5.673855603389046,1.4904727610686868,8.662487188974922,6.329614049714576,5.062113076060849,3.9095033225512745,6.542959345556859,1.7814022694029383,4.307600928775428,9.721822627784961,12.095796467679376,4.0309903193552135,0.0,0.0,3.069925449275613e-05,0.0,0.0
3083000102,2009-10,Northern,5.030839300819283,7.8318184108395466,6.773623411623815,6.395650411875408,1.704135673589036,10.425189297588998,8.350512726414813,5.679355628304337,4.565077967112754,6.982036101760427,2.0178636151184595,6.035588370688676,9.355687999725033,11.299648676154849,4.3390034779950115,0.0,0.0,4.7045896970837985e-05,0.0,0.0
3083000106,2009-10,Northern,6.775011422873248,9.741334549551043,10.743542671174438,8.821267455625653,2.3400023369133875,16.684188866274063,8.763530261154617,8.486171416308208,6.820593282353928,10.634564002181003,3.540012543256504,5.4843460355930675,15.86242476609978,22.939344044470367,5.845365398658839,0.0,0.0,2.9890096307064262e-05,0.0,0.0
3083000107,2009-10,Northern,3.188764331266989,4.834853587035268,4.509657501646268,4.822565685296195,1.2062785579431734,7.559534998966619,4.562122576499326,3.671277206518966,2.9333145983098925,5.49412803626306,1.4144167795277254,2.632839332477308,7.960467654046093,9.771667595978471,3.0608581883614683,0.0,0.0,2.348118186221879e-05,0.0,0.0
3083000109,2009-10,Northern,4.300898650939374,8.56467627196769,6.2873460002083545,6.78343437172893,1.3173513587477608,9.173250447782154,4.675075495306342,5.922592403513531,5.125154034005791,8.148160132481053,2.2309735599707308,4.068384886974146,12.987722571298336,18.121944386267337,4.434044249707535,0.0,0.0,3.256011246950947e-05,0.0,0.0
308300010901,2009-10,Northern,2.1141902709226708,2.9349526269623936,2.813621829926173,3.0929787614405475,0.8133376240657233,5.690852825395863,3.2756808478226387,2.313651655886974,1.8241410403900211,3.6507321568304767,0.8998608042386601,1.6630132596785652,5.485879606455997,6.384279103423749,1.858543466823711,0.0,0.0,1.84167955327985e-05,0.0,0.0
308300010903,2009-10,Northern,1.6769817262383215,2.3243686667927883,2.2064356035222144,2.0683749006944927,0.6781732459916627,4.871192068393514,2.427516780941999,1.9433735423832692,1.4949484521913712,2.621611099435873,0.7093102212898498,1.6564614805806173,4.1643176891120826,4.245594199354356,1.4206375859074294,0.0,0.0,1.562205139900208e-05,0.0,0.0
308300010905,2009-10,Northern,2.9965863796272396,4.927931983168068,3.978439946889532,4.089628996228655,1.0093479089316113,6.7521312615234015,4.541524130114069,3.5758351688579864,2.7137369106996183,4.843483202832981,1.1760700363517806,3.165735153063979,7.517571105471483,9.142302331713404,2.716807497962335,0.0,0.0,3.21123179098653e-05,0.0,0.0
3083000110,2009-10,Northern,4.348694850086125,7.1209735664987965,6.339990225091259,6.141120688652392,1.4097667174418804,9.513987054151645,5.2845232380526,5.43468221807962,4.244464728127896,7.184316293556171,2.2143312637845036,3.7121081079985845,10.76667570533863,12.78506617246839,4.215750602195262,0.0,0.0,2.3849429019772105e-05,0.0,0.0
3083000111,2009-10,Northern,3.094765539285968,5.213465627127087,4.332194684042307,4.3362696828698235,0.9569690851044643,6.680238391531212,3.6000576933609563,3.7047612519263664,3.017454988360858,5.18549808340753,1.4278632571500558,2.951285466171946,7.883354209637956,10.446564995158708,2.9279743977666994,0.0,0.0,2.260757319781761e-05,0.0,0.0
3083000201,2009-10,Northern,3.963709342877822,6.224795975042363,5.480337729711225,5.422773248955207,1.5506385738870248,8.772597522147821,5.409521200126472,4.768953018376148,3.811342872024702,6.158752449652572,1.8659041972625579,4.243790358631798,9.293585989710113,11.018802519105035,3.7886136458115742,0.0,0.0,2.82556579658736e-05,0.0,0.0
3083000202,2009-10,Northern,3.0231533562476227,4.215599089479591,4.4380167866992855,4.262366489530773,1.2745840504992374,8.562602773933072,4.011369047495768,3.4813240992359487,2.8822929969189266,5.023822907236819,1.3527664723953143,2.3171825866943503,7.086757718057582,8.24117277516306,2.777692614458832,0.0,0.0,2.15065139847575e-05,0.0,0.0
3083000203,2009-10,Northern,3.234134019313997,5.395459971142293,4.5030556421895795,4.775201887238293,1.1174978130979842,6.964007773425099,4.218191039000425,3.9485489060101684,3.1943964523001265,5.644925284715892,1.3940555541864628,2.984523327213957,8.678154723595677,10.117913952981516,3.157775609816821,0.0,0.0,2.8390907621322525e-05,0.0,0.0
308300020302,2009-10,Northern,2.926846031014351,4.9227487434029635,3.8721616584928586,4.351392011265697,1.1702590184070525,6.386245422926289,5.0878600231082105,3.5312349980319895,2.7699856620072794,4.7369409607421495,1.1700446501805994,3.638868774953392,7.4006494364439765,7.766603151078621,2.711791252471496,0.0,0.0,3.36448862949229e-05,0.0,0.0
3083000204,2009-10,Northern,1.3877928994199298,1.8900754460486513,1.787692530356186,1.8133884120607182,0.5418470224373982,4.148649956913174,2.088610870701147,1.5527183919203216,1.2152847478460844,2.283683274096199,0.5260689303083155,1.3204633959620922,3.5135706398249944,3.626397639971713,1.1514249222131343,0.0,0.0,1.7304575236092503e-05,0.0,0.0
3083000207,2009-10,Northern,2.747861099446371,4.290139686933297,3.719217983011591,3.628669528909198,0.9328386341058478,6.291351903344181,3.039556722731953,3.165932493955821,2.5994569299717427,4.497084265139835,1.1438542692823876,2.5641816888136324,6.5053149295369845,7.735960597922067,2.589295276287288,0.0,0.0,2.6384053136723266e-05,0.0,0.0
3083000208,2009-10,Northern,3.0166770579701963,4.252933201359437,4.251529460836554,4.037439057016992,1.3721374526649062,9.279950368065514,4.498067414773012,3.656763414750249,2.9702934276995645,4.966450632176125,1.4743874496497271,2.744773876429454,7.520767683888307,8.727017673683957,2.7120591505745604,0.0,0.0,2.4031070207582573e-05,0.0,0.0
3083000210,2009-10,Northern,2.6835311739737504,4.996383283326144,3.649060962145999,3.973722468998259,0.712288755293001,4.866040483247892,3.3768437063590557,3.205156169254951,2.4221572207541557,4.568861816557865,1.1362262824089389,2.450123020558244,6.808515401203632,9.325365937560038,2.8031851167170334,0.0,0.0,2.275495399815802e-05,0.0,0.0
3083000212,2009-10,Northern,2.4514192582777046,3.766039900632449,3.307127021636657,3.1535347520366903,0.8256418484028029,5.455962830304463,3.1601199527695223,2.8251966528645465,2.1621735697801068,3.837922197070448,0.9745319957358842,2.2751581379347665,5.577318243207723,6.308292585019834,2.3231057770217256,0.0,0.0,2.21893796695325e-05,0.0,0.0
3083000401,2009-10,Northern,3.2391325916817406,4.77810408873729,4.62823380323977,4.6202187789856675,1.2606579995207503,8.910014109024699,4.442937767112212,3.932874436445951,3.25117540568835,5.424746816995615,1.5132272487668381,3.101592549986388,8.440650769204664,10.079495666878909,2.8000932770616007,0.0,0.0,2.5823496127760815e-05,0.0,0.0
3083000405,2009-10,Northern,2.4899337096176586,3.805641240232249,3.378443758177879,3.5970997528363,0.9497836940558132,6.406631642823975,3.7148273128873774,2.9946345573199116,2.4046934888218323,4.323730345200618,1.0613472599428821,2.3755797886629213,6.689745905735199,7.195929543130979,2.2510736783185266,0.0,0.0,2.5529695992017476e-05,0.0,0.0
3083000406,2009-10,Northern,1.8906869029086144,3.1305244484919563,2.5789572182758422,2.6511353907939257,0.6283313697308728,4.669216754525159,2.4800862127696517,2.2944644208556646,1.786384863779929,3.3024801065272356,0.7507985813132146,1.5956840567109145,4.844688831438263,5.476691476078492,1.8706631717401714,0.0,0.0,2.1577944095087535e-05,0.0,0.0
3083000407,2009-10,Northern,3.7741344825941496,7.159674980441022,5.27431293416766,6.047033694815033,1.2574598149249807,7.809566636071156,5.204742905138177,4.823175950068786,3.9195028927230253,6.571496988388941,1.7673766392716237,4.256394873954912,10.475292843818252,12.753303199571167,3.6655664186590715,0.0,0.0,2.9299395704909495e-05,0.0,0.0
3083000410,2009-10,Northern,1.9109315105266296,2.890111925371987,2.504345307101411,2.4471732449815153,0.6333166514227065,4.62731685894382,2.4551977843023165,2.1454376548152583,1.674616846243432,2.973577657290945,0.7118088072688706,1.8838124181188458,4.195161914043194,4.480549119257624,1.7037073893666925,0.0,0.0,2.131007300157979e-05,0.0,0.0
3083000411,2009-10,Northern,1.420917231446771,2.1557227967020856,1.8501672301746694,1.953668816215194,0.5243034235117352,3.834982607695095,2.5920944110264816,1.6740720339924604,1.2603343069312831,2.3696526990453095,0.5379356841091324,1.4778536367444732,3.7356240217751884,3.921028606135801,1.2369614141889345,0.0,0.0,1.7973076854128403e-05,0.0,0.0
3093000103,2009-10,Northern,3.0510213490641824,5.054509264437683,4.46422602260521,4.445694625883155,1.0098727383666761,7.342857634931233,3.8664046439523414,3.772612852289768,3.156541232634134,5.1060962128855705,1.3839517710357294,3.1129322589392587,7.783294931880686,10.207748627709861,2.758322825740914,0.0,0.0,2.4087468350027944e-05,0.0,0.0
3093000104,2009-10,Northern,2.860106939127188,4.851965693749253,4.069935346211341,4.2652766504263235,1.0893161429776606,7.128381607379828,3.550033278289627,3.6091981125445436,3.030102410097357,4.945871936782371,1.422819966244357,2.753013300702491,7.426215200148351,8.50895492359873,2.8438130147140352,0.0,0.0,2.3989978592285595e-05,0.0,0.0
3093000105,2009-10,Northern,3.220215662015355,5.198436544323846,4.276309164158737,4.46369924498649,1.1487784055534804,6.840932215672495,5.082527999325146,3.835912103983744,2.955392385344084,5.0595887232471135,1.381309215468085,3.5552625344933837,7.637999454839654,8.987068964868026,3.017168594490004,0.0,0.0,2.8190729693658012e-05,0.0,0.0
3093000106,2009-10,Northern,2.8860495630450447,4.802359669082825,3.7852170101841924,4.045943603485246,0.956620035536898,5.978162378073831,4.177433419995985,3.412983149414087,2.6353593153040604,4.610738071485574,1.2326248381891272,3.144683923437121,6.994666342906317,8.243138126236234,2.6977319491516067,0.0,0.0,2.5145174405687894e-05,0.0,0.0
3093000107,2009-10,Northern,2.0587546501946883,3.0882066227585176,2.7686829875477432,2.864678254011319,0.7414622600007768,5.316542487432903,2.589059718427349,2.340614893334819,1.8724487909351903,3.3411232562206616,0.848540537888678,1.9869231144854944,4.730993545143641,5.084116157802734,1.873389745238275,0.0,0.0,2.153416515444822e-05,0.0,0.0
3093000108,2009-10,Northern,5.777682240150882,8.401015967947721,8.126872400407665,8.266359624196387,2.741745081736339,16.720737604750223,8.726751338946297,7.151060202254844,6.044074834838389,9.709663926533665,2.837535227551374,6.3336070550169685,14.373766275136989,16.701358989758663,5.001146599283781,0.0,0.0,5.207821233534608e-05,0.0,0.0
3093000109,2009-10,Northern,2.338388457104782,3.2762682828443745,3.1940499693342,3.100862775649581,0.9057744282339072,6.460613907985241,3.3082176295494876,2.7239184170699806,2.1188613887582686,3.7957734107513765,1.030281044370492,2.0446547818061585,5.635557708967506,6.314209262458003,2.0842527293845383,0.0,0.0,2.022446930132358e-05,0.0,0.0
309300010903,2009-10,Northern,2.1882373172090848,3.531471457219478,3.111227530631911,3.40669118666876,0.7948869421769944,5.009884910110659,2.7542594961269797,2.4637959979042265,2.0538101314096524,3.728110343448922,0.8749777296350383,1.9456647603243729,5.180430838164347,5.812816417701799,2.1283189610313595,0.0,0.0,1.9294083620395176e-05,0.0,0.0
3093000110,2009-10,Northern,3.2415446424713887,4.320107487624374,4.776933055898625,4.15941420120022,1.2740523310850775,8.97754994492044,3.5586184134058785,3.745378577277162,3.036093470369012,5.094648985316981,1.4734059281388625,2.4474022502229027,7.263668069903139,8.550592086749472,2.9310103209782854,0.0,0.0,2.052488971319902e-05,0.0,0.0
3093000113,2009-10,Northern,7.99630794267453,17.42529210365921,11.995912083855892,13.589955424361257,2.7792808999676453,14.47484008332617,10.7080700320162,11.31774110685872,9.364123828806857,14.380061143630249,4.635619588525601,8.969287060159813,23.66602948250834,41.43282053731322,8.951890111493977,0.0,0.0,4.6118987201346916e-05,0.0,0.0
3093000201,2009-10,Northern,2.4244625089951914,4.3312523871369315,3.39013119057826,3.640501942074903,0.7185388255173651,5.065875398507223,2.8287509283076395,2.960992832574643,2.361202241716292,4.121216492486,1.0256140122172386,2.3115422476784118,5.997635262912983,6.994143939145703,2.413813913559372,0.0,0.0,2.2870878347673077e-05,0.0,0.0
3093000202,2009-10,Northern,3.8990779119212053,5.989471606945927,5.496957254465045,6.368432690638951,1.6732888815317069,10.17579058771258,7.954263926836204,4.459195984957867,3.6524169813534315,6.490784412871643,1.5555177147714945,4.393845602953011,8.134481828839508,9.817658921861485,3.3691517232271804,0.0,0.0,4.3918209842381056e-05,0.0,0.0
3093000203,2009-10,Northern,3.2079502134235534,4.572620458121559,4.401705636117894,4.1194536017288925,1.338783006269372,8.604248814607189,4.60518122704697,3.7276157392988236,2.9356925323011773,4.8957825838218625,1.2755150465827985,3.3249592775589147,7.562303155518472,8.066388736795622,2.748298374396636,0.0,0.0,2.860960362912917e-05,0.0,0.0
3093000204,2009-10,Northern,4.112211104950845,5.371806574468365,5.779689274505662,5.615899276803227,1.5334819163775908,10.351372327367063,5.990365018864785,4.230144537886711,3.520809871087894,6.267451939100673,1.498522606775172,3.686366134800274,7.6112979434053925,8.855727288414696,3.3486998629259817,0.0,0.0,3.6082721577131886e-05,0.0,0.0
3093000205,2009-10,Northern,1.8613474144270665,2.740608964168316,2.5817113182078075,2.854256909929472,0.6604452858447751,4.6673325943954165,2.699640310998461,2.044671864327375,1.6259775245785455,3.145902098820071,0.7014156331471965,1.5956299640150735,4.318285023723359,4.751277059319826,1.6867797108206988,0.0,0.0,1.972225767896234e-05,0.0,0.0
3093000207,2009-10,Northern,2.4633762959760896,3.9516758532049105,3.3997665354042272,3.631632507213126,0.8425173790622387,5.773226064498362,3.092071104154771,2.9298235459528867,2.313853297443612,4.050722182567053,1.0779510990008216,2.4747986487582456,6.0676177821121815,6.531008896247177,2.2620051751134813,0.0,0.0,2.1021954968792196e-05,0.0,0.0
309300020703,2009-10,Northern,4.667950692429691,9.825008079231187,6.411709939371927,7.224426277071778,1.4379480848628343,8.40556693770407,5.655316541272356,6.07569782760524,4.967379434720874,7.9931153256440135,2.270788186406816,5.555950769499884,13.024070170711123,19.041326266763896,4.764486255620698,0.0,0.0,3.554012226491863e-05,0.0,0.0
309300020706,2009-10,Northern,3.8185173518908573,6.732718102010867,5.19773189089118,5.554191546496121,1.3342990422297187,7.341100993607467,5.5607455350262525,4.726359274556413,3.635142973978944,6.230944369588139,1.697487096506437,4.251394744014155,10.246546948860177,12.817451678730201,3.7620550955515384,0.0,0.0,2.9957094081024897e-05,0.0,0.0
3093000208,2009-10,Northern,2.5563394650511966,3.701855240505998,3.5911081997286796,3.953766998778869,1.0625497008060865,6.5027046812724105,4.0376826197659055,2.855736292618473,2.296805777445719,4.343817414266589,1.029409486307236,2.2424488223798464,6.299685906137613,6.970986871060121,2.3329146830428042,0.0,0.0,2.2115728046549016e-05,0.0,0.0
3093000210,2009-10,Northern,2.434751546278884,3.1973142673278625,3.3252029688412876,3.4672130496845686,1.0634402297850725,7.3089452808210424,3.4157759784904704,2.58645985347445,2.1627237423159458,4.102271288129559,0.9368041930832922,1.988786176746192,5.438095193054736,5.9054811111940015,2.102198936182352,0.0,0.0,2.5250826184802907e-05,0.0,0.0
3101000101,2009-10,Northern,2.0407547243375714,3.30804502640042,2.832289684712575,3.3178683576594326,0.7319614776431771,4.973419879539647,2.8239614005796208,2.290519036699722,1.9007869324828688,3.554252688009347,0.8038288636075953,1.9526889623180994,4.949534189741061,5.3163170972190095,1.8810310954493499,0.0,0.0,2.069827391387451e-05,0.0,0.0
3101000102,2009-10,Northern,4.022463856978008,5.043233393245203,5.746678550728051,5.249708279024638,1.5852437862234905,11.420724602142155,5.084547138433178,4.2742684839136125,3.50096013064452,6.417866934789375,1.5287956626358983,2.9237012494593406,8.589917777427255,10.316229920569489,3.327751267321315,0.0,0.0,2.9763291053550337e-05,0.0,0.0
3101000103,2009-10,Northern,1.8874059646837968,3.0415178360562427,2.47029247306988,2.47974672215579,0.5744849005609037,3.9090697625949025,2.230110471894452,2.1300032743189163,1.621988073848111,2.954927254900687,0.7248058655631842,1.8197305993815027,4.202183929304318,4.864071895250035,1.8280402528763324,0.0,0.0,2.1441269912554848e-05,0.0,0.0
3101000105,2009-10,Northern,2.5411954237031726,3.4245407939768557,3.5281492869317743,3.536030602869731,0.9260078100046949,6.604922413286845,2.7710157983653545,2.6041206512581967,2.200437513308874,4.211653915994342,0.9146076850082795,1.8246125328962357,5.439178197323682,6.076494102132948,2.2593520822896775,0.0,0.0,2.2756740523343184e-05,0.0,0.0
3101000107,2009-10,Northern,2.6368028122571667,4.00707908970628,3.523782568284353,3.540654534943364,1.0781503040246116,6.519070906921515,3.81576689523593,3.0456845436590503,2.4456835830603976,3.9462355749933353,1.048325013045534,3.16705911109014,5.665011721121007,5.591407062790678,2.3648759077147705,0.0,0.0,2.777232797456018e-05,0.0,0.0
3101000108,2009-10,Northern,3.1028459109279916,5.159226626026663,4.281722654922313,4.361952674414201,0.8756816952960562,6.4934928403571055,3.3805546349652533,3.5906378449694047,2.8859321898228187,5.350163913133871,1.3014176415040926,2.457061129945094,7.915801119119798,10.391816286569991,2.973529675794619,0.0,0.0,2.2804178689494466e-05,0.0,0.0
310100010801,2009-10,Eastern,6.2765762060252825,9.332293598572194,7.763665297568662,8.736885841324685,3.048680518360095,16.861148515422872,12.267180474441984,7.790838180047459,6.017725388786332,8.850532451803241,2.7495052503841397,9.641133861704338,14.646747397519094,12.717410427955944,4.836163004330131,0.0,0.0,7.180838970357475e-05,0.0,0.0
310100010807,2009-10,Northern,2.8698991985642803,4.081326677889249,4.082005025801763,3.4356633507230154,1.0157717879647596,7.611904287542492,4.047706200655059,3.456701031552691,2.6193243849641044,4.447405347504894,1.1665690289366097,2.4465035786152933,6.591353949797808,7.432319350031948,2.5346488381540286,0.0,0.0,2.1739608129138487e-05,0.0,0.0
3101000109,2009-10,Northern,2.6063522877250613,3.4822430651500595,3.6416067292187475,3.823583231302269,1.187858204695029,7.803137411585934,4.0014970273109,2.8888353287820805,2.366964167166103,4.297429353844551,1.1035402654219735,2.349916385652372,6.350181196791325,7.143159709431806,2.213374973308139,0.0,0.0,2.1977698974186507e-05,0.0,0.0
3101000110,2009-10,Northern,4.645624586865105,8.10470330586307,6.265593756623122,6.556341220071766,1.3547012117036124,9.263907838079176,4.713640328897697,5.441476171771457,4.678871720757596,7.976873601491438,2.0267939858008797,4.591717347358426,11.77914090458425,15.098669254920841,4.23574991552063,0.0,0.0,3.850838203221086e-05,0.0,0.0
3101000401,2009-10,Northern,2.671214793121662,4.5715875214389845,3.7425292859509507,3.955042926276887,0.8446875096887669,5.719141841764267,2.9870578982541622,3.163869187794391,2.5689982980169797,4.451859439751606,1.167813301267376,2.5080658722839795,6.305624188343631,7.150582041127656,2.6425740861091267,0.0,0.0,2.242708574186334e-05,0.0,0.0
3101000404,2009-10,Northern,1.76117148432053,2.7635674519981963,2.364641877033896,2.550712522435575,0.6229360494801356,4.188089792565164,2.502934864774465,2.036485212519766,1.589304762860812,2.9609008245660906,0.7259807861258866,1.6449254892433987,4.228183018755159,4.643927652067541,1.704511523129987,0.0,0.0,2.0463406228461148e-05,0.0,0.0
3101000406,2009-10,Northern,1.4136576811214863,2.12791995427058,1.945064633663628,2.1525243722895526,0.5561746996731057,3.749545292974955,2.0717421431352805,1.592356760702778,1.2779830982797102,2.354505058105035,0.5612885404401029,1.445062575031014,3.539568627993457,3.5596151060401984,1.2611114329919422,0.0,0.0,1.566132519112096e-05,0.0,0.0
3101000408,2009-10,Northern,2.922308823683434,4.423879093884597,3.990666886093191,3.77552949550843,1.0817711806020405,6.777912746163484,3.9193849300424937,3.3827407261746396,2.6550033894602727,4.489644742314842,1.1799370895095036,2.8883189652602477,6.4285195681924465,7.147261070297219,2.734015729369177,0.0,0.0,2.5708908317449486e-05,0.0,0.0
3101000409,2009-10,Northern,2.691025911326756,3.9407467494273942,3.5588548808963316,3.786680622708555,1.0576388299403368,7.377840423200216,4.092776911308053,3.1292656396422442,2.5259936276790755,4.546251745365023,1.109929668656259,2.7541520187183646,6.92561763776483,7.193592605389497,2.280965464579121,0.0,0.0,2.822848599491273e-05,0.0,0.0
3101000410,2009-10,Northern,1.3808262631572952,2.003654644399293,1.8929732748162316,1.8665643265073057,0.45812663450473157,3.6857668265239325,1.5356563863551491,1.5597194499661993,1.2721688966493732,2.319861379386354,0.5502780542294887,1.0606445011086059,3.1945228196875313,3.249139274119569,1.2864187325782968,0.0,0.0,1.6274797355873724e-05,0.0,0.0
3101000411,2009-10,Northern,5.298002662218484,9.087596147853072,7.458264027346824,7.554248673219939,1.7210618520058754,10.647457195917255,8.175781717661401,6.482977415414415,5.09135313288202,8.19804799524011,2.4294800936410477,6.027878132321801,11.584062715091486,15.843010441827,5.028794190064521,0.0,0.0,4.3060301440512665e-05,0.0,0.0
3101000412,2009-10,Northern,3.5656982353017193,4.968644553327051,4.98908495657552,4.530466362821477,1.4085102796278686,10.088387504298915,4.367993325584511,4.149765838113917,3.4380000155641524,5.853580853384743,1.6383108919951912,2.826501712434263,8.483644312149057,9.88110901707057,3.2112267663086644,0.0,0.0,2.4975972627661246e-05,0.0,0.0
3101000413,2009-10,Northern,2.44429094836689,3.6943847812417077,3.336937204206842,3.61661610497669,0.7351273374611379,5.58982199456951,2.9143072825556007,2.6451709137851362,2.1327007419637014,4.308062995123975,0.9648365159161334,1.661308419471669,6.139864736131123,7.287647263342396,2.24806948337308,0.0,0.0,1.867976633609101e-05,0.0,0.0
3103000601,2009-10,Northern,2.8986807808943973,6.243953232476988,3.91615443213369,4.883611521729452,0.9159805593825461,5.291122337313133,4.210885187461191,3.7494069481616994,2.912118219219266,5.29515012921351,1.2893142065828391,3.185578643413494,8.10350043066506,12.186119990494575,3.2768554862411827,0.0,0.0,3.421569769549816e-05,0.0,0.0
3103000602,2009-10,Northern,2.95252071438162,4.568883746735868,4.220938581907545,4.664910212419464,1.1259521154504437,7.2988195971385945,4.1488002864884574,3.3722880252766836,2.7849049511117583,4.9877564612696235,1.190477463189699,2.8346656822905705,7.088535353771228,7.8914336243619845,2.6596976738829063,0.0,0.0,2.5260853163877127e-05,0.0,0.0
3103000603,2009-10,Northern,3.7602074014280213,6.4892875427258625,5.144139260785768,5.301241733573539,1.2161540846525534,7.20476283975601,4.627684796992242,4.461251119964375,3.6654344499173472,6.29751268592967,1.6054504910015486,3.63708612649446,9.430386432229193,12.730591449688388,3.7092363174763463,0.0,0.0,3.114180217179733e-05,0.0,0.0
3103000604,2009-10,Northern,6.199556581084656,10.677155736450079,8.875961412313623,9.013696828886493,2.1360192349652576,12.2587358585279,9.769112818019499,7.644660780825697,6.121003801740979,9.593981731254548,2.910633472002955,7.08923301768905,13.497348727234876,18.63961807654542,5.9930190431682435,0.0,0.0,4.6267474762914044e-05,0.0,0.0
3103000606,2009-10,Northern,3.643405412737143,6.063979010993258,5.292515361219144,5.797531434390602,1.303924467150599,8.224855855474603,4.68999084636521,4.299922128224764,3.574957770673938,6.314770602856336,1.627765196924093,3.293047709095633,8.842059911025814,11.062544005921945,3.5429394760647854,0.0,0.0,2.7029424343196657e-05,0.0,0.0
3103000608,2009-10,Northern,1.0062962627537932,1.442078761764096,1.2705920120246428,1.3243485923963603,0.36333852554567286,2.793789063256349,1.8156470079291587,1.1373831808420143,0.8356087291951007,1.677165669227714,0.34332774652047054,0.9468019787123705,2.608031451626904,2.6175129681628664,0.8560406165821084,0.0,0.0,1.635968656754295e-05,0.0,0.0
3103000609,2009-10,Northern,5.467243002613245,7.061703457266576,8.082506510996131,7.715746623608424,2.4884071819333196,15.074704284281799,7.233833722405674,5.970788932192387,5.123012135990516,8.611878046800532,2.36449184260268,4.814645920843473,11.889638020244035,14.399564175623434,4.498358089555749,0.0,0.0,3.564497141463178e-05,0.0,0.0
3103000701,2009-10,Northern,2.937572673222405,4.541739087790075,4.09728475844792,3.922202759835555,0.9147230980618779,6.802150793279901,3.4084662116853046,3.411449072781292,2.6566113429447906,4.7261388964435325,1.2424218193474637,2.5501527848879837,6.812703698813945,7.944736061236721,2.7096391228519656,0.0,0.0,2.2092326581053854e-05,0.0,0.0
3103000702,2009-10,Northern,5.047383724094614,6.478669199405665,7.2890221287334995,6.942342877263236,1.913635929860516,13.554847746183876,6.305416599809528,5.322830220453342,4.666886198494936,8.256166795234755,2.0290699634448695,4.049300392308359,10.480022296717086,13.316067396511894,4.045498902974447,0.0,0.0,3.750619171744672e-05,0.0,0.0
3103000703,2009-10,Northern,2.0397561357095904,3.381492129130626,2.6864027880348162,2.800550972160303,0.5990445590130351,4.604836438802486,2.903791196169516,2.3774885156548997,1.8247404850518654,3.2706151864293282,0.7803438641279377,2.213312675987357,4.808223586588096,5.6627089101150565,1.7714008162889625,0.0,0.0,2.104099552855968e-05,0.0,0.0
3103000704,2009-10,Northern,2.90009247714635,4.458020078886191,3.881276115880285,4.0158387071065125,1.192407101632917,7.098923801721773,4.112118982012921,3.3944237114300306,2.729645196969319,4.472156128185585,1.166613853946119,3.4759875201076147,7.059055199863921,7.016628102336852,2.514606365189002,0.0,0.0,2.6602382666416008e-05,0.0,0.0
3103000705,2009-10,Northern,3.0195800339215673,4.533671858499008,4.055281937435187,4.114294441180784,1.2651735130136443,8.192527305558926,5.5796038263862675,3.5955534798899618,2.7879129568489325,4.718396075807314,1.1831047272117734,3.5638235927090087,7.378162170869482,7.598120102463534,2.5479757593157886,0.0,0.0,3.247383240907123e-05,0.0,0.0
3103000706,2009-10,Northern,3.0249119226054297,5.26183414010487,4.186028145560883,4.361273707802259,0.9033795190936892,6.024843134804984,3.56108870581564,3.6017191266063366,2.803821665429726,5.019863328748101,1.3488063099080878,2.8321670382653448,7.322442977988505,9.226697068092442,3.0738761502486156,0.0,0.0,2.3937634000346974e-05,0.0,0.0
3103000707,2009-10,Northern,1.7950478512230867,2.595995427397603,2.31290011876189,2.4098450163687284,0.7549156345828425,5.316742684640664,3.503617290939559,2.1040230359198455,1.5984383794146158,2.9009227085023572,0.6776618090164187,1.991271770825909,4.5612139067085495,4.481857716491541,1.505384096721214,0.0,0.0,2.323262616044003e-05,0.0,0.0
3103000708,2009-10,Northern,1.7100777611090054,2.4925957568211174,2.3071894240522153,2.130742425352831,0.5226358450326439,4.467663361434008,2.3313912303147353,1.996125413808389,1.5171172657282768,2.880831599589409,0.6598202349385476,1.2623634208981787,4.329366560532368,4.980695963321426,1.5111569101214388,0.0,0.0,1.5340380657794245e-05,0.0,0.0
3103000709,2009-10,Northern,3.5794793897673487,5.7467851830538,4.906955601759548,5.288402482130138,1.3671197715215242,8.467667740382623,6.34134334610366,4.371775488864942,3.43347123836124,5.815670502160327,1.602667643639262,4.030901341967805,8.50022799733361,10.017722337876608,3.315474417712222,0.0,0.0,3.3181994698751704e-05,0.0,0.0
3103000710,2009-10,Northern,7.905521628231709,10.41506758549034,11.7286355280016,11.020678527772958,4.177008125554185,20.185602200477998,9.908892047501727,8.668767829208646,7.265563829438709,11.72684159955642,3.3895042714987924,7.530609804255025,14.767973580201788,18.29483695566723,6.841582209449388,0.0,0.0,5.657060378021154e-05,0.0,0.0
310300071002,2009-10,Northern,2.211037924246699,3.44726449507075,2.9111016283378466,2.9238335357840346,0.7397765089520575,5.119252536814355,3.4186281896022943,2.6042642487959764,1.9265192907156354,3.58262239517301,0.8408055278513398,2.207511058932619,5.737742446300536,6.410731869566671,1.97609420035102,0.0,0.0,2.2912030381238368e-05,0.0,0.0
3103000801,2009-10,Northern,1.2982403919584091,2.030245103597637,1.7214825643609613,1.9098520360593965,0.4733341438894716,3.569022097647098,2.0638772144568396,1.5304455847873668,1.1800656646073815,2.2480992926170944,0.5221519929194658,1.3275674945528388,3.427305347382563,3.632318630620407,1.1723089133929299,0.0,0.0,1.769619554802235e-05,0.0,0.0
3103000802,2009-10,Northern,4.123004707399633,6.450137178121966,5.765221013516096,5.9749552160407475,1.7388709529628092,11.037208696120594,6.757561068415898,5.208070093350566,4.083215423051344,6.843951899781047,1.8036266394758222,4.560175934687813,10.88759533111504,11.724349655685375,3.650943479973127,0.0,0.0,3.9082104277151424e-05,0.0,0.0
3103000803,2009-10,Northern,3.104470292479541,5.162610185431153,4.267741815630066,4.389270512517065,0.9551240309438374,6.534687468184677,4.402638796385561,3.6919185193399295,2.8238860965540704,5.110906963152586,1.2782515642240564,2.901992752040463,7.47752443732151,9.291969484188614,2.9509355642123047,0.0,0.0,2.5675579604721488e-05,0.0,0.0
3103000804,2009-10,Northern,1.0869189536375405,1.5436519475591488,1.4222198474872332,1.4061837249007405,0.33764774910746503,3.0400773685519353,1.4879736432758817,1.1885668306321953,0.8970206038145571,1.76116784468115,0.36399152460470335,0.9217649977741537,2.3915725276743056,2.552027677149446,0.9447235095912299,0.0,0.0,1.80932147866439e-05,0.0,0.0
3103000805,2009-10,Northern,1.2842949365914242,2.014627329938199,1.6459537711309453,1.783594175895311,0.45001344367221213,3.0747912527356625,1.780229756826638,1.465679605782761,1.1257354219214748,2.156982911210337,0.5035852741539134,1.2420924759172454,3.3203550411009646,3.45754899701884,1.1890638613968088,0.0,0.0,1.6372067742141237e-05,0.0,0.0
3103000807,2009-10,Northern,1.3889362895163821,2.021679103492476,1.914067765750519,2.03898439231248,0.48297792982107257,3.3834882934387696,1.7184219152868683,1.4853770731483136,1.1794132562871649,2.296202943927227,0.4933675657821388,1.2389037143427206,3.3388525373156073,3.4474148145257564,1.2321991445214118,0.0,0.0,1.3709643787129353e-05,0.0,0.0
3103000808,2009-10,Northern,1.409503065676007,2.0554292589691814,1.7858081714677176,1.8908113283585737,0.5335813560015518,4.194477972955112,2.638728425072681,1.6271795361278476,1.2213262947060497,2.3432936740538253,0.5022280455103679,1.4456094923856038,3.567907266726562,3.6210130952779847,1.1863492319737365,0.0,0.0,2.302386890633405e-05,0.0,0.0
3103000809,2009-10,Northern,2.294488049276279,3.0149468450437222,3.196438858628769,3.147498758032045,0.9389558722524586,6.413973082481064,2.7800391661666506,2.412786768741643,2.032402246004911,3.7439953647229123,0.8846889426031155,1.7861693021223266,5.157902851160072,5.760542395957157,2.021062216716303,0.0,0.0,1.9086937626763862e-05,0.0,0.0
3103000811,2009-10,Northern,3.3312835933152103,4.94245994504896,4.67537169205216,4.777972935323072,1.1128777531547938,7.241522895564426,3.9546107152228513,3.599895064059611,2.9552934119636403,5.523711569120616,1.3021033799337722,2.6409191304599133,7.737435730660863,9.650055038291423,3.04772087007484,0.0,0.0,2.2815353421807917e-05,0.0,0.0
3103000901,2009-10,Northern,1.1641773821670103,1.4803859165318343,1.5204982588522502,1.5123219530452052,0.3640908899770009,3.319073148059945,1.7335727562524101,1.1672192999877395,0.9036978945290586,1.9223015285590375,0.3349573126328179,0.8464478250483194,2.5721249002330175,2.928132930333427,0.9104091030907364,0.0,0.0,1.6994705826438095e-05,0.0,0.0
3103000902,2009-10,Northern,3.0391129613760386,4.476382803350936,4.180211816145837,4.007601140707021,1.3376822200552099,8.299278444258649,4.538146395420989,3.6051966857905455,2.880380741236776,4.733104455730792,1.2650913051904475,3.2986917944159275,7.237975123369885,7.558819053021422,2.7005817313956864,0.0,0.0,2.828455809783938e-05,0.0,0.0
310300090205,2009-10,Central,4.679407200575033,7.4253305195980595,5.9027087576392345,5.6296957995697205,1.3631669692711115,7.6772182834080285,6.012501253132283,5.218580006888302,4.571339735418241,5.8134846509491025,2.0767033000653408,5.3114995399705975,8.151157050537345,8.063709046379103,4.436971920764376,0.0,0.0,4.803555965449586e-05,0.0,0.0
3103000903,2009-10,Northern,1.6957909363999628,2.3984822755325665,2.341627286689604,2.1424093707725267,0.5775135976972968,4.606743272894594,2.181419267814279,1.9718825867599519,1.508923889063293,2.7837381001003183,0.6908497327203227,1.2451066429677395,3.9751309825612053,4.16127704295428,1.5635385758691855,0.0,0.0,1.6042119408251566e-05,0.0,0.0
3103000904,2009-10,Northern,1.4559863517913385,2.0587311839112794,1.9432881688091386,1.8971990176316929,0.5005974271533261,4.022132128860485,1.8051095097349903,1.615964416202707,1.2633249431658566,2.3762382207359964,0.568594115263569,1.1936101264465042,3.335772171670884,3.483536919170291,1.3063973632294017,0.0,0.0,1.6203296242751203e-05,0.0,0.0
3103000905,2009-10,Northern,2.289623097841445,3.442257011956,3.061250676042626,3.074966932717096,0.7461602176745016,6.0197063813935605,3.8796617909346796,2.631181740866961,1.9913893491635597,3.60561152482642,0.8432275177850767,2.347204058470765,5.002579429257105,5.630087471799833,1.955340487764573,0.0,0.0,2.9098357801678793e-05,0.0,0.0
3103000906,2009-10,Northern,1.5939422763401396,2.2974626752296676,2.0777205706963375,2.0043312150714385,0.5654823294283836,4.252375285419026,2.7024983314808844,1.8245631071022326,1.342409584769708,2.5795801533801814,0.5440526708795235,1.4499735763519002,3.977118320132983,4.100676336169962,1.373674622733615,0.0,0.0,1.940449837935864e-05,0.0,0.0
3103000907,2009-10,Northern,2.341490589479203,3.154115419506948,3.046779848197604,3.247112888420769,1.0990537936581,7.76520991972976,4.32413906082338,2.7456198418862274,2.199017024738698,4.048933280383092,1.039195420186374,2.2369356704727834,6.262385392120301,6.699907343476413,1.9619648090277508,0.0,0.0,2.6250981285245597e-05,0.0,0.0
3103000908,2009-10,Northern,2.50284749177817,4.137794770357271,3.321657465734061,3.523978025387952,0.9261515517402749,5.611470452277596,3.222965745267161,2.956157538037161,2.357166970443042,4.052139660361805,1.0441909632953654,2.7731798798103924,6.218846504903188,6.6502012682953655,2.358711164167416,0.0,0.0,2.472268832739607e-05,0.0,0.0
3103000909,2009-10,Northern,2.0177431658577922,3.1907185860128484,2.7302069919134357,2.6459587404677354,0.6283409249992876,4.740047586374882,2.4182402908063203,2.352857473610569,1.8781876312817183,3.4160617638115394,0.7902594044487408,1.629611293941615,4.987840312533881,5.681126077826779,1.9006541258851137,0.0,0.0,1.8750054443604713e-05,0.0,0.0
3103000910,2009-10,Northern,2.325667979920282,3.580657590679552,3.1653589519402425,3.3096800337015693,0.8157235223732974,5.390048615451229,3.2219989973279035,2.692920871790223,2.0917543785839268,3.825604305579465,0.9570443550373733,2.1495665159015838,5.559038970184086,6.308809410326045,2.206696518522418,0.0,0.0,2.293208155839277e-05,0.0,0.0
3103001001,2009-10,Northern,3.462485222059582,5.79995978059995,4.611250612231271,5.057338761277165,1.3512131383513444,7.560646392933914,5.875359896170657,4.219274215821114,3.2820853599684447,5.517416688928906,1.4398297369473472,4.368183267893554,8.782328622417861,9.605901430353551,3.1418590999581104,0.0,0.0,3.590765251869963e-05,0.0,0.0
3103001003,2009-10,Northern,2.4493168354528807,3.537196200526284,3.3241690962954293,3.2877654672020293,0.8651210408601587,6.2521374268660965,3.14933481611162,2.8690417025003776,2.275384188688792,4.2331185218501455,1.0809253769994178,1.8416764632226952,6.513910829673728,7.6253467310990715,2.2539464770706155,0.0,0.0,2.1141598531082416e-05,0.0,0.0
310300100301,2009-10,Northern,3.1748368280979253,5.4616193589760345,4.260160669080573,4.583260255541156,0.957945084079167,6.733941345822788,4.62051053547266,3.719308984106017,2.96671126358569,5.054664534462485,1.297797651052547,3.6165377433382817,6.938992528341636,8.465411964613606,2.8797998304261223,0.0,0.0,3.425100694106499e-05,0.0,0.0
310300100303,2009-10,Northern,5.9872217036966555,10.465043644115694,8.439624584045877,8.653835082665626,2.4317202017932735,13.034713750642377,5.700065437927121,7.63242058524019,6.330048681277004,9.900366019257248,2.9231989303193986,6.45500731487637,14.627249951901439,17.719125985283743,6.226077159323022,0.0,0.0,5.3306425601612425e-05,0.0,0.0
310300100308,2009-10,Northern,4.8110770134121115,8.471613082405192,6.633780835192595,7.841606200229485,2.2030436240069013,11.628113359582068,7.925103757432812,6.38336799842132,5.127385290171833,8.318011379883284,2.2400720440254718,6.504264958995902,13.267483318299526,13.56939984638847,4.548729159796695,0.0,0.0,5.248650254361302e-05,0.0,0.0
3103001004,2009-10,Northern,2.5440732978697964,3.407773395449623,3.622112399402146,3.6294761967322993,0.9465206251440812,6.291210228507205,3.0778395431002945,2.659048707735598,2.1677033795655754,4.237981657791623,0.9128440832692399,1.7406020377174092,5.794429869627829,6.413841675743616,2.300641360317184,0.0,0.0,2.0540897692019996e-05,0.0,0.0
310300100403,2009-10,Northern,0.6714143543302122,1.113910212964615,0.8571575590615755,1.0072776597335904,0.19588415442412055,1.5716407384328541,0.9673020434843483,0.787488001033583,0.5675338049221125,1.226053811670717,0.21770298110794273,0.5968012807981203,1.8980577977893018,2.024435940867412,0.6200375993733402,0.0,0.0,1.7662455551745863e-05,0.0,0.0
310300100407,2009-10,Northern,1.9840635430069116,3.147486661269772,2.767721320830024,2.934682545181576,0.7909694107006527,5.181086506062517,2.723241194991049,2.3822119408349196,1.9314718712281815,3.1946310459020624,0.8446653244272944,2.3042613213781262,4.735390860048165,4.551292737751972,1.8262133191910774,0.0,0.0,2.1390472609532635e-05,0.0,0.0
3103001005,2009-10,Northern,3.0243380990811595,4.051016739897038,4.263742130604023,3.818578669343089,1.1975354220645293,8.95688971216265,4.396489824525422,3.6044747567839024,2.7834623514943333,4.795092976808557,1.389536860231288,2.5589100433393104,7.214331714596924,8.59472931871204,2.57555125576159,0.0,0.0,2.1841802230287e-05,0.0,0.0
3103001006,2009-10,Northern,2.7880870768615758,4.314630590394329,3.7358418906117468,3.8237704917128847,1.1006340146779305,6.774450081545241,4.7742401086663895,3.3155307487158097,2.549571057876362,4.458634370898813,1.0868986994794472,3.0422228017869446,7.008350462187357,7.462785860399188,2.4842321613858003,0.0,0.0,2.815487224127011e-05,0.0,0.0
3103001007,2009-10,Northern,2.1786610455113995,4.504986790753502,2.86651720080541,3.2509981948551205,0.5981805925288632,3.614717062725691,2.7142585123426417,2.6665074767286554,1.9784392060757139,3.7878444541166933,0.8920565586454269,2.039511500549908,6.050790372018352,9.462207201877906,2.4698618646485,0.0,0.0,2.2761743431944516e-05,0.0,0.0
3103001008,2009-10,Northern,1.7693857698872035,2.618312899709778,2.3720808593115477,2.2646962718350747,0.648635650141049,4.3408723907362665,2.1908943008388255,1.9919014522285448,1.5689344501021165,2.786188817978925,0.680407041352263,1.6018150947675796,3.8778004599245675,3.987385612735269,1.685718102278283,0.0,0.0,1.9096303110472758e-05,0.0,0.0
3103001010,2009-10,Northern,2.7988763214585175,3.5557326449073976,3.8806898380404293,3.780687641303125,1.0837346063462825,7.601099749241265,3.242461466063901,2.8264186650918646,2.3523921140276594,4.485588684637609,0.9585521672498182,2.1302226160404594,5.624901911539884,6.278789149082928,2.338705636593752,0.0,0.0,2.924450380343651e-05,0.0,0.0
3103001011,2009-10,Northern,1.4509647437631388,2.294334514507183,2.0178256509165458,2.1560750820908074,0.5460155836481283,3.58174635148501,2.0489716289214526,1.6927233831513357,1.3540723062739572,2.4158552908758133,0.602483353072672,1.4369524647471417,3.6259602750341258,3.7364243515110194,1.349241785298832,0.0,0.0,1.4728566629347123e-05,0.0,0.0
3103001201,2009-10,Northern,2.7380141680371106,4.8716603730002435,3.7035126382537125,4.121138893246841,0.966448682228847,6.441006055942829,3.231845588315785,3.3419896945374057,2.7543773728675123,4.736508467909919,1.2088448819833462,2.9431416044172924,6.804088900644592,7.875651938538505,2.7240705478764626,0.0,0.0,3.154947515176911e-05,0.0,0.0
310300120102,2009-10,Northern,2.036764889573161,3.0956539530754896,2.790226759086114,2.651711696782055,0.6348544641765498,5.2365162252900435,2.7276787044307147,2.4052121411591116,1.8301220606339557,3.336728384383753,0.7950719531577001,1.732509235664247,4.792327088583353,5.289768216068771,1.832905248232093,0.0,0.0,1.984275488866735e-05,0.0,0.0
3103001203,2009-10,Northern,4.2407835059750525,6.069476188439994,6.1260279051116395,6.4525329667014075,1.7785910300086396,11.113836823886967,6.364864178932881,4.8346638699278195,4.1007252077437375,7.104098761046318,1.793714246644021,4.063819516151641,9.89566026701147,11.48560565377657,3.6130473832670837,0.0,0.0,3.38602830825037e-05,0.0,0.0
3103001207,2009-10,Northern,2.553273273158316,3.844894352865208,3.5433816889072562,3.58870958556608,0.9106285728919885,6.8939233695911195,3.2771354761801867,3.0432364087914854,2.492532464610736,4.402584495821483,1.1037150997421763,2.2446969499824334,6.54477833865466,7.686450278718649,2.2947583323789327,0.0,0.0,2.4428280426241677e-05,0.0,0.0
3103001209,2009-10,Northern,2.1362294973529523,3.075847112625014,2.9830679164118075,2.8891737118511824,0.7262327280448727,5.508977025531899,2.9926664420351385,2.4867357905682645,1.9175595384160264,3.566572776552371,0.8904887950883426,1.6970256034564364,5.438468298382859,5.852130420865973,1.8865343930298786,0.0,0.0,1.6538745150236328e-05,0.0,0.0
3103001210,2009-10,Northern,2.0998209536151595,3.1204471829767697,3.0190748589509098,3.0323939830392606,0.7707814606178677,5.365145261207888,2.7708918886342415,2.371209200609542,1.9519722308563154,3.574162566202297,0.8430439068925885,1.6450627457932714,4.9377841959328945,5.567769312746949,1.971061240611269,0.0,0.0,1.7356539500057446e-05,0.0,0.0
3103001211,2009-10,Northern,1.9584091364014429,2.9783282742826542,2.5761173104824455,2.5867680124542316,0.742466483847968,5.077516160817706,2.746854478458109,2.2604622023017087,1.7753145994392534,3.1431486911063597,0.7482558021929273,2.0167964491675434,4.731424478640088,4.780688899840397,1.7462700689516992,0.0,0.0,2.162980405087004e-05,0.0,0.0
3111000102,2009-10,Northern,1.4821883633789177,2.1449272831647135,1.9683976536878391,1.8524471741549071,0.48057437915448814,4.096424652292974,2.0967030999528444,1.6927518108109436,1.2591667573373164,2.499347148061501,0.5110157343673196,1.0689646330497373,3.611677601878551,3.9666957021636873,1.3534753780371096,0.0,0.0,1.8190675032677708e-05,0.0,0.0
3111000105,2009-10,Northern,3.5435199158573796,5.299620324073473,5.142545085917738,5.013689303264409,1.4397731077852183,9.179079099057413,4.729902133445867,4.470836496184019,3.6780427919207197,5.814395054678552,1.8984710370428914,3.3397111625427507,9.612303932886864,12.888103699654687,3.1576837713022052,0.0,0.0,2.265976538384792e-05,0.0,0.0
3111000106,2009-10,Northern,2.813295564649988,4.458465280184488,3.98948860150544,4.091398967409027,1.0304017296589267,6.547616276295842,3.526002346910432,3.3910334117175447,2.7254752429532068,4.671454253776001,1.293011489688784,2.5685782090953384,6.859190083390645,7.7896047687997125,2.768102912212145,0.0,0.0,2.27937339602089e-05,0.0,0.0
3111000107,2009-10,Northern,1.9442357575436673,3.1626472739492564,2.550215307455904,2.8608003048555197,0.6297267693061535,4.503523563380937,3.0497835816438132,2.2633635049393437,1.7470031542627813,3.270821658545519,0.7795249190744613,2.0020525126635196,4.752002508249834,5.435359566773167,1.7773051115855152,0.0,0.0,2.3183793931736202e-05,0.0,0.0
3111000109,2009-10,Northern,2.4644532049125663,3.755464131234379,3.3111247487570865,3.6732088182469167,0.8125629683707557,5.977479957275409,3.703196214248119,2.7242152926461123,2.1459995124681503,4.281466394918344,0.96646159533358,1.9956109181309563,6.218963587212271,7.480482191824894,2.183027708592856,0.0,0.0,2.037585455233851e-05,0.0,0.0
3111000110,2009-10,Northern,4.2728123069843,6.920408660064336,6.397593243971513,6.35247592600494,1.6534156341929376,9.963100170090712,5.84259735851228,5.4391563574122515,4.332966796593959,6.794816777632542,2.358704934319753,4.200815056726993,10.136974255189608,11.618017504634766,3.981236851503444,0.0,0.0,2.40117416725568e-05,0.0,0.0
3111000111,2009-10,Northern,1.5251172838986211,2.258058084605695,1.9909921205451888,1.9443705495291623,0.44720120550684306,3.6994173126991052,1.9285898122341147,1.713465978674363,1.2759481165234359,2.505300180520314,0.5600839978549547,1.32672352046337,3.8786391865236904,4.207499519966146,1.306082028419926,0.0,0.0,1.507521201718022e-05,0.0,0.0
3111000112,2009-10,Northern,3.167933412480096,4.149457848302131,4.3566547800490065,4.466186815675015,1.2576662042159243,8.563522444278883,4.4575108363319496,3.2645460643216113,2.7348427276716447,5.142469504577186,1.1050429658652878,2.7940745390345234,6.188249380939939,6.965133196903612,2.553155545298175,0.0,0.0,3.814598493161363e-05,0.0,0.0
3113000303,2009-10,Northern,1.4752187542451054,2.3669326841884124,1.9779350898465664,2.061243535555831,0.49377001203042276,3.6728324801467727,1.8026841851100273,1.7434380273398884,1.3638358837985354,2.5785015090690444,0.6283939520827476,1.2128860016944465,3.8349372434855638,4.211930944787747,1.4682379794027773,0.0,0.0,1.7172775560038392e-05,0.0,0.0
3113000304,2009-10,Northern,2.205551321813483,3.3410207208702984,2.9029125129266125,2.92951216909791,0.7793087379848418,5.13851596928697,3.5465406823273686,2.561972022562704,1.934945113835125,3.5292552956866126,0.8684453884205632,2.145497237686169,5.290532936800257,5.880297213934548,2.0139075405229376,0.0,0.0,2.186480992452932e-05,0.0,0.0
3113000305,2009-10,Northern,2.259604444720563,3.6258645419630198,3.105479465529252,3.305190675775517,0.8187056998442891,5.707056818197379,3.1805583651600395,2.8017690520424297,2.21660047441456,3.8112469957602015,1.0784078102311652,2.2632276079453164,5.83197383944668,6.5810058796472815,2.111881840331048,0.0,0.0,2.1549303469144463e-05,0.0,0.0
3113000306,2009-10,Northern,3.3731291395839866,5.19082225775096,4.829795832568542,4.747274739807435,1.369241749253401,9.446874487553982,4.9642321073998925,4.260643989614122,3.431025693698864,5.698295193232163,1.6192382458072627,3.1893624402048157,8.754825632168341,10.435815013248295,3.1065634791989516,0.0,0.0,2.7822465606753374e-05,0.0,0.0
3113000308,2009-10,Northern,2.5638449919174446,4.122671919555202,3.5488360212386008,3.5800079878119933,0.9076526692224137,6.163064204803635,2.7010253103615005,2.9494412374251615,2.4683831019799647,4.2690985414988365,1.101618151367532,2.2508488911957927,5.971004394598605,6.6043390760719225,2.5357095750538927,0.0,0.0,2.255667958041097e-05,0.0,0.0
3113000310,2009-10,Northern,2.505186123768035,3.6387173154359624,3.4027003553142574,3.381110789168698,0.9282426546538008,6.8028653812600135,2.9878580866555695,2.9211191258338602,2.3857786567168575,4.278135350378334,1.0344404796864926,2.1260776248177353,6.261378821084129,6.874324253981932,2.2630832581125,0.0,0.0,2.641425471090548e-05,0.0,0.0
3113000402,2009-10,Northern,2.01567640035886,2.807264514384968,2.6713934977234857,2.5684247955272625,0.7248539111391397,5.8368891861512004,3.1088175782672174,2.3391485961457397,1.767557267786947,3.2776327494119095,0.8467422397035899,1.7574768527616413,4.89904160840995,5.439894372765566,1.7175545954687337,0.0,0.0,1.8849020489862874e-05,0.0,0.0
3113000404,2009-10,Northern,3.3633596663301604,4.610356611014204,4.882898637792155,4.942756279790679,1.464024213989174,9.16838809170657,4.515325397823763,3.6840943804401927,3.049481250162615,5.38761544621297,1.3297743399062532,3.018054488291293,7.502689809344087,8.37557408339847,2.9275885674428177,0.0,0.0,2.7022194308887373e-05,0.0,0.0
3113000405,2009-10,Northern,2.8624024208881345,4.919354433453757,3.9384654077667505,4.162966229500284,0.8979389557603444,5.883880039495492,3.4517829042550394,3.3794350160573483,2.6685400925915834,4.722146154918517,1.2470149685564442,2.78639031842229,6.738695307906715,8.22358445692462,2.8636691079591086,0.0,0.0,2.496296610850781e-05,0.0,0.0
3113000407,2009-10,Northern,3.4566198853086503,6.052971444980484,4.622347538531442,5.027995012400418,1.2170346064488757,6.97148669515093,5.156228040108902,4.304148139782263,3.304091586980496,5.8309249653328425,1.5869565816674893,3.6184538741826944,9.520653033495272,12.231183458927152,3.470565865820902,0.0,0.0,2.8481960539234957e-05,0.0,0.0
3113000408,2009-10,Northern,2.18117062053099,2.9525874451458183,2.9318147282470988,2.6659422549924976,0.8074687801190205,6.524849080611268,3.1427058545911226,2.516218951075974,1.9304020774551103,3.5895090770017957,0.9065952945737081,1.6225162244544475,5.390828317173871,6.074582465943852,1.8945568773456523,0.0,0.0,1.8361844888323806e-05,0.0,0.0
3113000409,2009-10,Northern,6.969337809999001,11.92521414924521,9.905315552112862,9.26983478628427,2.2042157492895385,12.350074113315536,9.482071418849737,8.47379309235419,6.635226338564371,10.214158231504538,3.306183236837357,7.736197466394316,15.395955377035984,22.751073279529827,6.655106363727292,0.0,0.0,4.125461566755253e-05,0.0,0.0
3133000101,2009-10,Northern,1.491823513019303,2.151001326862837,1.9762746357139507,1.9720758693300249,0.5234663548787486,4.182605583926616,2.2473262653831836,1.742067747973169,1.3234712546479708,2.5703408049211682,0.5874314434510274,1.1526991606740844,3.937078326200751,4.2927546189092665,1.3429519945854347,0.0,0.0,1.716963934541821e-05,0.0,0.0
3133000102,2009-10,Northern,2.3098158189180493,3.364848611354768,3.022650151885838,3.0157852166322927,0.9061809682049459,6.230638318578644,3.481432838490577,2.6940408961403826,2.115511393847044,3.637504685973212,1.0011685176076266,2.4126909808458095,5.494390110986876,5.910242710644899,2.0140932782958747,0.0,0.0,2.116472047615962e-05,0.0,0.0
313300010206,2009-10,Northern,1.8310603858773724,2.3552772842527,2.4916103672292076,2.5204934115689634,0.6722588225994406,5.484684963282634,2.5970793572771216,1.9505874278904114,1.5422248611295808,3.0550908521247497,0.7089053129269575,1.3734163615506565,4.2806707910368695,4.867306874075898,1.52726268140395,0.0,0.0,1.6759948751482135e-05,0.0,0.0
3133000103,2009-10,Northern,6.26577820563195,10.83092267853375,9.05118023782331,10.020402133539658,2.625477483288653,15.411822784725311,10.790925193065284,8.297671751987046,6.8980441446062795,10.693727766969936,3.3625554730637517,7.797144352590546,17.042840874998465,21.86561029192947,5.730485762843025,0.0,0.0,4.6394908008617104e-05,0.0,0.0
3133000104,2009-10,Northern,4.687100063205385,6.430814190190926,6.445439464182336,7.2326849094151004,2.5771956178998074,12.498874640619311,10.152405451109008,5.066215912771752,4.040542191402527,7.2062173012866735,1.70015365232961,5.469220265032713,7.980284682012039,8.877125496649631,3.7902106018281496,0.0,0.0,6.678668439968317e-05,0.0,0.0
3133000105,2009-10,Northern,2.654357051271096,3.892141948754799,3.677227226078492,3.4013880563415766,0.8852983660871773,6.972530840299095,3.662567207009114,3.102221769672516,2.373145540182721,4.225888722216837,1.0636787735986055,2.3417178285773446,6.0594827668141,6.9042379987033184,2.335602801005815,0.0,0.0,2.2963334231005855e-05,0.0,0.0
3133000106,2009-10,Northern,6.330699554588101,10.529662839746246,9.209207549910468,9.358150179599308,2.273861089043161,13.619165527144355,7.85762021625581,7.9655365004137515,6.7471747415866705,10.699401837667168,3.2112007629434394,6.349106868653859,16.985649690710435,22.25560815910506,5.845154172747174,0.0,0.0,3.748941930365295e-05,0.0,0.0
3133000108,2009-10,Northern,2.4505980876542828,3.5641537533253054,3.411594835843094,3.1706264855310446,0.9127449491125356,7.183893183160112,3.7008279267272446,2.989615030400528,2.3119285639717297,4.112195258134321,1.0456602853782622,1.9927016028126783,6.2175513325428735,7.066447445284938,2.1975206972099164,0.0,0.0,2.1880269574735205e-05,0.0,0.0
3133000109,2009-10,Northern,2.4639340786002935,4.067665754166707,3.443000191127982,3.581701729616814,0.7762289588787997,5.239906618945298,3.1635399798507375,2.974507897295601,2.297091746659497,4.198263266953709,1.0904744007203047,2.0883502653933306,6.32528291927311,7.351214424274078,2.4905953537447245,0.0,0.0,2.0558312464055147e-05,0.0,0.0
3133000111,2009-10,Northern,2.73796546652634,3.6390453597873047,3.721906397702644,3.5741360750053546,1.2032565990050355,8.381047674546952,3.4819824790555995,3.1176531541668666,2.5797171503828973,4.534644700807923,1.220389063944416,2.2736648301490003,6.656690374128091,7.4182841560266155,2.4094835749497983,0.0,0.0,2.4425106469320862e-05,0.0,0.0
3133000201,2009-10,Northern,2.242545466212219,3.444742267340807,3.041604577593645,2.9902234643388526,0.7590508270618861,5.30514008210164,2.266212577834335,2.520876410670285,2.092650545077161,3.816830581015007,0.8999252576967026,1.705643015722133,5.219647685783644,5.759180873834774,2.2422581726286093,0.0,0.0,2.217841418818624e-05,0.0,0.0
3133000202,2009-10,Northern,2.419325719088504,3.9597537999025483,3.2056140728635936,3.2513092503312535,0.7449409126455683,4.930696663820285,3.33933695363353,2.7887898010976717,2.1235216008412903,3.8619643937377957,0.9283199394689666,2.3303070509394828,5.670065086579112,6.713852787845782,2.2713141016965746,0.0,0.0,2.2530189062561128e-05,0.0,0.0
3133000204,2009-10,Northern,2.1015800127312243,3.217088973908753,2.7501588960653245,2.8172926437600507,0.7605974466576161,5.223861874898297,3.50611784253143,2.4607220000820678,1.8407110977376118,3.376620998576052,0.7775979292309501,2.2343025736760094,5.3129038354676155,5.609697057889175,1.8252177977520665,0.0,0.0,2.4741153311183866e-05,0.0,0.0
3133000205,2009-10,Northern,2.0307631320902666,3.4135087128770762,2.805043846773972,2.854413889018651,0.6835598509246164,4.656838865035857,2.3290839988952685,2.4358806555235932,1.9623128149085718,3.3890582572517647,0.8550962941703616,1.9437392070512935,5.062473832259694,5.823789925331803,2.0077457588027148,0.0,0.0,2.050143463810949e-05,0.0,0.0
3133000206,2009-10,Northern,2.3585579606353972,4.2422564601924675,3.133472297244337,3.369058933754833,0.7788148623122954,4.817207381466426,3.397783644786299,2.9275052763629175,2.2652735492260176,3.8199568283114798,0.9844291595454608,2.854862006248563,6.331324058070445,7.315380360520433,2.225439884769014,0.0,0.0,2.248864543046713e-05,0.0,0.0
3133000208,2009-10,Northern,1.6839884444312905,2.606325724296445,2.293795821011733,2.3037303586173046,0.5103093460750019,3.865865125605952,1.781350724524241,1.8725439603258514,1.4654806454918476,2.771091760638759,0.6730553023803579,1.3738078918912926,3.8654056006712847,4.262011763279594,1.6348552034157338,0.0,0.0,1.7226200109379453e-05,0.0,0.0
3133000209,2009-10,Northern,1.2396977366109412,1.9440071878649559,1.6123942407589693,1.655530179851529,0.4188101143374437,3.1707917129667575,1.6728308399281224,1.4345810818573848,1.1105565059967373,2.0613640006106158,0.4503640814314693,1.1870692590805227,3.0904610210987746,3.083343660671917,1.1204636790108686,0.0,0.0,1.6849620241845806e-05,0.0,0.0
3133000210,2009-10,Northern,1.6256556794879462,2.6283148718470986,2.1648548589261667,2.334316562487742,0.581738717515908,4.18962879133182,2.2995008198247207,1.950789414338821,1.5492235115805661,2.7550030143301587,0.6543386931828382,1.6926703218909551,4.207789645871944,4.601163168342624,1.49173718809246,0.0,0.0,2.044960588923274e-05,0.0,0.0
3133000301,2009-10,Northern,1.9037316370502573,2.7841488168590733,2.5551264150216833,2.4838357486304314,0.6625446232727654,5.033046881357225,2.4769124623149867,2.1759142197864865,1.6886072793599065,3.200639733742599,0.752097414744786,1.4566678405886522,4.6898784693815605,5.164547021898984,1.7645741156244144,0.0,0.0,1.8493491355903963e-05,0.0,0.0
3133000302,2009-10,Northern,3.231877457377548,5.186847066215216,4.584292690541238,4.478493510493715,1.1173278317876567,7.236981337170057,3.6830302440965483,3.845846213757633,3.068404981845325,5.190746986250549,1.5035789651714089,3.0850120466682402,7.409115013842897,8.929785586978804,3.2220760615438166,0.0,0.0,2.5647745692083897e-05,0.0,0.0
3133000304,2009-10,Northern,2.518758508223628,4.087483552963459,3.340473107954026,3.4233585749611564,0.8437476527324297,5.540291962166812,3.6968999008173986,2.983756572766702,2.2612000546738704,4.117187485068696,0.9949565395745539,2.525099610491255,6.5509888181624945,7.421266619014376,2.306510609262654,0.0,0.0,2.2817029519192702e-05,0.0,0.0
3133000305,2009-10,Northern,4.290576843873201,7.124406951511862,6.125933009231259,6.073735488328061,1.485000678041116,8.648337853993596,4.534129305440603,5.1320187263747,4.197194266121235,6.949736331055974,1.9834172254665698,3.7855393662879786,9.946825723154408,11.732946119401815,4.471515460633924,0.0,0.0,2.8183170870382877e-05,0.0,0.0
3133000308,2009-10,Northern,2.3369962590153137,3.2112588777518627,3.244547000464867,2.7909947250571174,0.8940822371875893,6.3024521319646505,2.8492173198441053,2.6581667392206976,2.0829762247395047,3.575777157838455,0.9211649687300221,1.9722336359994497,5.062100469412636,5.331985078311836,2.1246354871232205,0.0,0.0,1.9575807426859525e-05,0.0,0.0
3133000309,2009-10,Northern,2.792858115729386,4.296838909732023,3.90617303135899,3.8621407831817485,1.006067981929885,6.468956876891626,3.2223275603004544,3.2028019143928277,2.577621779368199,4.430611427297574,1.1607293745227683,2.5993097824535902,6.1030689626831975,6.85543121143218,2.724373794371647,0.0,0.0,2.5833793879661226e-05,0.0,0.0
3133000311,2009-10,Northern,4.427064306643118,6.03961447311597,6.2879182246301095,6.203282371256796,1.657216835460669,10.845424189621061,5.022800756251335,4.666218559269736,3.9845607708317563,7.167877182220955,1.7352597639716032,3.54359014857181,9.403029214076275,11.346678633395872,3.805823252661513,0.0,0.0,3.209897664709834e-05,0.0,0.0
3153001601,2009-10,Northern,4.405397819361117,6.116423573328683,6.09908098684942,5.477328164996877,1.670868203756631,11.113367240675313,4.054299441515235,4.8913538510478425,4.136074609580074,6.8679386260437285,1.8172004498317385,3.901037270170577,9.362195089109344,10.608786668928413,3.917263352214167,0.0,0.0,4.326594773913098e-05,0.0,0.0
3153001602,2009-10,Northern,2.117595259323944,3.0100558006525278,2.801899120314547,2.6776669709735557,0.8191845355935743,6.114533516293944,3.793435946301635,2.4600314812775665,1.84176611577516,3.3418923217739267,0.7616746809278842,2.140238337481698,5.18417323154196,5.298937940986133,1.7611667401518292,0.0,0.0,2.3952250673044754e-05,0.0,0.0
3153001603,2009-10,Northern,2.144774547812848,3.6163742154949583,2.842556679133401,3.1458218202047545,0.7246463594808538,4.899026982365108,3.2376582686442994,2.635402756784466,2.032825061987134,3.5594990554079735,0.9846120319545302,2.399662722954628,5.592395235011798,6.444135064559738,1.9734192771766383,0.0,0.0,2.002823864128883e-05,0.0,0.0
3153001604,2009-10,Northern,2.4731733899453423,3.3675306819658757,3.3454795276015825,3.2105854088810135,0.9656856761148289,6.869175255472944,2.9160390999021435,2.727544197685217,2.20367036447239,3.954891365706737,0.9145588799286712,2.246905709933774,5.645851808970115,5.665843104826623,2.104142562757445,0.0,0.0,2.9145397824054172e-05,0.0,0.0
3153001605,2009-10,Northern,2.2403408282509805,3.6298305838714073,3.045524933581578,3.191130368690278,0.765185105692178,5.077722055136991,2.8931415772508173,2.590784374365135,2.0550055006554824,3.6355678398486515,0.9057728846211969,2.2221596959797596,4.935598820999094,5.578427907943468,2.205559466128294,0.0,0.0,2.618947001423396e-05,0.0,0.0
3153001606,2009-10,Northern,2.250759306413584,3.303557747284883,2.9960739002285326,2.927926233777423,0.8655848445249044,5.70420798769985,3.2903190211988487,2.6057795668117705,2.0252339149092973,3.54421402576754,0.9179488363920689,2.2170370466205354,5.206418154960624,5.561920246478396,2.0496624274252686,0.0,0.0,2.1755067098646095e-05,0.0,0.0
3153001607,2009-10,Northern,3.1346452447482833,5.640668611072766,4.239847477711463,4.580814219160559,1.0455191957384977,5.857687966240047,4.421202931057943,3.8518340711099923,2.9306411893724964,5.224221430943757,1.355370515860907,3.2587317255866104,8.538566706877459,10.656328484774324,3.214022356981697,0.0,0.0,2.5512098439473508e-05,0.0,0.0
3153001609,2009-10,Northern,3.749616734448849,6.568441631048075,5.245194767245596,5.57063613131866,1.2279002532449417,7.6899029873359,4.5138342902798785,4.486143940813922,3.671465666877018,6.128189288291813,1.7196273780791815,3.91836662159681,8.719393861299592,10.64999972612965,3.6865086691804536,0.0,0.0,2.8362365327613447e-05,0.0,0.0
3153001610,2009-10,Northern,4.15907071447963,7.27767663401847,6.169648508639054,6.175773764316436,1.3693702051170604,9.155623892613267,5.302960064950907,5.461821612766105,4.337018971051532,6.922358726055533,2.182512550635312,3.9466503985592736,10.535821368642994,12.815302989407387,4.010700964683613,0.0,0.0,2.5439248262366555e-05,0.0,0.0
3163001601,2009-10,Northern,2.210228415018,3.729680510686158,2.9590383269671277,3.3068702289891565,0.7763651758587384,5.301608885552096,2.8970292441420744,2.613442443739041,2.117613544084251,3.7648111043757924,0.9136241589178784,2.369396284373787,5.586879269314193,5.945068744107783,2.0580870299855603,0.0,0.0,2.3987640325748207e-05,0.0,0.0
3163001603,2009-10,Northern,1.8421795486511752,2.7589112452404585,2.440773349869244,2.533937884881267,0.6552172937938964,4.8402098707834655,3.1933025821326493,2.1800790287911114,1.62377259158138,3.139837565053316,0.7288926478263221,1.6813650502604676,4.9666328491305505,5.43492255651061,1.6401722652801578,0.0,0.0,2.0284586741259112e-05,0.0,0.0
316300160303,2009-10,Northern,1.5177596638732584,2.3023468474944004,2.010314896956294,2.0743881755040223,0.5375651433712944,3.939508447233287,2.0398075719925637,1.767125287234315,1.4013965208524204,2.5533323902674634,0.616562103445701,1.4479643203621464,3.90916293071504,4.1061390884368105,1.3622562152764768,0.0,0.0,1.7471710974575907e-05,0.0,0.0
3163001608,2009-10,Northern,4.265425542793584,5.8378829321272745,5.833996062197207,6.5772010068540725,2.3111684547670293,11.440128535502316,9.216362087776615,4.5819428798298265,3.6433280711113256,6.578548400135296,1.5204418756883586,4.93136723138551,7.267890335388199,7.989206739776989,3.43808533336583,0.0,0.0,6.410948052648932e-05,0.0,0.0
3173000901,2009-10,Northern,2.943299962802337,4.29180393389351,4.067278738390955,3.690045082974199,1.1514483659626675,7.838894431620456,4.2867255055424245,3.4784409583117033,2.7229933295577746,4.606541330776299,1.2123189259881952,2.8353941751552916,7.079906459695368,7.701531752089058,2.5808356552694134,0.0,0.0,2.3391312891278222e-05,0.0,0.0
3173000902,2009-10,Northern,2.052114884943474,3.084553080661372,2.7436056221739715,2.92711359671502,0.7989728276989277,5.283729666379618,3.1080735980912917,2.4149184487706865,1.8794896501697738,3.543437465649183,0.8735666619492994,1.7867468272091926,5.444993766506389,6.098221919463879,1.9347738751655938,0.0,0.0,2.1303888543494274e-05,0.0,0.0
3173000903,2009-10,Northern,2.518799684393016,4.56072159234726,3.372112166371131,4.030937375855334,0.8904266283424545,6.134855752493808,3.912317211806809,3.2198142330380746,2.5884166054147966,4.57638832695297,1.140191111749436,2.8425048313127275,7.145479386979737,8.219377006282736,2.394798291103716,0.0,0.0,2.8525205151275442e-05,0.0,0.0
3173000905,2009-10,Northern,2.8366084656229216,4.633189144701364,3.88048220376851,4.012682300000604,0.8858794979506344,5.973735033022777,3.387954827592204,3.2504234176340865,2.5726712331470627,4.553353235368642,1.1401196475954007,2.731877573349823,6.392294101062863,7.595495758803339,2.697228929318688,0.0,0.0,2.6367253436236593e-05,0.0,0.0
3173000906,2009-10,Northern,1.6431702629807838,2.4591939776922622,2.2797091313178184,2.343165208840488,0.5986000778433496,4.232373581212442,2.054488010920249,1.8984995413928136,1.5079259451301328,2.698039468434175,0.6779317770502167,1.515615960630168,3.9579160712022436,4.020495633933145,1.5193224040073268,0.0,0.0,1.762717627928376e-05,0.0,0.0
3173000909,2009-10,Northern,1.8244291250125804,2.4477324402661,2.5445870763855716,2.577658661050667,0.7700164743330341,5.197420053562088,2.275531906177215,1.9264597422968586,1.6336525139685194,2.999051637961121,0.7135849676723272,1.5036854111923195,4.177804194661771,4.373267369839887,1.627574670713739,0.0,0.0,1.6366341535529142e-05,0.0,0.0
3173000910,2009-10,Northern,4.180993165063909,6.158182640524078,5.950012795368716,6.296950414677422,1.5990112647250951,10.30561820555901,5.566127233941337,4.706345769590421,4.020977156976999,7.145960568602795,1.7025927784248138,3.788418065751712,9.256992026363005,11.288413384149738,3.662741013228214,0.0,0.0,3.7161060061821455e-05,0.0,0.0
317300091004,2009-10,Northern,3.165270362171683,4.412919405291007,4.63445358445014,4.5539029978268095,1.3112688409111697,8.661340178306988,4.278997886217054,3.5641659299946262,2.922496177824502,5.113217214018359,1.32778724065164,2.767403152837898,7.398058360850002,8.165601750305663,2.7750227562652685,0.0,0.0,2.173565849983369e-05,0.0,0.0
317300091005,2009-10,Northern,1.7157664916223405,2.7871925597158973,2.2897072947271977,2.4152755209872883,0.608940601871813,3.8254704529597188,2.180662111485886,2.033559243919627,1.5920741473258455,2.71725010916518,0.7087300094726448,1.9111342377176306,4.199113577520794,4.2495443985296,1.5981378874277938,0.0,0.0,1.68747477697133e-05,0.0,0.0
317300091006,2009-10,Northern,2.521215571810967,3.713290124725056,3.55566490167367,3.4055695855911976,0.977753811457423,6.796899383542844,3.481737901955509,3.042277908037849,2.412664402422634,4.176508251760674,1.1178077397902997,2.15970853817354,6.411855003973523,7.099524384020155,2.315413935216924,0.0,0.0,2.0811071384915887e-05,0.0,0.0
3173000911,2009-10,Northern,6.480904700453651,8.927160583251727,9.124500433892186,10.000275586250039,3.7283724182053626,16.96507692576661,14.132132463094768,7.15462515315203,5.762929095245579,9.842435311648249,2.499558099287079,7.737607783959499,11.004901489328134,12.899262904821487,5.277645644075005,0.0,0.0,7.658507563971621e-05,0.0,0.0
3173001001,2009-10,Northern,2.3334343094581156,3.6688258265071165,3.204888612038264,3.16290626887254,0.7361044047060622,5.506520733023896,2.762178845200377,2.6926923575999733,2.112861886048746,3.809218743304359,0.986823864227591,2.0587668621599544,5.4081516635531415,6.109590671383067,2.186040212272508,0.0,0.0,2.0136948887119986e-05,0.0,0.0
3173001002,2009-10,Northern,4.893179423629347,7.2629448465427044,6.884809609499777,6.760428981408432,2.037971288823756,12.871083242712993,5.92477773875437,5.866793067436969,5.031259059336741,8.146188847213185,2.4271874715933714,4.670788029561102,12.049500719060685,14.400775134499545,4.450515200791591,0.0,0.0,3.506607295450209e-05,0.0,0.0
3173001003,2009-10,Northern,1.6210351370638456,2.4873399010169317,2.139220531662935,2.1228289420287263,0.5622210319009032,3.7719407659679707,1.829083017502332,1.8048700208932524,1.4301165213124696,2.5349729748067267,0.6264175915364926,1.5565690014478628,3.4759759142092466,3.6337544352415043,1.5683838885958228,0.0,0.0,1.9920774763491534e-05,0.0,0.0
3173001004,2009-10,Northern,3.3317975981609647,5.291562225056552,4.849153148498815,4.919359732726677,1.1500816475268016,7.784479947452508,3.9592684762254504,4.004985836276548,3.2888306714456244,5.476451524970956,1.5257973697121188,3.221100716578674,7.999292718998419,9.182246173437937,3.085668801924844,0.0,0.0,2.369193724449244e-05,0.0,0.0
3173001005,2009-10,Northern,2.5967196951225144,3.744257823251384,3.543172726250237,3.5335288629892747,1.0347670659745198,7.1498205283194,4.090389538441912,3.0942371232083934,2.4065749876462084,4.234422306227954,1.1795539811717728,2.4658854406000836,6.3551486213786506,7.200804275947765,2.31430271766,0.0,0.0,2.251057622682072e-05,0.0,0.0
3173001006,2009-10,Northern,1.9461884503030924,2.9087020851486707,2.5788371143812316,2.5328085534539198,0.7383189640920632,4.998350014539084,2.759181238919195,2.2561106727250135,1.729127730958988,3.117986211427182,0.7467421092791504,1.9201424804744662,4.760680745442931,4.9288955360569755,1.7562051531397167,0.0,0.0,2.1458223344799656e-05,0.0,0.0
3173001007,2009-10,Northern,3.7593233557183803,5.46977785292014,5.082149581591831,5.334361873484978,1.683847302067181,11.067288188171347,5.698857931447697,4.532648701403651,3.7483456673198132,6.422635790499753,1.6668249621232785,4.01859008607803,9.341827256479412,9.933973868438652,3.2671086954944006,0.0,0.0,4.353547263542313e-05,0.0,0.0
317300100703,2009-10,Northern,7.22675516239614,9.951809687428485,10.275612812324212,11.141071794320558,4.213029797182018,18.810743406255206,15.784525262868105,8.034366495823177,6.4923499827060125,10.923829638674523,2.8470009282355835,8.667513298069709,12.259857189633836,14.682276879621254,5.889794882339945,0.0,0.0,8.008659334889235e-05,0.0,0.0
3173001008,2009-10,Northern,1.4425138855997628,2.1747416037674827,1.920106927847907,1.9608410338013447,0.4735954227296255,3.5410480053869415,1.698971870526287,1.6185742083161303,1.260608757376926,2.331133256110944,0.571699639427238,1.3513516614077001,3.3862936853996337,3.6328604044281434,1.3091102715062024,0.0,0.0,1.5725641899004466e-05,0.0,0.0
3173001010,2009-10,Northern,3.85099678526324,5.728665159001214,5.495164524068385,5.08217235731016,1.444997204952995,9.682962906656234,3.7142952771991853,4.523969630240359,3.8672183048785578,6.360333268738148,1.7409377870757872,3.169753711252064,8.974565080549059,10.5604589842299,3.703765051228486,0.0,0.0,3.0836896563124944e-05,0.0,0.0
3173001102,2009-10,Northern,2.3581400619040362,3.608378057885273,3.151837509017945,3.2583389984778957,0.8276641757460771,5.9495342861972365,3.3532663540996257,2.834548961493816,2.180266889462657,3.932207880369576,1.1697343420882242,2.1311357372030004,6.0664805552690035,6.911553154616287,2.133148848543221,0.0,0.0,1.9121574899994938e-05,0.0,0.0
3173001103,2009-10,Northern,1.9616421983014354,2.7839484335062363,2.555248568035565,2.5330185685081306,0.7050807804151883,5.344413437525568,2.705398117390494,2.199705812337363,1.7018733210304235,3.1477733964045456,0.7599432584232881,1.776773857457229,4.4861045380512845,4.682072137264244,1.722582230997537,0.0,0.0,2.2194136980520342e-05,0.0,0.0
317300110302,2009-10,Northern,3.2470513764153455,5.628346191338322,4.339368231016196,4.5081595256062466,1.0393561844514954,6.690668842032688,4.680928124948483,3.883980639033933,3.1186485837484277,5.012574820231888,1.327473855107155,3.885356404783054,7.056627533491254,8.345089088167324,3.005556024149458,0.0,0.0,3.429351421280439e-05,0.0,0.0
3173001105,2009-10,Northern,3.861678564674265,6.788440931753141,5.259555829718289,5.419282146487124,1.2932653286104063,7.625729761396036,5.3067755188361065,4.68961672947387,3.6658976775153005,6.38453378769844,1.6372806063610381,3.792932125756448,10.018578181487333,13.027472981488522,3.793921938662879,0.0,0.0,2.8993475474426665e-05,0.0,0.0
3173001106,2009-10,Northern,2.2162535745046035,3.2263594019581245,3.0027981513773785,2.796209057120283,0.8627740282762656,5.761968571945171,2.7643812196792705,2.5169495197521057,2.013293480583464,3.3971093595252246,0.8788595762172408,2.161306102692919,4.726870521905472,4.871684439530261,2.055222751576935,0.0,0.0,2.2391833932949994e-05,0.0,0.0
3173001107,2009-10,Northern,3.3777860890820692,4.7328906013732555,4.679928544091715,5.034884182907616,1.3278208539031537,8.710195310877408,5.000638181858374,3.625841780897953,3.0320061163318592,5.603225592358256,1.2794082532114939,3.1659091028507897,7.615961991633406,8.410917248424273,2.804741434589702,0.0,0.0,3.016010246566428e-05,0.0,0.0
3173001108,2009-10,Northern,1.6892974971948058,2.7417532386803107,2.2428155244686754,2.3102294515553727,0.5464621863093906,3.6062174565210876,1.8796592894554458,1.8977396861044495,1.5068629206828745,2.7245503778485785,0.6805267288747074,1.5709686230053397,3.8177401844898666,4.144622971462592,1.6773484425638936,0.0,0.0,1.8160630945179586e-05,0.0,0.0
3173001109,2009-10,Northern,2.8106233215998273,4.2768285863333615,3.816006035200866,4.014113279147109,1.071199554770432,7.208851407634926,4.12338976188589,3.317367847193289,2.6189907008328843,4.459853962787848,1.1994158675143696,3.1515119890862273,6.6876446804014495,7.210009242829307,2.4356598063906216,0.0,0.0,2.554711247185206e-05,0.0,0.0
3173001110,2009-10,Northern,2.975156196186282,4.598533146890276,4.381754990938892,4.636430751812583,1.3329788300110748,7.664507504115397,4.184111346427281,3.5188106421365624,3.0175283566038713,4.807983542698059,1.4121533702314053,3.327355867388983,7.286180871329305,7.895072971216983,2.7237305719821268,0.0,0.0,2.1231746780228517e-05,0.0,0.0
3181000103,2009-10,Northern,2.139323267023794,3.30106308235501,2.8606718724426545,3.1146438412194786,0.7471523884629726,5.464837156140124,3.275135830942228,2.504121117114544,1.9852095212055358,3.7131225885278765,0.8781200425519763,2.0622106229424197,5.678305448975125,6.335497771763732,1.8838272082127192,0.0,0.0,2.1840358862999922e-05,0.0,0.0
3181000104,2009-10,Northern,5.034637037953552,7.637852308474952,6.90995674471562,6.840264210507404,2.11337042975051,12.342545978650467,9.515538296715349,6.063811716710233,4.87798836376346,7.446744233375956,2.25578203599952,6.272944746073848,10.911505787573299,12.704337823128732,4.359274735733542,0.0,0.0,4.099218165673771e-05,0.0,0.0
3181000105,2009-10,Northern,3.8357180652209073,6.548796377143183,5.475411620002346,5.929830095274291,1.4400967967434715,9.092907175772456,5.87975515351559,5.093982917107142,4.105801095901969,6.818999578445552,2.0568244602997208,3.7411669992639855,11.321388163224448,14.68208533765421,3.720598271782615,0.0,0.0,2.7520906482330283e-05,0.0,0.0
3181000106,2009-10,Northern,5.4627232892780935,8.880593411409912,7.806535400561509,7.695139544156079,2.2409750885086663,12.367237788298118,7.154244185109979,6.820981292713335,5.685493856626674,8.712703090538152,2.862804712572629,5.975356396780529,13.880682007808105,17.732837856007404,5.165585064436555,0.0,0.0,3.3802116429289854e-05,0.0,0.0
3181000111,2009-10,Northern,5.380788157671728,10.479153001154836,8.247538539888238,8.569771286023103,1.8829879088783623,11.401676808712203,6.276408387941536,7.48161454986766,6.354793821669935,9.616811568460427,3.0271617278087484,5.222699005238552,15.45855365330577,22.361604171457195,5.758480556091074,0.0,0.0,3.309152730500359e-05,0.0,0.0
3181000113,2009-10,Northern,2.38189154216522,3.9433156193090553,3.3752493230821696,3.551411226931242,1.0156003900629276,5.417175570515634,3.548280060656871,2.8447164203067614,2.4009472437005965,3.755257735530491,0.9753823543276173,2.9423923714700018,5.803136519300856,6.067862841209097,2.2553904872787576,0.0,0.0,2.0166289823343835e-05,0.0,0.0
3183000206,2009-10,Northern,2.2973546159175453,3.5880631419505886,3.077204870633687,3.1024083179458,0.8462892744210323,5.320139138987294,2.6832140239962565,2.636058287487349,2.1070797884282744,3.661714579574112,0.9312675237383935,2.2992604563564334,5.518522046794383,5.809829994805054,2.1536229512402327,0.0,0.0,2.175957300711816e-05,0.0,0.0
3183000207,2009-10,Northern,2.8148400140010033,4.085595354121223,3.931879171494722,4.218066444722459,1.0784276236105215,6.9380874865271895,4.103167022326492,3.1426786347341586,2.4965725844778213,4.796802177483286,1.1360720083083506,2.2872069151885843,6.838259513364721,8.129860297178151,2.5976710733732875,0.0,0.0,2.359519874680927e-05,0.0,0.0
3183000208,2009-10,Northern,4.800428699135096,7.233616032825564,6.499690889274118,6.2776238596002925,1.704121144571099,11.702918217907605,4.895941871345467,5.563988090181344,4.851555583199567,7.8960320097388585,2.033826240052363,5.104556571018572,10.451586117811894,11.797441247464826,4.1357437732877536,0.0,0.0,6.428495996664816e-05,0.0,0.0
3183000209,2009-10,Northern,3.223060598116298,4.700140335485706,4.455021549612706,4.385803995399534,1.2414416863976379,8.667611656124516,3.8326893834765867,3.8180358067710327,3.1616971979643664,5.46139072074336,1.4186918394518517,2.8117714101309605,8.075927052541042,9.22818083458409,2.9132747016347267,0.0,0.0,2.9496534707530007e-05,0.0,0.0
3183000211,2009-10,Northern,3.0126689602910974,4.56406589797854,4.180178471807243,3.886516766972404,1.1443842013229955,7.3003394019066565,3.673966065003105,3.496045312711043,2.84539490923602,4.6146602703985335,1.2932491035649356,3.028670335217824,6.563596412121049,7.13117888155268,2.8088887179752864,0.0,0.0,2.417992464951827e-05,0.0,0.0
3183000301,2009-10,Northern,3.0879969739155433,5.480787798800025,4.334874938809379,4.647004128670751,1.012340625672491,6.513632566847681,3.7591691890805277,3.7789938814671102,3.071253917142475,5.161478321703259,1.4009236285555817,3.167068339307344,7.3848273318639,8.784308595021562,3.1058463331789983,0.0,0.0,2.6521091392569872e-05,0.0,0.0
3183000302,2009-10,Northern,4.8384277626599514,6.9859648795082805,6.93574933646917,6.696661586292463,2.172999583973244,13.045305466076703,8.10448018055408,5.883445931519343,4.904431744615039,7.3173901197768645,2.2464951451682995,6.123705067658001,12.300395185756926,13.74839043647028,3.845262526756671,0.0,0.0,3.2577766420320305e-05,0.0,0.0
3183000304,2009-10,Northern,2.3460531607458304,3.62280876613857,3.223921256908449,3.140282592336946,0.8570418016989265,6.243064733785749,2.854462247901654,2.74985879148851,2.20990248375029,3.910058601176649,0.9713489822394966,2.0378765154838097,5.554720497504181,6.112039820674618,2.2372634552458197,0.0,0.0,2.289473550792598e-05,0.0,0.0
3183000305,2009-10,Northern,2.5439018816237406,4.872244513690462,3.4690429465255566,3.9668173213364084,0.7631108391995884,5.3469040758178155,3.346537461382967,3.247992869931767,2.5708807401710985,4.631820834404096,1.1902299448458662,2.39882957774313,7.371713310059841,9.162111446165731,2.5808895437512485,0.0,0.0,2.2182800088358554e-05,0.0,0.0
3183000307,2009-10,Northern,2.1011274614271014,3.402841396591995,2.8834670046919735,3.379226814408376,0.8075759292549378,5.0746641946712785,3.509758642980504,2.446118604093854,1.980058329940502,3.5885571661091626,0.8671277837721438,2.2714603289864805,5.387009436933682,5.902019372794663,1.9062327527999081,0.0,0.0,2.0175608358125702e-05,0.0,0.0
3183000310,2009-10,Northern,2.125172276394297,3.278301617911275,2.8900620041955403,3.2340341204047736,0.9545194841225307,5.649422983027124,4.289238876498163,2.497877974203182,2.0128206069714953,3.3727499001691545,0.8451567168192835,2.843172009064314,5.2881373847497155,5.405458638199862,1.819880164662674,0.0,0.0,2.0513527873244643e-05,0.0,0.0
3183000401,2009-10,Northern,1.6194019599746416,2.2528095692961467,2.1273645240527985,1.9422994928293096,0.5558807870139836,4.435513131026025,2.276687241765169,1.8062278127928855,1.3593985731273641,2.504937812671549,0.5643912151512083,1.4419835926438154,3.5475892254144012,3.6890685866769917,1.399080490598395,0.0,0.0,1.918019659826357e-05,0.0,0.0
3183000403,2009-10,Northern,3.190565032468082,4.573093008525728,4.4773165829346775,4.267099380711394,1.2718713965152528,8.745214249805773,3.5928646325639426,3.7518768558118345,3.1546901347592167,5.340983009824593,1.4542537863002238,2.629262162798237,7.767921543699748,8.923253805190908,2.9524951431944637,0.0,0.0,2.645109585206033e-05,0.0,0.0
3183000405,2009-10,Northern,4.226898247075381,10.42498243031256,5.63669053842715,7.415460648491613,1.2987228803588986,7.632735466297718,4.588179570419883,5.839096644068221,4.863702256175379,8.137892023376093,2.0957349461710533,5.602619883700941,13.05528544198441,17.910138896883446,4.6188228129808975,0.0,0.0,4.803413937864386e-05,0.0,0.0
3183000406,2009-10,Northern,1.7159642855345258,2.602981890001795,2.3281244843759503,2.390786710319794,0.6181370797739565,4.522257672251574,2.567346506490049,2.0413615335921413,1.5689529578234194,2.8326861178606624,0.7123139737322433,1.6644083037935047,4.246484012512007,4.3908522374709325,1.549184904306211,0.0,0.0,1.8694855938869587e-05,0.0,0.0
3183000407,2009-10,Northern,1.1283438330386546,1.5351719418019254,1.4700042336601649,1.442041627684598,0.34059190454338506,2.985338650209102,1.2761136739301826,1.187905961235129,0.9217034574756752,1.8811024166006785,0.3519730400254559,0.8561330890503522,2.6780266171814593,2.7620444291023882,0.9409949215062208,0.0,0.0,1.7833913932968737e-05,0.0,0.0
3183000409,2009-10,Northern,2.5191976069010344,3.788044217980358,3.4429505151832767,3.460672639125973,0.999317879403308,6.890691527969438,3.803136350220378,3.0295246844505828,2.367853739841097,4.266347998181545,1.0831700351584244,2.2492797610759303,6.398945591366543,7.197882829683569,2.354684675226128,0.0,0.0,2.4280208283251074e-05,0.0,0.0
3183000410,2009-10,Northern,1.453187987894271,1.9272601157824534,1.957383804100918,2.0272999128482883,0.5330329690284715,3.994343926862682,1.9999998416455285,1.4845173322391292,1.195935274859887,2.3697824935543315,0.46212403083736,1.2310377350773878,3.2265850932253994,3.3815042713453236,1.1967875320502257,0.0,0.0,1.80761361464792e-05,0.0,0.0
3191000501,2009-10,Northern,3.5517566915001284,5.58288419801101,4.858400580777211,4.858758046714019,1.37284986024653,7.89493809301692,4.849853844328858,4.244054830804026,3.3754024469666875,5.5472779339032785,1.634225274956478,3.782950814505255,8.32631503639156,9.67844437145844,3.3993000020498294,0.0,0.0,2.7012671127790845e-05,0.0,0.0
3191000502,2009-10,Northern,4.102483224346017,6.175522359998095,6.060519628787078,5.536899069610123,1.6046691801467141,10.110824752269107,5.194499790730392,4.964086000533291,4.0057707130490225,6.467131239789561,1.9376128915884425,3.7907371188482673,9.239862271489963,11.143178689636658,3.9157396126065205,0.0,0.0,2.7899838220262025e-05,0.0,0.0
3191000504,2009-10,Northern,6.171559503481543,12.484115601211785,8.409060708314563,9.571183251274933,2.1786764059628294,10.637986123376983,9.069447522866854,7.842958598637696,6.370882096033531,10.000499092996032,2.905915815651593,8.071817401523074,15.499035054598004,23.024518557015003,6.325843126783391,0.0,0.0,5.4480797275685426e-05,0.0,0.0
3191000505,2009-10,Northern,3.668940947741121,7.060187902363029,5.604991686316859,5.966484810062417,1.1604687799362758,8.125107249291725,5.005158474800058,5.130046326283406,4.216909801013687,6.536691962114377,1.9167291737644752,3.881154632798137,11.19275641793919,14.86144527305789,3.5818099207308776,0.0,0.0,2.6539041159290058e-05,0.0,0.0
3191000506,2009-10,Northern,2.463317888174012,3.4353849698041192,3.5973704023087856,3.5111161688606303,1.0237775516629049,6.757451722275829,2.6344860077166614,2.6478414129797176,2.338373861837784,4.138307874652147,1.0236345282725845,1.6944181648045646,5.285109345410873,5.552845462840052,2.414837823740733,0.0,0.0,1.8991775856701572e-05,0.0,0.0
3191000507,2009-10,Northern,2.8564780150399933,4.173709067236902,3.8679470044851287,3.5477022471319684,0.9773409441564325,6.880810877888373,4.475309576355317,3.3080375204063794,2.4760129345658233,4.386008823682097,1.0751840596566016,2.6908010216313243,6.463372227048642,7.379156962423144,2.5024451151205542,0.0,0.0,2.508617696755397e-05,0.0,0.0
3191000509,2009-10,Northern,2.6604845052941184,4.664997559000925,3.690968494641542,3.8215552341769397,0.8256349785365362,5.517470877238508,3.7164943712626877,3.282587531543961,2.534155200084866,4.376413081052916,1.1320915616102942,2.7359213621931855,6.622340703227863,7.9768936631615315,2.5514483743803704,0.0,0.0,2.1937717194689667e-05,0.0,0.0
3193001202,2009-10,Northern,4.872488548532151,6.8803484045114605,6.437950294432602,5.741131010459494,1.6538340144701238,10.218053493846645,8.0980096788691,5.158250215400692,4.002110009557179,6.378406597524697,1.8025084647515635,5.272388802907973,7.46326383245264,8.386594965171223,4.214943470212703,0.0,0.0,6.487708680173938e-05,0.0,0.0
319300120202,2009-10,Northern,4.167015339824733,6.918263263026988,5.9523132310881115,6.5444837328414085,1.7475483158948082,10.295439351743507,7.171564917854476,5.434858952977738,4.408587829105921,7.1362993267723835,2.088039133808903,4.762419245125695,11.73204223904596,13.967930290609301,3.8577170000033845,0.0,0.0,3.270873077813245e-05,0.0,0.0
319300120203,2009-10,Northern,2.392841750496295,5.098021245873035,3.3161114913234018,3.7428905029218718,0.6763561310803254,4.550903566610573,2.883359169922001,3.1267757985070324,2.522808632073538,4.07200015767051,1.1492924413500523,2.8703218304255933,6.5707870629257625,8.406697717174183,2.346900690469863,0.0,0.0,1.9900815674253363e-05,0.0,0.0
319300120204,2009-10,Northern,4.772019633671608,7.668013651401443,6.866928919473928,6.70288796036339,1.8831161920015547,10.983475268311297,7.432620527910927,6.029833536158489,4.822137667572055,7.638343029585015,2.2038689146228148,5.152883111343008,12.58820100839785,15.334096541378882,4.338459829161266,0.0,0.0,3.242976629583377e-05,0.0,0.0
3193001203,2009-10,Northern,3.211390142187223,5.638674600424006,4.478127740441316,5.369799299403638,1.0430590792640566,6.405789764848117,4.486893236710398,3.6406186184372076,2.9623346097151613,5.699469618802129,1.290709337434248,2.8648612294265092,7.935490511400382,10.469740235440224,3.140942599651026,0.0,0.0,2.563918180308218e-05,0.0,0.0
3193001204,2009-10,Northern,2.76304393774432,3.8867943461641365,3.8338640741605245,3.4154910534922664,0.8218148310458037,6.230073226051871,2.5706108965698995,2.998400751977098,2.385852718340532,4.5114541714834715,1.0360073068644438,1.7057846855787897,6.405251714574806,7.539599641187023,2.629577958501091,0.0,0.0,2.042597753486148e-05,0.0,0.0
3193001205,2009-10,Northern,2.4409614015898957,3.5758802943917742,3.2238327591744116,3.076724946338922,0.8349363817325817,6.0759135523512855,3.802557938281754,2.8449463733251132,2.129400830332041,3.8610751705724207,0.9670105141835195,2.2960633305496225,5.851937045651711,6.546225416511351,2.1214887762530483,0.0,0.0,2.112983102385853e-05,0.0,0.0
3193001207,2009-10,Northern,2.4928156172105718,3.6857218480298792,3.4421285236095764,3.281624668419105,0.8418436109109775,6.2989916000294555,2.9997337946454192,2.844071302015727,2.2356402556217176,3.956304250606289,0.9926064635592244,2.2154664472643173,5.549352538224101,6.162634694556345,2.2571342194173685,0.0,0.0,2.2541896696432953e-05,0.0,0.0
3193001208,2009-10,Northern,2.8795912469046954,4.253243706357345,4.139240225265545,4.000978748503476,1.1055100259218495,7.02496990503818,4.415299993363806,3.2844833751829876,2.608199449116026,4.391056322925587,1.1084479060627725,3.06310638305713,6.284465139983932,7.250170972203123,2.5116972227269043,0.0,0.0,2.1887732744013105e-05,0.0,0.0
3193001209,2009-10,Northern,1.119805817514046,1.6547944366515264,1.4160168892724747,1.4940104386667208,0.39811585842673425,3.071187514507896,1.847703413436585,1.278014944507347,0.9892126222785548,1.8347492901025264,0.3938392119501225,1.2363194409814735,2.8236683419319664,2.8454420036155095,0.9273755725545219,0.0,0.0,1.669112695194706e-05,0.0,0.0
3193001210,2009-10,Northern,2.7609913891199476,4.254171660554549,4.001064930391863,4.099056950415191,1.052815862836077,6.393806785537906,3.5595298682905043,3.206488089192022,2.632755244254775,4.482894659527263,1.2134619560615107,2.774605686326251,6.896145198360284,7.604330263331284,2.5447047711647244,0.0,0.0,1.8825760738571672e-05,0.0,0.0
3193001211,2009-10,Northern,2.1495081874709565,3.176278787556784,2.8976971681512715,2.9937626391923637,0.8588755117331999,5.849607329965015,2.9891312138323194,2.514775742091802,2.0023195439495205,3.5176307073914446,0.9916199727988412,2.133377027013895,5.179327814310805,5.652916630380173,1.9693417883372335,0.0,0.0,2.0944472784034254e-05,0.0,0.0
3203001801,2009-10,Northern,5.54577821929471,8.381547511746373,7.5756714735879225,7.2728632452364455,2.0147111606753696,13.414539132313678,5.666180983052155,6.479364883188239,5.681437779436164,9.076968340199484,2.41758885396468,5.975624088231237,12.068255575261908,13.961525265961557,4.791536416409544,0.0,0.0,6.842881787294124e-05,0.0,0.0
3203001802,2009-10,Northern,2.0842339878210776,3.4317298416045,2.782001709214503,3.0538422797267053,0.6651315913910574,4.495470386216402,3.2191379494976027,2.4591839176646197,1.8559001397959978,3.5307363220648535,0.8645425787638483,1.9796806230968804,5.2507965011200595,6.29520646639887,2.025649848480973,0.0,0.0,2.2156274652410992e-05,0.0,0.0
3203001803,2009-10,Northern,3.4970036907453674,4.8098751623345635,4.771003376559544,4.346627701841175,1.095956287806263,9.042019297569809,3.5370628970083065,3.8403614659300556,3.34203205021143,5.82819357375133,1.3569516684074494,2.948610189820095,7.783967593469134,8.992245111770403,2.8934576034639403,0.0,0.0,3.854220557823914e-05,0.0,0.0
3203001804,2009-10,Northern,1.1272465994577001,1.9145750670696424,1.4594510106841103,1.6316089770435953,0.39188423713188625,2.730226402876596,1.6434979498595004,1.3652751330829291,1.060788136639161,1.814819311679681,0.45245700622135154,1.4631070717819297,2.7773771179740443,2.733326778908157,1.0115058767642344,0.0,0.0,1.5167116161811241e-05,0.0,0.0
320300180503,2009-10,Northern,2.8811409126313268,4.29839863771147,3.941929136279974,4.02124385272366,1.0892377655890668,7.3687844372483955,3.7974856921553015,3.394961386320115,2.700648085636257,4.670841976276812,1.3628729285929897,2.810389785042506,7.006826985858483,8.08705290070008,2.5985533964286707,0.0,0.0,2.2799864034956575e-05,0.0,0.0
3203001806,2009-10,Northern,2.027264143090857,3.7457636334147715,2.7812659172503786,3.0172976910097633,0.5450711121907382,4.162275885884983,2.2876004723751517,2.466123433915228,1.9274244301712176,3.506059779751051,0.882259707885109,1.8728184858824235,5.151072419116335,6.0131473926802785,2.0426164181817965,0.0,0.0,1.9409577661971076e-05,0.0,0.0
3203001807,2009-10,Northern,4.401874510989551,7.353958392648901,5.983383417669982,6.423844769258122,1.7638384270295178,9.512470418896955,7.458205744559459,5.427396708013503,4.272928829595617,6.93207087795829,1.92501316040356,5.611245355138021,11.159734821673444,12.691629648907515,3.985969590138265,0.0,0.0,3.963436468944036e-05,0.0,0.0
3203001808,2009-10,Northern,3.2991920460994324,4.843614443105267,4.469550363228336,4.928753245618189,1.3822321421149957,8.036061228674457,6.378486969510943,3.553012946600794,2.905965406421455,5.144771133226017,1.1899593197439255,3.714796500124452,6.466584718458454,7.394205242253519,2.747604979872234,0.0,0.0,3.933013701991937e-05,0.0,0.0
3203001809,2009-10,Northern,3.5096221460666435,5.1839305127597335,4.784232026248343,4.641420209873813,1.2796265283271018,8.544908904263032,5.258028514955135,4.041085913012762,3.2683626793666485,5.266325367783568,1.400672611024982,4.073144961389938,7.656623221584804,8.356193303267855,2.916290118756205,0.0,0.0,3.0758231799735235e-05,0.0,0.0
3203001810,2009-10,Northern,2.730759021409575,4.344559617041531,3.64189420099854,3.591639520993051,0.939985894380132,5.8509183133292995,3.3483601075059304,3.1251175180063333,2.465923159322814,4.1466952160410475,1.104868437879374,2.8878761174447214,5.799515726601293,6.551518968281954,2.6120296004566215,0.0,0.0,2.763232360158094e-05,0.0,0.0
3203002102,2009-10,Northern,2.77564587649503,4.940770542411955,3.7578888198566647,4.178885063834166,0.9817913580350637,6.524781515202239,3.2769995840021355,3.3910077443294777,2.7964759510877513,4.79911651741024,1.2290250803171223,2.988887328521302,6.897217551521495,7.992994093925278,2.762455416697024,0.0,0.0,3.174139945656372e-05,0.0,0.0
3203002104,2009-10,Northern,1.8493688513125932,2.401866527380933,2.5373285336941613,2.533424726631982,0.7350102552285669,5.569202756918032,2.736042065079662,1.9839003716801864,1.5529997947895793,3.046394693909495,0.6673091134578528,1.4414539008400826,4.380966392962429,4.721919899812128,1.5583798536602818,0.0,0.0,1.8203322958092366e-05,0.0,0.0
3203002105,2009-10,Northern,4.553076638170545,6.216872861566947,6.695217000777333,6.552707087276474,2.057475626226209,12.182804323758123,6.67265977741045,5.119604712206529,4.375119146255257,7.074265530464914,1.9831550776757523,4.707340219932824,10.56586268478949,12.387004265797403,3.7534020622254953,0.0,0.0,2.8512731042736516e-05,0.0,0.0
3203002106,2009-10,Northern,2.5502915887347237,4.394839615409204,3.4497619420211425,3.840270767242803,1.0185145255728643,6.7334462327773625,3.167213045630934,3.164341470728312,2.5806790163714313,4.38685474578367,1.1303907389845538,2.886609743019221,6.107788366371315,6.70300359434503,2.5683190050975506,0.0,0.0,3.668122681682715e-05,0.0,0.0
3203002107,2009-10,Northern,3.1368399844370574,5.1431849116247825,4.332519717209068,4.569965196428894,1.1241283689155934,8.120367451614353,4.946461874033396,3.9606101226590704,3.1254883003071883,5.433186385260057,1.424655254318717,3.1214706521236812,8.545413508561248,10.172213195674676,2.844498040038034,0.0,0.0,2.767196442868857e-05,0.0,0.0
3203002109,2009-10,Northern,2.009747723580116,2.942523998632608,2.785561692537688,2.702860994162563,0.6869417052727723,5.0457144343911775,2.441359857372791,2.2825851555118213,1.7733149251564124,3.234431957609764,0.7872096153927458,1.729568550363973,4.629873487919622,4.810550372586929,1.8338118739358418,0.0,0.0,1.8318031092766135e-05,0.0,0.0
3203002110,2009-10,Northern,3.022184990073708,4.665976872867869,4.232719047865303,4.2878122071444,1.1359474643455723,7.398985102629156,3.7627923598393442,3.527885936625983,2.8641140142120554,4.7406516119521775,1.2934552052670858,3.2412310370410924,6.825909813389138,7.305107943450367,2.7449502026442225,0.0,0.0,2.577812215263815e-05,0.0,0.0
3203002111,2009-10,Northern,3.4462877154016303,5.003253225462993,4.75544139946957,4.209611544468889,1.1474674782939451,8.313581079945584,5.275689151088633,4.0410000553893415,3.0148950547374036,5.21301592349417,1.363958784447401,3.2724393833566325,7.83587663923028,9.379796943407822,2.957158331028724,0.0,0.0,2.6911702578225314e-05,0.0,0.0
3203002401,2009-10,Northern,4.976760255914282,10.394615190323034,6.804899396040111,8.733633712911768,1.8461930096732884,11.7949326395686,9.530266088763694,6.863998705646056,5.646177048313988,8.92368524606779,2.517005697736065,7.622379129781025,12.944041994963944,17.50791489234062,4.856089904865038,0.0,0.0,6.97656432384307e-05,0.0,0.0
3203002402,2009-10,Northern,2.2220938488245348,3.26034743499652,3.086722132010867,2.9267047329628,0.7765456988421995,5.743452575255692,2.576073523489588,2.5215525501484017,2.011050380138273,3.552070603375916,0.8997182244800284,1.9016577504622287,4.905300688605319,5.2623588605094955,2.0609864768717867,0.0,0.0,2.0207284801757337e-05,0.0,0.0
3203002403,2009-10,Northern,2.3982453501024024,3.3261274295723124,3.3008333507502527,3.5981352354268026,1.037225398747946,6.938163662471649,3.8089609177337582,2.62374518896437,2.12275881455728,4.017970919143227,0.9183379201053407,2.1718508872364266,5.494552778377499,6.08010126552096,2.083190861484584,0.0,0.0,2.5832714281876487e-05,0.0,0.0
3203002404,2009-10,Northern,3.4358593488919325,6.898606275668609,4.702841888372108,5.400014322316389,1.0935416991498286,6.351478925800417,4.784670999301313,4.306293394511152,3.4740732576796223,5.902976226375539,1.5529063341064855,3.8907340211485177,9.247435977877505,13.112009413106666,3.5257348339887766,0.0,0.0,2.832263142491009e-05,0.0,0.0
320300240401,2009-10,Central,1.4645340396076256,2.084675594031991,1.7893124469337973,1.866626680298493,0.544661776184704,3.7633251954150904,2.670171574267524,1.632990695553681,1.4168711153224405,1.9177850763090865,0.5697285368683306,1.9266240209011045,2.9733106622142533,1.9554468195061185,1.163839282082966,0.0,0.0,2.5310688353552733e-05,0.0,0.0
320300240405,2009-10,Northern,3.7994515268721387,6.708308970373369,5.147805861474083,6.1933853537702666,1.693682074655701,9.280607928735908,6.271120241955937,4.983308889301209,3.964151906331028,6.635902468854458,1.6888128420976656,5.088304085915367,10.470993734474764,10.259064629008368,3.598269463105698,0.0,0.0,4.7631601992067935e-05,0.0,0.0
3203002406,2009-10,Northern,5.060367172985475,7.15180285622233,6.698107584280637,5.964718257145825,1.7274772010590076,10.586883863171787,8.416287806523263,5.367855179771691,4.16934210928723,6.615086319729982,1.8833518822379227,5.4935518415485545,7.748052767487704,8.749783903958207,4.382098817067687,0.0,0.0,6.594731385712434e-05,0.0,0.0
3203002407,2009-10,Northern,2.7719346205139312,4.184142509764341,3.7627236883340998,3.5957900189781036,0.91836022969915,6.158094821314071,3.011964156610872,3.1017317202456596,2.5398876179326697,4.457487273989198,1.0709097717465395,2.428521185489873,6.415097833820417,7.592427049079912,2.559347030562381,0.0,0.0,2.621509368219263e-05,0.0,0.0
3203002409,2009-10,Northern,2.2135754079551746,3.0604249654050903,3.0301410872090933,3.31425361586753,0.9451140426326607,6.429500590565427,3.5118536229959116,2.406257394516979,1.9393460136905531,3.717935515388435,0.8315234042232034,1.9819268757396091,5.072778243274829,5.574719635903754,1.9181583975762853,0.0,0.0,2.4920974202078263e-05,0.0,0.0
3203002410,2009-10,Northern,2.186320640917239,3.4653681337802826,2.9634622266335873,2.9668887035683897,0.8159293025987951,5.711270269986109,3.6113245036790667,2.7442555397023614,2.076355532197582,3.4585085420656485,0.962671728155711,2.6127860014572692,5.739533631281547,6.038641074756758,1.8542307056656282,0.0,0.0,1.9049537135201626e-05,0.0,0.0
320300241004,2009-10,Northern,3.0362599847103504,5.121514657830475,4.163547347564969,4.186083417758153,0.9492442634883529,6.343942477664173,3.47789190095362,3.615731147264234,2.959480002768357,4.740676196747682,1.2804611340882313,3.404596917416697,7.033673966406548,8.241720469944266,2.740638138865122,0.0,0.0,2.2592956088417184e-05,0.0,0.0
320300241007,2009-10,Northern,2.087773657355906,3.3316853151704393,2.69063523875138,3.052988971188826,0.8485529453018302,5.3727744551546195,4.118263407631924,2.4671313884053827,1.9178045418571308,3.3416118318038808,0.7724188860709547,2.7404843915242125,5.05880975551843,4.754756315277184,1.7753991305650059,0.0,0.0,3.40190454546032e-05,0.0,0.0
3203002701,2009-10,Northern,2.433120920287215,3.7430102597898016,3.315196686937814,3.048204539966441,0.8615050412347514,5.616789694569384,3.3546168380222077,2.86740030499624,2.206061621204858,3.7440377170063868,0.9768603366066348,2.4418889843932146,5.575816617019819,6.124217951318848,2.227919923373259,0.0,0.0,1.9592038063643737e-05,0.0,0.0
3203002702,2009-10,Northern,2.2592273387114914,3.30957803829099,3.185994062470846,3.3392856484524045,0.8081008725283102,5.698260873917755,2.78389964267368,2.4263873841858605,2.0459151479514293,3.785853342172736,0.8590544838253885,1.9250691259467374,5.129042021514339,5.91075925394331,2.0255542829749915,0.0,0.0,1.9359203222344164e-05,0.0,0.0
3203002703,2009-10,Northern,1.1568077878385106,1.5140628976501282,1.5213242152370654,1.5800449212111005,0.3589755224074452,3.087031424225531,1.661305633121558,1.1428581964591566,0.9168344451933894,1.9082358496354144,0.33709405326232283,0.9122062002921819,2.424856459887323,2.786794849999096,0.9023480983869041,0.0,0.0,1.9385594427896264e-05,0.0,0.0
3203002704,2009-10,Northern,3.272019166730685,5.283411715579723,4.5127876185462465,4.420245922794014,1.1143171086400943,6.959379219259922,3.658147210019187,3.8392349789624545,3.1497752846808873,5.405631477096582,1.4368167869052542,2.9654918347480104,7.981561969142002,10.031289841065746,3.221535687430309,0.0,0.0,2.6196342477304262e-05,0.0,0.0
3203002705,2009-10,Northern,2.473415755874463,3.804119382542507,3.3725618847310237,3.3415152771336043,0.8250960510663464,6.182150256426859,3.2724386608746636,2.8647297964294327,2.2436077808554153,3.9668958013086604,0.9926221236928379,2.3813537805657305,5.578581621343474,6.273041662806621,2.2324016027217777,0.0,0.0,2.444072956089043e-05,0.0,0.0
3203002706,2009-10,Northern,3.167961708846065,5.160621205829771,4.535898404448668,5.025137934042089,1.1020818059022899,7.0361599445706,4.045791458238307,3.6256192914546514,2.986813054171388,5.492153259487913,1.2821441239333946,2.6952355830441386,7.601940385741402,9.211890147071538,3.055816190842178,0.0,0.0,2.539440384544097e-05,0.0,0.0
3203002707,2009-10,Northern,1.6352477845115054,2.3671067345843984,2.175868978004474,2.240880880319304,0.5832104441394543,4.24567646663448,2.192560064255544,1.8513872627989212,1.4299841579087325,2.712860459538371,0.6898258881986057,1.4226366918685573,4.003165750399155,4.362698217861502,1.4955392793517357,0.0,0.0,1.7580779230422122e-05,0.0,0.0
3203002708,2009-10,Northern,3.477489200943513,4.909836168308303,4.776865095419004,5.049079218098621,1.2251418002516061,8.357039795057988,4.476573533025947,3.644706823270143,3.0810203561310536,5.7983189179290875,1.2701324092145185,3.0090088792156653,7.393491794739565,8.765294414260456,2.906066611571892,0.0,0.0,3.333648700522691e-05,0.0,0.0
3203002709,2009-10,Northern,1.5297240335550342,2.266942120089997,2.095079137061174,2.3022597326581598,0.5747680730093965,4.104183986582912,2.049718039683885,1.684144000166453,1.3656162527085114,2.6654970597717127,0.6033263932656996,1.2112481045408807,3.681598481705045,3.967117210816625,1.4401070439713635,0.0,0.0,1.7321162696386317e-05,0.0,0.0
3203002710,2009-10,Northern,1.6998836923066254,2.879172373526238,2.3229036000383587,2.373758695334195,0.5610516018040211,3.880061562427665,2.288144349823702,2.0550661682371603,1.603530378051569,2.916231541486728,0.6805775334813245,1.4975404259859129,4.370476682707818,4.982881120139009,1.698762682339771,0.0,0.0,1.7929877444968897e-05,0.0,0.0
3203003002,2009-10,Northern,4.2363658083648446,5.863256435432775,5.8502327502911715,5.299761852661324,1.3734417905519025,10.858982751358317,4.288509817274108,4.707866794510343,4.137631307866271,7.017721193382179,1.7273498118417996,3.6656452757624702,9.437499137354408,11.217785253808374,3.51644523294298,0.0,0.0,4.2011465324986694e-05,0.0,0.0
3203003003,2009-10,Northern,2.6452539058383913,4.049000650441182,3.6232961421227023,3.5422868233253806,0.8270844781851875,6.103657536300272,3.363277955040008,3.0357955933581358,2.3312468279742786,4.249094446287359,1.0279274370036697,2.3299827403638553,6.089179725066651,7.085686394235372,2.4121768976550366,0.0,0.0,2.3381796354365327e-05,0.0,0.0
3203003004,2009-10,Northern,2.7004691430722927,4.798309868420052,3.6133005150358963,3.7568937634246207,0.8145176946068314,5.735424768439798,3.5375289499744977,3.312252316920709,2.563668165955003,4.565416538680746,1.1068910272224963,2.680491298797815,7.230069472228629,8.99480751911798,2.5544501358450233,0.0,0.0,2.504052653896292e-05,0.0,0.0
3203003005,2009-10,Northern,2.3956144470741663,3.8397199040461056,3.3824657111363607,3.4238693859582545,0.8366927405970376,5.717712366519378,2.6180131312154082,2.802094484409327,2.31770848516423,3.912330285077065,1.040906124784824,2.2434728368210624,5.412580642658002,5.815074572536045,2.3437971808531306,0.0,0.0,2.193358993330962e-05,0.0,0.0
3203003006,2009-10,Northern,2.3785260057885638,3.660094737315356,3.230234871948596,3.3285239291982083,0.8376058660621477,6.369359533044036,3.9660710263186183,2.895156783199787,2.2177206753435676,3.9254451751338237,0.991327616863892,2.4249818180083,5.843898849514762,6.568525299782705,2.0918976004919605,0.0,0.0,2.505710488365752e-05,0.0,0.0
3203003007,2009-10,Northern,2.2092074655116316,3.3009750860985156,2.925826721987605,2.88756694200069,0.6825339470778272,5.5331062876385655,3.3210019889519113,2.5688977416328327,1.9079912068985367,3.6486169966462025,0.8779404918903058,1.9002493178036315,5.4635368029626425,6.299758625408722,1.9228679065536354,0.0,0.0,1.9753142724113942e-05,0.0,0.0
3203003008,2009-10,Northern,4.499802774162679,5.9651998881552775,6.329691121020143,6.387839653625059,1.8944149723192385,11.94508348631139,6.371019103912084,4.756800837375127,4.046942998768819,7.223448035157816,1.7071625299236266,4.153515614768099,8.783871242595888,10.30082743710875,3.664426633444949,0.0,0.0,4.4602424296070315e-05,0.0,0.0
3203003009,2009-10,Northern,4.878735251142366,6.4768378891354565,6.906468615613707,6.931502755532673,2.078978812805047,12.90149156421779,6.912887020811028,5.187829793294583,4.429055570985104,7.808792808170071,1.8881596879361018,4.538695216165084,9.523389302984093,11.311836455310576,3.977616781952508,0.0,0.0,4.618730652046652e-05,0.0,0.0
3203003010,2009-10,Northern,2.915824326953543,4.628898012470193,3.913613443519118,3.7682948342221305,1.0133929850462735,6.277640320046813,4.580372498350521,3.416980329984778,2.6379924435244115,4.366416989949594,1.1278242348413448,3.287142797180964,6.518847708306848,7.548216444040957,2.6198552402124156,0.0,0.0,2.5359599689700874e-05,0.0,0.0
320300301003,2009-10,Northern,1.3303174140734524,1.862966007108484,1.7440391427809356,1.721072759506189,0.510514028652612,3.9468393074565133,1.9457259212408968,1.5116396449927674,1.1674053286033408,2.2614465319137165,0.5331478053586272,1.026605121039227,3.3232628163839446,3.4898719080140577,1.2154497826080686,0.0,0.0,1.5871092838475542e-05,0.0,0.0
3213002101,2009-10,Northern,3.0170103674075586,5.732198319652788,4.155671459696436,4.599681188955699,0.8550313353042667,5.773671151088069,3.864118483406089,3.7340403623161844,2.9168686181208887,5.140894384150016,1.3307955870593697,3.0893691554330234,7.618258386607531,9.998881856077665,3.0561792186449983,0.0,0.0,2.6292515062650745e-05,0.0,0.0
3213002102,2009-10,Northern,2.925409612217052,4.306526167540254,4.117550101092689,4.514310817422437,1.1678638594760364,7.4938575125130065,4.273959436599433,3.2221366880335984,2.644610923706821,4.834974561873647,1.1267546331013436,2.832844432114222,6.726259343086968,7.393033523578982,2.5541956681842106,0.0,0.0,2.6287202532253227e-05,0.0,0.0
3213002103,2009-10,Northern,2.6126934966164916,4.068613400530273,3.557187729017415,3.5465874819553704,0.9002152964675411,6.421682871855675,3.605763681206166,3.122817991910159,2.416702006236913,4.451341651806176,1.1457326920790323,2.1731205010041177,6.796852314356528,8.02918921001269,2.4739489525115923,0.0,0.0,2.1591279846756107e-05,0.0,0.0
3213002105,2009-10,Northern,1.4592422871194266,2.397116029203594,2.060670687403114,2.15619455406389,0.44951331480611867,3.375031830304106,1.6782937995459537,1.7386440543104646,1.3843976975979717,2.520790788526341,0.627773370406177,1.1553817287807897,3.632790076947195,3.7104443645162473,1.4545341725191554,0.0,0.0,1.58464735533003e-05,0.0,0.0
3213002106,2009-10,Northern,3.114010221656231,5.311942173342927,4.185683676936351,4.432811362108615,1.1108329069278484,6.661089701662371,3.864971422861436,3.7141700745472046,3.0101528989971493,5.029835396672122,1.3740140257256448,3.48992437277544,7.809528592316046,8.735020186955394,2.93823912878984,0.0,0.0,2.5454283925898462e-05,0.0,0.0
321300210601,2009-10,Northern,5.356960211439577,10.79368039763152,7.198664516584153,8.157585844045848,1.773771665533633,9.39476315868276,7.680814275636373,6.777641776868767,5.384451944660216,8.658068277947285,2.475660650071768,6.969409559622804,13.516473018429714,19.9772667410544,5.366345946241474,0.0,0.0,5.106778576568346e-05,0.0,0.0
3213002107,2009-10,Northern,2.0115006583450956,3.509693588954782,2.7694986034181537,2.9884283003140664,0.7067357489881735,4.492662638668427,2.7350438747258172,2.478320177968518,1.9701478871073321,3.3965655408596,0.8674317559445436,2.1716449335020496,5.316102056134107,5.867116416758733,1.9763138791845598,0.0,0.0,2.0253854171380207e-05,0.0,0.0
3213002108,2009-10,Northern,3.615105800072656,5.03559416976149,5.171035725381908,5.16115585431592,1.3644139420714396,9.161579621044297,4.178550602077918,3.934610015656648,3.3357793797104343,6.020137790953869,1.4156806984451495,2.8491112105916683,7.923516035883777,9.38118142949437,3.1977659869841335,0.0,0.0,2.9983640696369396e-05,0.0,0.0
3213002109,2009-10,Northern,2.9269620408313055,4.020439973564698,4.132992025833986,3.817481219591113,1.2191404190892463,8.644976950440524,4.470187710758298,3.566635939862991,2.75430428133105,4.565796846353979,1.3973438366815987,2.929625113148373,7.2189934514972895,8.348965986205915,2.4225606095306333,0.0,0.0,2.12058369218838e-05,0.0,0.0
3213002110,2009-10,Northern,3.8124961648805016,5.461371719680677,5.4546149758995846,5.778674445245345,1.4538421456634327,10.111438980474391,5.873721975511041,4.206259887716403,3.563450601121239,6.409576990802417,1.521998596495248,3.566072190218572,8.285899818221402,10.316173810604013,3.2039499007311254,0.0,0.0,3.472345914916305e-05,0.0,0.0
3213002301,2009-10,Northern,3.069698490144811,4.5417535837866145,4.076635765805487,3.961347855683329,1.0049986294536553,7.682127812860497,3.1015512236845866,3.468215282275065,2.97176937381731,5.1166785149705865,1.192303691738274,3.077446260098645,6.696225080337179,7.163672590509299,2.602358404554718,0.0,0.0,5.2572847768918764e-05,0.0,0.0
3213002302,2009-10,Northern,6.591435655280461,9.218451140463658,10.16434739256749,9.230909071620001,2.815530731559496,16.596796843691273,9.275218856193097,7.79683052554611,6.6640966336512,10.56628095281182,3.415537570692097,5.603706300905156,15.73671884687913,21.792779467231416,5.78142676999447,0.0,0.0,2.9006810024163602e-05,0.0,0.0
3213002304,2009-10,Northern,2.098830574879448,3.1704495554145637,2.8159416928881598,2.866556987537086,0.722478041314183,5.313058855505511,2.9747672754462915,2.435074483264327,1.8805712202399347,3.4607667443374597,0.8698279705869444,1.9160418682801157,5.0324799818999555,5.579494091545679,1.908699351993661,0.0,0.0,2.0485876963541493e-05,0.0,0.0
3213002305,2009-10,Northern,3.5959059576651904,5.7533783002977,4.998314912185791,4.748149436147494,1.3261595457762563,7.953462384457613,4.56884566687904,4.332542832351453,3.399478558503025,5.803743070661179,1.5758416548155125,3.3133046130469754,8.88784934009852,10.926512786232726,3.5396102459031984,0.0,0.0,2.740793761553885e-05,0.0,0.0
3213002306,2009-10,Northern,2.649305278527557,4.699982379683606,3.5337340640988066,3.9327607247555223,0.9302139282630554,5.126754142324787,3.965981976893028,3.2119710877510417,2.455947745453027,4.413962053462233,1.087289388490694,2.8701953179739395,7.069034118159092,8.3016597415587,2.659869009285467,0.0,0.0,2.5885025315631566e-05,0.0,0.0
3213002308,2009-10,Northern,2.4342033394943847,3.5801336006501145,3.3862372464242996,3.331595623344313,0.9305500830516792,6.298737664428704,2.90349827046105,2.8104955049492686,2.261512280358884,3.9154800445427598,1.0891092645924916,2.245411455815411,5.603005050178952,6.176856306442699,2.285915900039916,0.0,0.0,2.1531084830291366e-05,0.0,0.0
3213002309,2009-10,Northern,3.1809402840256977,4.3429073511740794,4.5239034863354,4.4700991265892585,1.2690687031431283,8.910417144167802,4.670287105744026,3.5006609365527073,2.7901427917860775,5.159931969326155,1.1981481259156406,2.644139598088796,7.018758121879511,8.20507517275882,2.7351329748863953,0.0,0.0,2.7997621202307628e-05,0.0,0.0
3213002310,2009-10,Northern,2.298208338667266,3.5022777792908113,3.200602263421085,3.1835218742227642,0.7682914651736344,5.302180096423638,2.4653533963810395,2.5704882788868986,2.068620316491609,3.7050119500226812,0.9181827615422629,1.956123385228833,5.104692615895807,5.584056030432898,2.214555000334028,0.0,0.0,2.084909830312445e-05,0.0,0.0
3213002801,2009-10,Northern,3.081271029601825,4.9835996534513605,4.128532489298514,4.522011138764343,1.1028648934042842,7.5141178891188085,5.134565363952855,3.7026128149612734,2.9287923133669382,5.014419427610217,1.336042722460616,3.5673603276718775,7.28425523936244,8.30807581008683,2.7377143571284472,0.0,0.0,3.086808086317418e-05,0.0,0.0
321300280103,2009-10,Northern,8.026714759387094,12.173939369213201,12.220448160820144,11.616581933520111,3.56145944606903,21.136069907790063,12.903825500481336,10.515593377615295,8.523514269401545,12.902825163548801,4.161546268494727,8.72214333095654,21.342970761677716,27.345511985340977,6.861511124513235,0.0,0.0,5.045706258070163e-05,0.0,0.0
3213002802,2009-10,Northern,1.8239616827463947,3.3908113548850656,2.513901364614827,2.79111955101757,0.5259513263108605,3.6465710219368273,2.1614650846833983,2.2207780579126566,1.7548090077849257,3.100836364491531,0.7704401379611036,1.8391848146391567,4.583418795812572,5.200108404851835,1.814317606753924,0.0,0.0,1.813616984349522e-05,0.0,0.0
3213002804,2009-10,Northern,3.8056710115708747,6.576894633404891,5.172868336299011,5.503562181421575,1.177847883378913,7.991402477853766,5.553235773452113,4.512514498173823,3.6239947345490355,6.009918139065345,1.6133404079224578,4.414282350101421,8.301709581693588,10.30705364687989,3.464278390324701,0.0,0.0,3.706721717784492e-05,0.0,0.0
3213002805,2009-10,Northern,1.9322474444010322,2.8742926774029818,2.5489281733838176,2.429742631797421,0.6396067073108882,4.622021875901194,2.512071641309131,2.1774567623731254,1.6555543207650787,2.992998202064321,0.719549217783218,1.8216666326530293,4.271923064861152,4.661717697465181,1.7515458504418024,0.0,0.0,2.1292023159622903e-05,0.0,0.0
3213002806,2009-10,Northern,3.0369673896836176,5.259446551095486,4.04501031481971,4.47848695618825,1.117914313345442,6.15133377462884,4.774346256760308,3.6936155653968155,2.8474827144806207,4.960266370591988,1.2556040904885648,3.5422179037046764,7.938845269135487,9.061385886428697,2.9177830597934125,0.0,0.0,3.0169277085374443e-05,0.0,0.0
3213002807,2009-10,Northern,3.5774285360481137,6.676008188976868,4.640898652486542,5.369690912499911,1.1627414639677698,7.535182588030552,6.04591299374429,4.323742482723357,3.5195053641888157,5.68695801924311,1.4835214906339134,4.999080754211017,8.207335057315754,10.20868421216323,3.1269251649681844,0.0,0.0,5.651396069601435e-05,0.0,0.0
3213002808,2009-10,Northern,4.514725318039424,7.7303430913576126,6.605507502608798,6.878517110637719,1.7693864402678587,10.735007037900246,5.972221568741616,5.7932463832442,4.86637919279512,7.539006660121296,2.2755522145162352,5.085464265623692,11.79114769714956,14.08784342908904,4.272780968910762,0.0,0.0,3.291096512884832e-05,0.0,0.0
321300280803,2009-10,Northern,3.3603918874528134,4.942231793279008,4.673014422619253,4.433172104720868,1.495406922902828,9.138920371667158,5.0151702746101465,4.008387690093713,3.2189253506519173,5.20782647106761,1.431777736417128,3.6614574797591137,8.006264446636552,8.524006914669481,2.981518461584534,0.0,0.0,2.9465937438314817e-05,0.0,0.0
321300280806,2009-10,Northern,4.511887612029417,8.172318228197119,6.232045012414785,7.154497641989579,1.7867949983877915,9.650120396333913,6.666104109090215,5.930854692664199,4.657318986907605,7.810782784208485,2.1138109448328284,5.447300388805705,12.740662042894288,14.444797695740135,4.459162913372163,0.0,0.0,4.2591182543329844e-05,0.0,0.0
3213002809,2009-10,Northern,1.8186456229218388,2.8267028363924145,2.4293688465139165,2.4028302621426962,0.6426379261605951,4.1668878430755285,2.495676889370307,2.1134756224204554,1.6044853633750236,2.996494482764594,0.7055733282283208,1.600103627476736,4.587882018742053,4.906473855138472,1.7548278356202243,0.0,0.0,1.833173263578157e-05,0.0,0.0
3213002810,2009-10,Northern,2.926193510749066,4.380723703603184,4.0876688527953124,4.016993333054771,1.1160488284491863,7.3107667403012995,3.392166197219797,3.3926760021881326,2.7713922592088167,4.83863108622099,1.2961151580457768,2.424574343237565,7.075599083236961,8.065120753014584,2.8092061161528434,0.0,0.0,2.2649156491963962e-05,0.0,0.0
3213003001,2009-10,Northern,4.9630045725255165,8.25733545176307,6.7296770280869795,6.851612056274375,1.5574406233588922,10.400200052582735,5.040492943486764,5.822697301300412,5.042298495883827,8.401308166438705,2.168232730079606,5.0817287277902,12.031392162295372,14.78386995772022,4.459103309566326,0.0,0.0,4.7433765512114017e-05,0.0,0.0
3213003002,2009-10,Northern,4.474895132740075,6.612354498447463,6.398449071123979,6.003543098685498,1.8834998796906282,11.173518982891043,5.2373993209865235,5.39218203513532,4.509224921079468,7.018026490131615,2.1195589331404343,4.330614290451661,10.942288346826308,13.405230051787266,4.089372737150825,0.0,0.0,3.042031736237687e-05,0.0,0.0
3213003003,2009-10,Northern,3.1978413712591327,5.068822230260192,4.438612647819533,4.59047044080612,1.1848088048578571,7.4508448732512464,4.46036546873714,3.8575482726557384,3.043698059948353,5.230577660875309,1.4905744480433825,3.220647345187086,7.721254782772597,9.146717720691738,3.0710848513517846,0.0,0.0,2.641327206113828e-05,0.0,0.0
3213003004,2009-10,Northern,2.7638856325576535,3.5268649232265807,3.836557269001062,3.7056450720661296,1.2111052235476665,7.406667963114684,2.991827838102518,2.7917765324512285,2.275420679379427,4.267065740805547,0.9447414964521617,2.142853299094513,5.388041393200374,5.711280445852523,2.4346239019355878,0.0,0.0,2.942503028437235e-05,0.0,0.0
3213003005,2009-10,Northern,2.968213948862631,4.828392185559591,4.202909598198435,4.363644352922624,1.0476146972754345,7.380618309879919,3.7524826411953716,3.6091865522594406,3.014700758507322,5.072633584993031,1.3393648660946589,2.9439092192498113,7.572394696331339,8.664603128896031,2.729561907008218,0.0,0.0,2.5143083794744346e-05,0.0,0.0
3213003006,2009-10,Northern,1.5527687983869634,2.332695243114554,2.079218389213122,1.9579356578656564,0.48881690064084005,4.053937752066602,2.3249940801918023,1.8560187537608708,1.4026976769724224,2.576821600486635,0.6157655181995796,1.396898207854112,4.05787659236095,4.768205382547178,1.340254826906477,0.0,0.0,1.5119773835751954e-05,0.0,0.0
3213003007,2009-10,Northern,1.4912353929265563,2.163731143672413,1.9396455091425775,1.9662353023754524,0.6140421414663008,4.360874538013692,2.3929227840224434,1.7572868079033725,1.3703923166353096,2.446113921824336,0.6151196374155127,1.490698663576522,3.8437549162360316,3.8611528865213036,1.3078793110375733,0.0,0.0,1.75669286083196e-05,0.0,0.0
3213003008,2009-10,Northern,6.29821789396613,10.514079452814455,8.701421138345257,8.728424004134457,2.0465374689896545,13.047919949106443,6.404206783204098,7.497813898963413,6.565409951789976,10.557012838696668,2.9074773257658038,6.587197409746817,15.256454095929046,19.470017442442362,5.66905737947768,0.0,0.0,5.256157637158151e-05,0.0,0.0
321300300802,2009-10,Northern,3.0875031725038165,4.845444883277437,4.2068199381541085,4.4587805114830505,1.2591436971592775,8.362297952019043,5.079464728981487,3.8367575102218936,2.9679007129358155,5.18486805307138,1.2627318962636491,3.372265569320889,8.13465697215326,8.293288715252656,2.7445078316461804,0.0,0.0,3.4687384486804125e-05,0.0,0.0
3213003009,2009-10,Northern,2.5386677492316063,4.326055161315956,3.5145634848244542,3.5901853221456803,0.8280940701081265,5.926364683618384,3.22760913057096,3.1138446057091635,2.4622110879803643,4.402993759559754,1.0755806208737473,2.185239582492942,6.539107364197153,7.698421773537606,2.513640660277204,0.0,0.0,2.297179112606813e-05,0.0,0.0
3213003010,2009-10,Northern,2.8596378107317926,4.705565847372557,3.856168474004161,3.8673415750598634,0.9740821810706611,5.749042357491299,3.482068277639137,3.3157924740048705,2.6088826058018424,4.444934291630684,1.1914523809951105,2.917826274677169,6.343360011618065,7.4077672662724865,2.8593299863076096,0.0,0.0,2.603489774238074e-05,0.0,0.0
4013000301,2009-10,Western,2.58495752375709,4.287611852333517,3.775400194389214,4.551611718577822,0.8495464298308327,5.38685580738176,3.9983651422020237,2.956103112894295,2.5300323938938125,4.355450124789094,1.2490115752168103,2.300545179497806,7.046031657865207,6.590468031022468,2.490659023584984,0.0,0.0,2.6272973194807424e-05,0.0,0.0
4013000303,2009-10,Western,2.6554144333659675,3.7373982663061045,4.006162071389775,4.078757994087482,1.0566903347594605,7.4780315513799085,3.4634234438920486,2.9777470727716504,2.6778417704656627,4.203133141812636,1.3156856288437424,2.19847755364412,6.567357323316516,5.577193984266494,2.418780624064288,0.0,0.0,2.2621202285922516e-05,0.0,0.0
4013000304,2009-10,Western,2.1918109553417295,3.2151818257720914,3.397512452322839,3.758190188109471,0.7528254202955622,5.843417638017155,3.203066419811352,2.473593731111062,2.1797775979618277,3.775972481455007,1.0361366951336273,1.5201671833328103,5.75999327035754,5.3946542167734535,1.9987001406295617,0.0,0.0,1.8073054269831465e-05,0.0,0.0
401300030406,2009-10,Western,5.277090278222312,8.02068857589849,8.161116794550127,8.80239602221423,1.9651178463913586,13.274069335754959,8.465920285320639,6.455568526081213,5.630002812791612,8.93735299498303,3.1407720226133984,4.065637333595501,14.920657777779363,16.052769060035278,4.8077237201912215,0.0,0.0,2.830209754766067e-05,0.0,0.0
4013000305,2009-10,Western,2.3706191933228955,3.4946613741356325,3.5865424444312315,3.861238700331449,0.8477377617492033,6.524096538199758,3.496985371748488,2.834624059459575,2.4290755710901384,4.015660392413599,1.2909587740175024,1.7690063512980334,6.305283352491705,5.829000547267634,2.18557875965164,0.0,0.0,2.009336246919007e-05,0.0,0.0
4013000306,2009-10,Western,3.0067471941275903,4.1500052630326,4.468500383006551,4.531467253665023,1.1151694290259073,8.271952300621106,4.416586134727406,3.3682156964887353,2.955695047336083,4.6467890737564055,1.5056194633434499,2.5358089634162657,7.131956301858978,6.468542097443617,2.6460933723044238,0.0,0.0,2.440662142003202e-05,0.0,0.0
4013000307,2009-10,Western,2.838475396678933,4.624611058281062,4.3171218631287696,5.076979643092524,0.877402147884812,6.034201482821515,3.6305952879009573,3.1786686229362577,2.7930433869588587,4.951772472877977,1.5486739836633743,1.9929885671485938,7.34664112209633,7.099860920557495,2.837533631852147,0.0,0.0,2.0544583806964267e-05,0.0,0.0
4013000308,2009-10,Western,1.6918339759177485,2.349353698198237,2.4669236935500614,2.590811198894496,0.5552599912005602,4.3430084731512695,2.2005144385679856,1.8189753263342006,1.5569526435850707,2.723763041970175,0.80596178141771,1.2625319823596293,4.180303100741111,3.562093290107226,1.4983344121478657,0.0,0.0,1.5895022655612984e-05,0.0,0.0
401300030903,2009-10,Western,6.049907272591577,8.439233781381985,9.479891415483866,9.501155907366,2.3726729092956944,16.422295711415106,10.764228912808573,7.063370128879598,6.227010824044495,9.138140377555732,3.0339247116682424,5.716687067756125,15.556525730086124,15.341530885149407,4.962036199098471,0.0,0.0,4.0019559075342835e-05,0.0,0.0
4013000310,2009-10,Western,1.1491511799394705,1.751505896555937,1.7442593728371836,2.03777442109374,0.3377795822526244,2.771823617725516,1.4932039751040806,1.2179972940034451,1.0485824775768244,1.9578431519898507,0.5174690820478249,0.8731071134969774,2.824905649360163,2.4122834443242973,1.0377004282575681,0.0,0.0,1.2274866466651888e-05,0.0,0.0
4013000501,2009-10,Western,1.7300653208727461,2.8136288071384463,2.5802865215984228,3.04466606107251,0.5261350498608591,3.981160166242522,2.254042818935165,1.9543045929832514,1.693319028698475,3.067076814267716,0.918372829327024,1.2191584284920947,4.504297967756423,4.154786572514841,1.7191589167514387,0.0,0.0,1.740541450976006e-05,0.0,0.0
4013000503,2009-10,Western,2.878159190938096,4.5377372257770725,4.293695750984091,5.003461521434101,0.9399489298797191,6.536465712555932,4.687999485959867,3.301391896327819,2.80824618520913,4.901596045349773,1.4874977150176742,2.286619269180042,7.3261653047494395,7.232709410167854,2.7908959890318616,0.0,0.0,2.5631809635315695e-05,0.0,0.0
4013000504,2009-10,Western,2.5553371835923215,3.853622535715152,3.96359487996357,3.890197584346107,0.7321064147485541,6.041264216808282,2.7115746065939974,2.910106390853192,2.5353495123038217,4.488974546326806,1.2518654015330077,1.2114715420545594,6.511212582720605,5.79889479097963,2.5947184419989155,0.0,0.0,1.7196688521062907e-05,0.0,0.0
401300050402,2009-10,Western,1.8476380560082601,2.528309827926217,2.6534870114709737,2.7580013840671693,0.6370423120436859,5.451113745023191,3.2207976079130707,2.044464138056686,1.6904642618544878,2.9763026954522824,0.7956059742117532,1.487352348307335,4.731448584031317,4.014252008297339,1.5328329523531676,0.0,0.0,2.1291252268184325e-05,0.0,0.0
4013000507,2009-10,Western,2.7190333659782433,4.0053892584260815,4.042363091917796,4.513260006512085,1.0308330351149526,7.009010495836851,3.705545656415683,3.1373093085899835,2.7165561078577203,4.653703088229935,1.3639815949547622,2.0542579970495884,7.486987256711812,6.436912631115798,2.5709970168118312,0.0,0.0,2.47884160132711e-05,0.0,0.0
4013000508,2009-10,Western,2.078052161475403,3.3367588354708904,2.9762431501984934,3.3958423984610837,0.587071830058285,4.307937802005853,2.856119077805475,2.300224478435972,1.9271978441884259,3.479555169732915,1.0449413008173003,1.5670122191767355,5.339044485878558,5.252105220060784,2.005714746003785,0.0,0.0,1.8909711088528197e-05,0.0,0.0
4013000509,2009-10,Western,1.7233614841554485,2.67870171661175,2.4997659629941666,2.89345368940977,0.5697504670674443,4.022402782136289,2.3093834376301685,1.9050407789172894,1.6375029286797862,2.882816812267897,0.8314703763281339,1.442922791253519,4.583670204753287,3.861465028597674,1.6054049137992605,0.0,0.0,1.7612313887891485e-05,0.0,0.0
4013000510,2009-10,Western,1.8797967881939224,3.1854321053721626,2.8923875577503697,3.4874950447485085,0.5811212623409696,4.286209332094969,2.429575477773817,2.171515657470533,1.939180736264949,3.3176872030853795,0.9677960938466437,1.5018646701471325,4.944307582808153,4.239618082005017,1.860709125152331,0.0,0.0,1.8864987746903767e-05,0.0,0.0
4021000201,2009-10,Western,1.8138971699705726,2.5618904033380168,2.6269425046879546,2.7846997565891947,0.6182914386411381,4.729944097314028,2.5943873235527364,1.9838191025545526,1.7050250092217663,2.930785280340517,0.882425467508676,1.3866705126000556,4.385160950010499,3.8391624109744726,1.646016597851162,0.0,0.0,1.8513458493509655e-05,0.0,0.0
4021000202,2009-10,Western,2.4693515423824244,4.01541343558952,3.9474267913248693,4.302989508276475,0.8219767700171444,5.889458505945883,3.3074790247073937,3.049612972079125,2.578509176588081,3.936596155199656,1.3354202038418623,2.591646292741949,6.5751088015443235,5.82710863466104,2.2059680643827897,0.0,0.0,1.748136732318616e-05,0.0,0.0
4021000203,2009-10,Western,3.4020847188105376,5.917307790705866,5.1531889234646275,5.976871281148211,1.0093743467021177,6.840775688301684,3.715868578521321,3.8519348236301476,3.545637930310818,5.830924431017661,1.8469103038394008,2.640404721268835,8.408300774849408,8.14662436264616,3.5192240091299256,0.0,0.0,2.56857902603409e-05,0.0,0.0
4021000204,2009-10,Western,3.0896065769442633,4.319734911263493,4.851477934741323,5.196670058526264,1.2567964519044317,8.180038025333387,4.307984087466267,3.320273836538949,3.053905075539854,5.036588329134515,1.5008811235708701,2.315935005188072,7.453150818863514,6.553880315993166,2.8608443982352507,0.0,0.0,2.1162200197128282e-05,0.0,0.0
4021000205,2009-10,Western,3.1603094975763466,4.439943777648108,4.828799535321328,5.0350524170013164,1.17958293867436,8.993012171292646,4.8084504029611566,3.627585098448382,3.143211812680225,5.115023876585089,1.6384718153895652,2.5088248079427737,7.6571672040838,7.226266633013475,2.8272764963601174,0.0,0.0,2.5542497038858714e-05,0.0,0.0
4021000207,2009-10,Western,2.2048968704436227,3.168328169395997,3.2350934334763894,3.376223534999401,0.7156717351002317,5.967774537096809,3.368026028199089,2.5225814206673216,2.123331237325102,3.688393861354141,1.10518029705752,1.666020860124428,5.8890731853349445,5.708561433173337,1.8802924747349983,0.0,0.0,1.728672307504252e-05,0.0,0.0
4021000208,2009-10,Western,3.3911725701250397,5.596455332344965,5.277404731400654,5.654725254039001,0.9709489471955804,7.3664669313319715,4.134827615915739,3.9879081134588623,3.4262526180088475,5.808224400035083,1.8356670647098197,2.327050164640498,8.732208673043784,8.565411436725764,3.3701134876575867,0.0,0.0,2.1818388130252005e-05,0.0,0.0
4021000209,2009-10,Western,3.2688989338549197,6.89806555492389,4.926126429682493,6.904651733210482,1.018140848499068,7.366841724881883,4.8299743051847335,4.290070764357301,3.929264487343091,6.462200956166594,1.898109346111267,3.3701858472867925,9.887256649025094,11.10043064011337,3.4262511463403422,0.0,0.0,4.0150836247145e-05,0.0,0.0
402100020901,2009-10,Western,2.0531678519434284,3.3834189104698225,3.0287789094497057,3.56002345005183,0.7263993908103291,5.184538296504668,2.6799370541618392,2.4602782719375025,2.230571145629917,3.6153539140148165,1.0895405469454158,1.7403077808886556,5.765557121134895,5.108266903053713,2.0194534183475463,0.0,0.0,2.1722918669436323e-05,0.0,0.0
4021000210,2009-10,Western,1.7161834426325877,2.3463878376212604,2.454998449429272,2.5608126318873534,0.5867353155328148,5.079438430895081,2.9918510453884393,1.8917790878641345,1.5600455761022187,2.7744426786816025,0.7329141234680059,1.370268118035984,4.3906942871354895,3.709509975031301,1.4223945123215584,0.0,0.0,2.0616247481500998e-05,0.0,0.0
4023000701,2009-10,Western,1.5401237736415339,2.176399534804077,2.281053829812198,2.8188628471084973,0.588924158026357,4.369590568547467,2.503770075748608,1.6295690116494814,1.447247981261941,2.6815635881198494,0.7791935182394957,1.1767761878614307,3.952592181799162,3.5206387672194457,1.3526263113671964,0.0,0.0,1.5994409888351287e-05,0.0,0.0
4023000703,2009-10,Western,2.272814586900404,3.99786167749665,3.342746479108834,4.360388217095677,0.7619058134560169,5.608095087737979,3.5235367021863024,2.7644376849339327,2.459382616017998,4.28347473154063,1.2212217758058923,1.990837062716556,6.705417699161695,6.405460433050246,2.2040120365433182,0.0,0.0,2.5522422465447954e-05,0.0,0.0
4023000704,2009-10,Western,2.7477768260800457,4.242657104005768,4.083207146360145,4.6700337740778375,1.0498746760785134,6.565142959355301,3.730644964562522,3.0985578052724754,2.798956912702662,4.507453843947876,1.3642100439583236,2.468438101727252,7.039483783442149,6.030093509225998,2.6284238256762538,0.0,0.0,2.6385047135546536e-05,0.0,0.0
4023000707,2009-10,Western,1.7031014589994882,2.8283482510553632,2.6227774398525057,3.0762818376498853,0.5739138695726274,4.242397080754744,2.359163271518674,2.0558163612213765,1.8467282200933088,2.924858491629249,0.8388853287186482,1.5514136742389135,4.966341086988175,4.045430635449596,1.6080141989410255,0.0,0.0,1.7805307650887065e-05,0.0,0.0
4023000710,2009-10,Western,1.5094147587340123,2.2977592411123364,2.335204687123847,2.8444174213844886,0.48277461996079857,3.6383427149005203,1.84829391948639,1.5389742326549107,1.440388946768591,2.710396948504967,0.6997602526868546,0.9780637151172766,3.720340976274012,3.2618421442868826,1.4147752462869223,0.0,0.0,1.4323453180993388e-05,0.0,0.0
4023001101,2009-10,Western,2.4005348058405214,3.9440908220612902,3.470320985904958,4.119126923047874,0.7561664991655158,5.04894520725665,3.653145642127865,2.736562624421993,2.2949446644517777,4.0349775497682945,1.1385977224539598,2.0885569768786625,6.532421938842168,6.156424142478946,2.2881513835523104,0.0,0.0,2.5202122671198253e-05,0.0,0.0
4023001103,2009-10,Western,2.8762015099751297,4.221022055963083,4.431882846202647,5.246798699491572,1.0009413269255558,7.3677349085227,4.980316178129706,3.101329041472058,2.694130402050024,5.033778449502847,1.2783628110845533,1.9923130827752475,6.910636634164803,6.893723912167686,2.5991651445417814,0.0,0.0,2.6193068723361462e-05,0.0,0.0
4023001104,2009-10,Western,2.191954658454131,3.3289480178993296,3.3290684065249585,3.7379648915420827,0.7180633685699879,5.568551076199572,2.801869475474027,2.497150077210641,2.2204457470594945,3.9494940643090435,1.1047025469744367,1.413502502229667,5.929641152992872,5.735280732562555,2.093728494175011,0.0,0.0,2.011200889504383e-05,0.0,0.0
4023001105,2009-10,Western,1.6327641593144946,2.29256428225352,2.3323188188889814,2.552125592956252,0.5590346613101479,4.323366398406126,2.809385011331068,1.7898729663332604,1.5023810926291372,2.624477238669901,0.7572595264302829,1.375434120963957,4.0852695033030795,3.4570066731103126,1.4100378116746066,0.0,0.0,1.8310395925860957e-05,0.0,0.0
4023001106,2009-10,Western,2.037001081262565,3.0625687974202314,2.965836835250121,3.2944895994449306,0.6751940438529449,4.736040474722776,2.7452556474034067,2.2376815045235836,1.941584900157167,3.329982407471493,1.0298171990026501,1.5940005911392203,4.972177230520597,4.486172975860072,1.954503267336133,0.0,0.0,1.9806670982423875e-05,0.0,0.0
4023001107,2009-10,Western,4.582866431296274,7.766698588017104,7.108465974425279,8.094627618633671,1.4027916125552153,10.163910401751352,6.863419709946046,5.455211297460416,4.916306244798705,7.635732445629618,2.4188754151523923,4.1651712044366915,10.955477381793525,11.758057212376288,4.401387888792875,0.0,0.0,3.8047623695012435e-05,0.0,0.0
4023001108,2009-10,Western,2.045097216544573,3.149479029142955,3.0674000111104056,3.5625158214058574,0.7186534298356354,5.409695692847234,2.9164942663476023,2.342453544967857,2.0820236112117243,3.516025147266132,1.0544021941798511,1.6708096162744723,5.101412817041888,4.537773342949181,1.9461598969294345,0.0,0.0,2.2180477998419015e-05,0.0,0.0
4023001109,2009-10,Western,1.0513686447814672,1.7232526337833514,1.550604022924584,1.6820586422970005,0.25201787825642175,2.4532521099740374,1.3630634969323574,1.2144419848966044,0.9966314535284356,1.9050496125512708,0.4947177689042332,0.6072795004983981,2.7957396695121908,2.516314523613864,1.0064356836783366,0.0,0.0,1.2953147474536312e-05,0.0,0.0
4023001110,2009-10,Western,2.8896262034695397,4.35709268261008,4.318449501360403,4.62834020953407,0.9558534662637108,6.793415651984928,2.87882477027463,3.1839457852818533,2.8863391360005886,5.021348926055967,1.460934763350444,1.9358693183204916,7.006612688593905,6.761803064416915,2.896203093690752,0.0,0.0,2.9406075208622038e-05,0.0,0.0
4023001601,2009-10,Western,2.080805010336328,3.2839169640874593,3.151875580829037,3.5702522677221364,0.6524177096160019,4.855037955878372,2.373039722369729,2.2650892675383694,2.0297707395850972,3.5389714058922426,1.0662389431747654,1.515255300423165,4.885308847073049,4.513362240672867,2.072620018917582,0.0,0.0,1.9986914440132663e-05,0.0,0.0
4023001602,2009-10,Western,2.1717062668529192,3.2924244351162337,3.281055247911907,3.6391430925803046,0.6316738224962763,4.969201059917488,2.3491665041462677,2.2679792945068233,2.041010727534225,3.619296703590044,1.011068328604933,1.528782615370187,4.995551473143221,4.701032995385406,2.0259941528926024,0.0,0.0,2.0142258207046803e-05,0.0,0.0
4023001603,2009-10,Western,2.1126129595148155,3.460803035137093,3.054182965096344,3.4892755158333792,0.5885797164812842,4.247129643751666,2.842480314201079,2.356343777070074,1.9696272853105405,3.5824269290666586,1.0918264561012565,1.521303389432959,5.5283987015204605,5.462174069162628,2.103510223234209,0.0,0.0,1.8115025306168048e-05,0.0,0.0
4023001605,2009-10,Western,2.3367642377568196,3.7746226080719123,3.438345143042747,3.7723848640290787,0.6507404408643015,5.046874772342134,3.1052461274404686,2.6361027229055596,2.274285045077162,3.8597449325869113,1.1249807763026756,1.8462513318269,5.852098125267301,5.625172570840328,2.182107169936011,0.0,0.0,2.1131210648756374e-05,0.0,0.0
4023001606,2009-10,Western,3.467029825323221,5.454241796468931,5.313238229080116,5.684295619155707,1.0734251401465174,7.650494110934414,3.459590434035482,3.9177971382630403,3.5904366851386134,6.084916802943795,1.744204320127868,2.238727499034852,8.913252525225221,8.906301229317618,3.4918250017012653,0.0,0.0,2.8344406832924884e-05,0.0,0.0
4023001607,2009-10,Western,1.6078132752971437,2.2929868663349393,2.3746448729557965,2.685354169699226,0.594062214544313,4.481935148745831,2.067008031663878,1.7334772891810737,1.5597520093860069,2.7278937015408493,0.8534944900273012,1.182175413247334,3.9261944819857715,3.415578707343547,1.4911219144787837,0.0,0.0,1.6470740003723568e-05,0.0,0.0
4023001608,2009-10,Western,1.919506222485698,3.085843565189133,2.787992644974904,3.7292760088569086,0.7729921846030374,5.768545476549925,4.159234116082824,2.3065153513839385,2.0041295351044797,3.5832754717001185,0.992785508100612,1.846920990147105,5.319306216826014,4.633167980845808,1.7789923449872471,0.0,0.0,3.185911177602428e-05,0.0,0.0
4023001609,2009-10,Western,1.8443059047257742,2.7642650421650026,2.8213768845037124,3.304963127012133,0.554721686143705,4.726395706814975,2.3760601202198894,1.9341328171757626,1.7422017922840598,3.3688140639588395,0.837074236708607,1.049892452611863,4.543388250419153,4.403702344767689,1.689021802813805,0.0,0.0,1.6315812151148516e-05,0.0,0.0
402300160903,2009-10,Western,2.6367080756505357,3.9947903921556676,3.8121640101587997,4.6120377687766165,1.0044510118721937,6.8765958247196775,5.116541109724811,2.954158459518686,2.6186191350078385,4.29259406630298,1.2202237487825658,2.7677679936482504,6.632369734336641,5.427627255336084,2.2478909867551153,0.0,0.0,3.513549801630208e-05,0.0,0.0
4023001610,2009-10,Western,1.168143073894474,1.8213292357669464,1.710104291094201,2.0711260152805346,0.362931283658028,2.8484027097579303,1.6418112944631533,1.2598232022764058,1.0982945796589294,1.9504551827056877,0.5276782659420007,1.08950667495914,2.8981963263620987,2.4162569879049585,1.0227680033080817,0.0,0.0,1.4864811429737823e-05,0.0,0.0
4023002001,2009-10,Western,2.5456882112179198,4.385352692837279,3.7821252940226224,4.962474920457353,0.9480637712230574,6.803490259077732,4.48149033640772,3.1899126390150236,2.8223897889135707,4.804960286055976,1.387455721686369,2.375490797923603,7.5312355451481965,7.013768956050536,2.4752777500254832,0.0,0.0,3.045915764841746e-05,0.0,0.0
4023002002,2009-10,Western,2.1816214622753507,2.9207112334281784,3.365218655765352,3.868628146317795,0.9404828544371215,6.586224294766517,3.137116706845384,2.2856146179376404,2.1036482686849296,3.7311559309834483,1.0740184185760857,1.5247976267325885,5.462577556448417,4.884450285563216,1.9548836538412548,0.0,0.0,1.8113683752822195e-05,0.0,0.0
4023002003,2009-10,Western,3.062100324589979,4.401142782492744,4.692016209959711,4.810915400304544,1.1759529022766646,7.706670011290837,3.4055821970878157,3.3875337397277345,3.097482773688961,4.843426149445738,1.560625615896074,2.398421415000738,7.574192602968393,6.620326104413071,2.924794538809603,0.0,0.0,2.2475512473185765e-05,0.0,0.0
4023002005,2009-10,Western,2.6421155878942293,3.6308066718254506,4.231718328009243,4.834839628861705,0.9196758570000704,6.697030170840671,3.412353135591505,2.62356495402386,2.447370069754385,4.408964762114224,1.1781930123238709,1.823387038101686,5.708588296610764,4.821265840455576,2.394815022590965,0.0,0.0,2.0063423611850907e-05,0.0,0.0
4023002006,2009-10,Western,2.0138492398506878,3.3602707325089676,3.110213928122717,3.723031649513582,0.5840833957598578,4.565269180847197,2.6748691640602047,2.3160135887932096,2.060462215467054,3.610986048965673,1.0066459783448556,1.542385936566388,5.3609694107079875,4.89786187248626,1.9184113487759302,0.0,0.0,1.9162891842012e-05,0.0,0.0
4023002007,2009-10,Western,2.540725080796916,3.657374482962424,3.8498038966377504,4.1522873565368394,0.8934276139502018,6.536164062606426,3.2153753841049246,2.8059522180417478,2.4569052127886275,4.195007769428954,1.2957016341596272,1.8528646321164275,6.126941687522869,5.627696561500434,2.403887803177676,0.0,0.0,2.177539891215779e-05,0.0,0.0
4023002008,2009-10,Western,2.0472464699596347,2.6166369287404363,3.2289989969572126,3.5547491264626343,0.7800964270158999,5.927331295083892,2.5212348695176154,1.9981989688904074,1.8524990825551277,3.4590276187947095,0.8417676121569331,1.249892885289797,4.774137174041663,4.070540391229489,1.7762540774065356,0.0,0.0,1.7676220674181502e-05,0.0,0.0
4023002009,2009-10,Western,2.8463687440249728,4.845683177052105,4.304346319271042,5.099460843763187,0.8622516725366856,6.218519471634325,4.0439562211191395,3.31743728214605,2.9750954143341155,4.678892603734808,1.4369793870109755,2.8433138874367416,7.347853972864847,6.862026244277842,2.5862434168531596,0.0,0.0,2.297432393177226e-05,0.0,0.0
4023002502,2009-10,Western,2.4622078128666782,3.583782197168923,3.729847958642678,3.8747001925883193,0.8118458300074404,6.423545562436956,3.493252211319498,2.847053020033621,2.442666735723616,3.961866351936719,1.2106061496311271,1.9795793167806486,6.25732491033291,5.884849655101866,2.1893431705894826,0.0,0.0,2.0275247517535525e-05,0.0,0.0
4023002503,2009-10,Western,1.931530820878738,2.608968520883911,2.8456632361099707,2.890096298411189,0.659841051001509,5.755311371592849,2.958098508990889,2.1563460422683676,1.7899591857951755,3.1755326384062035,0.9287470425956591,1.336473092793416,4.701821154631068,4.2541805360312415,1.6883520660718752,0.0,0.0,1.8862981011305522e-05,0.0,0.0
4023002505,2009-10,Western,4.31843506243785,7.165787929841139,6.574019519687298,7.356128916603499,1.3371424637951768,9.068017135265375,4.404039378397467,4.8450514100582645,4.5763664645682445,7.590106155550001,2.35680948500639,3.0428223480191656,11.08821158753503,11.50387717130139,4.348008998635994,0.0,0.0,2.846599801651955e-05,0.0,0.0
4023002506,2009-10,Western,1.324977129013231,1.8541499842861917,1.9104148356850643,2.015964430063135,0.40100739039672506,3.8179269725629092,2.172608113589865,1.4858264312558003,1.2046021960472095,2.2615433951629256,0.6010785040444071,0.8865678680815046,3.3721454316179744,3.0337097237451855,1.1515268728071293,0.0,0.0,1.6437130529775484e-05,0.0,0.0
4023002507,2009-10,Western,2.02160394552262,3.0542488077992,2.9876081293656154,3.1006944063750077,0.5970198038977697,4.789003826196614,2.5169056515961037,2.2603492363590045,1.9306082423501407,3.2839188309466136,0.9628781839889602,1.489539409069931,4.9054131810196155,4.431710185898727,1.9021469404340106,0.0,0.0,1.937413677571625e-05,0.0,0.0
4023002508,2009-10,Western,7.5916560124832095,13.32567296489474,11.910299782208224,13.261519715465376,2.32356705557271,15.698443241145029,7.907100162949051,9.251553023365968,8.992162819379525,13.578732651902031,4.459883231678464,6.284909380893683,21.181974178077713,24.945508652888144,7.329735597999712,0.0,0.0,4.548686628227487e-05,0.0,0.0
4023002509,2009-10,Western,2.3792594741432382,3.393204539576617,3.564613043581239,3.9843683372683634,0.980638268989422,6.921220987096321,3.4376372793705094,2.6907722525388493,2.4226803192536246,3.955888083546825,1.3042177068647625,1.9688731879319312,5.86208439763222,5.198202109476066,2.208544499610301,0.0,0.0,2.163069445613458e-05,0.0,0.0
4023002510,2009-10,Western,1.7860030732527419,2.7800694247044264,2.640856779810887,2.859603769167595,0.562704677254686,3.9355939090082455,2.0782084493844586,1.9444456258167138,1.7354945580415004,2.84366917627847,0.8851379278677786,1.4525904803057919,4.2083582852070025,3.7075778003253475,1.7524439621777292,0.0,0.0,1.6962961040367747e-05,0.0,0.0
402300251005,2009-10,Western,1.62217238013951,2.535432845451113,2.3470055980507087,2.686392118930872,0.5270153070924474,3.7205706794473885,2.091276316216554,1.7949826249144527,1.5249065845202945,2.7388681091053875,0.7693355410841822,1.2627357531030545,4.22722550158166,3.739986335461673,1.5699872743401762,0.0,0.0,1.8974060259517325e-05,0.0,0.0
4023003001,2009-10,Western,4.5335039782929485,7.079995013344956,6.739112316042505,7.207573478288833,1.3741974675816908,8.249898583379064,6.441966537196536,4.812237286738019,4.191668908069595,6.874841849787926,2.1964006331808763,3.6917741265217603,8.90888223786921,9.297937971955522,4.57659582670659,0.0,0.0,4.5633656676339826e-05,0.0,0.0
4023003002,2009-10,Western,3.168084668589137,4.563730655281795,4.748254467154151,5.0447436331179,1.0613983411461174,8.257298081380917,5.351491349117439,3.6487952715603695,3.038974148540116,5.2053343622887756,1.5913702595889472,2.440932190178845,7.9562503901431585,7.784586276493287,2.833010249786869,0.0,0.0,2.5870919991789047e-05,0.0,0.0
4023003003,2009-10,Western,1.7071021299065068,2.576743396879994,2.4162581169896864,2.748186421888467,0.5922797131939046,4.329408986159936,2.6654812704416164,1.9478017692007714,1.7221088243477682,2.6869028118113607,0.7963642941904557,1.8439666686020662,4.612159172714333,3.8699096329429783,1.4455759016319338,0.0,0.0,1.625130030706089e-05,0.0,0.0
402300300306,2009-10,Central,7.410828718705511,10.498550968216803,9.56405525144805,10.155682585816432,3.7786812783120296,19.069468499502307,14.91129313330499,8.957416332963195,7.921048529213822,9.665246308369477,3.4132902075747977,10.731536396751228,16.240035997071804,13.295132482421973,5.783604710462334,0.0,0.0,7.973550604419339e-05,0.0,0.0
4023003004,2009-10,Western,3.531148262864876,5.503139794572075,5.493459679738645,6.128250150574924,1.1544463023456764,8.299928690518202,4.5819227007401135,4.033969095998573,3.6207394189586375,5.7848805599173065,1.7600605629163053,3.012470501378636,8.818529213800876,8.112057077959019,3.248977354687563,0.0,0.0,2.6329775263908644e-05,0.0,0.0
4023003005,2009-10,Western,3.1462297188413113,5.298854260797662,4.829068885453607,5.782119587702662,0.9827558657042894,6.854242396411738,4.575282874843757,3.6660582875799688,3.250146101479389,5.3708758555549005,1.6055456723184187,2.7745526813777084,8.216711431122825,7.684308786005046,3.006174034591666,0.0,0.0,2.5708144390627288e-05,0.0,0.0
4023003007,2009-10,Western,2.4789704762109905,3.704579764310674,3.7903654163014506,4.115179651277756,0.7925067230606888,6.280428366112379,2.636788468021252,2.6814832911806077,2.479589775566728,4.311583609321124,1.2121718240430437,1.624876493477717,6.02075876865457,5.779133250993405,2.35012756635243,0.0,0.0,2.169703799996525e-05,0.0,0.0
4023003008,2009-10,Western,2.122691862349249,3.3545759492910405,3.2449934444478945,3.6572737351676228,0.7095990300257655,5.343967519264328,2.3971014492105267,2.4100806666184607,2.2418748429399162,3.7776356977815655,1.0970068215434963,1.4844129067134384,5.550167035027048,4.7207754837046005,2.0832048944017174,0.0,0.0,1.940694230837805e-05,0.0,0.0
4023003009,2009-10,Western,1.430697561032596,2.045804260915642,2.0867820196385884,2.263699691742679,0.5301783088157129,3.8246588463313422,1.8302457122228464,1.551517503798855,1.4116411665410336,2.235055395454101,0.692634245463983,1.3137855929638715,3.4500768706554403,2.7109852151982885,1.295310405466742,0.0,0.0,1.5162712124670857e-05,0.0,0.0
4023003010,2009-10,Western,1.4418862927580194,2.189007182092934,2.177677173716981,2.5310542770014632,0.4743724548325496,3.4977395928423554,1.9618696877098656,1.5421197608553383,1.4055551856585289,2.4010821273039573,0.6433034423551811,1.2216007871396257,3.651691137804565,3.1636254211414165,1.301201526112234,0.0,0.0,1.4013460048319441e-05,0.0,0.0
4031000206,2009-10,Western,2.480687667393957,3.502284501923489,3.699695206831569,3.8412005926975885,0.6606269965312164,6.05312305180263,2.7148757754854373,2.6024209305301294,2.439020258952342,4.327996121264157,1.1101358917324302,1.559754698600192,6.053461873014884,6.305604086203462,2.098824846921358,0.0,0.0,2.0437116881497327e-05,0.0,0.0
4031000207,2009-10,Western,3.077279374814797,5.431294977162856,4.569042483286573,5.307221980622579,0.851718279200568,5.9201693519142236,3.898377637503898,3.500728339848357,3.156293477255545,5.0900439583217345,1.560633559729895,2.696586464699348,7.641977489489987,7.850308998820501,3.014185897742625,0.0,0.0,2.5855213777722482e-05,0.0,0.0
4031000209,2009-10,Western,4.1982029779129375,5.7431901896347055,6.958258851534828,7.338982188234701,1.6258744051856036,11.04713902076047,4.998285216300645,4.527986557271425,4.27672198767922,7.037754687256919,2.1682570583104366,2.6535217956219332,10.379597781462076,10.823185698341193,3.865786563605795,0.0,0.0,2.0703420688322944e-05,0.0,0.0
403100020904,2009-10,Western,3.5141817374148676,5.912505154758494,5.224008526491728,6.806726964442725,1.4300643397702946,8.801593788649845,5.742584763462539,4.320547466209777,3.834131017821539,6.351414703445994,1.8122728416498242,3.64634440394183,10.102600320792588,8.225928455604102,3.3520945085922347,0.0,0.0,4.29722188954592e-05,0.0,0.0
403100020911,2009-10,Western,4.268396146065748,6.748474887922148,6.3326760665297925,7.333541636390158,1.5320437699038538,9.485153179837983,7.091428031374873,4.946970989806603,4.3255437785933175,6.859164209065657,2.1129036696743757,4.206019903410921,11.316919467877996,10.617307549738529,3.868515751825158,0.0,0.0,3.647122839965564e-05,0.0,0.0
403100020912,2009-10,Western,5.139728364743786,7.335007212574434,7.687613829427558,7.887768403093788,2.2484968607238245,12.618540067397142,4.319171260752913,5.5605571439387935,5.005285567447619,7.840037867862531,2.605674427908178,4.29834716482131,10.580054059204503,9.544519657989007,5.0490558978986195,0.0,0.0,6.215896378944654e-05,0.0,0.0
4031000210,2009-10,Western,2.6698058712535873,3.8614939931263024,4.199171241926452,4.803289614302423,0.9301669486902256,6.5638821579934215,3.527893039704274,2.814989035751296,2.6179864392722565,4.5713363877542585,1.207862705236599,1.8819305093984593,6.649454449083906,6.0606545436689885,2.428779887314843,0.0,0.0,2.033259778490612e-05,0.0,0.0
4031000212,2009-10,Western,2.3989832194428993,4.159885009917229,3.586896833084217,4.429443574627306,0.761668897198613,5.542024819796711,3.6301664481491698,2.8499234002052574,2.5634316359717464,4.162509719902704,1.1976571801413625,2.350140842545023,6.775121846748743,6.31608076754817,2.2092217930914293,0.0,0.0,2.3418133294486006e-05,0.0,0.0
403100021203,2009-10,Western,2.0857680036802915,3.0711118445673002,3.0051599522675883,3.3214288906636575,0.6919235508306505,5.27215612672584,3.419824372533311,2.3303611313881554,1.9414216917677096,3.4215594131808498,0.9365290581864786,1.7406956245150258,5.4906115125661765,4.833606478219498,1.8249835669266754,0.0,0.0,2.3138040394086836e-05,0.0,0.0
4033000402,2009-10,Western,1.8918616282244078,2.85513424226746,2.8344355288497445,2.987368847118047,0.5567533673410435,4.597398237209672,2.3971215624811606,2.11745474365282,1.8183765822704345,3.265306984525315,0.9154657848298265,1.2130669757187569,4.9030983846529335,4.871687227150152,1.7775538274267875,0.0,0.0,1.6684695755100954e-05,0.0,0.0
4033000406,2009-10,Western,4.015224575857288,6.064637980758875,6.512497363797616,7.4845522625572,1.470736319429146,9.871863802635916,5.171694476711302,4.499753069699309,4.244482069207844,7.123144110238858,2.0405099822897506,2.7137252017136446,10.39583527830268,9.853312691326288,3.8448827102622714,0.0,0.0,2.515461702681034e-05,0.0,0.0
4033000407,2009-10,Western,2.7514054345891314,4.044831940815801,4.166919120652792,4.764559445429535,1.0661467018973314,7.541853278480009,3.881005159011349,3.076215732678904,2.7355774603509855,4.593774658251267,1.3054302357951273,2.3557974824716563,6.896717058819866,5.927987440681281,2.4874001346280106,0.0,0.0,2.9810511684046402e-05,0.0,0.0
4033000408,2009-10,Western,3.858164090387076,5.025476497313584,5.9662712485466916,6.671319642269998,1.4799917811498686,10.461523152340835,5.460340254574788,3.8147479607091737,3.626659084487122,6.478412216021832,1.6723029535608624,2.785195143529756,7.739108328366724,7.473767170498439,3.185570473664487,0.0,0.0,3.900935134847239e-05,0.0,0.0
4033000410,2009-10,Western,5.157471278528313,7.144131940059582,8.300913316084614,8.885084341633672,1.8862206623253015,13.05166603858387,5.936105010254337,5.477931430659076,5.21930949080207,8.749703581263107,2.466872100299325,3.3653255950138545,11.820029424787599,12.116600446547325,4.6529357917627,0.0,0.0,3.261112068743168e-05,0.0,0.0
4033000411,2009-10,Western,2.4277892004597605,3.6333133913744353,3.534700908230183,3.8290649066682056,0.8499318001989775,6.107911434082484,3.3197743740233054,2.748534561658816,2.4038316557167607,4.058502993642998,1.24998072068056,1.8469443133999992,6.3805016658399,5.86494098862449,2.266778830916294,0.0,0.0,2.0668443240499096e-05,0.0,0.0
4033000601,2009-10,Western,1.0845419298725987,1.6661391321878072,1.5128859709429725,1.623167619404986,0.2630238649832127,2.352417798431681,1.4357153401060694,1.155896887341332,0.9378655100155564,1.7624433070093422,0.47352687409190874,0.7929636791017245,2.6544921181517083,2.659860657517245,0.9617612962885365,0.0,0.0,1.3411130438037215e-05,0.0,0.0
4033000602,2009-10,Western,4.012402113634906,7.309110205647206,6.246310789179807,7.444685339692031,1.3268321912632897,9.102008982699088,4.669108522658133,4.946979822612412,4.604433965762147,7.2288333120201,2.307835874280122,3.430194900374973,11.071237213165805,11.539547674740593,4.14335190481571,0.0,0.0,3.142805640997184e-05,0.0,0.0
4033000603,2009-10,Western,2.2162557567887156,3.1655610232093268,3.326768163337066,3.842875754801446,0.8121048218413736,5.752629526419599,3.057457693026731,2.3572753838802423,2.1435342934920314,3.6246225909294285,1.1368025267998714,1.8793913068621078,5.4956918827858665,4.928949403544333,1.9599811423476114,0.0,0.0,1.6400250227270056e-05,0.0,0.0
4033000604,2009-10,Western,1.9412264214706718,2.856457094175614,2.787856523156305,3.0921038177472258,0.6390692916650049,4.9210070947882825,3.1837258720885013,2.1610133616660185,1.7957316627554134,3.195606884177295,0.8651318329739653,1.6074690161859706,5.105498871127993,4.478342532532589,1.6971041417374166,0.0,0.0,2.242537065726829e-05,0.0,0.0
4033000605,2009-10,Western,3.1121340265061805,4.6183444871241015,4.637488398696893,5.371248741025647,1.1530460146393617,8.43211726915471,6.080655204808151,3.5525985317504194,3.112866193711678,5.133876285937088,1.5702931798926638,2.85271278586242,7.3476604680290665,6.839979400580808,2.790589293350904,0.0,0.0,3.2386609629035924e-05,0.0,0.0
4033000607,2009-10,Western,1.9059084879213373,2.7961968171949843,2.903750784575839,3.038101617485594,0.6212881850997107,4.671746909688004,2.184769057171722,2.063721299089698,1.8716404741425297,2.962936460154876,0.8761521684799702,1.6021068159082152,4.428732966393292,3.896197645455624,1.7475556495207822,0.0,0.0,1.7198821314571075e-05,0.0,0.0
4033000608,2009-10,Western,2.8670236155989692,4.928060906833648,4.205233051059018,4.8455363067373165,0.8871119502615374,5.963186659185929,3.1555113471172134,3.250976031995523,2.930608004964748,4.841979943390769,1.4971029222171217,2.374362933822724,7.371395833782346,7.448221629373271,2.889480520119272,0.0,0.0,2.6094506784429134e-05,0.0,0.0
4033000609,2009-10,Western,2.176941591995154,3.183222049525289,3.3458368786260624,3.7256170417285306,0.7799096294423697,5.50915676707181,3.0308584367126605,2.4196945723938343,2.137957396549786,3.408463296349096,0.9953303496870429,2.074280959905454,5.60531092309831,4.452168670100146,1.9126989654581854,0.0,0.0,1.857057838757741e-05,0.0,0.0
4033000610,2009-10,Western,3.681989682496888,5.7344015502353605,5.771227425460909,6.854317173891204,1.2959948936494992,9.046423751024246,4.656125739821932,4.091629480310239,3.898805734894347,6.647415957789089,1.9822371829809033,2.48278331731659,9.513277453189483,9.279251267035411,3.5123005840544637,0.0,0.0,2.3363708492664872e-05,0.0,0.0
4033000702,2009-10,Western,7.373389685038953,9.717766226821565,11.545855086448725,13.52980892681672,3.863485343293853,19.775769739556868,15.900204766632186,7.659402884357495,6.9548214951512675,11.53429054600607,3.3345257569941205,6.935006911111314,12.91597514034132,13.282106974608732,5.995029729127014,0.0,0.0,7.505805638943052e-05,0.0,0.0
4033000704,2009-10,Western,3.6591684556937247,4.917098701619502,5.625134041948433,6.341813113872209,1.3976335615235067,9.902658195279319,4.791436193063479,3.751741705860735,3.5245065651745806,6.281796456590126,1.736987174732836,2.409374628952678,8.632042167465682,8.377110023547155,3.208711902745023,0.0,0.0,2.5910327503407898e-05,0.0,0.0
4033000706,2009-10,Western,3.0961538212754403,4.730888211198312,4.543824917943329,5.026766159492554,1.0883666243569956,7.3461872931420045,4.979138318794679,3.610027623455702,3.0699136095540642,5.202096062606071,1.575503003519263,2.4216139471696585,8.53676298792382,8.251168610046044,2.9187456513820864,0.0,0.0,2.503411990695318e-05,0.0,0.0
4033000707,2009-10,Western,2.6311014889276256,3.4726336439866436,3.8958999679603394,3.6534509752077406,0.9063446281929856,7.8702317633202385,4.501810288231092,2.986672144232013,2.437731720193221,4.129844723357971,1.1695443545707975,1.9505472899523648,6.758977962242536,6.068587071392356,2.169650150819958,0.0,0.0,2.1939479788513807e-05,0.0,0.0
4033000708,2009-10,Western,2.633277728697497,4.190775532657135,3.814966637284072,4.581754746851611,0.9073197261798571,5.959982905064881,4.4014761931925035,2.9863126243177924,2.5717027489397912,4.355808881527086,1.2425652537734517,2.5168555015591676,6.949913756476472,6.1846911177977475,2.395206363342806,0.0,0.0,2.9825270160315648e-05,0.0,0.0
4033000709,2009-10,Western,2.4205566244057106,3.4285336753841515,3.670187716327106,4.076948236985734,0.8805306155166754,6.177410788320918,3.428247826011348,2.5322693324270085,2.2630023377347888,4.039068915897133,1.08499579767088,1.6872081279799749,5.642880857938956,5.205655131051622,2.2222906974227117,0.0,0.0,2.1363818092546433e-05,0.0,0.0
4033000711,2009-10,Western,2.586204906279698,4.120303797123209,3.8685529499269546,4.28002632144917,0.8166248165576401,5.314107688943005,3.15400816213423,2.8221231832452682,2.526417255411148,4.170831908672367,1.2946295362768483,2.0423507560832292,5.992212276146272,5.667788770909089,2.6208047779997465,0.0,0.0,2.3346202113896315e-05,0.0,0.0
4033000902,2009-10,Western,1.3815682195484618,2.026315449070511,1.9803186558906434,2.0586341116704934,0.3656147937311175,3.1857940380931047,1.9185584277572723,1.4869013445054222,1.2147473083234657,2.293572645007287,0.61848471245312,0.8886999102635171,3.394216330136543,3.244792875978799,1.2442324252674446,0.0,0.0,1.5120475149335214e-05,0.0,0.0
4033000905,2009-10,Western,3.837972221639392,5.835521044005286,5.7909636302150025,6.316442617949661,1.456538301895344,9.129680978941938,5.094558221007585,4.403639746378109,3.9439008115202294,6.121369796701194,1.967126682340864,3.468062022094669,9.871056626224384,9.011295054548446,3.601835174687354,0.0,0.0,3.0082247926141677e-05,0.0,0.0
4033000906,2009-10,Western,3.848742573222814,5.98666297276635,5.881725350711697,6.345017820574184,1.1757266557427974,8.359456881493166,4.887459955890695,4.41743536534011,3.7606616555141277,6.476349979318852,2.0574592430948924,2.6590922775099823,9.939982832595998,9.965860903147655,3.796844964708236,0.0,0.0,2.3562641958823823e-05,0.0,0.0
4033000907,2009-10,Western,2.5575575896168563,3.64047795593417,3.80321140080326,3.939850285980657,0.8492388609890762,6.2929615290703005,3.221916836419719,2.7576667106963195,2.3734165094039663,4.116498375703621,1.2120674538989757,1.7885552607204096,5.737259563988458,5.155757312850142,2.430526949375239,0.0,0.0,2.5366979205290556e-05,0.0,0.0
4033000910,2009-10,Western,1.8615395624319204,2.948120795883512,2.9288161088012954,3.6821957421721994,0.6225190958351307,4.471430040545894,2.390818975191487,1.95234482089891,1.8110842987456608,3.399168382901224,0.8819610937830195,1.2257407171929708,4.666693399747213,4.074688932792483,1.808845736322231,0.0,0.0,1.6799739714874267e-05,0.0,0.0
4033000911,2009-10,Western,2.403732250257543,3.5905146677410436,3.619392398981565,4.237233147709585,0.8896495057249264,6.321620338638327,3.4953841786319564,2.6699197556082237,2.378175123596745,4.038013885242734,1.1292784456739988,2.1064248918323023,6.289924375929964,5.247770970869113,2.134944685404514,0.0,0.0,2.3511034127406226e-05,0.0,0.0
403300091101,2009-10,Western,6.336923988956355,8.380494529183498,9.407373887904217,8.829732702443216,2.046244850041426,13.520116016890025,10.498177944889191,6.291322068134775,5.568209697284288,8.504761903347735,2.8951036142117026,5.340678863700027,9.981391855830251,10.058792579786797,5.527659942232238,0.0,0.0,6.740578077776657e-05,0.0,0.0
403300091103,2009-10,Western,4.232128433822676,6.177665717707263,6.3892723837499314,6.6583616140033,1.4923392886401416,10.428443539856143,6.8828609252364705,4.90247640712316,4.183027755475024,6.663983228081555,2.0634083689982807,3.6910633449528385,11.230167622985691,10.760513071121261,3.6771044914942728,0.0,0.0,3.105981549259025e-05,0.0,0.0
403300091108,2009-10,Western,2.415842728147137,3.901936420726282,3.5386764359538714,4.697710041361644,1.0009206604964476,7.1846323570186685,5.240366995576463,2.9421684794055016,2.574252455898575,4.46577945586053,1.2808508992527672,2.392034448429068,6.706694554161549,5.935036146724906,2.249563230261111,0.0,0.0,3.525783920896614e-05,0.0,0.0
4041000301,2009-10,Western,6.4187728012877505,12.592943271186662,9.849188244781898,13.297927918206097,2.2538395388852797,15.439323159796867,12.201475160512947,8.410101689776761,7.754609241926763,11.768110641007661,3.9165394391087647,7.572634885520758,17.20374224375951,21.042864952299055,6.288500954719555,0.0,0.0,7.205980471913764e-05,0.0,0.0
4041000302,2009-10,Western,3.2703654219951384,4.9219389150534605,4.912510433821617,5.407276867817715,1.0756244620561977,8.018769457939786,5.1606536950566895,3.7638139830859814,3.2093976632524646,5.457467204801654,1.6948074797772812,2.554141415584174,8.328694736711038,8.174154044414008,2.977236103495439,0.0,0.0,2.4851362333395387e-05,0.0,0.0
4041000304,2009-10,Western,7.918117043528407,11.357684921717624,12.164027612062808,12.29427378227136,2.790171805462166,19.268188029421403,8.041058909016215,8.845142444236798,8.738663262132281,13.17724654103569,4.256501499196217,6.752773027432737,17.755116952052855,18.939210629063552,6.896235820550862,0.0,0.0,7.40988561974454e-05,0.0,0.0
4041000305,2009-10,Western,2.5252865859947793,3.6507406671066964,3.7361147145195726,3.9076142002175995,0.8976503737223352,6.52654698224461,3.501118688190073,2.8423976994219626,2.4411709924769567,4.069084815934579,1.211696211363115,2.02304485484023,6.492678449778279,5.715619604077332,2.2887451303450073,0.0,0.0,2.251089420737341e-05,0.0,0.0
4041000307,2009-10,Western,2.1079713346805997,3.0767850807211614,3.2010750085608395,3.6629929852012446,0.6819522148218992,4.754614268016601,2.8504035825374197,2.1869377659542697,1.8893230047673244,3.5813119777800337,0.9076966187507257,1.3715301393635204,5.2016455695743415,4.694388367766026,1.994821609719194,0.0,0.0,1.8006740405571658e-05,0.0,0.0
4041000309,2009-10,Western,1.5050769504149957,2.1575632936284754,2.169751844898188,2.2187670897900964,0.5319290978979222,4.105398093709689,2.2728953712607676,1.7620052383444884,1.47205854931649,2.269341416674096,0.7215821766497891,1.601892901766392,3.939295684209306,3.1701482166481685,1.270774075166088,0.0,0.0,1.3893462386798504e-05,0.0,0.0
4043000602,2009-10,Western,3.4551779632559922,5.7516000523550765,5.36491334707554,6.309061609282997,1.2313214819869605,8.417034336370618,4.546821201232652,4.140382331196945,3.7976072748949865,6.022922423308722,1.865097478123307,3.0313656062169123,9.483855354386526,8.787902235460367,3.3392220219231232,0.0,0.0,2.758231739564063e-05,0.0,0.0
4043000603,2009-10,Western,3.717783983853377,5.9506528515266615,5.506766521836996,6.100719064450054,1.066810314096294,8.058809474403112,4.309791550326264,4.083955856426443,3.888152433007741,6.2542480557668245,1.852163815044398,3.140320068846075,9.305006425168765,9.792007302617607,3.279489691092854,0.0,0.0,3.188321222701697e-05,0.0,0.0
404300060302,2009-10,Western,1.7731473168776244,2.47990372045096,2.538481487606972,2.654646783529596,0.5184225681458816,4.547992649498829,2.843589609064443,1.8527255994482765,1.5724626178265755,2.7397986202402214,0.7516440961379856,1.4387412463526488,3.836568643737825,3.502820666441702,1.4806265114160395,0.0,0.0,2.360648497036289e-05,0.0,0.0
4043000605,2009-10,Western,4.618794123859646,7.098692265295887,7.216401926416832,7.60314764731557,1.4908408898313694,10.232913298445304,6.14483638925828,5.487125642427511,4.845941712314935,7.597223897315329,2.471966103824076,3.678393196483264,13.283847678986943,13.427015912689386,4.240893000208876,0.0,0.0,2.5180816180569154e-05,0.0,0.0
4043000606,2009-10,Western,8.184207478024662,11.804377636244318,12.540836147041766,14.968365014379035,4.668329427309303,23.513285926116232,18.5813064989743,9.879497313545789,8.660925345348518,13.164245535047426,4.251366060283698,9.403555857310787,20.61787244035533,17.52381318327433,7.029577965834276,0.0,0.0,8.314050034606835e-05,0.0,0.0
4043000607,2009-10,Western,2.3079100085121884,3.50863926209491,3.427680105014771,3.9868182842058917,0.8066703166282911,5.956717325911793,3.2573464529788736,2.566557720992004,2.302277182722141,3.9034543661735097,1.1928759190489182,1.9212131109708486,5.583407814986547,5.072922108886483,2.149825159939819,0.0,0.0,2.3019723872719227e-05,0.0,0.0
4043000609,2009-10,Western,9.078526861523011,11.939195451689677,13.736832084752145,12.509624181832907,3.0284279239619387,19.062242699861653,15.0226299732072,9.172613232912173,8.156702447299798,11.932131268610203,4.281064496424136,7.7585584165935755,14.289198664053348,15.41510721308916,7.898973855572765,0.0,0.0,7.806833948728484e-05,0.0,0.0
4043000610,2009-10,Western,1.7064236867823517,2.3653450992032936,2.5778793258373542,2.7053678755803565,0.532298871722118,4.545893238730726,2.1083009003836826,1.8336601587636454,1.5861251794761282,2.843546957349078,0.770793764935323,1.168966280651764,4.192697733175422,3.492340364254719,1.4954708193221864,0.0,0.0,1.6341567267657017e-05,0.0,0.0
4043000802,2009-10,Western,3.2394523906692996,4.949991815965667,4.950243924412291,5.513862308232589,1.170695720139051,8.001520904990853,4.648940897294847,3.8579428026791875,3.3514434257374863,5.504184921883845,1.8643528074072027,2.4722921037209296,8.685779001100846,8.35956793772868,3.1331088596683507,0.0,0.0,2.2856195496084716e-05,0.0,0.0
4043000804,2009-10,Western,6.343830136206691,10.22567839345869,9.624195688895137,10.519435016770725,1.9358525324818954,13.332676345287716,6.419121295712243,7.141848373548252,6.974801023780063,10.965046725227074,3.4209084329921744,5.2508687647558885,15.906476835130201,17.111792757854694,5.790719013793011,0.0,0.0,4.9379291582303735e-05,0.0,0.0
4043000806,2009-10,Western,3.5495558134859504,5.248138894339032,5.501781213155109,5.812107961293185,1.2067577001905065,8.829224225959923,4.9747970751052835,4.178649826477463,3.582006010655187,5.833006687705628,1.8787414341428297,2.720038982141009,9.320078829050116,8.741109015213887,3.2323835834248804,0.0,0.0,2.2920999129344926e-05,0.0,0.0
4043000807,2009-10,Western,2.1732634993698894,3.332506546347998,3.17782768860407,3.572751136624253,0.7214867368081695,5.044307655917577,3.438772826055147,2.450237562986928,2.068939549627446,3.6326439787293108,1.0112813294400458,1.7297241976007316,5.848940635767369,5.246640567115423,2.0139061100957814,0.0,0.0,2.1721179332070157e-05,0.0,0.0
4043000809,2009-10,Western,6.4606214996988545,9.058169929180787,10.342792910619512,10.302400652311002,2.3571802902295604,15.443343334170011,8.232231175449861,7.647541729611289,6.653691695932268,10.422158718382116,3.7625124224917696,4.339069547290091,16.896989232630464,18.48030927440972,6.0599707127158755,0.0,0.0,2.771815643656665e-05,0.0,0.0
404300081005,2009-10,Western,3.5539116266250264,5.641156967135326,5.2175757197380825,6.14128310434149,1.2577832750346134,7.949895464154088,5.920949194403698,4.085154059790694,3.552050270370045,5.777825489840378,1.7262047112654244,3.472481994235512,9.407883544621042,8.61139615305601,3.230093676298786,0.0,0.0,3.3836216902370304e-05,0.0,0.0
404300081007,2009-10,Western,2.1781656352162875,3.409357744296202,3.250212462487674,3.6058854184755935,0.7072162446733038,4.864515878992457,2.4361665452303813,2.343758969884755,2.16854032476176,3.5491997332951435,1.1134437175771172,1.7348167924289988,5.009912487146424,4.429737512728422,2.157689123130473,0.0,0.0,2.0075262912398063e-05,0.0,0.0
4043001002,2009-10,Western,2.4174991474656937,3.957597964835918,3.7075398338323016,4.296652908977567,0.8157396995164032,5.661682137716167,3.3219913590930346,2.8850594749708263,2.5679225611424363,4.029731411567992,1.31479302657373,2.2054590972170844,6.539118928132873,5.763344949719606,2.289138760644417,0.0,0.0,1.9548271744684826e-05,0.0,0.0
4043001003,2009-10,Western,2.347844487561993,3.2987395017865384,3.456001398017058,3.5152446156856687,0.7757204309394862,6.123771620130911,3.1201565572255947,2.5268202788229215,2.214255965603844,3.6247790950160863,1.0856610424668856,1.896433872189301,5.207536877652134,4.6292243104612,2.085589646485846,0.0,0.0,2.358828256282257e-05,0.0,0.0
404300100304,2009-10,Western,3.191418507065211,4.7491970772520435,5.176297931333835,6.244312764463462,1.1375324324233007,8.026055156334978,5.082565997443284,3.481024730468615,3.1841670687099097,5.509044772443207,1.5032658188182209,2.565817817999961,8.01062233230441,7.191447126872813,2.8525579709323248,0.0,0.0,2.2879000254322434e-05,0.0,0.0
4043001004,2009-10,Western,1.653573027297467,2.667484261925909,2.460809033762441,2.8251945003579126,0.5024923216166035,3.8182286199648927,2.2116469126138982,1.8765248851211116,1.6569117481740547,2.6564789722450204,0.7647088218438113,1.6185349983140274,4.1867830008996405,3.6107692342478868,1.4843250113052322,0.0,0.0,1.6807855527884586e-05,0.0,0.0
4043001005,2009-10,Western,5.741222151805725,7.891789731990064,8.831996884867149,9.463719178933376,2.3855868547579995,15.867146042138971,8.24100702049662,6.456429689578804,6.006844628510071,9.411771784502948,2.8991569651232987,5.101622957825003,14.169720567084207,12.901471400181432,4.841910813038289,0.0,0.0,4.85744256703438e-05,0.0,0.0
4043001008,2009-10,Western,4.163380962105904,6.457276029823171,6.438466856855679,6.9283623060593555,1.5967026923856402,9.668808867951395,4.970218877438406,4.758398989735365,4.480236186706509,6.671793879598918,2.27193753070041,3.6477123349161165,10.650793536090077,9.697484739390424,4.0445886079143,0.0,0.0,2.6376436063610337e-05,0.0,0.0
4043001010,2009-10,Western,2.1316687812916713,3.003226877388623,3.273872631615837,3.9567981585692875,0.771938177153058,5.7919054292312655,3.225295559463964,2.2015836203847767,2.0338505367295783,3.809370365898324,0.9136489820654248,1.513685625127959,5.105389610149261,4.473420592013563,1.8527167082408398,0.0,0.0,2.350430782079551e-05,0.0,0.0
4043001201,2009-10,Western,1.5725188019562668,2.271075464008227,2.2905613250399526,2.412367326104375,0.4825949569125835,3.8378308414958986,2.0489611176825497,1.6750985952561748,1.439961986745468,2.5317694733011566,0.7179697533753316,1.145458827162518,3.6029639353371947,3.2176373168754258,1.446589662262183,0.0,0.0,1.8310922816679564e-05,0.0,0.0
4043001202,2009-10,Western,6.085480732721445,9.30810021098311,9.47045816345984,9.007194272707949,1.7351425557634843,12.215845030673547,8.195710129326862,7.111165977741387,5.933567752696341,9.362021686918803,3.119659244992711,4.456510340571382,15.127174042062665,16.958004204114424,5.78756376127235,0.0,0.0,3.012860464490388e-05,0.0,0.0
4043001203,2009-10,Western,2.1294259206609296,3.2365726570345412,3.2853466667414297,3.779331623950004,0.7236399415558877,5.243055953633414,3.0412696611069894,2.3930358611754823,2.100695129316085,3.5486207240127863,1.0033186650836883,1.7927222812669512,5.500244567434602,4.523235877687561,1.9595294560064027,0.0,0.0,2.0541142949185535e-05,0.0,0.0
4043001205,2009-10,Western,2.258932888209714,3.429345104171693,3.4524752422955864,4.143385295421913,0.790667425000334,5.584076541912335,3.4356344728532497,2.443070024598905,2.2761945841451627,3.761787230122863,1.024757605896759,2.110125152755976,5.83719551646588,5.0482963652550135,1.964230721104954,0.0,0.0,1.8739160971731117e-05,0.0,0.0
4043001206,2009-10,Western,2.378025735451053,3.5226852371911046,3.498733880430534,3.845883103610791,0.8650197532583426,6.036681288416068,2.963102091275114,2.602704516162293,2.414363200676268,3.8102789066765195,1.2489559618235642,2.0620902655649336,5.599790720805822,4.82783465808607,2.2273499783482755,0.0,0.0,2.10774016989433e-05,0.0,0.0
4043001207,2009-10,Western,4.531465564420151,6.9623343988347095,6.889684450812679,8.290137797394497,1.9969710474697324,12.260739635163876,8.935962161196265,5.636726817473791,4.959257644076378,7.95433161479749,2.6414610049364846,4.0595149694271155,13.138841415776692,13.125971490879046,4.2569563408389595,0.0,0.0,3.411766850311571e-05,0.0,0.0
4043001208,2009-10,Western,4.888844934035974,8.222916071871511,8.163128157779541,9.025683834480196,1.6497151419211928,12.10177988103725,6.840400532670517,6.456352023973966,5.897845544456472,8.867335242080088,2.9677038647758267,3.7008442804156103,14.97876241184624,18.09696500318934,4.620423926201676,0.0,0.0,2.7892622674113185e-05,0.0,0.0
4043001209,2009-10,Western,2.2899809018870827,3.2117824079735073,3.3218056662300945,3.456077170501014,0.7719618659703054,6.292142840574289,3.527527788870272,2.569850855907751,2.2515345033736662,3.705837979044365,1.0838022851430653,1.8999852708569223,5.951312535710928,5.679458133857863,1.9265716873142966,0.0,0.0,2.055015459857356e-05,0.0,0.0
4043001210,2009-10,Western,1.3232880598118746,1.8902913291920322,1.958738817572555,2.1227555898079578,0.43475244567378424,3.475309906157494,1.9848361591241783,1.4914515906417078,1.2268585661994729,2.2591348361453796,0.6927528691301177,0.9160836936655252,3.5959122880312093,2.989460750658982,1.2055354692373015,0.0,0.0,1.397104881749414e-05,0.0,0.0
4051000203,2009-10,Western,1.4061795111573663,2.509731479785111,2.0493589922075857,2.480798007136059,0.3900261328987383,2.999845906586526,1.8098108584447872,1.6469942767758365,1.4613914840994329,2.3591406523391107,0.6878387242963937,1.3921467195448978,3.7742137924404484,3.2278684629578973,1.308122673759351,0.0,0.0,1.6034118772447328e-05,0.0,0.0
4051000204,2009-10,Western,1.9598731508664833,2.9461068767508793,2.8528022361645546,3.000919715472683,0.5654362789042368,4.306470290733275,2.520392509133777,2.092651708111132,1.8273408957732256,2.9319844729217546,0.8909183434023642,1.746322532890329,4.207783956551306,3.7118454766078792,1.7813010658048405,0.0,0.0,1.898706290498943e-05,0.0,0.0
4051000205,2009-10,Western,1.9762071361391431,3.0640839544964904,2.9481326163208905,3.3854795142646132,0.6427450740579858,4.5592674365588834,2.6327416839019135,2.1896225417061888,1.9426812924797265,3.1980077785698207,0.9344512537446235,1.789744484664727,5.035443801376751,4.058425140282781,1.8024597982466217,0.0,0.0,1.8828285073062344e-05,0.0,0.0
4051000206,2009-10,Western,4.134813462503848,7.519277315754625,6.468323091652097,7.413328615735726,1.1675356209059742,8.510930754689243,5.465984331446737,5.132415763676927,4.508667272092727,7.209095354506552,2.2323241814724186,3.390542139700936,11.090552682895442,12.142819328088335,4.243837171142996,0.0,0.0,3.014074514498528e-05,0.0,0.0
4051000207,2009-10,Western,1.2129366640072656,1.6448359515429587,1.9211309771270397,2.2017755771953267,0.45419156462393745,3.4979271862030794,1.4142940192091078,1.1805874294882401,1.1001838877944294,2.1204767914234903,0.5114704792679076,0.6858867116390858,2.7691907730980296,2.2712499695359862,1.1374389906114524,0.0,0.0,1.3292450914432818e-05,0.0,0.0
4051000208,2009-10,Western,2.235141624126786,3.106962789411033,3.298197907495993,3.547109139030599,0.8218734775104733,6.212020594493174,3.233862279279795,2.470188798570963,2.1580662838184765,3.786362354865894,1.1353988266707766,1.5939616530228227,5.881270748826916,5.119307604226307,1.9796787099213233,0.0,0.0,1.8639749037459976e-05,0.0,0.0
4051000209,2009-10,Western,2.7594020909255845,4.005684082176458,4.260601745334269,4.421462803165889,0.8659190199246436,6.517440927973629,2.9590565621707023,2.9448133126934875,2.666585700753581,4.337026712028668,1.2827278013075278,2.086779984696587,6.35376202476804,5.891532574244339,2.524053432702203,0.0,0.0,2.053387835598822e-05,0.0,0.0
4051000210,2009-10,Western,2.8588709553687606,4.331213430278277,4.7531089975459535,5.860797514444062,1.0325699908616548,7.709132121209903,5.120679800933226,3.1830312170545163,2.8730828016654755,4.978129911749426,1.3296354338703111,2.5588806369773454,7.180724820934948,6.74860436629181,2.4798898540181034,0.0,0.0,2.148842736714387e-05,0.0,0.0
4051000501,2009-10,Western,1.793104533610729,2.6022976075646858,2.567496732033801,2.872194018492307,0.6320047940748755,4.501259607064432,2.6045060014677497,1.9767355419455852,1.702764558679935,2.9531646710998647,0.9356981341398887,1.4071063767222316,4.533364982257811,4.008284595528362,1.6705840064540143,0.0,0.0,1.7898844131898828e-05,0.0,0.0
4051000502,2009-10,Western,1.9438807585810913,3.592242680822693,2.920180907919419,3.7611136131731775,0.6247438905271703,4.779765626860772,2.8585802020347844,2.4902302284640534,2.2062501950087112,3.779413965227251,1.0514034739531886,1.5934322576515827,6.122139469361428,5.767777977095928,1.980796046561791,0.0,0.0,2.2395471225673528e-05,0.0,0.0
4051000503,2009-10,Western,3.203220458236107,5.242328612875117,4.838405247805792,5.451198674892283,0.9935309000341807,7.224418009494152,3.856508232533818,3.6126276681930043,3.3145692789194943,5.292511318330648,1.60144551216359,2.765254794670391,8.09815359464595,8.290465543001691,2.9667942056958596,0.0,0.0,2.689030131695616e-05,0.0,0.0
4051000504,2009-10,Western,2.013615028508196,2.8637784055498448,2.9461762863474954,3.2448649327751005,0.7101211251672366,5.359666870316378,2.615943162130596,2.2166939460334834,1.908749465446027,3.4849052168519368,1.0198725806394147,1.3079520083704963,5.35544855023724,5.005241765402122,1.8713080414249783,0.0,0.0,1.8262868509446133e-05,0.0,0.0
4051000506,2009-10,Western,2.1650089298011745,2.968836721752492,3.1312904762207765,3.633946945274402,0.9258399537740669,6.398693546332154,4.47514300982196,2.3717576963932685,2.0583525575090187,3.4575820906310044,1.006532929241484,2.1092046164066987,5.29292452528503,4.067276966699989,1.8249292112196691,0.0,0.0,2.5682902913806408e-05,0.0,0.0
405100050604,2009-10,Western,2.3798231248866113,3.412715088330807,3.566547735503154,3.888226013058199,0.8257351786798125,6.3674523287885165,3.000228613554035,2.6307455821860515,2.3911594542370507,4.045703712134138,1.2076658142094159,1.738523521322722,5.7354441787550945,5.13271601628325,2.2037881607783256,0.0,0.0,2.2933209935524384e-05,0.0,0.0
4051000508,2009-10,Western,2.447850449395619,4.221671925986515,3.6766415318646763,4.140959605295464,0.693810291219082,5.123460347180771,2.7718610267276174,2.8330863231194425,2.5335100337075307,4.121470246298487,1.2703601298339395,1.965529395038675,6.252838727731486,5.862943272824139,2.456494950776062,0.0,0.0,2.0857989572038845e-05,0.0,0.0
4051000510,2009-10,Western,1.5013784635034382,2.431136256559257,2.242776647378303,2.6303848804907344,0.4771979671974935,3.578304079932523,2.2366847387186146,1.7150505444342798,1.512224225293462,2.5266239249558664,0.7383649068850467,1.339708769409684,4.014757311346146,3.793539466749645,1.3528300867403653,0.0,0.0,1.4217299949425257e-05,0.0,0.0
4053000603,2009-10,Western,1.9767015947800568,3.076065383260352,2.9251301698652448,3.4448186474742992,0.6071994549325056,4.5779356040904045,2.5679554327420226,2.1410923811857487,1.88489772238727,3.4190580276491183,0.9952346913036936,1.451810310246262,4.93833236948525,4.69039902509428,1.8584876033669544,0.0,0.0,1.903379504982038e-05,0.0,0.0
4053000605,2009-10,Western,2.375232402998889,3.6382245739307337,3.5610753429867787,3.580723192796626,0.6706786723547062,5.598919820951198,3.2730584167199877,2.788281328395782,2.3219928367140032,3.9130587872356126,1.1181891942674949,1.6915842548089624,6.157133226369803,5.648301166701042,2.2062626378502004,0.0,0.0,1.987811179377601e-05,0.0,0.0
4053000606,2009-10,Western,5.59968826939038,7.408559268236221,8.27459287987966,7.824370937530195,1.7851922694106828,12.017815435744613,9.277267276270251,5.5262319198865395,4.881566878762328,7.56427401212362,2.5313509511137093,4.681190042025855,8.819513579983814,8.719547710009902,4.882035314823031,0.0,0.0,6.39955704199381e-05,0.0,0.0
4053000607,2009-10,Western,2.8435316238345876,4.325671301675125,4.267977674772088,4.563163041545343,0.965126127268952,6.664057544977983,3.163050675440356,3.0755762553820634,2.8971272066619864,4.471709600092102,1.458044826911348,2.4305872323706224,6.352304430622934,5.639378325390822,2.728550083356322,0.0,0.0,2.3860297340556523e-05,0.0,0.0
4053000608,2009-10,Western,1.7974722475437963,2.7311676299328793,2.7436234233435135,3.056010800465795,0.623925764020187,4.707948230014126,2.2155615482195485,2.0512567164670217,1.8432498355937637,3.230033302524213,1.0136410216735035,1.0772308325570932,4.776656699589986,4.3598935445178935,1.7571612033865662,0.0,0.0,1.5538641995791692e-05,0.0,0.0
4053000609,2009-10,Western,1.4727336889175222,2.157681074840242,2.2288571454282886,2.4206501064027672,0.43212317582466975,3.521355189925341,1.553380539159469,1.5233423198981848,1.3367428664437728,2.492203147298584,0.67848120125317,0.8990990468479712,3.3965014908054028,3.0748959366829953,1.4197897132350972,0.0,0.0,1.5762695016392687e-05,0.0,0.0
4053001002,2009-10,Western,2.96891276733644,4.245257290145754,4.549954506115239,5.220588471431099,1.133407716434322,7.622785378627078,4.628840102558872,3.2694099717088063,2.9029854209167465,5.049790132611704,1.5144934272084658,2.155102089363713,7.782527097784554,7.645800346011301,2.725251058927015,0.0,0.0,2.0269534255341388e-05,0.0,0.0
4053001003,2009-10,Western,1.8492612323961903,3.3864711399109586,2.6816721311201346,3.4484146939306566,0.5054552573012935,4.05436340268863,2.7074229284536853,2.1124186424234006,1.91209090776138,3.304878568204433,0.911054542834893,1.7325496508617602,4.955453115242186,5.377329964822024,1.6974254864567193,0.0,0.0,2.4384562097563443e-05,0.0,0.0
4053001004,2009-10,Western,3.0062345207534102,4.019599450263517,4.472290642508367,4.728982580018313,1.1900394599959319,8.747873137459782,3.6337953425805862,3.2629715086745343,2.9671069680487343,5.075945086150742,1.4755810203540414,2.1358295590000513,7.343936449345029,6.6258295554788935,2.6792057636027327,0.0,0.0,2.970020882930247e-05,0.0,0.0
4053001005,2009-10,Western,1.7304546674366168,2.7409456084403923,2.6120238513986,3.0063525208595014,0.4760365308830157,4.090936050267256,2.068047290215145,1.8865526409689302,1.6601491073711871,3.1491091166524665,0.8084319317648043,1.081145123056667,4.509724802353934,4.762053252983083,1.6304790994260001,0.0,0.0,1.7432353348019743e-05,0.0,0.0
4053001006,2009-10,Western,3.2879307829168494,4.885211351394558,5.080859909632644,5.317340000461536,1.08932105244347,8.094101758038407,4.449070139533756,3.727246124455823,3.2293106733422996,5.364722148292896,1.6553895677893655,2.441192365313889,7.795334309097452,7.524700254201096,3.1108117831676108,0.0,0.0,2.5861805420998804e-05,0.0,0.0
4053001007,2009-10,Western,1.5444582343111923,2.173654578689653,2.2221948745243716,2.368698458354816,0.5163119054717746,4.054963328795492,2.2075909756425474,1.674296606873461,1.431640743821574,2.5136283163590663,0.7403756558435522,1.1546271428108432,3.724383072316073,3.2448774947042702,1.3965193793055446,0.0,0.0,1.7234320288220938e-05,0.0,0.0
4053001008,2009-10,Western,3.0225999746126564,4.360316222080243,4.55222669538936,4.448183561285792,0.9470314314361079,7.294753794092422,3.947885913971811,3.3893491371009987,2.8960456583249607,4.761365804944134,1.4917278359369437,2.2086368205790445,7.248871914156418,6.775600867405441,2.7469025440236168,0.0,0.0,2.1266075975190135e-05,0.0,0.0
4053001009,2009-10,Western,2.482808972977875,3.851780355909251,3.5509648160397966,4.235826476818861,0.8830089594595537,5.981728446366821,4.01700596326883,2.833050298451415,2.460208460685797,4.162401988227344,1.2436442836610428,2.287482826253308,6.854097023100987,6.08109216038208,2.235655761373615,0.0,0.0,2.3628529716256195e-05,0.0,0.0
4053001010,2009-10,Western,2.295694363014358,3.223691900506594,3.5298074634952727,3.665284957528779,0.7020697455607768,5.4553224731573815,2.2841622322454644,2.3548213826798814,2.152687440480584,3.8308507794593174,1.0818943995809143,1.3421310784992346,5.153934623621052,4.647728859146039,2.195489970928564,0.0,0.0,1.8737060030739823e-05,0.0,0.0
4061000303,2009-10,Western,3.4097812856142955,5.340405166700655,4.980586776746214,5.328424301663647,0.9559128111403085,6.7074526313787635,4.952505114886567,3.6556997967806035,3.178135375474837,5.168317987947193,1.5968758240698824,2.9371357494068286,7.315809805327605,7.592272553624961,3.1532074932710623,0.0,0.0,3.211067297113217e-05,0.0,0.0
4061000305,2009-10,Western,2.255931945173184,3.567056693115993,3.4127068009723045,3.6935330702534714,0.6486517595474566,5.299232623864579,2.8228681143920125,2.5742800269657926,2.197567805345402,3.8608424149902487,1.1278719236486325,1.5611193781300896,5.657381921124355,5.334525502024018,2.173045276700612,0.0,0.0,1.9761671311296668e-05,0.0,0.0
4061000309,2009-10,Western,2.576801043376604,4.613291885425397,3.9251943935124314,4.779497886683706,0.6990902625603789,5.182805713629952,2.912974820150205,2.88303306873175,2.609611812410534,4.581901477298372,1.367270731829726,1.926808903825924,6.585784088859422,6.561254582207853,2.563190134803238,0.0,0.0,2.0185739987666775e-05,0.0,0.0
406100030909,2009-10,Western,2.6165466709218537,4.538380804481618,3.899507678422727,4.671189318394153,0.7988874379233072,5.914777822196338,3.4527151172768917,3.1641755737620603,2.820800616449425,4.669424345551491,1.4006071625568866,2.1473338036193117,7.22631216939203,6.6554039927451205,2.5915462659413273,0.0,0.0,2.4234578091053795e-05,0.0,0.0
4061000311,2009-10,Western,2.4115044380959003,3.51838602988861,3.8880093856021594,4.4124212519330515,0.9537450017086221,6.3354823847967765,3.098726852252796,2.6249698126733003,2.4654117228261323,4.101647582457494,1.2316891600749151,1.7496381135523242,6.167156454035462,5.381706114084212,2.3012579373924917,0.0,0.0,1.7176459800834935e-05,0.0,0.0
4063000801,2009-10,Western,2.9113508017695726,4.364508727497855,4.546054794428829,4.886711376503709,1.0051435435648057,7.1940748954223945,3.1609920460770424,3.166477470822592,2.944164175981941,4.7702151633988885,1.5047027518520104,2.187196884044146,6.627085998995582,5.984581909531241,2.835047050050411,0.0,0.0,2.2813819026196517e-05,0.0,0.0
4063000802,2009-10,Western,2.4167610367093353,3.8543187424271586,3.8486216126831123,4.717019180253488,0.7302531647182698,5.434098020727568,3.098420462413557,2.5841593009219124,2.3252344903607236,4.501232572459018,1.165068515209334,1.3826440737711756,6.31289146325248,5.900103904681153,2.373684068598126,0.0,0.0,1.722052781560616e-05,0.0,0.0
4063000803,2009-10,Western,1.9274649889487112,2.856562277526729,2.8809497196425022,2.9976632859950687,0.5575065833663954,4.667641115643883,2.564908437839908,2.1399520273656707,1.7778021787381693,3.278991043683608,0.9352592255669583,1.169527628086089,4.74423227312517,4.403244292706893,1.8219217195945359,0.0,0.0,1.6979251164372366e-05,0.0,0.0
4063000804,2009-10,Western,1.626466276315005,2.237670401026992,2.363707124463237,2.7215952986648246,0.5822357931508346,4.628928862453861,2.6150608251217755,1.7312621879883243,1.5214737990301894,2.81011513730079,0.7808534397268381,1.161888257979917,4.271692999150259,3.921287681888127,1.3869387983174712,0.0,0.0,1.549537392565657e-05,0.0,0.0
4063000805,2009-10,Western,2.3596693066432968,3.851457572529291,3.4767808136707514,4.041267879763238,0.7760275533832872,5.120230892727579,2.9623622728624466,2.650262210595606,2.343155138398858,3.9842107190598037,1.194734605748535,1.9334539074416308,6.25476964804311,5.667132723687997,2.3161180172788027,0.0,0.0,2.1040634543799726e-05,0.0,0.0
4063000807,2009-10,Western,2.941519247647698,4.644707748940958,4.58914864528958,5.015580893988877,0.877245633432913,6.4686037532198535,3.227641131620182,3.2720268722859998,2.926104150547417,4.955455790186898,1.4511647834052699,2.0291453609284518,7.1818758743835795,6.77221246740059,2.9078835059870807,0.0,0.0,2.2206783912026913e-05,0.0,0.0
4063000808,2009-10,Western,4.976179179362442,6.866723215538817,7.769699654604668,8.860511156594335,2.1412931270855307,13.126305957509105,9.965341947504706,5.303094989298748,4.934390931541577,7.787319971683106,2.274617934820416,4.734506078626337,11.260512912817834,10.4459712987875,4.131242127683419,0.0,0.0,3.728981597777573e-05,0.0,0.0
4063000809,2009-10,Western,1.627825442800512,2.3446567434792684,2.349067527855774,2.45584223290021,0.5126562245918943,4.09783962234975,2.5876371663796145,1.810788109849606,1.4762258981369167,2.7150692018991185,0.7212468504599984,1.1271081933753462,4.316888974345971,3.8022602069949794,1.4620007009609484,0.0,0.0,1.724460429784497e-05,0.0,0.0
406300081003,2009-10,Western,4.819515210509386,8.358221907254228,7.294164710158467,8.987995243744425,1.7687855451503964,10.471888809522389,7.065617044195983,6.015559595896015,5.227803448540744,8.536873133918958,2.5795441137972377,4.502646730699756,14.23262482473998,13.32223822795077,4.83751287221618,0.0,0.0,4.0794248058943906e-05,0.0,0.0
406300081005,2009-10,Western,3.675375251412374,5.546780593774834,5.387456486252509,6.37361707203338,1.4429224126045608,9.44949931152826,7.110338781748054,4.172866685389441,3.73545588045971,5.866061954339531,1.7508055746131899,3.9392209478618794,9.265319121521296,7.872836821650241,3.1304802050156164,0.0,0.0,4.0349983303195984e-05,0.0,0.0
4063001001,2009-10,Western,2.181215715872764,3.4017584750156273,3.191596908628764,3.520342731725892,0.6770546833141718,4.82016538589747,3.262140354684742,2.4769552773533534,2.0501816390681746,3.676559202878196,1.028781975067473,1.6096636888402027,5.978908880937036,5.535332271439029,2.080867077875899,0.0,0.0,2.0014529968828254e-05,0.0,0.0
4063001002,2009-10,Western,1.3161178267045728,1.9457900347085884,2.009873163737797,2.275035890583345,0.4244824315255142,3.275027655162829,1.7241846312301445,1.4357481976880457,1.242694547658334,2.2797412803554256,0.6395041435611897,0.8800412337791489,3.3902820085887764,2.8583300485746292,1.2497391370681723,0.0,0.0,1.4892174840027112e-05,0.0,0.0
406300100202,2009-10,Western,1.16862953368199,1.6290130642381135,1.6875983110110406,1.7613226098608465,0.330149982863669,3.213647257568823,1.5806456188142404,1.2405526475778839,1.0263682228959443,1.9712122139797583,0.5108938076769218,0.7240681282289778,2.7617675641190433,2.5430043306093078,1.0229804231329154,0.0,0.0,1.4896886549426056e-05,0.0,0.0
4063001004,2009-10,Western,1.5185413947773885,2.3264368617023283,2.213546420411438,2.3351073570731824,0.4704552145277729,3.5249427928058408,1.8648178092742742,1.6851426595683598,1.4354472347951932,2.499427010025539,0.7666748455746643,1.117517583067553,3.9440502546189324,3.391202234042018,1.4495448863036107,0.0,0.0,1.3841785347939585e-05,0.0,0.0
4063001006,2009-10,Western,1.3910496424901173,1.9815234404925424,2.0001856775045894,2.0785359669238694,0.40564128428746155,3.4342488794755224,1.7783667938014376,1.4689119442776515,1.234569364802475,2.2341223893683573,0.6186497058126498,0.9779950333236207,3.182273543809291,2.8800987794839,1.2591526918729206,0.0,0.0,1.7176259008574218e-05,0.0,0.0
4063001007,2009-10,Western,1.204071872902039,1.8487021741807657,1.8132188824567337,2.2300286924750288,0.4108246106768451,3.042750704589261,1.8101444653055172,1.2930452796799863,1.138889547515344,2.135629200285268,0.6155689577750904,0.8871946124299679,3.172970239115394,2.668954242186821,1.1113346870584937,0.0,0.0,1.2896899951695829e-05,0.0,0.0
4063001008,2009-10,Western,0.9992413238955437,1.473989962670479,1.43896297940886,1.6556543295840565,0.33487941975656,2.6025487421238056,1.501624930928362,1.0960285568596417,0.9304966786907052,1.6607270149772415,0.4841203116543171,0.8477705767099659,2.663655364328807,2.3674605796581805,0.8763468067002342,0.0,0.0,1.1285637327170164e-05,0.0,0.0
4063001009,2009-10,Western,1.4019286901976473,1.9515655168990347,2.0993073828179685,2.571528077395388,0.5546001627157675,4.180492308032673,2.346827900254306,1.4836609187435523,1.3186428200574372,2.496810459742042,0.6507244261824929,0.9935670243736939,3.6640014863734405,3.1875759101855277,1.2394869631353493,0.0,0.0,1.6319647156007034e-05,0.0,0.0
4063001010,2009-10,Western,1.0154873779555664,1.4648083713168556,1.4702062891124275,1.7124134674094558,0.31340651859489127,2.616832728377716,1.4423681851531112,1.0653985866122897,0.8946024438701455,1.7513355243687128,0.4628554161113134,0.7213223680612957,2.5437869388815475,2.2725541339525335,0.9020036578816522,0.0,0.0,1.4229698038453585e-05,0.0,0.0
4063001101,2009-10,Western,1.8168879165159268,2.798195614376956,2.6512374862811914,2.9481077915968954,0.48484741042333446,4.205147023911969,2.5795472504929866,1.973977613757307,1.6415381290724442,3.084636045447922,0.8267825684859932,1.2752808644319622,4.42830289945569,4.455579168873565,1.6526956552568872,0.0,0.0,2.0030497047118474e-05,0.0,0.0
4063001103,2009-10,Western,2.4030814536636385,3.336552365546379,3.722006314754894,3.914749985527621,0.912804232065578,6.648048238878703,2.748595499168025,2.601132960858429,2.3774146461836323,3.926784654425178,1.2328899337364785,1.7074136324744136,5.620730715521127,4.943402474929745,2.271531690738195,0.0,0.0,1.9745092086331936e-05,0.0,0.0
4063001104,2009-10,Western,2.2494043414802265,3.178804130053409,3.409964934709345,3.5678213334268554,0.790293990749982,6.13952564889858,2.793165357002168,2.4791222029864466,2.187730311129576,3.716265185610902,1.170126193918572,1.5742920141818921,5.386373276197229,4.810834109840962,2.0792549923522943,0.0,0.0,1.8495904825994093e-05,0.0,0.0
4063001105,2009-10,Western,1.4354014378952227,2.132136882104274,2.0295157787001723,2.3300863280331923,0.4546480715375946,3.7466630534950807,2.267064818280404,1.561430164316544,1.3275850890558185,2.406205660451779,0.6269888065611564,1.2126799827554857,3.7312470285424113,3.2177472880198676,1.2180748101992263,0.0,0.0,1.9593523006996117e-05,0.0,0.0
406300110502,2009-10,Western,3.054552536899882,4.491961266999316,4.49608188217031,4.842689557056731,1.0507590550584367,7.6092181904554,4.991907899037163,3.4794311588892244,2.9369898411549396,4.908735861452355,1.4303211941712803,2.630223104068967,8.078130366162677,7.36062139187018,2.672266227004131,0.0,0.0,2.720427298148552e-05,0.0,0.0
4063001107,2009-10,Western,2.0361839005202307,3.32657178021674,3.004128055203484,3.417174579396148,0.5803842195689448,4.272509975979994,2.443795651148747,2.2772854696948244,1.9709172096055056,3.481892675067058,1.0794422093939162,1.449833986799131,5.313218843257144,4.896953543261803,2.0111496534823083,0.0,0.0,1.7064850178852043e-05,0.0,0.0
4063001108,2009-10,Western,2.4313978464639696,3.348500467956869,3.677004627067239,4.271603128596676,0.9093576942856628,6.583817604662486,3.481654444998719,2.4995304312030244,2.3264420842395372,4.111154695713884,1.1234296778591286,1.845875952910721,5.991663042060599,5.47283183975514,2.095225456398873,0.0,0.0,1.9504183570175674e-05,0.0,0.0
4063001110,2009-10,Western,1.5731310468923339,2.1296220520448936,2.3641414400814473,2.6444779967335386,0.5522833638854696,4.374547965137803,2.3173353808647783,1.6167274482510496,1.4204656069490094,2.6609083020809323,0.6844597941248186,1.0952691483199872,3.880787741431518,3.345687432213718,1.3565816019172892,0.0,0.0,1.5193028422334419e-05,0.0,0.0
4063001301,2009-10,Western,2.433281612326887,3.6929120554642263,3.7955345446370576,4.272184939834116,0.8555589943160321,5.938662999851524,2.890090539121564,2.654446422395009,2.433990746070661,4.067494133964592,1.2538273938500546,1.8756991382133335,5.839350328082336,4.943701015246943,2.3590465256479627,0.0,0.0,1.9812320748602082e-05,0.0,0.0
4063001302,2009-10,Western,3.539352509164401,5.051046209399909,5.171072171145541,5.970764727571266,1.4397743812391632,10.028178932617092,5.500261659381894,4.058440007455983,3.690679954236335,6.217839029090068,1.9323272596797747,2.84341323463393,9.682523691691772,9.102260354680304,3.1347946515666187,0.0,0.0,2.9634936091984703e-05,0.0,0.0
4063001304,2009-10,Western,2.4179374623609418,3.415843755916493,3.6026771975725342,3.700779873212544,0.883355409766929,6.323629973695176,3.1787082943662908,2.6902763384168056,2.3761628505239507,3.849943449707332,1.2556993080228775,1.865701985263273,5.8340050746884415,5.1012141634608925,2.2513306466613585,0.0,0.0,1.9653908739168865e-05,0.0,0.0
4063001305,2009-10,Western,2.29286168238072,3.374846816628237,3.3384964648533737,3.5307768399786315,0.6756096475187935,5.248119631533749,3.460343898753024,2.467729014752906,2.09685511699605,3.603779788467361,1.029611137530967,1.8155421738512185,5.250108947946755,4.993986629232004,2.0443202292046627,0.0,0.0,2.389275145314658e-05,0.0,0.0
4063001306,2009-10,Western,5.008610411033423,9.002525161761504,7.578243439614265,8.54491896075419,1.3696366935168747,8.769482936885675,6.0135838740469065,5.741102488527834,5.075737636351408,8.14229707435671,2.7142747540843692,4.114466265508159,12.699442086625313,14.266204083284038,5.091297083600853,0.0,0.0,2.7560226616331834e-05,0.0,0.0
4063001307,2009-10,Western,1.4687854988699303,2.2465375121695867,2.159171198848417,2.2839678860452097,0.4843257061881882,3.4425910886751097,1.683006013458238,1.6084408051276078,1.460610301888304,2.270170865688903,0.716304970658329,1.3217816929672879,3.4360094015128206,2.822732615967226,1.4043077453736186,0.0,0.0,1.4508702833533213e-05,0.0,0.0
4063001308,2009-10,Western,2.4914110020252775,3.8813697790219583,4.016599506725817,4.831340201774474,0.8893224948564694,6.0276148824787,3.496357211167964,2.7860073514902384,2.527961681383417,4.376364529479584,1.265617666212807,1.851670318663013,6.679562831966399,6.148369034449961,2.374644133547411,0.0,0.0,1.7553809389405382e-05,0.0,0.0
4063001309,2009-10,Western,2.333825296947452,3.402722457636768,3.6173230004951353,3.918115301866377,0.7785684008950775,5.928265853431559,2.8463600672714358,2.5616877575035177,2.2779050748397505,3.816479586313982,1.076957822202715,1.7858220569627428,5.655121795209682,4.859733198635585,2.1452040146193623,0.0,0.0,2.1529859903568724e-05,0.0,0.0
4063001310,2009-10,Western,2.440641947339956,3.334495049728602,3.7906412080271115,4.317349506762982,0.8566532275405385,6.420030312455206,3.1236832992505588,2.488979197067513,2.3106622586881356,4.246346237861585,1.1477746030916036,1.5419887602324558,6.073546158231013,5.7952744050891205,2.156959312231461,0.0,0.0,1.6918122160011744e-05,0.0,0.0
4071000203,2009-10,Western,2.3067194075580266,3.3878230498262796,3.53200190583689,4.187569836177147,0.9793266244896853,6.484645555083334,3.805589304147617,2.664114187853528,2.4288551718554765,3.9175524823420416,1.2661190852474054,1.972228886309734,6.3804632090806415,5.947257020380785,2.0853437478540804,0.0,0.0,1.845476900494885e-05,0.0,0.0
4071000206,2009-10,Western,2.8446720181258303,4.337636123170353,4.169798398999406,4.8676747818632675,1.0319345307318855,7.254148359274085,4.7111097276198866,3.2717547810906535,2.8774820780080512,4.797008539981825,1.4403252129104,2.511816626035962,6.905166001983142,6.09819618707982,2.6631253673817743,0.0,0.0,3.203687459339782e-05,0.0,0.0
4071000207,2009-10,Western,2.760097352270749,3.7738271029972665,4.175318970589536,4.05806887280139,0.9816935854848144,7.2650531215587835,3.308876431513783,3.060953655698644,2.67813935767782,4.3142941988067784,1.4333205898610135,1.9869413273069094,6.625551903058409,5.953617438435256,2.5388944531073925,0.0,0.0,1.943174909812581e-05,0.0,0.0
4073000302,2009-10,Western,2.536753455081671,3.754889387575981,3.87700307752432,4.1513243545836085,0.8263237343019793,6.371919856918307,3.5879755492457392,2.9247836049062723,2.487968147787622,4.171428906542697,1.3162410918423135,1.9289499313605225,6.1697376490459614,5.5422682406188155,2.359774454547251,0.0,0.0,2.0714873630830664e-05,0.0,0.0
4073000303,2009-10,Western,1.5307977963525026,2.0435183868745277,2.2682194158665183,2.4296579607089703,0.4825035855525348,4.465998661364984,1.9211249259072822,1.6118377326000142,1.4287520124232735,2.730627267981838,0.6791423109356657,0.8794726731838197,3.8278530274690095,3.697986427854045,1.3255758243449414,0.0,0.0,1.713369880189073e-05,0.0,0.0
4073000304,2009-10,Western,1.5594459844785538,2.116882786156329,2.239200131148119,2.250355217803297,0.5082096624532211,4.258648942018956,2.259368638259307,1.7037750178701832,1.4162519873731507,2.520898696933285,0.7387366604818669,1.0770620337831274,3.7990439986797093,3.3235607438350248,1.3802296101705644,0.0,0.0,1.599757663681336e-05,0.0,0.0
4073000305,2009-10,Western,1.8812644278333532,2.6013846643724645,2.7392244555088703,2.713108044481959,0.6271449935463382,5.151017936166921,2.6795397822738596,2.0925992392579715,1.731824787881145,3.0456867726028416,0.8575639708988728,1.3297188635310868,4.811223873775188,4.168169697119205,1.6650870925942851,0.0,0.0,1.7977533483108625e-05,0.0,0.0
4073000306,2009-10,Western,1.2274021230740464,1.769144260293119,1.82152292899426,2.062791775350552,0.4143145216890731,3.321324774250613,1.4664819050908195,1.2866513720848405,1.1562799713598133,2.103801846009154,0.6047755396621939,0.841453989420122,2.8870291337888876,2.4876452571021366,1.15185929357429,0.0,0.0,1.4996435880818002e-05,0.0,0.0
4073000307,2009-10,Western,3.4082501261071165,5.010090197849025,4.98768543256212,6.410531030470742,1.8054094020228029,10.158462551833782,7.8044875499490365,3.958017747334953,3.4117851103899812,5.771103369983567,1.636595724359231,3.805249021159287,8.583534676369972,6.196660612547959,2.959810391357321,0.0,0.0,5.830809392576378e-05,0.0,0.0
4073000308,2009-10,Western,1.3542953510081435,2.0969602487096832,2.0448266381367612,2.2104529377618314,0.38876113492379283,3.3754533050193607,1.785597252799137,1.5782532899527428,1.327797147517263,2.398928875588857,0.6599235486495705,0.8401042107458168,3.629670873479477,3.1361861690467205,1.3076718009110702,0.0,0.0,1.513800628235561e-05,0.0,0.0
4073000309,2009-10,Western,1.9207209281529527,2.917948203232471,2.8040539925409975,3.02323712432533,0.6317661846057047,4.715006612632217,2.6209199326149086,2.2018370349551932,1.8776832507380943,3.245030451551207,0.996928014897198,1.4007955744837437,5.253833094591211,4.562011857846967,1.808194496327845,0.0,0.0,1.6773631907650074e-05,0.0,0.0
4073000310,2009-10,Western,3.6947911329626084,5.412349684947049,5.56747378797324,6.536798543159943,1.4395719157714808,8.81183101853852,6.311408116901965,4.119952708035726,3.631999943784383,6.304139128378388,1.9261545774114075,2.7363713782711923,9.834367283202553,9.656565750100105,3.48382240409415,0.0,0.0,2.3701050912861128e-05,0.0,0.0
4073000502,2009-10,Western,3.748240660074745,5.56503222208515,5.973181425726269,6.036938584141143,1.2494937907032244,9.236362714527141,4.28279148281183,4.222774321187777,3.814392112107419,6.06732556922788,2.018956412872924,2.698444059684582,8.796087164455164,8.394871068192455,3.5330248990702544,0.0,0.0,2.2925946095015934e-05,0.0,0.0
4073000505,2009-10,Western,2.1766282135331063,3.2794291608168424,3.252767903330893,3.7370843104774987,0.7127181805256655,5.197572505280314,3.038101335723717,2.404236480527087,2.0618785419335888,3.6877939365445362,1.096245111868066,1.6585169430034055,5.588496673468234,5.012202964872229,2.027557439229141,0.0,0.0,1.9236461984865497e-05,0.0,0.0
4073000506,2009-10,Western,1.584645814924333,2.0585212242269986,2.3578962630529916,2.5547535788034823,0.5987651846800927,4.64079090661445,2.297939886654315,1.6619602945106742,1.4242730575969618,2.745508343490162,0.8115243224434936,0.882179911581601,4.120265015901787,3.731952350553837,1.422005385667119,0.0,0.0,1.3609938922777595e-05,0.0,0.0
4073000508,2009-10,Western,2.098085159929436,3.211798410459933,3.1803263340369945,3.5270495286008146,0.6669511356688786,5.180860550760388,2.7610141404621023,2.39935826385018,2.1153814519442893,3.5505160360874464,1.0895535940180572,1.6432661397865422,5.377749581528184,5.096840343710862,1.943848378111848,0.0,0.0,1.8193659767088212e-05,0.0,0.0
4073000509,2009-10,Western,1.4389880428356656,2.187717672816561,2.210106891237005,2.6140448865579566,0.4642801687340778,3.735737187134531,2.0846319210121154,1.5688569493179165,1.362510799494288,2.5803511950719122,0.6595656621714819,0.947659849986598,3.769838100152809,3.1010928577905696,1.3396282220483124,0.0,0.0,1.4844178867686984e-05,0.0,0.0
4073000510,2009-10,Western,1.8228948280753752,2.4911881320205373,2.8223380073318833,3.071551455266514,0.6776800902597241,5.237048405587426,2.2192411202930393,1.8732188994722643,1.7115246288789512,3.1526770978072918,0.8873386049926603,1.0147532770703598,4.272601127713171,3.7308900242212317,1.7151077262867036,0.0,0.0,1.4707771844457798e-05,0.0,0.0
4073000511,2009-10,Western,1.2217104385604325,1.7342312076621658,1.7804981859095348,1.8325407027542508,0.40018791926946207,3.328523689788109,1.8800923974723773,1.3919866775672023,1.1339833234142473,2.1410091824299635,0.6366985809224527,0.6770606960965511,3.3396812145999104,2.8572791606790533,1.1437301457741107,0.0,0.0,1.2743063011675924e-05,0.0,0.0
4073000701,2009-10,Western,2.6864098909917327,4.06981229433051,3.886465540522737,4.697181287771603,1.0252733620342105,7.000373866094928,5.212360450882441,3.012109738460047,2.6715436023273456,4.368931914871957,1.2451998457899736,2.824136000778679,6.758364788153111,5.539959111982499,2.2904608116182033,0.0,0.0,3.5414659622105306e-05,0.0,0.0
4073000707,2009-10,Western,5.796824859908096,9.875343111439214,9.05119540030998,10.002059038814837,1.722724607177114,11.098811082067408,8.363867094587597,6.8110364872991624,5.906594264138512,9.433437468992492,3.1143511754050777,4.758040453490473,13.964510903084452,16.41062379269824,5.906238982851864,0.0,0.0,3.713813029785031e-05,0.0,0.0
4073000709,2009-10,Western,7.084702707488395,10.990805528044227,11.301523910582661,13.12322357191917,3.009978079958583,19.090997807154313,14.510501769583461,8.772396651370967,7.887960486945814,11.710805807109638,3.885534421434823,7.490684407772712,18.943803360460322,18.89487291326654,6.209112102768912,0.0,0.0,5.447409997369077e-05,0.0,0.0
4073000710,2009-10,Western,2.5094734632081774,3.6297536614998633,3.7513255147266586,3.693834241258184,0.8299037801491775,6.0569039776116655,3.0187350455330613,2.8658554545842287,2.440923381376162,4.038232665638506,1.543158167434309,1.7411183959721184,6.293645122028403,5.524894139346625,2.352794904118564,0.0,0.0,1.571812183156014e-05,0.0,0.0
4073000711,2009-10,Western,2.0402180338530065,3.072704733417686,3.059102581645467,3.428613225536367,0.6707715515334212,5.228013186144171,2.6775294157343077,2.2008019462354476,1.9739097853345444,3.364528451155278,0.9826622873938289,1.6380930338274926,4.413390640992829,4.011461536088345,1.9393914914787898,0.0,0.0,2.596488537911344e-05,0.0,0.0
4073000902,2009-10,Western,2.4828412980624766,3.7760829835456624,3.706497913470367,3.836444029523566,0.7423192266439316,5.3895611993816255,3.1085881072916046,2.7572445442725395,2.334541457507933,4.0316350326110255,1.2275323456346654,1.71323321783404,6.057040924061905,5.672528435453127,2.4407736335486585,0.0,0.0,1.968333532159578e-05,0.0,0.0
4073000903,2009-10,Western,3.764462812701304,5.532662954052148,5.525159513159288,7.067160833703784,2.0150211113079988,11.167510884349253,8.61690894519266,4.391107431577388,3.7937687876585264,6.34266404208662,1.8229255819157881,4.23431552753692,9.48443425245712,6.937835345525945,3.271186701262391,0.0,0.0,6.080987215166507e-05,0.0,0.0
407300090302,2009-10,Western,1.888429291044658,2.7778843833996936,2.708809260047579,3.0081793332261366,0.6198258987406852,4.79252579929841,3.09737689372928,2.099312023964676,1.7427287616957579,3.1127757419656623,0.8392079633235855,1.558822348917765,4.96491524082586,4.349984531903848,1.6503098335683402,0.0,0.0,2.2156119815683734e-05,0.0,0.0
4073000904,2009-10,Western,1.8037225237887797,2.657489515172468,2.6544863522865665,2.9511695058919925,0.5831807213975676,4.63843632755288,2.5460546505563815,1.989887083071703,1.70241242304517,3.078743906426438,0.9102680407525,1.271168123896835,4.489239042779909,4.110843787176982,1.6673225218415946,0.0,0.0,1.7950591611737324e-05,0.0,0.0
4073000906,2009-10,Western,5.240642458807562,7.669613240431499,7.795756621615142,9.753236578811181,2.8938310436017054,15.31734796845704,11.966060461175207,6.2030073240053785,5.396032038108884,8.671651052472017,2.6111494015054575,5.996530509568538,13.213417760048896,10.202077850933314,4.5484424920603574,0.0,0.0,6.971142369067323e-05,0.0,0.0
4073000907,2009-10,Western,1.8835064969497364,2.5275256248595324,2.8563937037673246,2.9785530432601104,0.734710340855032,5.493345879276011,2.7904395712507566,2.070895975829803,1.7823479392935595,3.096809831382791,0.9904879335779719,1.351455943652613,4.871555417585578,4.328120616605313,1.6616506256978567,0.0,0.0,1.4518877362673932e-05,0.0,0.0
4073000908,2009-10,Western,10.964733085109328,14.268144518518238,17.651999354820465,15.545598175683697,3.623725950546239,25.242631267294048,13.247429479272668,11.713304211814748,11.075573549058728,15.737854632546535,5.669059707586071,8.532971024598927,21.173507842829352,24.770211266045475,9.17082592016719,0.0,0.0,6.018484086722402e-05,0.0,0.0
4073000909,2009-10,Western,2.87174667505524,4.040723272124863,4.455469274933192,4.46580463263528,0.9318359480921031,7.371397075318298,3.2278108246955464,3.1244462413951943,2.753036449371191,4.636694603997933,1.3909064280570684,1.9129680059317196,6.637125586023202,6.101669203106567,2.6546432040173316,0.0,0.0,2.09626427012213e-05,0.0,0.0
4073000910,2009-10,Western,1.7627354219195621,2.5573734506023285,2.52240198527487,2.8233670248187037,0.6200912858121609,4.427985755655813,2.560377704264345,1.9413451456028796,1.671347341950831,2.9053830852296727,0.9185196218386364,1.3801250898071074,4.455377107531781,3.936844215836492,1.6417370576289745,0.0,0.0,1.77641999130808e-05,0.0,0.0
4083000201,2009-10,Western,3.0246127494741235,4.581958894513705,4.4038704325769045,4.93352788184191,1.005196285769045,7.9943009104688985,4.968669798936097,3.405919146182405,2.9476826490992227,4.900813699353818,1.4096630361687918,2.785461192523253,7.516802351214006,7.181347955766221,2.575432595620645,0.0,0.0,3.5729220670407785e-05,0.0,0.0
4083000203,2009-10,Western,4.028529072830736,6.992754237859274,6.184060152385529,7.331675833948657,1.3953938939848132,9.443516393950143,4.728068724395623,4.794102946188927,4.4646815713193755,7.07303121560519,2.2677175889454886,3.553266296203418,10.428353563220226,10.617809301266925,4.062554389380493,0.0,0.0,3.4867848255415145e-05,0.0,0.0
4083000205,2009-10,Western,2.025771563415777,2.9051602651957498,3.0945670645763164,3.35392718215439,0.7251047762661748,5.106716914530081,2.9287173492506056,2.178466877395758,1.9777680419491779,3.263282468356476,0.9198424649533711,1.7054675027891475,5.068496232179078,4.486523405713234,1.8008838190598877,0.0,0.0,1.5697339711851598e-05,0.0,0.0
4083000206,2009-10,Western,2.1608313769590133,3.05776334420607,3.2750656557954145,3.7715280300629384,0.6763364678027477,5.156172576924833,2.8251612909031882,2.187463313260387,1.95587440596405,3.694816910169002,1.0001676523220642,1.3897495212755542,5.134950798582461,4.879081909944517,1.9500153159911233,0.0,0.0,1.694756063097382e-05,0.0,0.0
4083000208,2009-10,Western,2.7067915068747097,4.451273355683252,3.9464221364838292,4.462438573449994,0.7729507974088518,5.392982383708005,3.6407864791876214,3.062033505204265,2.576129104075743,4.5396275605666,1.4253602828315726,2.010109423276427,7.100941502445876,7.047870025459992,2.707331362706185,0.0,0.0,2.020875449771363e-05,0.0,0.0
4083000209,2009-10,Western,3.237192737506701,4.544084740217286,4.866516801378532,4.8208837380674705,1.103447465982901,8.333122354335899,4.30192414854643,3.5453935119770246,3.1335365037257836,4.903668519679266,1.5486727222480148,2.682011924576926,7.206512643094995,6.639451519509805,2.8752898362079993,0.0,0.0,2.7010005895770346e-05,0.0,0.0
4083000210,2009-10,Western,2.9720280384710986,4.204348201588553,4.6240670799844885,5.502019403640053,1.1175833032636096,7.979023386977762,4.489774990328983,3.1341422252924294,2.9260404618282343,5.236367737791494,1.3332143765617053,2.204272362623529,7.167080706890801,6.439165823578982,2.594172049074018,0.0,0.0,2.722720010876e-05,0.0,0.0
4083000401,2009-10,Western,1.5685095113580358,2.1760056130075536,2.3038916350933625,2.4671817250779213,0.501213963546987,4.2041378562301075,2.2663794729925857,1.6936992567982363,1.416012264709156,2.6370023586959452,0.7255927431825467,1.03448156622866,3.838214349141153,3.494103610047114,1.4108373816616502,0.0,0.0,1.7498237706568812e-05,0.0,0.0
4083000402,2009-10,Western,3.6649780451145664,5.351872469557782,5.677527957047116,5.718495130610368,1.2310483109784276,9.554172585701354,4.935140360528982,4.1947549491732,3.689586339642179,5.81047701361821,1.784714479630987,2.9375585854381456,9.180376572790692,9.369461361572231,3.22448398773396,0.0,0.0,2.767853564492299e-05,0.0,0.0
4083000403,2009-10,Western,3.402520130234431,5.1001561581713695,5.146585965768279,5.444870015190637,0.99012289781621,7.767734155387265,4.041100257969358,3.7088817599011596,3.4238810494769067,5.655629562070623,1.6438194802696744,2.5720404649290542,7.606662302049534,7.4376441704346,3.122812171293448,0.0,0.0,3.244468622318557e-05,0.0,0.0
408300040304,2009-10,Central,1.4059850805460714,2.004595166651784,1.884591257922046,1.7781359099408598,0.45004726122620325,3.533349478547722,1.5165230508053191,1.625740671554878,1.3863871463247774,2.0187955975538,0.6365959626404036,1.2542688071124484,3.1969845056627073,2.604065935889582,1.2557546624197267,0.0,0.0,1.5317266952469552e-05,0.0,0.0
408300040503,2009-10,Western,2.5982591372080286,3.7944050878330784,3.7786282369992126,3.89555668395497,0.7484553516308599,5.957548998758793,3.856461610825155,2.813313778306076,2.354847872078608,4.02964832948519,1.1666075273907317,2.05216291634034,5.954981975951166,5.767648795361168,2.293806441315609,0.0,0.0,2.501335736500369e-05,0.0,0.0
408300040504,2009-10,Western,3.6060129662496467,5.1326460123720095,5.368317330478485,5.766479503262385,1.3709092881394849,9.948838770278954,6.46627987763005,4.105118646013915,3.5646871540410814,5.655438253202235,1.6930892274391298,3.407305583001475,9.251075228618207,8.213604007178105,3.0147595838469674,0.0,0.0,3.269975105374184e-05,0.0,0.0
4083000409,2009-10,Western,1.6079340881734379,2.3254340258947646,2.442847331015736,2.996081269794845,0.5856022187285623,4.497213332834324,2.4115496538898515,1.697362091613197,1.5221065087541892,2.9067132972507728,0.7177379599108292,1.0738891850814714,3.9920222685698814,3.621496121151551,1.4689756586314724,0.0,0.0,1.8931171274043724e-05,0.0,0.0
4091000202,2009-10,Western,3.130340807281616,4.809309202632977,4.764703851408918,5.336823324787868,1.0872185847970723,7.412025406659394,4.369622348587592,3.591815551713954,3.1254246691373178,5.263886830753465,1.6910130433307753,2.4071935281124475,7.865997776336098,7.560343513557089,3.0729124282413056,0.0,0.0,2.4384438548160737e-05,0.0,0.0
4091000203,2009-10,Western,3.2624551174149827,4.65402870910523,4.820913399968981,5.229988490312793,1.2305272865674084,9.035107761304788,5.857298232154546,3.696458613813788,3.200015115181528,5.149843792270899,1.5145656521093045,3.0711105962569794,8.363185454143096,7.312147839183088,2.7324135942714185,0.0,0.0,3.1397562420388044e-05,0.0,0.0
4091000205,2009-10,Western,1.4509938973173362,2.050661651965471,2.088030072769882,2.2764941982257056,0.5263900330874379,4.175948290610734,2.107670564074871,1.5803942658224481,1.3633553306947075,2.380394612813704,0.6489725943429606,1.1835186896074634,3.60462545374312,2.9286741893944077,1.2749962622015418,0.0,0.0,1.934687178369048e-05,0.0,0.0
4091000206,2009-10,Western,4.8947262010942545,8.062477786296897,7.500138234939475,8.431728052437856,1.4540115695960374,10.384804369485593,7.1328178078683,5.5291843281742485,5.028877806778538,7.882689004373731,2.5305782139628357,4.444418970045116,11.057377102847456,11.902053629430021,4.5172327165756885,0.0,0.0,3.8349057167120655e-05,0.0,0.0
4091000209,2009-10,Western,2.267835303661803,3.501651441229019,3.468979000977177,4.292483772838869,0.8175594604686566,5.5756924838121025,3.988492436153556,2.5509996552375687,2.2305274662312926,4.037226146415993,1.1849520366927864,1.7161191602258057,6.2135463680918965,6.202494838421974,2.134219553048103,0.0,0.0,1.774160589744526e-05,0.0,0.0
4091000210,2009-10,Western,4.142617748172508,6.069093951722721,6.530829543753889,6.593064481334427,1.3396221460864335,9.325014365134345,4.7639160031179255,4.5708668642886225,4.118793824934805,6.359203813220211,2.013805622829097,3.2220259980850705,9.671210533316314,9.641493739235154,3.8468168812006196,0.0,0.0,2.5703854316703146e-05,0.0,0.0
4093000503,2009-10,Western,3.0934619072488543,4.408856479220934,4.950450931420162,4.843249016619348,1.034396904593635,7.852502657274348,3.3209049884706916,3.4400965320842456,3.0515178689487374,5.054372400223876,1.6480574062038016,1.9186445399655898,7.239927166463759,6.533720412235999,2.996032676305905,0.0,0.0,1.9075403203425037e-05,0.0,0.0
4093000505,2009-10,Western,2.503566537505713,3.8281129103647444,3.685275175574053,3.939085157768161,0.7324196781131691,5.342879164348122,3.622171884152967,2.7447956290074513,2.3251759839746473,4.010503052399991,1.1684496393940949,1.901456013968575,5.975868362401908,5.829772366641456,2.3469199817560247,0.0,0.0,2.2852674190682364e-05,0.0,0.0
4093000507,2009-10,Western,1.6230877762773017,2.248915682903866,2.401797277346208,2.4473377861745416,0.520049381910158,3.973455932326044,1.8801392844498106,1.7403123106862102,1.4713699236302469,2.6900258406450774,0.7584632128737483,0.9855223185265973,4.209066089224988,3.6057110652128195,1.5375319265570537,0.0,0.0,1.4657765454953554e-05,0.0,0.0
4093000508,2009-10,Western,3.0982291159629685,5.28971264268442,4.710632857150463,6.004297952079278,1.1227583901371652,7.846749764227248,5.2643513849257,3.8115840874601563,3.400986438770157,5.597870567140833,1.6002225170646844,3.040811445933132,8.92926483366166,8.051711861131608,2.9225884817082664,0.0,0.0,3.318414564557435e-05,0.0,0.0
4093000510,2009-10,Western,2.564861005993824,3.806516292618174,3.84783542352268,4.203330912839741,0.8627351873503573,6.50084987862461,3.6259158423912328,2.8990984737752177,2.50225802718688,4.3088924105601825,1.3444328388285072,1.8936013956070634,6.409645848842542,5.987419708180435,2.384362059216363,0.0,0.0,2.097288575468182e-05,0.0,0.0
4093000511,2009-10,Western,2.943616562960043,4.1453645483033785,4.390787960924845,4.858451640234358,1.1156629331441659,8.032584030345097,4.74394375577607,3.2602066616905754,2.959983596433932,4.728033393480247,1.3624247481221965,2.788937005525361,7.610041517079548,6.403410900313069,2.4461513570351436,0.0,0.0,2.6887625806886047e-05,0.0,0.0
4093000903,2009-10,Western,1.8662342433294925,3.146738198385529,2.8037688517014665,3.409497403909543,0.5763534166624126,4.365885933850199,2.793989382392824,2.212994397821453,1.92490891890717,3.360031458157072,0.9661555818857225,1.4668705658232868,5.073422621253581,4.720457055322736,1.8431206400015632,0.0,0.0,2.05889751970219e-05,0.0,0.0
4093000904,2009-10,Western,2.4982558274803566,3.6096278489673335,3.830337185442509,4.239942619416259,0.9099463162730521,6.490972351167746,3.2128169649874563,2.7667699328488897,2.4440842970743484,4.090178289138276,1.2972048806242729,2.0294540001953623,6.319667828833616,5.406211678974019,2.2691388772164536,0.0,0.0,1.9208877992684723e-05,0.0,0.0
4093000905,2009-10,Western,1.8505870923979342,2.7636139470160748,2.6884660754183387,2.93631440051493,0.5723617664195795,4.2121435070796895,2.8192811552213426,2.050950352516464,1.7133140484535263,3.0805918023328203,0.9128673090655474,1.3183411533082807,4.722092416256478,4.382943771762557,1.746070409292988,0.0,0.0,1.7862716781944657e-05,0.0,0.0
4093000906,2009-10,Western,1.963968350655114,2.8788703239470843,2.983566092434071,3.1767257785921412,0.6507073003317384,5.061757197005258,2.4547097922162378,2.1564023422835756,1.8803571371447676,3.284833464382738,0.968931791533774,1.3411955652234022,4.597975118876383,4.087278811057972,1.8925917296486359,0.0,0.0,1.9114065389723737e-05,0.0,0.0
4101000101,2009-10,Western,3.9861238778717136,6.028025446040117,5.907683561118386,6.4761139638123515,1.3620202603881895,10.409932263029747,6.547739597270922,4.550481853982614,3.9690093585718844,6.35733155931457,1.9136483012991674,3.738507511595834,9.920847852653553,9.827452615566914,3.3934162505439107,0.0,0.0,4.009805730955466e-05,0.0,0.0
4101000102,2009-10,Western,1.2976631863078456,1.8264757300605174,1.9447350386246651,2.213500037669768,0.4973026476822121,3.685959940087107,2.0165358753341254,1.3918902028516964,1.232993654680616,2.130455633416816,0.5930662594029978,1.129201938386433,3.3297728206922796,2.767614462109771,1.1333579692528695,0.0,0.0,1.3410560699130462e-05,0.0,0.0
4101000103,2009-10,Western,3.4067640004494497,6.045070405571982,5.132540031846163,5.7559564475615055,0.9352591537820255,6.768518561221234,4.309779705344603,4.060617691163172,3.582506145058694,5.659704827429835,1.7386250485153634,2.9268323293361904,8.834869699412085,9.17334918482997,3.3965019141924437,0.0,0.0,2.7106072743214428e-05,0.0,0.0
4101000104,2009-10,Central,2.508406315324829,3.3795697901078112,3.078554873797685,2.665941052375265,0.6779429429894483,5.067376776505547,3.69645417638966,2.5416893806187835,2.2309466195149814,2.8576916991177463,0.9608008395764328,2.738032763915645,3.5942763355894876,2.9138170845155122,2.0327043542535983,0.0,0.0,3.5009891401127537e-05,0.0,0.0
4101000105,2009-10,Western,3.617367463804009,5.245915567597556,5.4624120605648825,5.981400324545267,1.4338285349815223,9.48331130388432,4.496326959292192,4.117378787294622,3.768367803300142,6.279565774612331,1.9604509852616183,2.6095211158406157,9.32035249699162,8.803186465317562,3.489536263746365,0.0,0.0,2.9271560055070725e-05,0.0,0.0
4101000107,2009-10,Western,4.685355025289046,8.222069141990202,6.816683618955018,8.342703757897194,1.427439789918794,10.023595703280803,7.801121492278255,5.353109061765714,4.9525375459867576,7.591111173118493,2.4269054518438944,5.175762756491907,11.076563625042786,12.40680355783662,4.092704842819199,0.0,0.0,5.908178918724478e-05,0.0,0.0
4101000108,2009-10,Western,3.4012487416570796,6.087049254102007,5.403922153374571,6.781940357388645,1.0344665147615477,7.192072117671168,4.7926041494502005,4.034299516761901,3.583957958815867,6.411190361227742,1.6854145819117674,2.3135252097457504,9.324832487868104,9.82038962361717,3.5581309457810857,0.0,0.0,2.492335682559116e-05,0.0,0.0
4101000109,2009-10,Western,2.5951274607430466,3.9486452170996995,3.9732695203601938,4.1076181162883545,0.7339084109615379,5.765377262544938,3.264870105962143,3.016203438378569,2.495221961574267,4.03938572411792,1.2571477687497932,2.2364168629605987,6.241091378906389,5.209337508039836,2.358708117575917,0.0,0.0,1.787532472804497e-05,0.0,0.0
4101000110,2009-10,Western,1.671279801722058,2.597016883931448,2.4738406838551033,2.6651195954755167,0.4802745242241685,3.835839769152426,2.0790483587971273,1.8603629781667252,1.6451054238433904,2.7070117662876805,0.7593141020660387,1.4191980342959079,4.300396748179026,4.279562491360972,1.4890547552462787,0.0,0.0,1.551245850188837e-05,0.0,0.0
4101000501,2009-10,Western,4.351872136697811,5.9122551323763926,6.533569331389646,7.121706002306665,1.8475298385807297,11.820029667524809,8.623926036363569,4.77430312585684,4.214302949548517,6.534102578074335,2.013779658122708,4.355551680766769,9.95774078239932,8.061485344450004,3.6243152871200452,0.0,0.0,3.816215632952558e-05,0.0,0.0
4101000511,2009-10,Western,4.5353631964420655,6.434548568094046,6.947511503380941,8.11739734965952,1.7533596076905196,11.184943512869786,8.625564001039779,4.680959417208658,4.362372497469205,7.171988237933777,2.024521823265721,4.157928746637867,9.218169194457987,9.29605101780905,3.7679513038523464,0.0,0.0,4.1927276764316624e-05,0.0,0.0
4103002601,2009-10,Western,4.125282941244236,6.247577209225948,6.114583731044947,6.745964703071336,1.480145393354975,9.919981874210295,7.408414730842178,4.696086149663079,4.27617264910359,6.232800033162027,1.9557803702693854,4.4802606795256255,10.490185458164285,9.68993944202827,3.460413120829656,0.0,0.0,3.369376582322665e-05,0.0,0.0
4103002602,2009-10,Western,3.314897604986529,4.872691235836576,4.847468848550558,6.237860293261113,1.7506963027740403,9.89336657020462,7.591273391782402,3.844825703081439,3.3120313596835653,5.620624282605516,1.5880317578317709,3.6926537641459505,8.347395899207063,6.005580663275425,2.878020475358422,0.0,0.0,5.762316998687661e-05,0.0,0.0
4103002606,2009-10,Western,2.8409651591605476,5.071111257839873,4.262468135907495,4.989155320116273,0.7336319166384203,5.330671550781121,3.6584489933453703,3.225423420787069,2.7268439164869513,4.939180144326083,1.4456053679502079,2.039128683986288,7.2609324684373755,8.105377910880888,2.968518939287853,0.0,0.0,2.3043737078126774e-05,0.0,0.0
4103002608,2009-10,Western,2.244580039812955,2.9506910518687737,3.297014320523758,3.2479697371935075,0.7712481308878474,6.152480753180828,2.8463248795367226,2.400074646891849,2.0706562987549844,3.473736581964383,1.028930683276133,1.6419402481768013,5.250763815608548,4.66501148247008,1.9488737768848168,0.0,0.0,1.966354874919745e-05,0.0,0.0
4103002609,2009-10,Western,1.8743369997157073,3.03384159166265,2.717048575108264,3.0544607591749773,0.49765929199189723,3.8578247625630753,2.422537665347505,2.034153092465265,1.740292615590664,3.143094173604911,0.9035119967558118,1.3732475119544203,4.652779163645454,4.652260541856917,1.7590246443970339,0.0,0.0,1.78579053732313e-05,0.0,0.0
4103002610,2009-10,Western,2.0155584597153804,3.2395095928446263,3.017217610723469,3.4101628374121247,0.5854816301711647,4.513620620678412,2.8412110163387565,2.3293605729762628,1.9317697582404298,3.55722049937874,1.1027021990075678,1.3533117247549966,5.5011399364701825,4.867049806375366,1.9673818587774474,0.0,0.0,1.663948759677475e-05,0.0,0.0
4103002612,2009-10,Western,0.9991474423186597,1.4902031591830094,1.486937913729165,1.705805863149016,0.29923241033331516,2.537717163384221,1.14983925444062,1.0500120579132095,0.9296437712938246,1.7592365721450798,0.4846590054538698,0.6295132386384826,2.437727367165435,2.1548864127219667,0.9368499379802302,0.0,0.0,1.293475299217717e-05,0.0,0.0
4103002901,2009-10,Western,3.7668193120552225,5.677309893980157,6.056191107755895,5.772700142209154,1.1272998917806005,9.061878904784276,4.563728899952575,4.56113353718589,3.8419076048726706,6.269361095068352,1.9679749921524645,2.3026464163712017,9.603558508551167,9.120637320873673,3.6275068521696077,0.0,0.0,2.15920709130133e-05,0.0,0.0
4103002902,2009-10,Western,2.178268224217743,3.1180847814974553,3.292881339189916,3.580554275875913,0.6955165314519881,5.511833660886748,3.002315586513453,2.407033229232371,2.052001237358303,3.73238292221806,1.1068085088562705,1.4514556352440255,5.587510102750013,5.156205637646449,1.9685817516875295,0.0,0.0,1.7350823199351955e-05,0.0,0.0
4103002903,2009-10,Western,2.092389139639718,3.4852812275469005,3.169551319212337,3.6571474117340195,0.6408557930722114,4.7885172465429635,2.992832269336443,2.5548116835367063,2.1658079738676776,3.7754996172435704,1.166878525487007,1.4320657889934318,6.044899611221336,5.51400784740314,2.12983560260426,0.0,0.0,1.8278817555797025e-05,0.0,0.0
410300290303,2009-10,Western,2.490379348520185,4.223082347796354,3.6526047486146203,4.423207666037863,0.8049405911068789,5.5107780788595875,3.7083058309532575,2.9371348832182034,2.5568395965277615,4.279762412624751,1.218148510251403,2.3075357340585247,7.035080777117001,6.3929613782976356,2.366467350342304,0.0,0.0,2.6047487825836224e-05,0.0,0.0
4103002904,2009-10,Western,3.003296411546684,4.486586540659978,4.538012332458271,4.702238978375518,1.0232282966348425,6.9547247656452065,3.355418515443195,3.2828691124311247,2.976527413902278,4.679197181444642,1.532327559014207,2.4186410852770694,6.76256786905115,6.156925774828988,2.9403747645133,0.0,0.0,2.4287698649715527e-05,0.0,0.0
4103002905,2009-10,Western,1.84947203494952,2.546313781397408,2.741592830379441,2.9833335576675792,0.6665529893610533,5.107369522749252,2.5325850580219593,1.9720811382703798,1.7681824093624534,3.0027358923008043,0.8096100582546316,1.541251774819165,4.6430891376559655,3.801228704534956,1.5672445749099997,0.0,0.0,1.9804780443292473e-05,0.0,0.0
410300290501,2009-10,Western,3.7993739050716733,5.812232744625411,5.90992972375223,6.202171329890821,1.2706981961876296,9.113669770978357,5.162583324757649,4.304010791798427,3.936701043908481,5.8727432449539165,1.9306810210174497,3.484183013379015,8.616913498573522,8.528092499140731,3.4938331025641025,0.0,0.0,2.9306493050744303e-05,0.0,0.0
410300290503,2009-10,Western,1.712652742774946,2.393056154742798,2.449192456978284,2.5636566245953394,0.4985159055191672,4.400010059393872,2.7457735035039037,1.786447705709858,1.5145318172780602,2.6504718350454404,0.7235473124800451,1.3829217928370463,3.7044891960691855,3.3805603492068212,1.4287465025308033,0.0,0.0,2.324064159747566e-05,0.0,0.0
410300290504,2009-10,Western,3.4888388804576045,5.870303439546372,5.184906382675721,6.758712133853108,1.4188007014891955,8.74069338594598,5.701690636900171,4.287956272912837,3.8045289215998777,6.308018655912227,1.7979808408050337,3.6182776960735987,10.02884517597022,8.158340178388084,3.327996303075598,0.0,0.0,4.284211827541717e-05,0.0,0.0
4103002906,2009-10,Western,3.6055681098476855,5.515764433405771,5.550350640779256,5.69132017490285,1.0494206081221036,7.888755446247983,4.6236779891408,4.142431886066237,3.615726486643764,5.9235017976097515,1.8048679318458902,2.570939832251438,9.137302732020514,9.256496232010557,3.3761768978101143,0.0,0.0,2.3376328945472723e-05,0.0,0.0
4103002907,2009-10,Western,2.69225869164549,4.631138641102412,4.13951438348328,4.906458097612573,0.8433788988457906,6.027595469922657,3.8198607798184905,3.3180764102908338,2.85505275428222,4.255649967545178,1.3406347351391212,3.0975862730483086,7.197490724346807,5.797653453301968,2.4105462289475494,0.0,0.0,2.14607110926375e-05,0.0,0.0
4103002908,2009-10,Western,2.529265690830389,3.5521776350001804,3.9142759614174363,4.145118633154828,0.9792296262617406,7.010903792848776,2.8877579499661623,2.7479752432376907,2.49768822762457,4.15126964933225,1.2073958364290762,1.8400507650832647,6.138304262937735,5.273104015971802,2.3647301984671967,0.0,0.0,2.2486406184121437e-05,0.0,0.0
4103002909,2009-10,Western,4.228167668142233,6.841465811802375,6.618183158426704,7.577968356794662,1.4060830250061447,9.492990531731007,6.56698575217087,5.020540472701599,4.440286270476975,7.004507849847988,2.172760036035811,3.784114943968462,10.9581188826469,10.570437975614158,3.9953993075861414,0.0,0.0,3.088912642594689e-05,0.0,0.0
4103002910,2009-10,Western,2.1847979353128992,3.4737921849543594,3.468926464873946,4.147725070136004,0.7486470312512818,5.263806933748592,2.598101880357718,2.325350061682044,2.229244520567272,3.8335889585024936,1.087317261429355,1.5781824381203713,5.30761708419384,4.7868225043314725,2.128425741726639,0.0,0.0,1.7349594289299506e-05,0.0,0.0
4103003802,2009-10,Western,2.3546741467472625,3.2202667995407994,3.5864015944957948,3.764433288827788,0.8534502571145436,6.458131929017613,3.351996066060522,2.6258316949214797,2.2403470006061186,3.803815771507587,1.1514936039928663,1.8033533800806099,6.02836607974404,5.206643910661362,2.0659804315349244,0.0,0.0,1.890623447031906e-05,0.0,0.0
4103003803,2009-10,Western,2.4310460198361654,4.02683403589883,3.545092366876006,4.105168724293064,0.7192482335348882,5.141912276406265,3.3258522022654002,2.7877181113570235,2.410546048446558,4.093727818496634,1.2643108665716614,1.9856927711827153,6.388322863157307,6.114143693210309,2.353631874544405,0.0,0.0,2.0905426685957837e-05,0.0,0.0
4103003805,2009-10,Western,1.8910190371117999,2.468907062984561,2.778553161791714,3.028290460194537,0.6611084220760736,5.522439594559202,3.39782713943239,2.013654252708786,1.667691533408845,3.215208266911321,0.8844664125957243,1.180442753243162,4.692721712775962,4.40113072878357,1.6218481752803797,0.0,0.0,1.6929038980231457e-05,0.0,0.0
4103003806,2009-10,Western,2.2011342601543946,3.222929864447796,3.283779205605696,3.4025308762118507,0.6325011803149384,5.326441505797772,3.3556078437415127,2.4655286153771265,2.006175836195987,3.6944508002033665,1.014133569214383,1.4044269531704818,5.4557417191735675,5.253251976712211,2.033975085233875,0.0,0.0,2.001911821883008e-05,0.0,0.0
4103003808,2009-10,Western,2.8338649199470254,4.178918284736656,4.164458000401585,4.3557818497923995,0.8543194386258328,6.427445112768837,4.276523476705553,3.082968562437485,2.634734983378909,4.405468600992867,1.2975855318288323,2.2940851195404353,6.503802548602097,6.262213099454938,2.5332103494251594,0.0,0.0,2.6193726573900676e-05,0.0,0.0
410300380804,2009-10,Western,2.090294192059801,3.0380044462512825,3.226784981117639,3.724114932843038,0.701756743746732,5.554930317688601,3.0101704803360487,2.2361562569449913,1.972657521334523,3.663905063568666,0.9187055259141115,1.392364917046733,5.242952672383671,4.674760937224031,1.8813333039554183,0.0,0.0,1.8757056075380918e-05,0.0,0.0
4103003809,2009-10,Western,3.0383439356480673,4.6899793202964215,4.726559891559554,4.9608344533733915,0.9584956620145174,7.633268480665856,3.7625526165912038,3.5724974881826075,3.1523187657089395,5.360635486847006,1.5638053524544837,1.9187229507515726,8.036988111532287,8.10457545518531,2.9302107465587195,0.0,0.0,2.251076848461927e-05,0.0,0.0
4103003811,2009-10,Western,3.1955366483442034,4.146714135866958,4.90478553122772,5.53018131385086,1.1965225832292445,8.734135725104391,4.516917200593309,3.121309554193503,2.951126383702902,5.408102275216931,1.3489628309343304,2.2479478208411043,6.3965166779530325,6.078050468843451,2.6281760887472196,0.0,0.0,3.587325256760545e-05,0.0,0.0
4103003812,2009-10,Western,2.7767954835018243,4.035001411353101,4.297709214963832,4.860459708789693,0.9060081378609763,6.864121347542077,3.783789584323072,2.9281186280937854,2.575089201395375,4.832834650423534,1.2333142774253514,1.6914093381341986,6.702962689053336,6.541582769015773,2.561807674893997,0.0,0.0,2.1381410595255252e-05,0.0,0.0
4111000202,2009-10,Western,1.9282223727256582,3.09174629351514,3.00532246569933,3.364061576991064,0.6571405588923672,4.482738424406468,2.815365774821058,2.183970767706624,2.032583267109892,3.048576073070346,0.8755803706737808,1.9505412465257659,4.920468311332342,4.579940134357174,1.7632524489584411,0.0,0.0,1.60016110056796e-05,0.0,0.0
4111000204,2009-10,Western,3.5677695780660406,5.639018355476069,5.407021869720347,6.367374059584523,1.2939451364387258,9.10474212286204,6.76971412587143,4.199060840428682,3.7714465110414537,5.83264030648853,1.7626486016153624,3.751218165832558,9.444332073370111,8.825159586138103,3.1030559841098118,0.0,0.0,3.303256369951022e-05,0.0,0.0
4111000205,2009-10,Western,2.290654588123388,3.4891130308941585,3.3271899710097763,3.6139781301106835,0.6536331269110179,5.368705901910969,3.0287421021883487,2.472802050718645,2.296759213447648,3.7242701594020384,1.044624577924011,2.0040012012100497,5.534440479514189,5.5432947163263995,1.939013632449316,0.0,0.0,2.4959960572052648e-05,0.0,0.0
4111000209,2009-10,Western,2.4495833689536575,3.4443495593061977,3.7328483986344123,4.436726421904589,0.8859786605231966,7.1113778937481245,4.5849386660562335,2.5872069515929774,2.259424740021565,4.24160731066781,1.0504427709241584,1.8041604988556599,5.637519879142657,5.420103887955437,2.089501265836692,0.0,0.0,2.7313882820346087e-05,0.0,0.0
4111000210,2009-10,Western,3.580655340578086,5.214785750879007,5.879139185510878,5.967021479356005,1.1759987638926095,8.99897481549616,5.290853150380111,4.0892073503631465,3.5298561577608987,5.962914985960348,1.750179981317498,2.3832543700855164,9.04095628986506,9.46664855139114,3.223358277803366,0.0,0.0,2.0223355161352963e-05,0.0,0.0
4111000211,2009-10,Western,1.6385957506271147,2.450691422745586,2.4646083856925625,2.9656685563363836,0.5836654298308265,4.295716812576324,2.7710466771022437,1.8067549090832553,1.575349225838352,2.8275890834744164,0.7855436184821024,1.3379418498998155,4.407838279018529,3.7974340428726063,1.4581341369286462,0.0,0.0,1.5771603938682767e-05,0.0,0.0
4113000401,2009-10,Western,3.4612499215904826,5.7799923394900325,5.116291865714703,5.840724142450337,1.1572451480306483,7.705401969082413,3.837331324374211,3.921271567810945,3.685707013398906,5.7269988836252805,1.8322667818176974,3.1503631005093564,8.578485363666424,8.317520232599696,3.361098028220099,0.0,0.0,3.1640100210957623e-05,0.0,0.0
4113000402,2009-10,Western,2.028575465850605,2.700475964450189,3.0350049137117603,2.84162425227119,0.6923782543582286,5.526071635976183,2.486841781851633,2.2140788645356864,1.8804453550865792,3.236130339511945,0.9215223628174393,1.2629981194904838,4.998113003641248,4.237267020887631,1.8421841873081133,0.0,0.0,1.6299237814360507e-05,0.0,0.0
4113000403,2009-10,Western,3.2770528798307694,5.1425630650101075,5.243990183651583,5.734482383477823,1.0688597409796066,7.762589506987893,5.073714731339097,3.753017696497091,3.394313858107185,5.369661666788771,1.5929749420611308,2.805441044856211,8.409293691714156,8.75789224858771,2.9075873664048246,0.0,0.0,2.184907152894673e-05,0.0,0.0
4113000404,2009-10,Western,2.515420191037783,3.876496814732897,3.7867489078053778,4.051735310466028,0.8235313375681504,5.536161600963309,2.8207723210859568,2.7476679842667253,2.4613315807999188,4.041869731222823,1.289144841848693,1.911894034016643,5.842575697298641,5.288955545539612,2.5460012641616094,0.0,0.0,2.116809467020908e-05,0.0,0.0
4113000405,2009-10,Western,3.156338999855315,4.247831070878491,4.740043719160533,4.721328081744578,1.077919861089117,8.176185293891725,2.8979615806015024,3.2644017807233756,3.044121662845954,5.153090719551423,1.4683540942622988,2.135500965968631,6.9187208847411545,6.312151431728594,2.8437174128714267,0.0,0.0,3.509196503268502e-05,0.0,0.0
411300040502,2009-10,Central,2.8591887697129352,4.090869375480087,3.6501218619149705,3.5401867983427735,1.008832995567793,7.179782588382235,4.665462566727716,3.296712934956895,2.869197624125751,3.7362993698337537,1.1726416339463728,3.4979353763683276,6.444107310486937,5.268964227510971,2.2365571062870298,0.0,0.0,3.0304381354265468e-05,0.0,0.0
4113000407,2009-10,Western,2.6361443172126937,3.828048218314866,4.084837679456802,4.161371330045498,0.8045186264282467,6.1288622949893465,2.765478194006399,2.8499539956470574,2.4685567771265977,4.330475822709765,1.2729021813946226,1.6274888313924665,6.177353827035026,5.7103856230834475,2.6177294318945425,0.0,0.0,2.004825356715811e-05,0.0,0.0
4113000408,2009-10,Western,4.010882286682759,6.834036325183703,5.960853437637733,7.015324259727001,1.2833076560073737,7.977021977824291,5.60167837160382,4.662584826996077,4.099661544336645,6.662127479828149,2.062901653300583,3.623546236797451,11.120115804964602,11.078113286806142,3.860915024425683,0.0,0.0,2.8681386269854436e-05,0.0,0.0
4113000410,2009-10,Western,2.9872911632489645,4.5597586443221365,4.529439769815903,4.716334823578492,0.9011908375462563,6.443397508962211,3.546797058233832,3.3010131117742474,2.9712190717154257,4.708250789251292,1.487518023234577,2.4185806931069194,7.164786634237082,6.986848085333902,2.796684830552389,0.0,0.0,2.0861073393578083e-05,0.0,0.0
4113000601,2009-10,Western,3.2427285003624298,4.20561959962368,4.898787325840796,4.676852594491227,1.1241661488610553,7.988231098138506,3.1347348960757113,3.234863419072321,2.9061492334406798,4.787551062321411,1.4395036221405064,2.2277217950688466,6.361965744848404,5.607485930862275,2.9761243527262446,0.0,0.0,3.0286031112070627e-05,0.0,0.0
411300060106,2009-10,Central,3.956276345319906,7.09816944455823,5.154288656050127,5.327463177530222,1.0868998194381054,7.418046531520369,4.458307870928364,4.930151586287177,4.451669617705581,5.601036950893179,1.8949033789056065,4.694101639509059,8.787511889427503,8.729652979142577,3.754454874768855,0.0,0.0,3.770698751105868e-05,0.0,0.0
411300060107,2009-10,Western,2.848492599876648,3.930784746737146,4.276764046716219,4.472846888635487,1.0052998531204826,7.502891965879323,3.5167133374006987,3.0500604027687075,2.796965487679209,4.555523258824423,1.3052500934213325,2.292621579549333,6.934941989604678,6.170408720888763,2.4456392597930074,0.0,0.0,2.531210126263524e-05,0.0,0.0
4113000602,2009-10,Western,2.202023050591922,3.1229479608559023,3.2880740439955094,3.4097339408470093,0.7663687443045187,6.257443399532054,3.6511610256163496,2.646381581316382,2.170167164223983,3.6645987855710938,1.142056572420563,1.6538846424657936,5.989595697915243,5.429751995550261,1.9297352790583464,0.0,0.0,1.8872230992347525e-05,0.0,0.0
4113000603,2009-10,Western,2.932039563253932,4.378323231272696,4.712107676657719,4.728314986078126,0.9331185172989241,7.236090833723596,3.334079333905458,3.427487202959615,2.9741175301064406,4.882526508998788,1.5463178741727157,1.917624721391022,7.417737176772297,6.407357554196303,2.83372394274572,0.0,0.0,1.9076734087710055e-05,0.0,0.0
4113000604,2009-10,Western,2.4332639432045444,4.035551947727858,3.5466741331543363,4.288611712706021,0.795025230589636,5.082633866818326,3.765878124714453,2.7749112319213807,2.370196549646035,4.112598075671739,1.1694899780774508,2.1522389455076345,6.627090567708386,6.179614028229865,2.3434860650994067,0.0,0.0,2.559553352608991e-05,0.0,0.0
4113000606,2009-10,Western,1.3493460405607618,2.0641148902617967,1.9852508223248417,2.4410907073265227,0.44899554088503524,3.403445547505499,2.2888663123886355,1.4760463534312251,1.246008136072423,2.27711642093042,0.6106373551790242,1.2628816405996661,3.4710406414228525,2.786862125942269,1.1764822420485817,0.0,0.0,1.7223781385177768e-05,0.0,0.0
4113000607,2009-10,Western,3.5669519251836563,5.471972147925739,5.4244660439116315,5.329676002702244,1.0220726143605272,7.858043381639513,4.355400330568954,4.074915717672702,3.457811439495776,5.736293841385795,1.9013097909261278,2.504229106015187,8.846086876642586,8.5829908904372,3.3329253981680065,0.0,0.0,2.058092277029719e-05,0.0,0.0
4113000608,2009-10,Western,2.6116353285964795,4.0420083604230435,3.940115943198461,4.2854592493475385,0.8165915249284785,6.038453183561531,3.152306706250253,2.943496858160054,2.5223998005486847,4.447066183285337,1.4418061847818135,1.7696906359900368,6.619130457448065,6.213962949369272,2.6062187177394645,0.0,0.0,1.9050294525859548e-05,0.0,0.0
4113000702,2009-10,Western,1.8739179593495805,2.563797478972753,2.7978230624224096,2.906143924295719,0.6019914037907774,5.020534344263358,2.5561913337862845,1.9594133847352886,1.7282586849127681,3.10131841846825,0.826222861733243,1.2518675421376457,4.489444401175268,4.247273969495477,1.6152605640396591,0.0,0.0,1.532108577511637e-05,0.0,0.0
4113000703,2009-10,Western,2.767371143980876,4.056254681886018,4.226890928636329,4.721111834883645,1.0120144685563406,7.35321900378259,4.077761165370734,3.1735232109482387,2.797993426082864,4.550287035490464,1.3819166134206016,2.3572246852177265,7.0889371730329875,6.290692335169827,2.4896315126969273,0.0,0.0,2.3870698269927512e-05,0.0,0.0
4113000705,2009-10,Western,3.2305407745528893,5.2578944830515155,5.092764845793655,5.811495756318198,1.0366523240200654,8.031158588381247,4.031931740948506,3.7496035983582416,3.4831674780520205,5.769132525928279,1.727451326469502,2.4726655256292425,8.371386059948698,8.846914483770634,3.0610950340213416,0.0,0.0,2.497364713116328e-05,0.0,0.0
4113000706,2009-10,Western,1.9607754089429856,2.6549574365717565,2.8237112190098332,2.8027748984621628,0.5894142989961678,5.3464273968070195,3.1268255126395204,2.103514141363559,1.7383149011808479,3.0393160137916992,0.8344099012781745,1.4969168515368143,4.4714663321694745,4.055406029075404,1.6275363087151624,0.0,0.0,2.1619666218657408e-05,0.0,0.0
4113000711,2009-10,Western,2.1028003832785567,3.1314221806539804,3.076225539713273,3.3347906581339486,0.6218565021163034,5.266135190579153,3.0298361827060964,2.3155903766173638,1.9657739988891711,3.4808705679126795,0.9476765521931115,1.5970904120245446,4.858321995240217,4.403529375224791,1.8999756266881347,0.0,0.0,2.6880207870729893e-05,0.0,0.0
4113000903,2009-10,Western,2.39804361325269,3.559711584292421,3.5517908117776393,3.7507079176995264,0.8182342058807976,5.808867853729895,3.260689059041604,2.706269551418421,2.3070373276871825,3.9342040288787055,1.1642852290139256,1.8087958956743018,6.282801833607606,5.580004043726838,2.2542647312346875,0.0,0.0,2.0572233885743498e-05,0.0,0.0
4113000906,2009-10,Western,2.3233529835345115,3.417758927644256,3.4080374961506044,3.798867340916109,0.8153112277892752,5.90979569255737,3.0821709710914025,2.579024770566712,2.3084454304740327,3.9077925879839057,1.1989062836438809,1.8495998189885638,6.1332997676573875,5.571594540067212,2.0983570990558436,0.0,0.0,1.947397132469042e-05,0.0,0.0
4113000907,2009-10,Western,3.0550099170478306,5.038641604894153,4.640082886453317,5.3741688751516525,0.9328157436232105,6.773784746144051,3.667562442190785,3.3816507771551247,3.1194537991035065,5.141949863664317,1.5938887975996976,2.5449013997754895,7.192630758215301,7.039192441864664,2.9361895675974012,0.0,0.0,2.5672050617454924e-05,0.0,0.0
4113000908,2009-10,Western,2.9859637552723552,4.028601111747774,4.591189661434144,5.397279747885561,1.3522598757265534,9.084439148616646,5.276411807844516,3.2459900312424432,2.949053021154989,5.072281143516478,1.4877562366103025,2.359172114878346,7.6607872211230035,7.087004763347625,2.591593407852254,0.0,0.0,2.343285979145466e-05,0.0,0.0
4113000909,2009-10,Western,1.8825845021620191,2.7260547873960985,2.839437855016825,3.1804703028242116,0.6550949961154957,4.759724429181113,2.360100412134157,2.041723967185893,1.803237787467338,3.234099604660486,1.0206503237215925,1.2353477458891813,4.739161792049126,4.235484579949144,1.8004965983337755,0.0,0.0,1.640228065784622e-05,0.0,0.0
4113000910,2009-10,Western,1.6550276983458063,2.3668597853400444,2.5625308419107555,2.9443086806453675,0.6586842352782234,4.434809661070941,2.253111471459675,1.8631091604112757,1.627395167554455,2.842690671517476,1.0040803985986912,1.2980105004133398,4.411988287645244,4.64049994273462,1.4851188885956739,0.0,0.0,1.3941904009077029e-05,0.0,0.0
4113000911,2009-10,Western,1.5312201539395152,2.2519759342435415,2.250826626900735,2.493101268259515,0.46060568276314046,3.8476887850491472,1.9419847887709731,1.6466089749467385,1.4055809176622058,2.5741759374817508,0.7972185085470999,1.0742482518727623,3.6163881867580217,3.197242581877876,1.4018213666502901,0.0,0.0,1.525531320285727e-05,0.0,0.0
4123000303,2009-10,Western,2.224644289904978,3.4095688800905655,3.2567396858665814,3.7149000034892916,0.8069605938807957,5.395368513017077,2.9739997310991053,2.4860784679572467,2.1878021523296933,3.666219247678039,1.0771005585094342,1.9365506699073474,5.676620238938166,4.860132688043601,2.099421907953989,0.0,0.0,2.397315516122506e-05,0.0,0.0
4123000304,2009-10,Western,3.9777925316019,5.714462998631027,6.407493920753898,7.010030252187587,1.4322423116119753,9.756992804140756,4.43380492491759,4.232447530594873,4.003202956634861,6.929684808006775,1.933248082667639,2.3411475767159136,9.411340478341167,9.145174494205888,3.858418409660479,0.0,0.0,2.4867680957066923e-05,0.0,0.0
4123000305,2009-10,Western,1.7556565899315415,2.6751862797498256,2.6126324278628976,2.8991379449904935,0.5189774268918562,4.227591260279616,2.2777451403398907,1.9086829041467466,1.642887849436074,2.9947682209903665,0.842166595909099,1.203655661888186,4.211361455321431,3.952088803356219,1.6560236389603744,0.0,0.0,1.8450472919125618e-05,0.0,0.0
4123000306,2009-10,Western,2.051189853174909,3.397979880103848,3.0438281778904948,3.710933993823985,0.62888589547813,4.614358263152423,2.9520476375434157,2.350056720919628,2.0170529795644887,3.6062641855334308,1.0879752680658235,1.6518848361107612,5.543164531472033,5.04361795242673,1.9567766435593095,0.0,0.0,1.884618311862258e-05,0.0,0.0
4123000307,2009-10,Western,3.5945122887318224,5.066112128165587,5.322069173863047,6.078625363209183,1.5173510931731833,10.718375318581804,5.438310572706064,4.114753219295529,3.7699199285734917,6.326981469267854,1.8672025384979316,3.0354936978798,9.221532775942713,8.215411343106643,3.1802053728463915,0.0,0.0,4.0075505045201974e-05,0.0,0.0
4123000501,2009-10,Eastern,11.147299718793764,14.907641138040459,14.119106629416766,11.513885751672204,3.272296087430138,21.51730998657657,15.822458784576844,11.855159492600377,9.335051858092356,12.49881736168394,4.62039748166182,12.647279463471625,16.18247116455897,19.861678977960374,8.613629297535239,0.0,0.0,8.092692163347877e-05,0.0,0.0
412300050103,2009-10,Central,2.2813777119327234,3.508361537246746,2.767610992390525,3.0229168077208066,0.8162891052560264,5.3946545456631245,4.004770851297067,2.63717906376816,2.3621652505607904,3.0631784331719647,0.9419960416362855,3.191167624305526,5.069911492393033,3.7670523012505774,1.827668905225463,0.0,0.0,3.399666579755698e-05,0.0,0.0
412300050105,2009-10,Central,1.658811275500773,2.5567776013890207,2.18725219535423,2.111449319240587,0.49296463946276486,3.541590510275344,1.6796095963296285,1.8736771776633916,1.6824904889167638,2.267547369003049,0.718382894383126,1.7143170096511575,3.5012176289300414,2.827481639016661,1.506132107513091,0.0,0.0,1.6906584908022255e-05,0.0,0.0
4123000502,2009-10,Western,4.1783925580859576,6.389003704651435,6.3877512217431445,6.835084286258026,1.483656963086713,9.632772250761965,4.227151817786289,4.700473319449273,4.387876013950328,7.191703881732004,2.227151291297143,2.9759795312079467,10.168748924887662,10.035040512835353,4.25044197111626,0.0,0.0,3.480955387064086e-05,0.0,0.0
4123000503,2009-10,Western,3.836971515096587,5.759521434242178,5.7716238357870875,6.138767821893848,1.348042396504072,8.718573001676006,5.14772588821959,4.366233662122982,3.853823623258884,6.058204183741436,2.053296929031045,3.1737914347206795,9.453373869186517,9.058419328271345,3.681207994883203,0.0,0.0,2.5901773853844477e-05,0.0,0.0
4123000504,2009-10,Western,1.6362426544330992,2.467885302480647,2.5044968167215744,2.776010593552673,0.5822199802157568,4.314483184150602,1.9013807859605825,1.8157778743861488,1.6422922168312877,2.8018273399869487,0.9041195749258217,1.1404302890264701,3.9747654364847955,3.2936560811489555,1.63079924490923,0.0,0.0,1.588138201476059e-05,0.0,0.0
4123000505,2009-10,Western,2.315880889561494,3.366661604665597,3.3698942713257916,3.4232621247148995,0.6625744325083642,5.484557371700976,3.3001290461357073,2.5420707213487317,2.11709537719364,3.701171832200351,1.0595330372073823,1.6965174842416875,5.594493786870574,5.29959589309671,2.0408055064853863,0.0,0.0,2.01872740618515e-05,0.0,0.0
4123000507,2009-10,Western,5.578095544742606,7.277371180851626,8.794680545240434,9.584607077990238,2.2308199501687005,14.907911203928364,7.893907450372951,5.653565739410827,5.424058482459208,9.19869210559436,2.549830908688884,4.181294007873134,11.233977758588995,11.401476571321698,4.615485334658317,0.0,0.0,4.5712612184527184e-05,0.0,0.0
4123000508,2009-10,Western,3.00081190663572,4.5393929325826585,4.572794438060108,5.01741640098356,1.0277986171319045,7.563659027186687,3.9400191138481615,3.311539064369241,2.997069591870861,4.85388097935564,1.5046107600962255,2.5180839986244115,6.520730429736415,6.099395625460923,2.8648328730328636,0.0,0.0,3.0719755880986047e-05,0.0,0.0
4123000509,2009-10,Western,3.5571185039987445,5.703044803904962,5.291784506344958,6.186829971940241,1.1754960081687014,7.800014558887251,4.637579141968184,4.074089637945597,3.6495896227199935,6.415442695208568,1.913345910248745,2.4970871449322405,9.855106857447863,10.01559559568407,3.5066258480386954,0.0,0.0,2.7069493355268498e-05,0.0,0.0
412300050902,2009-10,Western,5.0249150492678245,7.0221172713356586,7.6559668069654245,7.407648523681261,1.6300572549758812,12.326121196488547,8.063285062133303,5.538497410272712,4.832428154167648,7.307280925774322,2.371957465444372,4.4156657898551925,10.945458248797307,11.107763096645018,4.206647125272731,0.0,0.0,3.66841143057657e-05,0.0,0.0
412300050906,2009-10,Western,3.707198405730371,5.70596449266477,5.520571343912094,5.797384141035885,1.096861232345739,7.945079663512358,5.142776077579471,4.118424545048463,3.5828254304907103,5.797134433164559,1.7989740166816521,3.0677360708032055,8.81996800460799,8.841202664609154,3.3545075821699144,0.0,0.0,2.6996273897044212e-05,0.0,0.0
4123000510,2009-10,Western,2.5678151921709653,3.7062529912182103,3.835431993139873,3.858282276978605,0.7836712978373506,6.285160681795081,3.1906092183396932,2.8307036599710402,2.4581977966567012,4.020400559395074,1.1712061006039223,1.9718725573749505,6.034829824704743,5.505120929609616,2.3005289232080703,0.0,0.0,2.2777114651591927e-05,0.0,0.0
4133000201,2009-10,Western,4.321178385878457,7.543206400781942,6.861534204743619,8.788590528170893,1.3840589232565401,9.415850606363994,6.062789574784289,4.902198914288064,4.622217909276039,7.882370408107029,2.2120348945012984,3.4899379842478995,11.105615189505224,12.002630717229895,4.114909529446304,0.0,0.0,2.9636770360350877e-05,0.0,0.0
4133000202,2009-10,Western,2.3247708611663644,3.1624334166336685,3.4896772804636575,3.320694720749377,0.7954654160452377,6.413073167162037,2.9570303629104133,2.5589039816207597,2.211896140340041,3.608719618172959,1.1133105263756953,1.6956385034326324,5.335045830462074,4.677509786151152,2.0858103694149963,0.0,0.0,1.961034817148069e-05,0.0,0.0
4133000204,2009-10,Western,2.563777449983916,3.8972119211835072,3.8655992440022557,4.125581872136385,0.766320695209689,6.1164796104747685,3.2788411772602424,2.8555240963543773,2.4411041054656275,4.272580764876475,1.2687874440273141,1.8225513615440638,6.187674002397321,5.974347101374094,2.4095020266800065,0.0,0.0,2.1648410098582304e-05,0.0,0.0
4133000205,2009-10,Western,1.7549992628035862,2.491021707082064,2.6876482155598658,2.8316990980771264,0.5563948517754056,4.414959526903238,1.8877030371016217,1.8620732652835112,1.62533165888942,2.986404374593614,0.8986165238488064,1.0071051716088382,4.2323282077083535,3.6490254919449026,1.7082536616394843,0.0,0.0,1.4751069663414606e-05,0.0,0.0
4133000206,2009-10,Western,3.4585214618319386,6.104640103062854,5.213774218253618,6.0218069662538145,0.9784808643442569,6.986551372071059,3.988474802514912,4.023862843910672,3.7434138208273673,6.109784617736418,1.8176454054278375,2.7427921800357224,9.54528142948142,10.415928671695482,3.3705509046766187,0.0,0.0,2.6073428970056802e-05,0.0,0.0
4133000207,2009-10,Western,2.165786896296068,3.0417223606646258,3.142519780492554,3.564910823660525,0.8223514937129347,6.1987490525679165,3.587298878180019,2.402932040835732,2.1500594279291456,3.6270180033777333,1.029489316695856,1.9133084035370937,5.675278803843028,4.877266055877524,1.8346008564436453,0.0,0.0,2.345090777579859e-05,0.0,0.0
4133000208,2009-10,Western,2.0272325375258995,2.878417639112933,2.9888282375590367,3.393045061751664,0.7446058796252459,5.448960477653971,3.1154806470132517,2.240791102055785,1.9370245035916756,3.4236761694909084,1.028009922251758,1.5320084607569737,5.119197361988588,4.656278858572804,1.8539256501845462,0.0,0.0,2.0348592487785686e-05,0.0,0.0
4133000209,2009-10,Western,3.6882803111749163,5.319831545318834,5.834386170903234,6.615964724882113,1.3789599431325978,9.621551849376102,4.420493586168216,3.9322651715705756,3.7718784239962604,6.483478028131375,1.7851555669838965,2.500024621204416,8.51932333694955,8.2004806211266,3.443793245440437,0.0,0.0,2.871900358760074e-05,0.0,0.0
4133000210,2009-10,Western,2.0343303310338676,3.0492530614718487,3.2203833290273636,3.8455558694370775,0.6890858958397883,5.215125369709289,2.62783954017239,2.1846992409478676,1.9618961767485374,3.8191847421522174,1.202658785330768,0.9758728888677002,5.123766337690318,4.914825365958327,1.9555483221454824,0.0,0.0,1.4204031022707357e-05,0.0,0.0
413300021007,2009-10,Western,3.1911074422039474,5.373099650728654,4.727231183794812,6.193134399933124,1.2867877073054608,8.024160928669087,5.220507165674176,3.9059020624951235,3.4577703577976098,5.796386433627465,1.6309339112739203,3.288061934953179,9.162632227249452,7.374315661053174,3.044219239197257,0.0,0.0,4.1262531587343953e-05,0.0,0.0
413300021009,2009-10,Western,4.308829868512631,6.47511694572175,6.555425036133946,7.3085057098493325,1.663126419285925,11.707193997262616,6.94408206779373,5.191567503021646,4.486656077314553,7.274929643952608,2.1552776174368837,3.7900782785129286,11.958053943394727,10.674542068050295,3.844901281352147,0.0,0.0,3.72837833322912e-05,0.0,0.0
4133000301,2009-10,Western,1.837079833093007,2.9726474436530523,2.6462194722379615,3.094226984982002,0.5303501981864993,3.804012580570506,2.5649632549791606,2.022260717678603,1.7186528587656773,3.113993728453877,0.932560552136773,1.3884894963926633,4.7182836572417175,4.610999739977823,1.7831093971295764,0.0,0.0,1.809971025092431e-05,0.0,0.0
4133000302,2009-10,Western,2.7637173005815687,3.8778972704399397,4.069299501768782,4.419041901319627,0.9715901381977801,7.328807263360299,3.2379947713550274,2.979964323763814,2.7129749087007378,4.754061117979868,1.3564411134729513,1.905536063042263,6.944800011532498,6.414810329049971,2.489360130715681,0.0,0.0,2.5476595192817166e-05,0.0,0.0
4133000303,2009-10,Western,1.9360123943024452,2.9657728869129145,2.8190586086707468,3.2392544135501087,0.6925363349590578,4.721012822238444,2.590364485993623,2.1492096829496714,1.8821509320518284,3.213529944023252,0.9249790350634441,1.6602493373874985,4.9292186063226415,4.1859996522154805,1.8250878729998798,0.0,0.0,2.2574140288625542e-05,0.0,0.0
4133000304,2009-10,Western,3.429661400377837,5.2345222140228325,5.48243343197332,6.278602787131924,1.195164060064408,8.374255406792022,4.719864955505362,3.772253517112841,3.5129689831919477,5.779857764133999,1.6108971100589582,2.699024496668919,8.350093828164336,8.359766534263594,3.145716582346379,0.0,0.0,2.540136039283423e-05,0.0,0.0
4133000305,2009-10,Western,2.3013420039768784,3.533873626602746,3.341595620376401,3.6206096250378303,0.6490833414509071,5.033462270303611,3.1922152413371085,2.4919568528795963,2.140243835183339,3.6969670930460716,1.0665467677765386,1.820095573378844,5.456446103455639,5.298899152408236,2.075292443476817,0.0,0.0,2.1989831553281785e-05,0.0,0.0
4133000306,2009-10,Western,3.4228170260465287,4.73992375556015,5.120399547631765,5.706420955691565,1.354326288979322,9.635953123692907,4.955530385115172,3.749542066765828,3.43685381726536,5.775368756854097,1.6206763971016638,2.947067848748311,8.39663488011752,7.0075865898149985,2.9070442351905794,0.0,0.0,3.918288658785616e-05,0.0,0.0
4133000307,2009-10,Western,2.733244269709349,4.429321216133178,4.168926667103276,4.704678757610596,0.8430822936422183,5.879991455237672,3.4185341038909676,3.0610605687258534,2.671495348823913,4.611258887566166,1.4007543409157028,2.0221191736586586,6.518762329147531,6.452974081219897,2.810202571248884,0.0,0.0,2.4348651156899188e-05,0.0,0.0
4133000309,2009-10,Western,4.661362206834104,6.067587674212346,7.732823582590669,7.068191239688801,1.6592633604555933,12.85031210389616,6.297675553583399,5.192286875369508,4.542680536253197,7.314256121813719,2.2059324727260607,2.9383477397998425,11.162633591547973,11.789983653609454,4.00842684824217,0.0,0.0,2.345616956729087e-05,0.0,0.0
4133000503,2009-10,Western,2.4401939407670694,3.9801248832941525,3.526312408732708,3.86452584746741,0.6340471247910796,4.610897637254168,3.3035002537983607,2.635323173779796,2.211420647747967,3.8648363308015985,1.132628522097828,1.9129855834298548,5.580953703361967,5.947734216780798,2.3701537193859807,0.0,0.0,2.4674544886648325e-05,0.0,0.0
4133000504,2009-10,Western,1.1419198269872066,1.546471767251784,1.6428939120171586,1.7363366781745548,0.3400230212606833,3.115496786002034,1.6205242445561605,1.205861316119928,0.9824760265580941,1.929586093565818,0.5022063834110034,0.7001243898559585,2.7898716944081965,2.572115407960642,1.0072681399562493,0.0,0.0,1.4950247561589268e-05,0.0,0.0
4133000505,2009-10,Western,1.3841232000183434,2.2361587360108888,1.9896804288647119,2.216987441714857,0.3398661364017772,2.8152758237745905,1.7354126122241698,1.4884164239118007,1.2340797109468074,2.3652873900178966,0.657223214682567,0.8990594885776834,3.500414911247166,3.5979396431862125,1.3153348000577871,0.0,0.0,1.4650903936983911e-05,0.0,0.0
4133000506,2009-10,Western,5.765743502523451,9.457724855314291,8.70617549492005,9.170302855376665,1.6265937375806419,10.79582215948764,7.490131168919028,6.445508788805963,5.761810384718533,8.728351760350987,2.9500105150381417,5.146932954209088,13.225937759922468,14.800655763110006,5.359708698466904,0.0,0.0,3.5556752579449005e-05,0.0,0.0
4133000507,2009-10,Western,2.1431975720243335,3.664699563945143,3.1395070359558908,3.8154409665485134,0.6693891108400902,4.265601896642354,3.1578114551292678,2.448133990376903,2.0735427817844654,3.695094516718848,1.0446655104215548,1.7535701344789159,5.959796584325978,5.733351661435623,2.156785287234735,0.0,0.0,2.20251401005563e-05,0.0,0.0
4133000508,2009-10,Western,2.457985011572447,3.8592347355981556,3.6623250455960594,4.105239990536055,0.7010334483033159,5.58437310561748,3.5541698756858175,2.725810863472695,2.3233582524563414,4.14700546799905,1.1730550729300513,1.832774620838899,5.993001115448858,5.992393968977154,2.2739270968467085,0.0,0.0,2.318564672915142e-05,0.0,0.0
4133000512,2009-10,Western,2.3016214042580687,3.5761463425985403,3.4855340384526725,3.8960382366520685,0.715499762560531,5.341361489250173,3.033446571236141,2.6254546948056694,2.249310049420406,3.9660230886028685,1.1682883911081392,1.6004887394667833,5.966936909444698,5.575617802001065,2.263153862455319,0.0,0.0,2.0302207035574055e-05,0.0,0.0
4133000513,2009-10,Western,1.7197907378420734,2.4100458280039425,2.51142813147897,2.5434424614605904,0.518210034225053,4.388921446606223,2.2711319509408505,1.9034485909481769,1.5538598447725374,2.9520294815241783,0.9409065990786929,0.9382671989117495,4.424284310149183,3.981637519845614,1.6004124764709657,0.0,0.0,1.4083025650632196e-05,0.0,0.0
4141000102,2009-10,Western,2.0828242100976535,3.4447878527548768,3.120821722428715,3.774112929853037,0.6690006210685835,5.164125729847349,3.235132514207652,2.486050001170281,2.1800545111545433,3.702684171157116,1.0712138401679085,1.758334346305153,5.570525603193946,5.145623558964543,1.994066628291961,0.0,0.0,2.30786115003147e-05,0.0,0.0
4141000103,2009-10,Western,3.8269763221807085,5.568080353949407,5.854372830620869,6.098883457258462,1.3598309654430802,9.656022851280635,5.543824539197677,4.509152050852274,3.836216536187571,6.325481773523854,2.2227079952124553,2.772909164296194,9.995520458391567,9.95023429113108,3.5457212686345407,0.0,0.0,2.283012841625512e-05,0.0,0.0
4141000104,2009-10,Western,2.48947661775723,3.720405240585021,3.8292566603902576,3.9204823826483293,0.7436859760460925,5.978632458809228,2.9481199524689172,2.804874837158582,2.439177502802732,4.012716018079082,1.1824115973410814,1.8555848739733378,6.097457860977278,5.673336033197485,2.2725014613225265,0.0,0.0,1.9231017887365277e-05,0.0,0.0
4141000105,2009-10,Western,5.231895170137864,7.6223853612164945,8.002503894829845,8.144153558490427,1.6978164106528346,11.98079027501637,4.900684950097181,5.638895594150271,5.359085299827016,8.603671171822501,2.656470459209739,3.7134256957404777,12.366499757363018,12.508395983083926,4.805221037301226,0.0,0.0,3.6912615590710156e-05,0.0,0.0
4141000108,2009-10,Western,1.56401503374962,2.3895649855737915,2.2616457249764506,2.6210395865020755,0.5466677054553272,3.8468451421400642,2.0936551510076664,1.7186579368264705,1.4933125154674893,2.622526476618265,0.7324416771727889,1.3052998733302748,3.968543390477793,3.348449982118925,1.4694594082265504,0.0,0.0,2.054699437944677e-05,0.0,0.0
4141000110,2009-10,Western,1.5689945416583542,2.470363319597195,2.450832106022643,3.0408693298503686,0.6025498502384996,4.125286478091261,2.3250011792711813,1.8214347620258784,1.6176812420927003,2.590293790702417,0.7981941578904289,1.67387725777921,4.390639577747865,3.4851427246440307,1.3937165232588367,0.0,0.0,1.6066503483972672e-05,0.0,0.0
4141000111,2009-10,Western,1.894293099898844,3.032958461192808,2.830736342842441,3.33173337763533,0.6296693338101481,4.739871059457338,3.0373349254252315,2.251847356532687,1.9654034353180403,3.162672616170501,0.9370332202746486,1.8232704860656577,5.148223718014529,4.4682583916207115,1.7148576999739937,0.0,0.0,1.9620230596766246e-05,0.0,0.0
4143000302,2009-10,Western,2.0047984987066787,2.8277394699303797,3.0267976644212427,3.285806704739279,0.6783391097751135,5.113012241714801,2.51982881150371,2.1438744585367213,1.8732769955424893,3.332216282024198,0.9544702864345341,1.3689750027860315,4.788742249302923,4.3269116228209485,1.8723937158512478,0.0,0.0,1.958541810536393e-05,0.0,0.0
4143000304,2009-10,Western,2.107654629873898,3.13822564126888,3.046855657494796,3.314478545552658,0.6774398771963708,4.926034293683021,2.7937317028666047,2.3166181667013857,1.976007308569973,3.4141961105027003,1.0534817339351878,1.6266254526458825,5.138445322623039,4.6938820573815665,2.0014053776590246,0.0,0.0,1.9903690965084705e-05,0.0,0.0
4143000305,2009-10,Western,1.7026884283138286,2.5638912380181194,2.4607853233992834,2.877907117278402,0.5582005158199793,4.469921175203874,3.1433459086418303,1.89249637607066,1.6430984434268852,2.8027531836345814,0.8012320247537048,1.5719129936817569,4.091910530352211,3.7352208379585585,1.489576986904955,0.0,0.0,2.154599898487658e-05,0.0,0.0
4143000306,2009-10,Western,2.5563329300280904,3.5017228488717853,3.8757382103571723,4.236202604123476,0.9761768325084228,7.125063600355332,3.713127164474529,2.657907105415303,2.403815039989531,4.173151428807759,1.1350708050328338,1.9086646328052712,5.762744133798978,5.25315675398864,2.2501231850539156,0.0,0.0,2.3704493028464407e-05,0.0,0.0
4143000307,2009-10,Western,1.8835782601310087,2.765086983136684,2.936050329302918,3.5961076890275634,0.6861397020278509,5.072646881309284,2.7905032714138858,1.9835662178532352,1.8017311615247154,3.3388139072548046,0.8119059222413438,1.3622276967081617,4.6149259126498885,3.9972973264483427,1.711352023753527,0.0,0.0,2.0558047691595118e-05,0.0,0.0
4143000308,2009-10,Western,1.9278974301340601,2.9061441420034155,2.904048106515169,3.09603866820133,0.518878827116538,4.218093040742007,2.073721123169468,2.0381812277385998,1.7311265902840178,3.249229215181413,0.879355349791589,1.1625131239468252,4.592014668217484,4.395965138845008,1.8858412607506683,0.0,0.0,1.7641747659357205e-05,0.0,0.0
4143000309,2009-10,Western,2.082578621405535,3.2884949741989935,3.1208028407769794,3.3719925680813696,0.5534291901265705,4.7162181022801954,2.4932547668021514,2.3276420902349435,1.9670792509574688,3.5869936436522174,0.9962093016307731,1.3599995134985472,5.252923298335706,4.995960300820656,1.9791623283533801,0.0,0.0,1.8168710287981666e-05,0.0,0.0
4143000310,2009-10,Western,1.5497639915177623,2.0469196275677617,2.294309171159197,2.622877977904365,0.5927259321824444,4.618846039058379,2.616767825244296,1.6224158297234574,1.3901668907576352,2.700867978422033,0.7163653142190044,0.9801543180376293,4.009178197019118,3.607940964840807,1.3505060485683373,0.0,0.0,1.555718716977279e-05,0.0,0.0
4143000313,2009-10,Western,1.8507034785289886,2.5850634442740614,2.6727914608101315,2.689120949424758,0.5381640419463926,4.637551526271397,2.818751218567832,2.0002248958292563,1.642118521296339,2.9400214024154177,0.8041964029315378,1.321179217033396,4.366554260847235,4.030449175182271,1.6069261383163005,0.0,0.0,1.946686611209073e-05,0.0,0.0
4143000501,2009-10,Western,2.7307593900594322,3.700180766906993,4.1552573646043545,4.923638404621723,1.201026154098462,8.298146018536166,4.673894688571505,2.9369608409665555,2.6544577982579964,4.725723969226647,1.3383293177032023,2.016592988786571,6.822748320725877,6.411072159047861,2.4110638204938533,0.0,0.0,2.3682287105918458e-05,0.0,0.0
4143000502,2009-10,Western,2.707831449431434,3.7948706057929447,4.0723771131817985,4.110544050960877,0.9164477456905326,7.102271600501556,3.5222763860126625,3.017361585404639,2.637687374614865,4.4115564289958735,1.316871433254058,1.9843168839537177,6.919844983112434,6.429453278932785,2.3970866958345134,0.0,0.0,2.1034221511753092e-05,0.0,0.0
4143000503,2009-10,Western,4.0688775014860585,6.429409768050242,6.25096026240291,7.145432808079274,1.4038427210397861,9.393975722755101,5.322998696339902,4.771265729964933,4.353462980112908,7.179449341516111,2.105310620814899,3.218796076682875,11.300267202426248,10.744754842622108,3.866408910332382,0.0,0.0,3.2144298998888775e-05,0.0,0.0
4143000504,2009-10,Western,2.3857221421440538,3.1733042424149493,3.5988236361380683,4.519048867955209,1.138841229128547,7.104711479909031,5.282480428546782,2.4050605515687904,2.1581537002785702,4.01217411333221,0.985393297368954,2.06206648576387,5.090035911560283,4.102578365446276,1.9714258049766307,0.0,0.0,3.4176685859218695e-05,0.0,0.0
4143000506,2009-10,Western,2.8148810878945922,4.246866846812644,4.258656506287571,4.519212729515179,0.9872851856709457,6.484276618300164,3.2018763304104527,3.0644606643452015,2.830268712939933,4.440773858058234,1.436852340140053,2.2900514229469797,6.341104745578422,5.626402995674674,2.7975035474174264,0.0,0.0,2.3786428365801366e-05,0.0,0.0
414300050605,2009-10,Western,2.067673675479429,2.865123123319562,3.160458815644692,3.7471900780259526,0.8219530677036951,6.007655927698643,3.0233981972759993,2.169702519278385,2.016580426989814,3.663246408616787,0.9768142607546139,1.4312707228514057,5.142222196037127,4.472047967678599,1.8500460320247893,0.0,0.0,1.9823706255826475e-05,0.0,0.0
4143000507,2009-10,Western,2.9023699150399485,5.070595647773106,4.2967838482273395,4.791157570809591,0.7574059907355716,5.118310427397685,3.70759326754887,3.265731305449118,2.731701905312091,4.7801326186857755,1.4485587206562083,2.120447398946673,7.240791261276085,7.9554289902295805,3.0882054716557947,0.0,0.0,2.268481965478012e-05,0.0,0.0
4143000508,2009-10,Western,2.2631091872685434,3.4959508069652783,3.338335278832782,3.8406352561925123,0.6871136424009372,5.241528414412575,2.897124476686838,2.4711717472645813,2.14440288033513,3.864613877201344,1.1397978237272843,1.665398223791364,5.66568066489692,5.453026639921825,2.1143732315291692,0.0,0.0,2.003937821287885e-05,0.0,0.0
4143000509,2009-10,Western,2.2206914867612437,3.195209199944063,3.299655173719847,3.883408362317656,0.7433901922923013,5.200732883927627,3.6888217081172296,2.2900271376181487,2.001671861279229,3.6825684665938594,1.0021797476941838,1.6517552566630838,5.144111157116998,4.804781559174621,2.0136303262087787,0.0,0.0,2.0332284241970043e-05,0.0,0.0
4143000510,2009-10,Western,1.964575005543525,2.779756089762082,2.991269511584736,3.4339541210452484,0.7218337645536236,5.215011179422312,2.820165787165176,2.0251424734559382,1.9094097586278482,3.2431833198552997,0.8604063121482095,1.646930533890072,4.662290136792488,4.049920970554224,1.7135840482568379,0.0,0.0,1.8137393894611985e-05,0.0,0.0
4151000207,2009-10,Western,3.66308050470153,5.755002942686045,5.574060767157373,6.289834374264355,1.3118031987478351,9.255464341868768,4.249808967014751,4.168136675025693,3.7759956983217107,6.138582138755614,1.8760167009582263,3.0811509137454522,8.753724442544407,8.570030053526734,3.5217397457412276,0.0,0.0,3.9150255800711054e-05,0.0,0.0
4151000208,2009-10,Western,1.6100367297136957,2.453833658535639,2.5037962145982755,2.636126949975337,0.4348756694129501,3.6538144971194284,1.833714676541506,1.8222227738329304,1.5335690193017981,2.7071242174120127,0.7965319462211823,1.1039118383355537,3.948143089435383,3.396622021817158,1.5190823389138026,0.0,0.0,1.3470847947923028e-05,0.0,0.0
4151000210,2009-10,Western,2.20409845772847,3.0594474546046335,3.3032245398419064,3.657877225802334,0.8233664428022894,6.002655950672009,3.131749257385143,2.3751853656413764,2.1407783259220112,3.564897143328198,1.1255268750233438,1.8597652747422437,5.4546554149234066,4.9431314418212065,1.9151772647144771,0.0,0.0,1.6228331545821943e-05,0.0,0.0
4151000212,2009-10,Western,2.1574871464356207,3.2188094922721278,3.344576765252655,3.958034722491442,0.7158052635849872,5.254361712132186,2.5831615843991913,2.2099057346503597,2.0055926783027322,3.819780615052768,0.973538656164591,1.3137737909880856,5.077635536439861,4.825929099259667,2.075882627781764,0.0,0.0,1.919048458509023e-05,0.0,0.0
4153000401,2009-10,Western,2.494105325658231,4.199600302884656,3.6974521295033957,4.228790170210659,0.6948228390375032,4.373283871195461,3.330095872141601,2.677280917921036,2.280478501081642,4.087085857027414,1.203854135987292,1.811013415522118,5.462994014897795,5.9226164263008725,2.6853666935334504,0.0,0.0,2.96263945287745e-05,0.0,0.0
4153000402,2009-10,Western,2.620214791842465,4.000313259037874,3.9491374415865144,5.022008690839907,0.9264433710218588,6.512163791945449,4.42056969010639,2.8308795345821838,2.5081454963522236,4.7344395288875525,1.2524433717319257,1.917004081677996,6.686684850544935,6.636448572233959,2.4075407383614786,0.0,0.0,2.3612120714337025e-05,0.0,0.0
4153000403,2009-10,Western,2.214117144213898,3.5150011988262615,3.2615043323756874,3.5892982818802524,0.6798801512626595,5.072491853418124,3.2260514503674655,2.5809360653396256,2.1637033354224138,3.761823475992343,1.0517810591978702,1.699852399665692,6.214438378080775,5.630225508212576,2.09390663560909,0.0,0.0,2.0457347367625266e-05,0.0,0.0
4153000404,2009-10,Western,4.852986270646283,6.41190047264552,7.434358072091667,9.018456956236365,2.4378983439288557,13.262369295635436,10.447711055768195,4.910356872708819,4.43309598637141,7.762863273410998,2.0949304383449165,4.4390869339220735,8.494068671660095,8.145377175721283,3.940472770642719,0.0,0.0,6.305086544881027e-05,0.0,0.0
4153000406,2009-10,Western,2.631936058029409,4.49299423141925,4.055207085058591,4.723481431912895,0.792875451988742,5.956610599705101,3.0184629607406195,3.051682592028983,2.8035658655056133,4.84032824680024,1.394408530430633,1.791744219249508,7.063630858529895,7.151154330658125,2.668115834883005,0.0,0.0,2.1839650386906463e-05,0.0,0.0
4153000407,2009-10,Western,2.216914132254871,3.2115830061838166,3.635971916472995,3.8973556181235325,0.8371431008838525,6.1081044299984315,2.862017360175471,2.417731828319424,2.223337645655966,3.7453926170535676,1.092885831820093,1.539173532243276,5.299663807559509,4.859196794005393,2.0951365932503836,0.0,0.0,1.63916905749603e-05,0.0,0.0
4153000408,2009-10,Western,1.6801247445882785,2.5172200226776793,2.4813828881455566,2.7768021720260028,0.5266485430393468,4.131526176291747,2.33415928450189,1.8519658566412132,1.574581047264194,2.9086715911820846,0.8623492042361709,1.1123063672309872,4.242766601673422,3.9027877634653447,1.5919714555553557,0.0,0.0,1.659543947358169e-05,0.0,0.0
4153000409,2009-10,Western,1.9633620557818168,3.0376692953697386,2.863429494676083,3.268543607154342,0.6361613813879975,4.936573007251313,2.9681831787990753,2.276853467476506,1.8784473894124982,3.4643228858874724,0.8989004977626704,1.4610637327967002,5.492507033490146,4.701574804333828,1.8340840366799442,0.0,0.0,2.351480818108168e-05,0.0,0.0
415300040902,2009-10,Central,2.1648649314241113,3.2420885549813154,2.741773238416349,2.687655391132866,0.694485227774097,4.9719970366511275,3.241426926032988,2.520850560994558,2.100281496402867,2.9362748270977423,0.8734431069354499,2.4767510219423334,5.048684107277669,4.168149466809432,1.7845358384013366,0.0,0.0,2.446811177375924e-05,0.0,0.0
4153000410,2009-10,Western,2.060285582453637,2.9329017155729638,2.960239579728135,3.1870167080953724,0.6783218307266866,5.22913213810776,3.404872241537182,2.2664013463024353,1.9135319676067706,3.3102417548737586,0.9705172976846231,1.654435181996175,5.026091596260907,4.552701006028736,1.817598623595495,0.0,0.0,2.1213314788980813e-05,0.0,0.0
4153000602,2009-10,Western,3.9768241967519793,5.842909813039221,5.847460656689795,7.45697393184659,2.140543393938146,11.76737306041125,9.100402369730958,4.650136477279918,4.022445126100151,6.681506612344992,1.9347568743881978,4.489557105183908,10.021367794648317,7.38861687312272,3.456256845288586,0.0,0.0,6.222488473195592e-05,0.0,0.0
4153000605,2009-10,Western,1.3926284229241739,1.9814599369327115,1.9767841692797492,2.2479292094032197,0.4803766547828027,4.0015752650538765,2.508426567070694,1.516393809905646,1.2749225534814823,2.300215131221717,0.5930567164853018,1.2109402749072815,3.5384026162590296,2.9047563306023276,1.159262067954938,0.0,0.0,2.1787802684212853e-05,0.0,0.0
4153000606,2009-10,Western,1.7956385913881816,2.506340920942096,2.5897981920390514,2.6085064782286693,0.5202094008717679,4.505497248796495,2.7343942180074903,1.9375288402207644,1.5892679111848762,2.856348813913405,0.7779333232636713,1.2766106291737875,4.235113551827563,3.9067473497332923,1.5579740446115393,0.0,0.0,1.9205508432570767e-05,0.0,0.0
415300060603,2009-10,Western,3.5451142351631915,5.950016866067979,5.360459983103672,5.969350447047729,1.1134903642072567,7.1073042943609845,4.296090444561999,4.11333873076463,3.577356469563903,5.970061275401814,1.9129537482491294,2.681481208297318,9.743815255269382,9.427942222108332,3.6558127553486037,0.0,0.0,2.2210149090230964e-05,0.0,0.0
415300060604,2009-10,Western,3.908469296481761,6.396888192679007,5.783793928746073,6.636533152056965,1.2840313820413165,8.081597630623094,5.9114524911654,4.563432538064115,3.8899638624474173,6.396338634495799,1.9503528658782054,3.531456686265797,10.698247408519864,10.535560566910599,3.7188247887129067,0.0,0.0,3.09627795228115e-05,0.0,0.0
4153000607,2009-10,Western,5.039494419427623,8.294417165095561,7.974324387350909,9.617011222943006,1.5742618169673799,10.560563862972096,6.135630357152347,5.524295187176339,5.258032443354034,9.1451131370295,2.5656796383680223,3.4244706509424794,12.765321341873882,13.76522073725251,4.852649340469021,0.0,0.0,2.8789218745058276e-05,0.0,0.0
4153000608,2009-10,Western,2.6174111587015525,3.7087198824918315,3.864009060408694,4.014023544095652,0.9281517506901044,6.723565863856757,3.742540881213892,2.9224666978907377,2.5383256992405188,4.150822680704348,1.3175476730179245,2.081167211045454,6.362889502503987,5.723826335339323,2.3838306349047635,0.0,0.0,2.1691279405168164e-05,0.0,0.0
4153000609,2009-10,Western,2.527257958819435,4.157849154252158,3.7468882774914847,4.490940876389938,0.7617872691426154,5.770720581241357,3.097294774399922,2.8425555837979397,2.6111484126982063,4.576188585473925,1.2498155957294628,1.9777590333848072,6.931984947310467,6.391269381550456,2.335301716022631,0.0,0.0,2.3831872372065925e-05,0.0,0.0
4153000610,2009-10,Western,3.9974245861200353,5.5937868995683555,6.552040948359838,7.1049604904094465,1.386620758778827,10.136292451138456,4.780055524337542,4.2909696674869275,4.00223678436165,6.711854924736429,1.8644530174610943,2.6518430175542473,9.56934948386414,8.88789699085538,3.629061942690641,0.0,0.0,2.4075752531567838e-05,0.0,0.0
4153000701,2009-10,Western,3.271130499629109,5.943765965848749,5.030761545699373,5.98792293596653,1.0652555455176063,7.336510143308871,3.86527460077085,4.047260879701533,3.611938694773751,5.9603793304562735,1.8320953914007865,2.602961950231252,9.118641078912892,9.47666785301499,3.5262569036230467,0.0,0.0,2.8860821663633516e-05,0.0,0.0
4153000702,2009-10,Western,5.183835158061618,8.193338706709401,8.088952173484259,9.130859114012818,1.8669995846200977,14.351636753410027,9.085160290381756,6.346568538184748,5.506344022877834,8.787692189297932,2.737210234553106,4.765134641431292,13.641190204292815,14.596644661484728,4.609510586362523,0.0,0.0,4.633012204056815e-05,0.0,0.0
4153000703,2009-10,Western,1.9001041164779675,2.8226289295174034,2.8426829010340993,3.1727891820645167,0.6115822774102901,4.621725751764342,2.2963154178670804,2.0693092951965473,1.8018825675970698,3.1263212022355056,0.9451197510682896,1.5079657050589472,4.7556307032373475,4.178182209664658,1.72663185412317,0.0,0.0,1.6191036192316384e-05,0.0,0.0
4153000704,2009-10,Western,2.7200859465860665,3.680488110014569,4.266619116181495,4.784574059183324,1.100010205248585,7.786807860377825,3.3856078206610203,2.7656498703992347,2.679062407131939,4.60014772449245,1.3719623089132096,1.8539569814819112,6.042395903561984,5.313916303555765,2.522073194394284,0.0,0.0,2.0323913965245776e-05,0.0,0.0
4153000705,2009-10,Western,5.3408881676792195,8.906568169382746,8.103881996327015,10.219939032002259,2.2490918494204157,13.16504173826213,8.667059416365621,6.694763265086458,5.997924142781822,9.423960321098003,2.870678269605365,5.644831596436613,15.423218002797466,13.429983759382742,5.0648032677177985,0.0,0.0,5.099788656773715e-05,0.0,0.0
4153000706,2009-10,Western,1.3158514918837876,1.771255284966887,1.954155570204689,2.0861046781895207,0.4537911845314706,3.6719679718957927,1.6376776407300815,1.36561970280172,1.2120052577609837,2.1547690049118553,0.5529034173803521,0.9754860058091391,3.2373027941415837,2.642581315618094,1.126404074297976,0.0,0.0,1.5659977373444327e-05,0.0,0.0
415300070603,2009-10,Western,4.1935019484708205,8.298277190167745,6.210276070001448,7.954416295850845,1.2730561343054159,8.638871888063768,5.7064576403987575,5.222067643199929,4.857112939511656,7.469965233176536,2.3219267835385944,4.4693895456007615,11.876002487164175,13.40533911687301,4.123535814807584,0.0,0.0,4.267281250912074e-05,0.0,0.0
4153000708,2009-10,Western,2.9567319129166996,5.524151967543455,4.556828617195382,5.226956054574391,0.7583781603644493,5.7405160934344295,3.7319490232288777,3.624575815137998,3.07324100297529,5.322772949198161,1.5436131632397998,2.071619883832437,8.191130600098987,8.585135158436639,3.238918335213062,0.0,0.0,2.2692062638010124e-05,0.0,0.0
4153000709,2009-10,Western,1.9362353229010165,2.834403809479221,2.8311712099690234,2.883831340421783,0.6295884354243247,4.729891517003858,2.581311106404517,2.197992791929208,1.9024887144299276,3.105851279287164,0.97452876037656,1.5372705849547352,5.125722640244795,4.848786562747149,1.7488892981675168,0.0,0.0,1.5239476340411811e-05,0.0,0.0
415300070907,2009-10,Western,5.190478767543857,8.663465064709214,7.862136235543731,9.942193844263596,2.181290785719374,12.807205938462987,8.427804657564542,6.497597193305366,5.8177605184928245,9.174703344553393,2.7815191473291385,5.4823846883324485,14.985022425718997,12.977869008459372,4.9255980840120674,0.0,0.0,5.041852750530624e-05,0.0,0.0
4153000710,2009-10,Western,3.5769334608111407,5.191515591271317,5.678981556482997,5.289603286266891,1.094092460312645,8.525381337917857,4.103871040697627,4.379473948519233,3.5692961621020127,5.716788103257464,1.9970513971135637,2.5104079769187817,9.082882009928742,8.34530890911809,3.3358449942572688,0.0,0.0,1.854475039341659e-05,0.0,0.0
4153000901,2009-10,Western,1.9964152916324724,2.7342784278740013,2.974306433559369,3.3643415951040265,0.7526736598399308,5.682352655341378,3.3960330040921938,2.1337972773109857,1.8831962946596907,3.217761908864857,0.8779676215626597,1.8397250914175278,4.855146250633408,3.7524462876662765,1.647949350486525,0.0,0.0,2.2259555838468458e-05,0.0,0.0
4153000902,2009-10,Western,3.790579950186353,5.057008369165159,5.975686475835161,6.475415294642808,1.4611367766258394,10.153727412645805,5.191043053142527,3.8984370658310543,3.694277878510112,6.116540379550182,1.70594246209324,2.913918992407429,8.80579975680419,8.275379878424262,3.214695545990306,0.0,0.0,2.5861463552850675e-05,0.0,0.0
4153000903,2009-10,Western,1.5984636337284999,2.515381878419436,2.4249096279096913,2.593397820132737,0.4342520952304962,3.7419729532559534,1.9053752510123543,1.8172663496816888,1.5185565675088317,2.791274166997409,0.7961584514785871,1.0008661065502,4.1334812312739935,3.406644374608673,1.5597815820346488,0.0,0.0,1.484606436057973e-05,0.0,0.0
4153000904,2009-10,Western,4.618786241276796,7.128816789825822,7.04309296246034,7.689065912207773,1.4537891838263985,10.738489956643809,8.086965276581415,5.140380089008581,4.60048149048798,7.209242203028805,2.3027863093559384,4.221170678877113,9.57293266263172,10.020508053511413,4.188320705081499,0.0,0.0,4.413871447561823e-05,0.0,0.0
4153000905,2009-10,Western,1.449282476187457,2.133846031726771,2.1722169845025534,2.4830457457376935,0.4770919823783488,3.7801668732905145,1.8820136569372135,1.574902546914705,1.3795319637328551,2.470597979979217,0.691166494267242,1.0875565726147796,3.6489952363368165,3.1004400022817253,1.3186894947327392,0.0,0.0,1.6335487294591965e-05,0.0,0.0
4153000906,2009-10,Western,1.2772267643313642,1.8628901508344757,1.8829113128294854,1.958122614600973,0.36097220463068524,3.2072896562642614,1.505225204687518,1.4137345005100075,1.2046883657575609,2.185074913075718,0.633614899694409,0.7825405123393723,3.2172737653645824,2.8096283597104987,1.1774302493821234,0.0,0.0,1.3161139204389653e-05,0.0,0.0
4153000907,2009-10,Western,2.8756482179997436,4.048899849521412,4.2021548298069815,4.295362421712168,0.888952030563189,7.21414515473621,4.6208339090051975,3.0784048610254238,2.649660137421514,4.3348575039206025,1.2779758129583179,2.460705035311888,6.247584596205908,5.855949167348719,2.420468564476902,0.0,0.0,2.9163592804243168e-05,0.0,0.0
4153000909,2009-10,Western,1.5686699651778984,2.2361541550075774,2.352806056020399,2.6622538888907488,0.5422839279969041,4.141006491917375,2.3963871313471032,1.7084052106069088,1.4712705116849396,2.7526451100646425,0.766472597039367,0.9771813144744762,4.167224653173988,3.8413106813504116,1.4461176633441688,0.0,0.0,1.441265579509324e-05,0.0,0.0
4163000701,2009-10,Western,2.538093468056083,4.022737346721452,3.72806718413641,4.0944042010929955,0.7494328622536918,5.369427555763385,2.949320195959884,2.742302620467238,2.4480750896058616,4.05843748804629,1.2526645210231129,2.0656465902084133,5.836124671202929,5.577481151996235,2.4351412867950954,0.0,0.0,2.2941748267388236e-05,0.0,0.0
4163000702,2009-10,Western,4.965240963303291,7.617094378456139,7.829174578973871,8.413609088258271,1.710844893154346,11.891737520486265,6.521265516079486,5.874469161919339,5.284058933553025,8.103154182045571,2.724413370848985,4.070189201857016,12.595108712208468,12.940646024654889,4.595089592423097,0.0,0.0,2.9942599841096606e-05,0.0,0.0
4163000705,2009-10,Western,7.948348324339767,12.402358182091616,12.870576336955748,13.616263670834147,2.697508067737451,19.74921223858798,10.424788912881983,9.543433382513323,9.183872475817797,13.558956104906533,4.588046467150792,6.884211598557448,20.03755604198567,24.43088957287066,7.064965931262309,0.0,0.0,5.34786267608273e-05,0.0,0.0
4163000706,2009-10,Western,1.8468979588632104,2.668878040114531,2.6712204656039455,2.7942480298353516,0.6138604141040417,4.612337839234719,2.6071933608529867,2.0771759559716902,1.7221698201774667,3.0846218577871563,0.9234954950055783,1.2769536618542727,4.990591571892313,4.375824533798019,1.7283744231789513,0.0,0.0,1.648450489619866e-05,0.0,0.0
4163000708,2009-10,Western,7.816320305656445,11.7513542967223,12.78177696718118,11.694483959103925,2.362053331422013,16.97341982422877,10.728471475357225,9.439013547280965,8.175196411743473,11.7019725115693,4.192340820794873,6.2404311418621,19.416686002551096,22.975681410769816,6.9739020545246655,0.0,0.0,3.618264507136507e-05,0.0,0.0
4163000709,2009-10,Western,4.026504420210827,6.028018048787359,6.531457507710992,7.121525621007327,1.4035670566850174,9.86356342201598,5.4686766226711665,4.621911959182809,4.1981767252809,6.927706282756963,2.2057192189911814,2.775772572487684,10.63608784120599,11.422524751827924,3.759042774785753,0.0,0.0,2.1834154571691484e-05,0.0,0.0
4163000710,2009-10,Western,2.779291527290206,4.373954356818523,4.348407418117705,5.201435229208623,0.9038887215044814,5.95779599127506,3.4377860313364064,2.9064884722980437,2.712703999778479,4.9536764167266085,1.3640083503454465,1.749108206353194,6.831783779833523,6.729253233157252,2.7624274712989507,0.0,0.0,1.9148747563054086e-05,0.0,0.0
4171000802,2009-10,Western,2.3981906366929127,3.972731171739899,3.7000368280191758,4.250965927640414,0.6720153430308357,5.56456960392364,3.061993145429601,2.7823916816207395,2.5228637558064984,4.281283143484769,1.1891895600405153,1.8140295716124788,6.114150613541458,6.083533741366065,2.2827478963458394,0.0,0.0,2.3435817703712845e-05,0.0,0.0
4171000803,2009-10,Western,2.874343813445928,4.494262588260421,4.3558965968498295,5.05697810924072,1.0705518396130838,7.669160886756375,3.9408135656272254,3.4202880166953316,3.049282595680674,5.073911056641704,1.5087868216878024,2.294704356292262,7.8762139982346,7.389816811818918,2.7554147455955524,0.0,0.0,2.7285890413373825e-05,0.0,0.0
4171000804,2009-10,Western,1.9772899851671224,2.741106150847368,3.0940219567203546,3.686566097354879,0.7172859814291073,5.339887276866858,2.6374355721956655,1.9499359879537288,1.83937457728712,3.384240638115647,0.8745805983943139,1.4395164948321613,4.5247323157968085,3.749954050941276,1.7444538557795752,0.0,0.0,1.7836823105521265e-05,0.0,0.0
4171000805,2009-10,Western,0.9504589201310594,1.3404630495969567,1.3951053212512021,1.6191386943893034,0.3143095205665568,2.557257250809663,1.4453211718124928,0.9981548126775321,0.8467289581964941,1.6323191808017279,0.427368267932098,0.6797672198347425,2.3448521059936005,2.020563613178931,0.8469446788594831,0.0,0.0,1.462314492075526e-05,0.0,0.0
4171000806,2009-10,Western,2.3450313481865415,3.8020932030601897,3.5211157104464346,4.042265239224835,0.6943006657401655,5.183389420740442,2.8454200427267304,2.574670837812631,2.2748232163625763,3.979050691842676,1.178258328073664,1.780574095478355,5.547884687894118,5.435083910599068,2.30804661266644,0.0,0.0,2.2726358386476334e-05,0.0,0.0
4171000807,2009-10,Western,2.466157598438391,3.9063214129504145,3.7347240698620454,4.227991676686865,0.718337810381305,5.304700990949138,2.9474522899091604,2.65091467779909,2.3546444768157557,4.131022152990868,1.184718476090035,1.8056206563623998,5.759964303430564,5.645389294506069,2.3860701866791776,0.0,0.0,2.3107922223483893e-05,0.0,0.0
4171000808,2009-10,Western,1.3192329978618116,2.374621915625759,1.9446613014872167,2.227880829679458,0.33809294066706247,2.656930453648538,1.7312700203390143,1.5634541962131567,1.3237980636394473,2.185937982814581,0.641874259988392,1.1926891608088188,3.5713350238331665,3.392202207277436,1.283081056639309,0.0,0.0,1.3767087433486462e-05,0.0,0.0
4171000809,2009-10,Western,2.758296006246195,3.8566970127140996,4.119222690509856,4.2231384105789544,0.9790502246230883,7.448296798389067,4.364928401395586,3.120731210829273,2.749280572379676,4.251352612664074,1.2691995078387914,2.6004492732959195,7.260495541021118,6.430636422960791,2.2667384748736423,0.0,0.0,2.144389988056813e-05,0.0,0.0
4171000810,2009-10,Western,2.5836730479143086,3.707507802066733,4.00794276123023,4.738393847586399,0.9710009485506685,6.889044290205655,4.154422047777085,2.7645460298628226,2.5747174543310902,4.360927302050378,1.1577133106602087,2.2110401208896646,6.567232333370796,5.674252133932922,2.217569401452924,0.0,0.0,2.1988132022201297e-05,0.0,0.0
4173001402,2009-10,Western,2.120576715393642,3.294840051796733,3.1494720988398246,3.472700850820977,0.6413132278014635,5.147333578779911,2.784876451215543,2.41915364234097,2.058627284850646,3.6520423055925018,1.1244673633034357,1.4809741271367685,5.468152648341027,5.079317155312753,1.998969876909438,0.0,0.0,1.811329223827065e-05,0.0,0.0
4173001403,2009-10,Western,2.691155708660242,4.7395067978894625,4.0883127549343685,5.229358382872479,0.9145932368233443,6.190240158104716,4.274790470202451,3.277200811675568,2.8876788285934816,4.919997058959871,1.3815163806801338,2.406607459118622,7.872379943078836,7.300137156581634,2.6668085407940127,0.0,0.0,2.7879427057405286e-05,0.0,0.0
4173001404,2009-10,Western,1.759972114325288,2.432596839507152,2.542708997364169,2.803246773948201,0.6142045324932999,4.893285167206756,2.7805993234395525,1.9213189570921874,1.6340518590880322,3.028798358907414,0.8352474340950305,1.2483805451385264,4.728379160364357,4.097157525779855,1.5159236743794176,0.0,0.0,1.7717747227590387e-05,0.0,0.0
4173001405,2009-10,Western,4.680346746633817,6.7266981045959655,7.0044425788279145,7.321327076712139,1.5533110863687545,11.644244794262494,4.760662426748892,5.089530279874686,4.968715660794765,7.995793339073566,2.371247167208,3.8444021062401577,10.465293286750248,10.12876139914959,4.077306538801128,0.0,0.0,5.939894877605099e-05,0.0,0.0
4173001406,2009-10,Western,3.7989956677921013,5.754698462406064,5.7995949767033,6.630204446793186,1.3663067744172306,9.541154461501907,5.321093468341651,4.3719525763806,4.018673202834259,6.4837492829997645,1.9256210499195938,3.300994394132391,10.461384052338724,9.28505918571095,3.351103327914176,0.0,0.0,2.8930777721736108e-05,0.0,0.0
4173001407,2009-10,Western,3.3686254355515604,4.376787765630014,5.180598361938804,5.829301172998469,1.2701295450492327,9.18644837565667,4.76366261930315,3.301515746026828,3.1265090165696687,5.6890200922926635,1.4325529852040606,2.387978736838446,6.746924380854547,6.436177380979686,2.774049358069012,0.0,0.0,3.673159200155923e-05,0.0,0.0
4173001408,2009-10,Western,3.4238734622293947,5.919273170856922,5.301692480803407,6.015480169241981,0.9428723108415865,6.8680301247575315,3.9055212665061885,3.9420090869691187,3.462883291095681,5.925922301120543,1.796074890117558,2.435636409403134,8.8076884719085,8.88270591578523,3.4908645285290696,0.0,0.0,2.2996882585016096e-05,0.0,0.0
4173001409,2009-10,Western,1.7051911157663406,2.6682083762410675,2.6768230921445793,3.290142573420347,0.586462990406622,4.140154091221683,2.263156163929316,1.8104470022113524,1.6776877543815907,3.0128457847264305,0.797831617831089,1.2562932960817856,4.303997856868608,3.701887457963147,1.6290630185507788,0.0,0.0,1.5936005693982054e-05,0.0,0.0
4173001410,2009-10,Western,1.5886286205426063,2.365365076611294,2.3831979623022863,2.697303910105335,0.559585901728803,4.311900750112901,2.118386121731715,1.8120668272882672,1.5966264046971663,2.747503868583114,0.834438348538462,1.158157379432311,4.134576241507696,3.6072056320011656,1.4987613069473789,0.0,0.0,1.7078781126547838e-05,0.0,0.0
4173001411,2009-10,Western,3.7279763590613193,4.926243662913304,5.662987028521497,5.755289999690742,1.5945784221967094,10.198619064369247,4.024383567158494,3.9587714274487453,3.5713148972877002,5.783199605660409,1.7326269587470235,2.8312094620015604,8.627300454786052,7.2376280951653795,3.3653808073130977,0.0,0.0,3.28495313883177e-05,0.0,0.0
4173001701,2009-10,Western,2.035962098027988,3.7142132922386204,3.0478690484787894,3.9291085788666513,0.6615126273719304,4.794909095873597,3.073696038360933,2.5518615541141196,2.234831500094452,3.913608726464756,1.1019355076583726,1.622334420212611,6.265302324454438,6.035763754261018,2.103331549644138,0.0,0.0,2.259714165606902e-05,0.0,0.0
4173001702,2009-10,Western,2.265422589353481,4.140091936720366,3.4341053540408484,4.11843913810949,0.6087246588767767,4.756016722276024,3.014362907485598,2.7123116430402074,2.357256864787424,4.073253906448469,1.1497095027127613,1.78090476912715,6.010751249077702,6.130354442855822,2.332159141914819,0.0,0.0,2.340324212668322e-05,0.0,0.0
4173001703,2009-10,Western,3.014126003024714,4.725832611568226,4.5672605023000035,5.0325578200049135,1.0113343148788017,7.8183832571210985,3.8827727508165095,3.485814793410334,3.0771297102929056,5.183109668352954,1.5418349013608112,2.305388205211672,7.7377594692722935,7.526326859672858,2.8396078880904905,0.0,0.0,2.6700839699420306e-05,0.0,0.0
4173001704,2009-10,Western,2.7294950398404856,3.83252384350295,4.025892776737113,3.9672746206358633,0.8293401808425349,6.727395506480697,4.161114455675236,3.0145434034879175,2.5008476882104422,4.254529206794904,1.2339792364535949,2.034112763567264,6.468665590848972,6.102417414993698,2.3832715998805796,0.0,0.0,2.3067141040203165e-05,0.0,0.0
4173001705,2009-10,Western,2.0211493582204176,2.9719062415315647,2.9989680465330304,3.314388614103557,0.5980453170906893,4.927335927370133,2.8850240339104585,2.2279879765939534,1.8896054688062454,3.5350731924446457,1.0097342067579214,1.287713704233458,5.177413695031036,5.086661042141339,1.8447730378286058,0.0,0.0,1.7684912214558125e-05,0.0,0.0
4173001706,2009-10,Western,2.544737625809971,4.113900680693278,3.7644620583309893,4.042807156614187,0.7178299141937245,5.738746563476009,3.1717401736699853,2.9162250712767395,2.6130337857826853,4.249019715606285,1.2559127492396285,2.0750600828928354,6.788965497126755,6.900969666604299,2.2688065599867238,0.0,0.0,1.960024986240343e-05,0.0,0.0
4173001707,2009-10,Western,2.9440320991234508,4.7346166384744075,4.398611570190102,4.899025357181063,0.9292265207400553,6.47889986664477,3.527277439699771,3.364292169018365,2.986553164999825,4.880457037246045,1.4502290673022695,2.417717364300371,7.949199005367134,7.280436342263233,2.7887883247294525,0.0,0.0,2.32064637498348e-05,0.0,0.0
4173001708,2009-10,Western,1.6339573539918502,2.43215710720832,2.379912589471973,2.649068408569503,0.44853929840426754,4.293263207287161,2.1766757441943336,1.7721576165840627,1.5343278573563481,2.935468624120461,0.7208635901673571,1.0515151041635116,4.217319994445392,4.246735966697305,1.420776268911671,0.0,0.0,1.9770827572460747e-05,0.0,0.0
4173001709,2009-10,Western,1.6468546910266582,2.4123231151800617,2.440308352181529,2.726176468209255,0.5307638252826462,4.234705104460982,2.199015870145446,1.804330576107454,1.5928703306033523,2.8607023835864647,0.7843246625710099,1.1556466901038522,4.2962619803648865,4.130070063685591,1.4967215816963766,0.0,0.0,1.7116551554009506e-05,0.0,0.0
417300170903,2009-10,Western,2.5318615867831284,4.029339554175073,3.6627614311326435,4.4082026064991515,0.8690322746030381,5.739620832731611,4.233205191630958,2.8661962801343774,2.4650235859453513,4.1969009022558605,1.1903511563292855,2.411156713281479,6.679435410848043,5.928584487114307,2.3024296777131825,0.0,0.0,2.9327176051276177e-05,0.0,0.0
4173001710,2009-10,Western,1.6637520750170132,2.486102164930402,2.5702911116872054,2.9862475308622565,0.5860422539195097,3.953414961071651,2.226620349992226,1.7636539062440089,1.6085311735865127,2.760248548247831,0.7762313202706643,1.3846052372788484,4.2832241611084045,3.546952029495336,1.5410894537004471,0.0,0.0,1.3711140991716074e-05,0.0,0.0
4183001101,2009-10,Western,1.8050969555457217,2.919503262573849,2.5989630419778447,3.0402316232785926,0.5200741618127204,3.7404012530135025,2.5201453266997667,1.9851737678023345,1.686216525617168,3.062056934506371,0.9150599500676178,1.3606803553960471,4.635347238119202,4.531212783666356,1.7512168785056055,0.0,0.0,1.795628140643405e-05,0.0,0.0
4183001102,2009-10,Western,1.6979772804763955,2.4845246792612867,2.595750545238946,2.9133348897368263,0.6285291928334652,4.6649321662253005,2.1714805508091053,1.8835821671263218,1.699388811066396,2.855705476208382,0.868642823556803,1.3243624496107256,4.224665276320172,3.4628286342039636,1.5933660070716393,0.0,0.0,1.734161649274669e-05,0.0,0.0
4183001103,2009-10,Western,1.6764670610852803,2.5179967653528967,2.414133793647092,2.568253319487124,0.45091696940447984,3.660742116140634,2.3817603818674704,1.7984530612772767,1.4798481366731506,2.716169278611101,0.7443002403937924,1.1867832804225757,3.981897088111882,3.903645695903876,1.5409857040533974,0.0,0.0,1.8929372750857688e-05,0.0,0.0
4183001104,2009-10,Western,1.5131738461886601,2.075411441193686,2.1323915974817513,2.2987589121398844,0.49720719660101537,4.259031407551431,2.6578316817439265,1.6264663305765636,1.3660410270345258,2.420610974330899,0.6740384717363775,1.2384761037074696,3.562605209671109,3.1210077570016512,1.2713636626532059,0.0,0.0,2.0016024237413383e-05,0.0,0.0
4183001105,2009-10,Western,1.6436111308111871,2.456945141863752,2.5645425960957304,3.0820062951361917,0.5244136496022038,3.9653945073702297,1.871252507515738,1.630601664432981,1.5061181832521475,2.9658577585052175,0.7299042856778865,0.9023724664610994,3.8655938615912127,3.58770149770595,1.5929797734107498,0.0,0.0,1.5310757014477302e-05,0.0,0.0
4183001107,2009-10,Western,2.5137642892698455,3.5602956260737,3.718115639313205,3.9284997329625613,0.9664922348217048,7.071282165875292,3.6439775446694225,2.8124753010556494,2.474183476723811,4.007270262838036,1.1905113836790944,2.170483134321659,6.299439630592539,5.328257753290327,2.217498572455229,0.0,0.0,2.451755338901877e-05,0.0,0.0
4183001108,2009-10,Western,0.9232195481446267,1.2308223021348874,1.3216191126499803,1.4640933208731275,0.32522226940425775,2.887574924736012,1.1480974524640428,0.9708663279253485,0.8506006821192943,1.662010216324931,0.4119849675226577,0.5631167086962284,2.2622676129019905,1.9317160928140138,0.8243118131548736,0.0,0.0,1.7444627398306797e-05,0.0,0.0
4183001109,2009-10,Western,2.558894200779763,3.71608438265517,4.064897256018187,4.796541907526598,0.9062259596878585,6.607555078624619,3.791499745998571,2.6965961053917713,2.456285388451769,4.323281653894659,1.1266935149478576,1.9701236481131927,5.957103109003225,5.19018469268712,2.3048433273640154,0.0,0.0,2.2443334285174173e-05,0.0,0.0
4183002001,2009-10,Western,2.1042947864116677,3.2501489391183727,3.2140081028501006,3.4278070243571688,0.5998203954008374,4.698263710627791,2.2275302930921237,2.287176253013786,1.9660456713652452,3.5976532870215845,1.0672909488835909,1.2599746222799333,5.101188571120624,4.646912608182258,2.156675322146812,0.0,0.0,1.681697536618008e-05,0.0,0.0
4183002002,2009-10,Western,2.2863629622159714,3.5276403188881154,3.3906061173269784,3.9154539454853996,0.7543695983598651,5.5573168091664895,3.110654035972119,2.5476062677795723,2.228391970768239,3.8950390697960904,1.192362248525961,1.777336638465249,5.671824052459303,5.314245164723133,2.174305078491342,0.0,0.0,2.136227515399872e-05,0.0,0.0
4183002003,2009-10,Western,2.431208397827228,4.0838233037790355,3.6335185162747576,4.144380956986993,0.7256005177485161,5.080687610219738,2.833143096406976,2.725800068812535,2.485406546708619,4.042956200501459,1.248941283890152,2.0045277216321304,5.938683547206658,5.550182175965938,2.4207415232016074,0.0,0.0,2.169823442190934e-05,0.0,0.0
4183002005,2009-10,Western,1.7384895348056801,2.499909935186698,2.5959860351966775,3.263609330522398,0.6885011978688221,4.989119250765815,3.5630620228448318,1.8544895131347168,1.6635994077816678,2.987001147559971,0.7764193299023037,1.549396378192259,4.375706712165045,3.8255961413181234,1.4897855266032907,0.0,0.0,1.9756531893109782e-05,0.0,0.0
4183002006,2009-10,Western,3.1578392646246716,4.310078049307515,4.712195486344977,4.701245393670616,1.1474010012900242,9.119034645929965,5.4854277998057235,3.594459537706848,3.0274239207848592,4.937314906126581,1.4509640217258897,2.64378870417865,8.137747429089922,7.331018512267759,2.6146256630136326,0.0,0.0,2.6676692039640752e-05,0.0,0.0
4183002009,2009-10,Western,2.0687828107077317,3.084699741257582,3.3844854806225175,4.272685866097169,0.8055368390669664,5.4954921143574875,3.620954573289745,2.1609451565991438,2.0256427752544686,3.5191637897016124,0.8625572835074693,1.908607481461485,5.15348612439151,4.446648559054843,1.8253525518433025,0.0,0.0,1.6854600677599276e-05,0.0,0.0
4183002010,2009-10,Western,1.2263839573551854,1.9400701579313224,1.8935811092406172,2.1970729515613394,0.4307186414585222,3.2115378496481477,1.717611502704373,1.4370010750070172,1.2375508693646027,2.0136743637664423,0.6163268636884729,1.2673722562984313,3.248952383631501,2.405645715910831,1.1057951534624295,0.0,0.0,1.3848741016364984e-05,0.0,0.0
4183002301,2009-10,Western,1.7533003310009565,2.8829114688345667,2.6227617403300565,2.9590175609170157,0.5182042619408566,3.7759339548436537,1.9278560190268779,1.9351887186245222,1.7324170102824992,2.968299657788234,0.9132153742274236,1.275524334289641,4.291128502362662,3.8036228371910528,1.7873533263820773,0.0,0.0,1.6826018280036435e-05,0.0,0.0
4183002302,2009-10,Western,1.9851677530958336,3.4143414220427712,3.032834262191689,3.567956796345734,0.5898630735198064,4.306421411641383,2.546874206577304,2.336362551314517,2.0077097818666014,3.3774524690710983,1.0681708950598074,1.7344635826173214,5.362775516871445,4.4131549545888245,1.9305584167500507,0.0,0.0,1.689803859316687e-05,0.0,0.0
418300230203,2009-10,Western,3.87121588131104,6.505061799202104,5.777329971411985,7.481114345369424,1.5891323915874331,9.658228569343795,6.3176827792171775,4.780813242425834,4.252519332655001,6.960337979678789,2.0148094838400796,4.040936030800131,11.14197872821258,9.192079534490704,3.6906277984682028,0.0,0.0,4.47396060474907e-05,0.0,0.0
4183002303,2009-10,Western,2.702893389068179,4.447028367347587,4.092489047882798,4.7264185427002445,0.8826910900827716,6.275265762755721,3.5915863372696233,3.1563461839362925,2.8633859558838357,4.492676323569946,1.482577557781343,2.4683090974780355,6.926613186515035,6.551445642395667,2.5339207584501557,0.0,0.0,2.118517769549941e-05,0.0,0.0
4183002304,2009-10,Western,4.5342692122995185,7.460508418926896,6.797377859094771,7.8650914150608795,1.5602399659504582,9.260654983230086,6.950033639058803,5.320340223485583,4.633427791131788,7.393707189401333,2.311683027464739,4.190619349720338,12.446424720339117,12.338766212903847,4.34751211118028,0.0,0.0,3.321717380198941e-05,0.0,0.0
4183002305,2009-10,Western,2.3747916740309374,3.886988311131394,3.6744193996709122,4.113961835973208,0.6921025393287163,5.155511553706047,2.647273466786031,2.6681691693187175,2.352135816087271,4.116265612331784,1.2211780319763699,1.5826486631956835,5.927104938055791,5.5016139513582365,2.438605444896802,0.0,0.0,1.9395844649221123e-05,0.0,0.0
4183002306,2009-10,Western,1.0885651225758008,1.5767747139984032,1.6737649817597804,1.9741957701843962,0.3371234523766409,2.9681594130864877,1.543443949491424,1.141427131555135,0.9977490973440913,1.9805825062254472,0.46123174575711123,0.6517473950468935,2.7969289781077067,2.4001522393883854,0.9675960893857497,0.0,0.0,1.2865474506704797e-05,0.0,0.0
4183002307,2009-10,Western,2.0427947268367643,3.232811194167052,3.003531047383552,3.4659067271741537,0.7039727858618406,4.6170267335184985,2.6785613725893276,2.2878149897921682,1.994541076797837,3.4352792064486612,1.0015886809569923,1.6621918493525525,5.346218810011659,4.700746534664078,2.0061700690773576,0.0,0.0,2.1193172527565095e-05,0.0,0.0
4183002308,2009-10,Western,4.290779584947414,7.299909114150178,6.575448137175704,7.413844203068463,1.3155879386112816,8.999180814246296,4.7645691612355145,4.976102547377005,4.432508301486908,7.362652932800368,2.2657973837042724,3.2609392478217982,11.244332052635658,12.202101353317511,4.31906249675326,0.0,0.0,3.131934249359054e-05,0.0,0.0
418300230802,2009-10,Western,3.268629211610342,5.194611549054394,4.778857670773499,5.660973956874889,1.1487285718481288,7.3349858992332955,5.451568099127781,3.743134226237205,3.246131520078467,5.340890834268557,1.5745234257199472,3.17737708593744,8.64585253810436,7.84001505169332,2.972834412106944,0.0,0.0,3.26793747353935e-05,0.0,0.0
4183002309,2009-10,Western,3.359795678159968,4.336939136259624,5.2644044817795255,5.808230275291817,1.3514999558397136,9.50601894601893,4.507110914472668,3.3594770107244183,3.1517955262339497,5.593226148802628,1.4612871381952361,2.316846505516249,7.527821882097816,6.785361200082054,2.858471301754167,0.0,0.0,2.7300567354358186e-05,0.0,0.0
4183002310,2009-10,Western,1.0814629828739313,1.7093156409676522,1.5596397279592642,1.778722455948818,0.3426297795737153,2.561929318894992,1.407704217753357,1.2381441604253998,1.06161309767679,1.7704403360561147,0.5792526332853505,0.9737316192838155,2.8306796853529597,2.4659851406519735,1.0002360134025086,0.0,0.0,1.2016337110924031e-05,0.0,0.0
4193003203,2009-10,Western,1.6553192979548743,2.3059004561610594,2.535218140479362,3.108829946592649,0.6178146796695638,4.684994504241444,2.6996361178813775,1.698718441206102,1.5512508205308106,2.944268519216679,0.6934686901329382,1.2166013304675851,4.091410007673549,3.378331930333432,1.417609777611649,0.0,0.0,1.969290682931589e-05,0.0,0.0
4193003206,2009-10,Western,1.6366862828248092,2.623636178812851,2.4298125112360682,2.859744796694904,0.4645190590200361,3.499445967224485,2.4678690246386807,1.8001138938358536,1.487644852388464,2.8268713538425883,0.7646158870531001,1.194836990650704,4.162611060489754,3.953236716987032,1.5961069095183422,0.0,0.0,1.8557757195390148e-05,0.0,0.0
4193003207,2009-10,Western,3.9034578874096177,7.362812121758083,6.045300542786974,7.343626931122641,1.0854094324469539,7.376920140061478,4.896683936166358,4.628015138607872,4.1421110962162215,6.892627567536988,2.157463285013377,3.12070181911562,10.374556177440098,11.275688447098059,4.059009677707491,0.0,0.0,2.6143505247359094e-05,0.0,0.0
4193003208,2009-10,Western,2.1703712564227686,3.2095694485527266,3.303433420719503,4.2595973632500845,0.8601653636854256,5.782445258991885,4.024970766591841,2.3233761824814074,2.092762673857533,3.8403714341853497,1.0302809956405081,1.7989184496733557,5.701419864103841,4.934475890799832,1.9329099121700433,0.0,0.0,2.022503322162742e-05,0.0,0.0
4193003210,2009-10,Western,3.2399987124685867,4.441615021727224,5.0576014075762155,5.538651271733052,1.0396843243949854,8.103026620148396,3.7941606317888326,3.2399340906015777,3.1008826172724455,5.517535950466783,1.4363416949832672,2.0696972032118937,7.451539192580344,7.5587089153385225,2.793190363897281,0.0,0.0,2.170760969042635e-05,0.0,0.0
4193003211,2009-10,Western,1.7474574940652536,2.778623431317523,2.622240813888966,3.0402126238886447,0.5349772162098425,4.117910144549369,2.3204078955834198,1.9515035340274938,1.728093054470604,2.889791636536794,0.8160277862805903,1.5620891263568195,4.378104054193026,3.796430557462717,1.5870977139423146,0.0,0.0,1.826465750338998e-05,0.0,0.0
4193003212,2009-10,Western,1.2913104749580653,1.8582909961045209,2.0048062959264974,2.1996259729746304,0.37801743054164955,3.183015533764681,1.2820691787872351,1.2975014071339084,1.1763403186837982,2.2376456777210785,0.5919808572806524,0.7112630846497019,2.9498101910596572,2.5613423897674665,1.233246502640492,0.0,0.0,1.293998820133182e-05,0.0,0.0
4193003502,2009-10,Western,3.7017744086374176,5.476410470592539,5.90353006892019,5.988623943683939,1.294101038898426,9.270073969476426,4.516548374967137,4.354557610110043,3.8368593138979796,6.1122093868591065,2.1048443513212525,2.5397602304221656,9.298208842489784,8.8485463561568,3.5487016251150885,0.0,0.0,2.1779706719429552e-05,0.0,0.0
4193003503,2009-10,Western,2.1580592192249495,3.1583197591682914,3.306134292787835,3.4724910015786623,0.7009639299579106,5.469435921866446,2.7581502303614767,2.4509951864552635,2.1182371961437703,3.4276527873191776,1.0865215647560167,1.849860036608062,5.266035915515236,4.255365990884576,1.9324589581986569,0.0,0.0,1.7468213626675756e-05,0.0,0.0
4193003504,2009-10,Western,1.5541455777109614,2.2599886449353392,2.370809768592926,2.6137347432296862,0.5538185642344214,4.189240709036881,1.7281469017750046,1.644193061562883,1.501584305381007,2.6528046128850904,0.737815847506839,1.0428728664675193,3.739618045584187,3.09038085635057,1.491506614085866,0.0,0.0,1.6162949567160693e-05,0.0,0.0
4193003506,2009-10,Western,2.5358902195898785,4.0975169005520655,4.048422368824199,4.656592255037222,0.7320790796324338,5.727031726353088,3.302181423680065,2.9415434680307984,2.4069770361053924,4.274617620904573,1.2441172169148562,2.0942927733588603,6.136290615742688,4.578680572089023,2.413918277423064,0.0,0.0,1.804088977208293e-05,0.0,0.0
4193003508,2009-10,Western,1.561387867478241,2.3235716405934124,2.3960115843630847,2.884410908943937,0.5153539169789754,3.8867305024565697,2.2943528991021624,1.6440825208813263,1.4713028424407204,2.696288019497077,0.712119768163472,1.1429507392936704,3.7970950928704683,3.421155167471282,1.4353519439008466,0.0,0.0,1.6073632223763356e-05,0.0,0.0
4193003510,2009-10,Western,4.635919578426025,6.177626868216387,7.557870253003986,8.060431835296171,1.6539980634902607,12.238683660289828,5.720204997967236,4.992806242909647,4.582769732462387,7.86758723345641,2.365099299726024,2.8388980913981183,11.412843753076988,11.826232202475316,4.072142554102803,0.0,0.0,2.3178292587990603e-05,0.0,0.0
