i,t,m,Energy,Protein,Fiber,Folate,Calcium,Carbohydrate,Iron,Niacin,Riboflavin,Thiamin,Vitamin A,Vitamin B-12,Vitamin B-6,Vitamin C,Zinc,Magnesium,Phosphorus,Potassium,Vitamin E,Vitamin K
1013000201,2011-12,Central,1.1046458882443797,2.3560703389549396,1.2884419954619935,1.6248079071784325,0.34443026941205557,2.5575670962229995,1.2206329585209283,1.458978339872358,1.2159350413574055,1.5837683991684355,0.6082516931562131,2.659590999343453,2.8494974190847167,2.1380212546639656,0.9263549169043696,0.00010878097560401638,2.869567115071467e-05,0.000111857692272532,0.0,0.0
1013000202,2011-12,Central,2.0673891855897795,5.217600265876026,2.28437722196649,2.8573008709158474,0.6007885032972347,3.8503780275846156,1.9450887963532988,2.9791399994190697,2.399790217682538,2.8907985969974113,1.2109283161388364,5.549339211175199,5.308588656088631,4.420582761112264,1.958284730743167,0.0003128445983502026,6.13357148217721e-05,0.00024740174234205703,0.0,0.0
1013000204,2011-12,Central,1.8061576839456692,4.619661889919161,1.9731090762102133,2.2926695508279513,0.4420994746717782,2.740654977744232,2.001563501967094,2.507611256569836,1.9640221911251399,2.36516793105764,0.9652376092290692,4.591231920150162,4.329463341842722,4.038771762287988,1.7246177061199501,0.0002194123396555192,3.9533754892886336e-05,0.00015806986266373742,0.0,0.0
1013000206,2011-12,Central,1.7218579842610156,3.1103539023532303,1.770556004438384,1.9264245873921906,0.5761269047447627,3.812286630354893,2.6999894453575886,2.1555722121840644,1.6600225878595285,2.049543646771391,0.7150646834616207,4.065508192164078,3.6344292724920457,2.3907304495277812,1.2649443458616814,0.00017987945666480398,7.452148918970449e-05,0.00022691730589635147,0.0,0.0
1013000210,2011-12,Central,3.4003691226919748,5.71056345908029,3.462935805063081,3.10591504126695,0.8715533658872519,5.86452967179777,4.316083834677471,3.7397821155605677,3.110897720779916,3.446035637655341,1.6660707562175134,6.687466059052301,5.148038514457308,4.083934079129533,2.5669886908607977,0.0004203935124147531,0.00014413491854220107,0.000439712121185554,0.0,0.0
1013000212,2011-12,Western,2.1551638673257654,4.413329499857328,3.1115100024309843,3.7407938967484697,0.8696487419664626,4.448525032197825,3.6529294657800047,2.9310819860335533,2.347906929900458,3.4990091271956034,1.1697805962464263,4.088786434535534,5.368597292120675,4.245685462648158,2.075840054122062,0.0003193410612999054,8.637913953194163e-05,0.00028149128181038257,0.0,0.0
101300021302,2011-12,Central,3.918852300456368,8.269063818149053,4.217951326764797,5.047196773332016,1.134117917838892,8.373096934358179,3.91299714451971,5.34424407209693,4.252395270769877,5.102476560518758,1.7230943921005377,9.746935985532662,9.143410174805556,7.266027885719307,3.190047560338824,0.0005430369271350865,0.00012218330860539446,0.0005212378102220824,0.0,0.0
1021000102,2011-12,Central,4.338872902210083,10.964566642263918,4.42154019084803,5.47736018721938,0.9839422671708914,6.8003497159919455,4.8946727841068824,6.229962376840829,4.859855834851446,5.315248932436117,1.7403373840027045,11.99293526171014,9.712400755829707,8.142540880003212,3.509052135794846,0.0005311993675867,9.205164641636435e-05,0.0003729743826838498,0.0,0.0
1021000108,2011-12,Central,2.728906708000936,5.549664685984954,2.905835377607727,3.40177887669781,0.7860358847727299,5.59137022144108,3.5569767701402735,3.643641044356998,2.9493531125297427,3.366294319038131,1.0319030033854222,7.0627852995525595,6.078784093469015,4.54184754689437,1.9732707695057619,0.0004942022023952466,0.00013305443910641257,0.0005016568683247578,0.0,0.0
1021000111,2011-12,Central,1.8229908501648635,3.574381798692192,1.7314582264964538,1.8147168245875043,0.5018646940960946,3.7601254619668754,1.619884721280402,2.4441850663337137,1.670548274473044,2.017799274092742,0.6238420315510509,4.365553799647058,3.7191793471754107,2.6635492963294416,1.3309298168103552,0.00010879112939249847,3.6925456326650935e-05,0.00012578294586288675,0.0,0.0
1021000113,2011-12,Central,2.688824867839539,5.9788860617700585,2.881441212202045,3.4536002264323686,0.7090951597510983,5.259802134444609,2.7425659523463137,3.798280500801106,2.8837066332644445,3.468472370561488,1.0592198063729477,6.947648036788437,6.251045064277081,4.353415122833551,2.168354766185,0.00028949618383376547,7.785379515243764e-05,0.0002560147430867896,0.0,0.0
1021000201,2011-12,Central,0.9855380623523331,1.9372805102311668,1.0602795482539393,1.1589664156354316,0.2627027800391951,1.998848666859388,0.9888507529568057,1.1997296160088844,1.0011989873934841,1.3092592524519084,0.5014995749299072,2.077630755577093,2.3190607239131715,1.9031135265392354,0.8153722358526405,6.055702035680112e-05,1.4016980506188458e-05,6.985155888873204e-05,0.0,0.0
1021000203,2011-12,Central,2.1417440132268104,4.268692756257504,2.3474662247569063,2.4290542884432362,0.5514639174278945,4.497346869879357,1.8354840835596788,2.7981539659548296,2.1159521201956437,2.6259787933821674,0.9112939171227066,4.625442632014712,4.715628642783672,3.5649332397784277,1.6998977850674923,0.00020255325080772502,5.526317407873303e-05,0.00019603804236225538,0.0,0.0
1021000207,2011-12,Central,1.7420400896388422,3.549506014682127,1.9320625768387587,2.3233433706178634,0.5204154528551852,3.8258686699626296,2.3547277606545127,2.2736916633709128,1.8988550154289594,2.387386333192586,0.8733146646079519,4.073282950772165,4.146850446973841,3.038459692711462,1.4337146783588293,0.0001680828213401903,4.297572136538957e-05,0.0001758971916337286,0.0,0.0
1021000212,2011-12,Central,2.71366620561324,5.934418563949959,2.930966425663131,3.344012443856755,0.8363743517920803,5.747945996118741,2.201608767682364,3.7551761319050074,2.9681114991237223,3.502917950045402,1.3601706072743034,6.676299644649046,6.276084474103657,4.940567380210598,2.3624795443352085,0.0002828441734590083,6.964370686113318e-05,0.000267232606950093,0.0,0.0
1021000213,2011-12,Central,4.369241902044018,10.251874996754282,4.899096274305428,6.3378261910936615,1.2305999783283892,8.126874110617445,5.7255755764638,6.1755573417931044,5.136509173432797,6.028722580628014,1.8973121506495434,12.002281386827077,10.237468897565105,8.701574065378264,3.561090272916448,0.0007783171349467913,0.00016249999641794496,0.0006223741645254007,0.0,0.0
1021000312,2011-12,Central,2.0492775317058305,4.6634615836655495,2.2835618232795096,2.7286915551649553,0.520305289223399,3.776996969936481,1.889600293025994,2.8029923059452266,2.1636665414984413,2.9423259055853084,0.93648968789644,4.839613321505722,5.817281500325218,5.886082326447094,1.8117858705662895,0.00012261674532081004,2.4786783477937187e-05,0.00010737992708170213,0.0,0.0
1021000402,2011-12,Central,2.7051016553513527,4.869772324179202,2.7943654968696525,2.8463969402576255,0.8328773135071554,5.61298485965394,2.7769513164475317,3.3543565495120347,2.557317558184658,3.092395120719394,1.083009204353849,5.906623930643041,5.318138216170222,3.82112615098744,2.059495337740594,0.00025513977553768234,9.658862931069404e-05,0.00028739528497583045,0.0,0.0
1021000405,2011-12,Central,1.6952462514795985,3.7297367031289,1.848305188546627,2.01336886254407,0.46356673940173815,3.1433538267112113,1.6822809474737683,2.269886548682632,1.8418622036324124,2.1503379189475633,0.8935692122746354,4.112628744570554,3.8323390087363407,3.1586499876985163,1.4979383295871842,0.00016219387025282256,3.715856352255179e-05,0.00015148700381148664,0.0,0.0
102100040502,2011-12,Central,1.9515595449185974,5.225341860925165,2.154393257166995,2.7827833313577237,0.45825077418190874,3.188258055142611,1.7620794892330238,2.7727651903882418,2.23725143333705,2.7324294590573976,0.9409050370923631,5.4256213253292715,5.301107747257975,4.905518956533663,1.7615304952475765,0.00028312509154186633,5.018281651840697e-05,0.00018642335812257848,0.0,0.0
1021000406,2011-12,Central,2.4128202253405933,5.046066501854033,2.6359854127709927,2.982444490246233,0.6985556468823023,4.837030023316465,2.6976036170832454,3.249163577226889,2.4922144949438794,3.0806517153460047,1.1067316051154934,5.621967404126353,5.427355578882456,4.1007504391030265,2.0215334001634524,0.0002227965200530616,5.9646312455150354e-05,0.00021383947766637532,0.0,0.0
1021000503,2011-12,Central,4.053017962343385,9.675891797776414,4.395477376487545,5.249930266134914,1.050602645454363,6.992229613483238,3.9817458038180544,5.778725067208295,4.89001040734101,5.478159927034771,2.0298233725084227,10.390499592963694,10.421614534075049,9.741414236643124,3.491519994369405,0.0003942043726076553,6.792034798307575e-05,0.0003311865801186807,0.0,0.0
1021000504,2011-12,Central,1.596257002785303,3.872244433093974,1.726760517211898,2.16306058738408,0.40432958913021805,2.8941360900425313,1.4623827048950513,2.1061667078741126,1.8186983342704426,2.185458276343047,0.8149683695144849,4.128335338536725,4.065257231686739,3.587208890349218,1.348812515950116,0.00017435755307327388,3.3003393974583984e-05,0.0001398750133965709,0.0,0.0
1021000506,2011-12,Central,1.555957184665913,3.0702924123815176,1.730938300013831,1.8844810036729984,0.473696929634274,3.537930972725515,1.5772657842697806,2.0230993425951294,1.6001441129751617,1.989787149714434,0.7737275295088054,3.497983417724349,3.482345081457348,2.5697542266775075,1.2764084060714727,0.0001345143996915563,3.960701768695824e-05,0.00014670602438838985,0.0,0.0
1021000604,2011-12,Central,1.5034462088683531,3.220878775512771,1.6578626944407127,1.7967826206482151,0.40079702330628286,3.148036033800381,1.3236312890540973,2.039766910434372,1.5280482065320093,1.9528475714016826,0.6816719556959432,3.579202176850871,3.596711787340397,2.588460832912948,1.2353009643791983,0.0001117809201031143,3.178466162932033e-05,0.00011123168121969065,0.0,0.0
1021000607,2011-12,Central,1.7779107895616033,3.9935794565463385,1.7376394024875714,2.1816325960224763,0.5043313261667266,3.4631168557963035,2.1217035630677152,2.4702540986331285,1.9429631384870012,2.139649122103386,0.7459794542860425,5.067330869893713,4.054260612820571,2.9074239947991884,1.34183825315848,0.00018172080825257835,4.3799374296775295e-05,0.00018381280265172882,0.0,0.0
1021000608,2011-12,Central,2.2330622172439814,4.698329716542189,2.336236226694751,2.910685444953113,0.6546230113400945,4.362209542738569,2.912172342157151,2.9836636233988063,2.391134528848178,2.924157351633736,0.9827198732030751,5.794237696609581,5.553428063153672,4.483303680957555,1.7830360627716206,0.000245126458896603,5.776545650227324e-05,0.00024932057925837134,0.0,0.0
1021000610,2011-12,Central,3.1512415793225728,7.535358749557167,3.237096707694172,3.935378183904497,0.7333071632180267,5.312848785993664,2.9574186084647995,4.328994596781306,3.4496026320786575,3.94769192350342,1.2416535385288012,8.212480550562884,7.238510558014115,6.134232578921599,2.5111550815520047,0.00027124891966422637,5.353597098636047e-05,0.00020522384158971993,0.0,0.0
1021000612,2011-12,Central,2.311417385287023,4.8434936070185355,2.511717357467158,3.0983322427007938,0.7215467570716038,4.808358766586548,3.5750136100120757,3.0919300079425875,2.5330180399841353,2.9943330844702274,1.002915687666821,6.180771708061715,5.181323133251677,3.93249268082656,1.7556592324947824,0.0003772094023461581,9.57531559801786e-05,0.0003782823955038796,0.0,0.0
1021000701,2011-12,Central,2.6602866780701198,5.265294750415431,2.8125413118362124,3.262226792906472,0.7083370736257179,5.397238830376651,3.184001009789049,3.3768777202531126,2.8221547836421332,3.4338925609068625,1.1341408202508085,6.033725457221924,5.821008060643833,4.457035095155024,2.1128410943781195,0.00031753829488996745,7.264891292179559e-05,0.0003076776553475369,0.0,0.0
1021000702,2011-12,Central,3.028575034690166,6.034738012059893,3.519052351032917,4.450845384665393,1.1004529223456012,7.166820068039693,5.194999606540621,4.109887708526133,3.33199054323811,4.24358308492784,1.4098905276829459,7.590683098207464,7.089373625307958,5.47035051118638,2.4063204487773637,0.00045441635971729845,0.00013632490791518954,0.0004842145408779066,0.0,0.0
1021000703,2011-12,Central,4.8759455611479465,10.948865356251728,5.01784911333526,6.669334606984975,1.614307031043613,10.215240180885512,7.803741144286628,7.222323695352818,5.558071087123243,6.437144641107124,2.174908606645566,14.162630999915942,12.197331415619313,8.595512028683704,3.857392913805,0.000526636465226463,0.00013368464117287138,0.0005409676632634435,0.0,0.0
1021000705,2011-12,Central,1.1447296603154644,2.15853143078805,1.1948034874498883,1.4485640503342656,0.3534245476541823,2.691236959759198,1.5835862528240605,1.3909300315064936,1.189659881240142,1.4979687548294922,0.5563694282909576,2.7162049546527856,2.6914589584579627,2.0038898608842506,0.8664435822828483,0.0001454816270570258,3.628867551310082e-05,0.0001771815968761281,0.0,0.0
1021000710,2011-12,Central,3.647545483143502,7.46281463647094,4.116940935564805,4.606918431722768,1.072091495320551,7.676240436336362,3.8293740434343793,4.982398592739014,3.9163987213156766,4.807525721974995,1.411141432186281,8.595208675870348,8.512417308537062,6.4355236046046915,2.865479357557604,0.00041677533385059163,0.0001158390266143556,0.00040312419192697755,0.0,0.0
1021000711,2011-12,Central,2.6801344491635284,5.312364872385944,2.8316842302406804,3.090142778040966,0.71185452665722,5.347735794306698,2.650680305299152,3.4135617038762165,2.701474948648032,3.32987181773197,1.121943679530804,5.870450706241461,5.808619457706851,4.7302894114702765,2.1301653314032567,0.00020103420797353106,4.8659416248138763e-05,0.0001982392194203452,0.0,0.0
1021000805,2011-12,Central,1.6913344368824441,3.3512743857250853,1.7522449544526624,2.1711940978341624,0.5200221338008971,3.7550759489198375,2.3939531991104652,2.142051551130704,1.7865095015168884,2.1792157224495052,0.788999065497283,4.304913417809054,4.0019256616339,2.947693590804713,1.2719791139848209,0.00022608735183082102,5.6698468701323086e-05,0.00025859242168163696,0.0,0.0
1021000807,2011-12,Central,3.9548409558106,7.795570723834427,4.024241667754339,4.236191654486227,0.9384862604324204,6.7066134104663995,4.984124460077191,4.788300862450086,4.00628125913138,4.356957090384191,1.7538492137909407,9.075876303588013,7.159890872011736,6.003720697648278,2.954699718934463,0.0005504153223698768,0.00011855099251043501,0.0004815909555278945,0.0,0.0
102100080803,2011-12,Eastern,1.282562741148143,2.664690755757895,1.5455610397894242,1.7702879567173753,0.3788185356944074,2.5762613750060583,1.3313572311852346,1.7260941872351672,1.4150608749927633,1.8872053990515665,0.6496433794564664,2.511399807503449,2.9720711073741786,2.363368814472823,1.0951426531844322,0.0002873567705843124,6.412962075235265e-05,0.00023402460720515564,0.0,0.0
1021000810,2011-12,Central,3.457149431211795,5.99324481552372,3.8915438265639457,4.047837102672815,1.0789906757969707,7.551864302992367,3.712580396768225,4.125153933302173,3.5497365480362784,4.357342437559185,1.5166680616169488,7.31689251991956,6.786824189473005,5.565983385929341,2.4812187424446517,0.0005694901248339167,0.00017084703745017503,0.0006537658325362299,0.0,0.0
1021000811,2011-12,Central,2.2554781561651436,4.6566666226752345,2.4967495074367605,2.948734163240583,0.6222478413115797,4.593369483286732,2.8367087589173856,2.9757545581422318,2.3287880039160673,3.042496620582438,1.0193645157641449,5.0967473345429815,5.418691891421863,4.259179416417537,1.8565986604035762,0.0002029182430593346,4.947697901755381e-05,0.00019328511422853493,0.0,0.0
1021000906,2011-12,Central,3.5589454888529595,7.4476829539369485,3.684460440934649,4.0420473307480735,0.9258484149854622,6.529563682797272,4.851069332882175,4.619331459971361,3.821766182859419,4.204502105040772,1.7335577097908985,8.55397170622537,6.939926858877314,5.671925327419925,2.8484546139594378,0.00039915559088094866,8.597197342051201e-05,0.0003660806349797904,0.0,0.0
1021001003,2011-12,Central,2.6215063882597494,4.583896674123286,3.1252145458076104,3.5036591937168153,0.7824562438951472,5.901840213219559,2.6326145167199733,3.211168844056682,2.4229852032605947,3.7533295640492974,0.9995836590521121,4.832520634437764,6.768627698542384,6.554746616452733,2.0925705336386025,0.00019178683808345972,6.380005702373155e-05,0.0001853902802875351,0.0,0.0
1021001004,2011-12,Central,1.4006028624262286,3.16596421589434,1.5633312314705734,1.7795055240030193,0.3613810046839971,2.682337232518937,1.3165745982906238,1.8247626176899083,1.529171234577098,1.8961632605408276,0.7414894293211838,3.3500704398327064,3.3779371624138745,2.7015499878361684,1.2070766255639627,0.0001454966550558645,3.378312744105347e-05,0.00012694901403523677,0.0,0.0
1021001007,2011-12,Central,2.4207443575448875,5.068638112848992,2.785767015700841,3.3352715935218766,0.6961984353250966,4.757800496873737,3.123020371855282,3.35944718645301,2.5805422643221005,3.3745487722428584,1.0759775730392815,5.6306874364907,6.46322677505975,5.632722866578811,2.0724852754760783,0.0001346239241971222,3.492601807000812e-05,0.00013122425851312534,0.0,0.0
1021001011,2011-12,Central,1.423276281638719,3.156420280361444,1.49498619955003,1.7634996595787495,0.3870434790854372,2.774972034547004,1.3951502180641158,1.813371444659138,1.6007566363341725,1.8029750148643877,0.7853866418464179,3.5939667622871845,3.236211290912722,2.698892191576948,1.1567026159303817,0.0001735295630438271,3.253679307071758e-05,0.0001637728859399793,0.0,0.0
1021001102,2011-12,Central,3.1739188524558672,6.668330688370731,3.2274393197397866,4.104549732950683,0.9702510863730727,6.362047036744225,4.7516282962312095,4.251437307390881,3.432297773640426,3.979895359793966,1.424724164789316,8.747977363360794,7.475102892309921,5.401724448927278,2.367168082647803,0.00045106212874331756,0.00011450038652714985,0.0004632805421911408,0.0,0.0
1021001107,2011-12,Central,1.5995372728922475,3.71198057142201,1.7399311189707323,2.1496228740086134,0.42394832501411917,2.9669647694097874,1.746654523256525,2.1650714647526077,1.7367875443948306,2.119479752528232,0.6916004036411153,4.249603881894446,3.8092862015906146,2.9310743743626517,1.2859527377231377,0.0002423884669274577,5.5208864218087146e-05,0.00020146909837044375,0.0,0.0
1021001109,2011-12,Central,1.8740610425338098,4.109217945646907,2.0766142499063567,2.4834740851968435,0.5297629013593459,3.9425659992562183,2.036988692843214,2.6264325601510907,1.993044247828018,2.5761405185360293,0.8127433865374597,4.593749333986541,4.876618853331856,3.347148906421125,1.5177946909595568,0.00014973927536205534,4.153271321062925e-05,0.00014827167798735802,0.0,0.0
102100110901,2011-12,Central,1.2667715678071314,2.426990799782077,1.3837693472484023,1.5735321261874022,0.38350194411337085,2.977355719093012,1.6032978139586755,1.674950572955072,1.2975484010095342,1.6981977862205362,0.5911832361870913,2.844088624180291,2.987935731501342,1.9562800019443962,1.0067652997012437,9.887091025229846e-05,2.927854697148709e-05,0.00011639318534832575,0.0,0.0
102100110904,2011-12,Central,1.7787220546533389,4.193526351987163,1.8813629885985412,2.3857269129076015,0.4994599654786818,2.9283752809146395,2.1673427758914507,2.4556057891164937,1.9765371078572358,2.3742160522429776,0.8643243043126059,4.938027278813519,4.761353729175467,4.292019876965433,1.5401857353696475,0.00019072953906869221,4.087061551471976e-05,0.00016726875327430953,0.0,0.0
1021001110,2011-12,Central,4.9727147652731345,8.442752219363525,5.034803918548298,4.584945134392909,1.2736957802916415,8.41605558285325,6.304183709138121,5.616341796974245,4.559694871538973,5.009311646947019,2.272032692790091,9.896051407608132,7.496334975732417,5.9975208411129675,3.749976911363768,0.0005990511011715045,0.00020538894897308726,0.0006022916718066695,0.0,0.0
1021001205,2011-12,Central,0.6777910946524733,1.3360674008013103,0.751396848887893,0.8416681797361041,0.1936454780161812,1.552699127678997,0.6694178239534598,0.8602102154885543,0.6589541732958196,0.8966658196506858,0.45585588182188075,1.3811149205542368,1.5997836538804198,1.187785890464515,0.5453325742511053,2.525310114920993e-05,6.288899707042626e-06,3.286077180486778e-05,0.0,0.0
1021001206,2011-12,Central,1.3580087281785633,2.7600689264830587,1.507961573306362,1.758127875763406,0.38797802402402454,2.8441021458357847,1.795564116833382,1.703656061997991,1.4341506147360683,1.8201053071113789,0.707252982562546,3.130137730988899,3.2150191257035576,2.5432929702348965,1.0945376859893325,0.00012999415985977405,3.373657958265564e-05,0.00013455976927567875,0.0,0.0
1021001208,2011-12,Central,2.5979710681055104,5.269213867766194,2.680426794009722,3.0393528702644166,0.7668714442731914,5.257996639437027,3.854226300394509,3.4514772026977822,2.7235919412637393,3.1400384092568814,1.1402870108578425,6.506489310223625,5.506524222757122,3.8990956847334775,2.005118785751191,0.0002532163352973706,7.023170054474241e-05,0.00027074909550300127,0.0,0.0
1021001210,2011-12,Central,3.0164382158285616,6.757400176936396,3.3741338412940616,3.9969846858968725,0.8088198244537635,5.330565108303604,3.5778547163030225,4.260907398490858,3.268470872821256,4.08639921550958,1.3087513020859047,7.356987889287551,7.819346315417993,7.110319674450029,2.6429681102254965,0.00018532055143118941,4.268747345620149e-05,0.00016077033947560458,0.0,0.0
1021001211,2011-12,Central,2.1369968256882825,4.429947414296045,2.1890053375040845,2.752733468192801,0.656562136639496,4.372937699452391,3.2129386437708356,2.7778342361464587,2.310390414702467,2.7030681612695484,1.0281763762738487,5.80469729640972,5.054458289183232,3.630890146457315,1.597274734838193,0.0003131509054108037,7.949215291197326e-05,0.0003327227123794419,0.0,0.0
1021001301,2011-12,Central,3.9036243007846014,8.360837842655855,4.1619595894116115,4.878129716746484,1.1243749774031133,7.543945371767006,5.475308327181296,5.604719070525926,4.209316362555639,4.912100819934408,1.348887551783862,10.32336459478456,8.589048193464585,5.6674459385004825,3.0006352155055227,0.0005012783206854044,0.00014195683478030634,0.00047258107306538547,0.0,0.0
1021001304,2011-12,Central,1.290582470469262,2.583446990125132,1.391329889380558,1.467555698446026,0.3227776546023801,2.5533820116655903,1.06242979240904,1.6117066759488823,1.2764645540121928,1.6457518668448547,0.5904099314573552,2.7800374155533794,2.965619119887434,2.485657844219754,1.062219100716181,9.179667398693706e-05,2.3017065444949454e-05,9.120620037364908e-05,0.0,0.0
1021001306,2011-12,Central,2.961852102853237,6.029212590891421,3.0170065591460746,3.409118626369077,0.7252849119144584,5.470707915115783,2.9071495275802324,3.7493165010736096,3.0327771317662493,3.5292587672493276,1.1519288269250905,6.864661490828574,6.16393070286003,5.198927165317441,2.2615764374191705,0.0003140845466704929,6.920978063801127e-05,0.000278399188599152,0.0,0.0
1021001308,2011-12,Central,1.9931860699175221,4.445835209905723,2.1515527097363814,2.4468364042539035,0.4668749930259741,3.43575182521626,2.035849320657786,2.4994211672853837,2.091274185390094,2.5925135557905543,0.9501448891231374,4.622684931434451,4.658937034595367,4.295304693452625,1.6217206385828995,0.00018937274533734283,3.947940284151384e-05,0.00015396143810340442,0.0,0.0
1021001309,2011-12,Central,2.649132694883712,5.442154495236935,2.7902131946511917,3.092253479780513,0.6444207177150609,5.005444002221104,2.4894026056605774,3.2548359009644097,3.0269570724825203,3.3233349645478825,1.3625124039214882,6.206736700828613,5.924648976719139,5.074280098764393,1.9716994454814725,0.00038951340811048174,7.011241345988671e-05,0.00037227854668757035,0.0,0.0
1021001402,2011-12,Central,4.380287653265744,8.082696281926397,4.730943760137968,4.700075706082489,1.0981478247377818,8.968181631737613,3.322040918092715,5.397056953837076,4.902844355349768,5.514933082032386,2.0241229285618476,8.899545922182044,9.654441769999265,7.844260128066491,3.2166237047424966,0.0004846436758626492,0.00010468303398633222,0.0005293233744079864,0.0,0.0
102100140202,2011-12,Central,1.8442359489996614,3.6644787847174927,1.9083258989341558,2.3696566916864503,0.5660868382172439,4.077547007894313,2.607943798135317,2.3516068474093466,1.9485468347240056,2.372447082442394,0.8463428895287369,4.708450752619923,4.360550869634301,3.2151616799158456,1.3866926952799803,0.00024493841558980844,6.142596203463165e-05,0.00027786923666933927,0.0,0.0
102100140204,2011-12,Central,2.920591186672438,6.07962819000513,3.064273141854678,3.4603531535760057,0.7334791596816648,5.246661839543255,3.4957749294571343,3.7408346757274833,2.998669080712678,3.5657613440371443,1.2634694423085844,6.850120859781031,6.146547129403621,4.925198124099175,2.3454084420898575,0.00041024248865954296,8.82693879287951e-05,0.0003643638391619036,0.0,0.0
1021001403,2011-12,Central,2.080433281752369,4.794931347881028,2.203010665437474,2.465846748480473,0.49927776358325804,3.067676937426154,2.2697685156886003,2.7079588770021368,2.2432706821199493,2.5449218054826432,1.0245530167390526,5.164555556229629,4.666590971910933,4.644986821710396,1.8426536203636348,0.00022621787164390413,4.2563641354602163e-05,0.00017530912575573326,0.0,0.0
1021001405,2011-12,Central,2.9317937529396847,6.826235483564919,3.08359583427786,3.667047924628732,0.6717088359244989,4.9131055714395435,3.098219987626148,3.872492567214534,3.1674622932156464,3.7057546804595844,1.2452874553875493,7.343594272667403,6.764943272813292,6.125605498315083,2.3254094389575646,0.00028829749114744126,5.457059653862281e-05,0.00021808998247887438,0.0,0.0
1021001406,2011-12,Central,1.778499888847322,3.9330785560175165,1.9756678130987422,2.2107708958006094,0.4817690926388641,3.7016478726394855,1.7029633817245566,2.4995917592891113,1.8571402130869423,2.279047346211168,0.8416577273822713,4.378015310390017,4.104406436367361,2.8897749023534884,1.4939021135653965,0.00017600419322482525,4.5363309863674005e-05,0.00016479873269467435,0.0,0.0
1021001407,2011-12,Central,1.4305360043759672,2.8061571283836804,1.636508428624035,1.9750497165791958,0.44176927490514784,3.267349453501901,2.0602992979262407,1.8232911389388682,1.4981686306438038,1.9858360841377314,0.7248118117383329,3.219460053019964,3.5464482718670167,2.734026336517204,1.147683316489285,0.00012351348782033855,3.585099289330606e-05,0.00013460507622026688,0.0,0.0
1021001408,2011-12,Central,1.8178043475700543,3.881448415422858,1.946161529992425,2.4298367745626046,0.5345966075042617,3.83263243349271,2.097531738470568,2.446329098944603,1.9230824131020496,2.407906211132582,0.7967007701719984,4.605739128766356,4.529153041253397,3.5551099382238376,1.4271720517399913,0.00015513153766979422,3.9923557488549984e-05,0.0001560900317047699,0.0,0.0
1021001501,2011-12,Central,1.2563019583429493,2.497589458009304,1.290289596785489,1.5940073112985704,0.41378342200056634,2.766359118208198,1.9814001037346585,1.609270425097874,1.3167680483162605,1.5986462427997346,0.5812858145934036,3.342993915815605,3.0151580008769603,2.0340463955104497,0.9283648491935869,0.00016638045822575721,5.085591364636352e-05,0.00019802597697250355,0.0,0.0
1021001504,2011-12,Central,1.0815231203955507,1.9417074896270452,1.2497155275797525,1.4125010680582106,0.3176562002198939,2.533658515372959,1.4676638006538307,1.269726967992737,1.1483202970830617,1.4191261383614653,0.5479430390017848,2.250652500558241,2.3831783222923737,1.8145377108153182,0.8137505140850808,0.00019368122364206512,5.1958712880900164e-05,0.00020643642064715288,0.0,0.0
102100150406,2011-12,Central,2.147920741858908,4.830993456782514,2.241517506346858,2.852117544796677,0.6254377260242079,3.797880457068079,2.8315159941619474,2.912354875051034,2.3640664010053554,2.7998723331657724,1.0234987457390312,5.947195411434614,5.446164553579632,4.448742250230694,1.7506998774112292,0.00027063185850849977,6.232393422083709e-05,0.000250850923599034,0.0,0.0
1021001505,2011-12,Central,1.0606472498467758,2.413597118275506,0.9502788256947877,1.0867485007285218,0.2623100297795232,1.7795810243483599,1.1887449211951424,1.5101929176580842,1.1576934289674556,1.1554037258390162,0.43202328771835263,3.022273340904111,2.1953794552366763,1.3053379041884192,0.8013907325572316,6.0487317962109664e-05,1.5188622023612784e-05,6.691510902171787e-05,0.0,0.0
1021001507,2011-12,Central,1.5944393196569022,3.3262787377280065,1.7359529062634433,2.020541221445207,0.4155117126302459,3.2368503439037886,1.6006101881602341,2.090847057073426,1.650194612980788,2.1231607553847303,0.6790742485257202,3.6927106714670255,4.172974449541437,3.6279604976030577,1.239034433870139,9.304591795084613e-05,2.2147728759845726e-05,9.469437132217406e-05,0.0,0.0
1021001512,2011-12,Central,2.1766670444273832,5.53369780722746,2.1723426980718745,2.9430676603044117,0.5198912644983028,3.6989933779806328,2.8509479970417684,2.9484376683687468,2.6899989639191637,2.7131110262026894,1.107910295953588,6.565991037396327,5.049067980593146,4.553659391328318,1.6838459076342855,0.0003626845497483184,5.2226575163757846e-05,0.0002782236371127787,0.0,0.0
1021001701,2011-12,Central,2.447299336076131,5.286656125253434,2.662109535738816,3.0268883738615027,0.6432761571867062,4.490007653546787,2.5860890752321977,3.282487665069254,2.465362934310954,3.09680592226161,1.0663066343637775,5.734707887384732,5.4837089055654085,4.21954103810884,2.0682883060173842,0.0003161866327790377,7.997226309165356e-05,0.00026742472153684513,0.0,0.0
1021001704,2011-12,Central,1.6463352655233052,3.7070466082835307,1.820077062884209,1.9923498743622277,0.4325658226066833,3.1320622409653747,1.445809728910099,2.214770477166123,1.7405783920986027,2.1405769556840575,0.8293569971629803,3.892100643121888,3.7847508022891683,2.8307373999467615,1.4511064452719136,0.00016777899582370832,4.087423332132105e-05,0.00014680011077820303,0.0,0.0
1021001705,2011-12,Central,2.618676071508638,5.745579606081229,3.0278163151849733,3.8056666745897494,0.7438661585179432,5.3158467488377195,3.362631352292388,3.6338878108771895,2.8138025570713547,3.7490273149311273,1.1859034739726404,6.189388863639641,6.802952575426906,5.176909164366155,2.2350131066439016,0.00023174684008903806,6.142977569927724e-05,0.00020312692718869743,0.0,0.0
1021001706,2011-12,Central,2.313870423633293,7.004208071792948,2.5203691923596185,3.486411105435794,0.608042529381543,3.397507256314485,2.5913765436168723,3.481430054498175,2.8320509745963416,3.352650168754858,1.4222639130739183,6.888362068802794,6.6251169749506795,7.354644782774672,2.3757601939119803,0.0003532014524069318,4.8829693881142644e-05,0.00021904029516962945,0.0,0.0
1021001709,2011-12,Central,2.7599052543503526,7.940810675168424,2.9832039778907804,4.2444659574999255,0.689675413669251,4.702688181004348,3.025168185060252,4.120225070193089,3.5250086528783147,4.045075541105766,1.370264247705282,8.411606491568119,7.78009913148365,6.820787757245614,2.425246254269981,0.00029394614470889516,4.661146008955337e-05,0.00019893682378858016,0.0,0.0
1021001710,2011-12,Central,2.699123560063556,4.599780477631673,3.085866938948181,3.054128929529111,0.7595189223129559,6.0275409864136895,2.556278972623114,3.1220804435402547,2.8071758178427832,3.4248888861791937,1.185571608596393,5.250334001582554,5.576970391417161,4.6151390445290845,1.9218671261464948,0.00042079444535520096,0.00011243101586834275,0.0004738258825857206,0.0,0.0
102100171003,2011-12,Central,1.87652698769582,3.7201433641086976,1.9826756178387364,2.0414436580522484,0.4903812184752241,3.632695319301699,1.546983698074338,2.317104255224444,1.840327726285021,2.2489956466849264,0.8323608804338131,4.0121550105614,3.9483094473375124,3.2669830489291383,1.5068199742259765,0.0001324254439077466,3.431022864882526e-05,0.00013201323182269914,0.0,0.0
1021001713,2011-12,Central,4.314647904068879,8.299391481972977,4.472003381526273,4.4325939570765,1.0751453949500012,8.251721754712449,3.388452028200738,5.484730856043324,4.308397885016284,4.835838449639906,1.6151994595139811,9.24741102062873,8.453003300625145,6.828795401806803,3.2670066611168553,0.0003798546343586951,9.661520047818983e-05,0.00036142963555419133,0.0,0.0
1021001804,2011-12,Central,4.059398457424676,10.72231442267002,4.365843545748737,5.468216385549107,0.9890939704411683,6.718458212893577,4.495981929451991,6.065714975390777,4.699162372769966,5.492588484123343,1.7753457960292618,11.043109139808472,10.074294070357498,8.279079498571514,3.5830272501709506,0.00036354553017046916,6.670202323943156e-05,0.0002552124894172894,0.0,0.0
1021001809,2011-12,Central,2.2574766697223714,4.72297070291697,2.369049218514059,2.713406795634633,0.6163524021674024,4.332808611393491,2.8551199412449995,2.9668438606656466,2.3413405104748346,2.8283518319089884,0.9707679480132931,5.5472707097224365,5.110858562268734,3.8921535897876476,1.7604316244304372,0.00020200922696183904,5.3388152839914605e-05,0.00019855323385476484,0.0,0.0
1021001810,2011-12,Central,3.1231693637481373,6.491311795783572,3.2564236924813965,3.684535612721696,0.7963279947915771,6.091601933893331,3.3193967463567553,4.1228418986018935,3.331068971562017,3.7626557997078938,1.2891699065333477,7.617325595987412,6.511888736232091,5.012270039829954,2.442611336891547,0.00042636392463176885,9.437958720004202e-05,0.0003900953224570677,0.0,0.0
1021001902,2011-12,Central,2.6150100665984755,6.479092716029714,2.8336615010186965,3.306598067556799,0.621297652730869,4.0546920733578435,2.7396751180743903,3.615248678911335,2.8220211672368616,3.4232794148944565,1.2304079394844658,6.546795566770754,6.36530386379954,6.09210688863189,2.3642718774343994,0.00025097672960953954,4.747705196619627e-05,0.00018089974170608622,0.0,0.0
1021001907,2011-12,Central,2.048283879331952,4.21965315628457,2.1525534455321598,2.393250553846279,0.5464583049444895,4.178942482952355,1.937536624668527,2.7173268586891317,2.06843611632702,2.569601892883836,0.8863375951920784,4.585242838882093,4.464169743045405,3.2470768419792733,1.6724753249119015,0.00014032763021345077,3.563740669854384e-05,0.00013798608373757454,0.0,0.0
1021001908,2011-12,Central,0.6750826725455353,1.7275108108055794,0.7404290801995974,0.9677801820162122,0.1680574008451265,1.247995889416298,0.6929637906964856,0.9109561189815658,0.7877868284908186,0.9207843967187807,0.3886562000019236,1.9088821731736125,1.6697760052186963,1.1499734106145016,0.5711213739064918,0.00010686952875344783,2.068190734152654e-05,8.682088651933518e-05,0.0,0.0
1021001910,2011-12,Central,3.1280016858635835,6.259592168672667,3.458251277198206,4.201230355758993,0.9981260354963862,7.150014407688244,4.00074654543226,4.360649811416212,3.316297194323209,4.3065939614659365,1.2185580911450695,7.626666233430314,8.19684326338606,5.700049188130089,2.4172461676287793,0.0003095505462019239,0.000104322554207012,0.00033647925872174324,0.0,0.0
1021001915,2011-12,Central,2.767396438326968,6.279921162983567,2.8793217165253595,3.6838157980486423,0.8019720431855126,4.833582129131771,3.6389896516889477,3.826462626063824,3.047238551017976,3.589727809055159,1.261062064304148,7.731609057638634,7.0005843116959925,5.726818289285648,2.2546026604943776,0.00034173134555203735,7.869746754414139e-05,0.0003085433847741762,0.0,0.0
1021002003,2011-12,Central,1.8006358383678276,3.9134057554673247,1.806360408268155,2.1112674758778027,0.4998115816151471,3.4899711293478255,2.0596902888294943,2.474973552330183,1.9049163263955857,2.185558492835169,0.7329955045991811,4.756792667366528,4.011494015535681,2.700975287897015,1.392031332819542,0.00015395053543760035,4.1606459361799746e-05,0.00015641441094707607,0.0,0.0
1021002007,2011-12,Central,1.7951188346737845,3.9382326265128187,1.9242473117234722,2.2557541699338928,0.45044068363947753,3.23366959785658,2.0285741697312365,2.289537261655391,1.9162197595595325,2.3377776847279637,0.8680889769514701,4.295110625143537,4.062750303906134,3.2220125159528052,1.5013312705147284,0.0002678648761258476,5.698567677196517e-05,0.00022690049274993543,0.0,0.0
1021002010,2011-12,Central,1.7668579988613708,3.8701268773086506,2.0212219791304666,2.3754845618003086,0.5121276194553877,3.6306022214483344,1.7304282469389252,2.3490221613243,1.9478733300915627,2.3906370175019163,0.8454280883704474,4.394238492207869,4.096652224443852,3.251150543908064,1.4694001929448657,0.0002732663136719057,6.670912951402403e-05,0.00024148992579130698,0.0,0.0
1021002011,2011-12,Central,1.5557350146091071,3.048070873096277,1.969699683152031,2.3566297416626867,0.4733662633231225,3.7930137576477376,1.906650139733323,2.0759891216261224,1.6288072261945246,2.3458212224217116,0.8879365407524819,3.1285366348399823,4.065551698682081,2.6953168047875704,1.3427689908773897,0.00012027929847496323,3.5941246355808705e-05,0.0001236552991003989,0.0,0.0
1021002013,2011-12,Central,1.6186916126266737,3.4054054594951673,1.7110790453115787,2.112751728114591,0.4585053837024272,3.406540565446888,1.8489268564416792,2.1722975732236556,1.6347652292753192,2.1424254820602564,0.650056730588905,4.043526903649144,4.124677547292057,3.264591520357581,1.2352118258243645,0.00011258382986044432,3.0826524842740705e-05,0.00011669530845932588,0.0,0.0
1021002103,2011-12,Central,1.2709516025241037,2.86460347924542,1.4049381105211518,1.5716815733469058,0.30104542738993256,2.2625666753276725,1.119053993449757,1.5892062167163938,1.2962638200254921,1.7028822465413638,0.6280599026455247,2.824834865328824,3.1008571750844633,2.67510284237007,1.0823885644851692,0.00010636583464707598,2.3361259778777532e-05,9.017692106848498e-05,0.0,0.0
1021002105,2011-12,Central,1.5055914215063178,3.8283966207261053,1.6157670063170906,2.1282571266769876,0.37309861066906924,2.5992875799082804,1.7857397789749843,2.0554870706099453,1.7555116898645338,1.990614775277438,0.7056264416483614,4.330592774555375,3.62448249098614,3.052767355324115,1.2057467351485618,0.00024223206875784308,4.234020702426032e-05,0.00018127738749521686,0.0,0.0
1021002106,2011-12,Central,2.3753077150099804,5.006229434294194,2.5845672661726296,3.053537388173345,0.655712012144551,4.474626523363908,3.2180666002873424,3.1141874087852996,2.487802186859617,3.0289604450066148,1.1049357490207306,5.752341127507277,5.30229975670403,4.113088768370251,1.9432870374493607,0.00034569626928043236,8.670195821181263e-05,0.00030834240191840684,0.0,0.0
1021002107,2011-12,Central,4.2324084269850415,8.951409207231727,4.456478950882307,4.841525184861391,1.079433484013842,7.616348796038686,3.87686931293049,5.616827992504702,4.34792012407888,5.116501916697303,1.7112456776322458,9.726680771675381,8.97640567110634,7.512012943398213,3.4321769767821535,0.00033885445320066166,8.148642803158768e-05,0.00028998202148011786,0.0,0.0
1021002201,2011-12,Central,2.248994119523433,6.386211557199712,2.417099738486241,3.345436878052121,0.569140622720113,3.62790232519462,2.5381476632514035,3.2945974650627528,2.8577437258255576,3.218822140789566,1.2470816067900106,6.8234476630375775,6.274112439910087,6.1279263624164635,2.055661725487392,0.0002973194433851086,4.44690207953161e-05,0.0002030835159029112,0.0,0.0
1021002203,2011-12,Central,1.8644589098016702,4.720729553113088,2.0186727817608583,2.3268143102291954,0.44933076570696984,3.0847298687533207,1.8685853356185314,2.6911798817498984,2.0478357066855852,2.392325372150676,0.9155889944093096,4.9714829915019605,4.448733183064995,3.5784704271983423,1.688702304632355,0.00022046546436132382,4.2276758080651584e-05,0.0001667377875667312,0.0,0.0
1021002205,2011-12,Central,1.767338161001256,3.9119569490996224,1.8820065236307115,2.2166357835337682,0.40065401288062336,3.146176669448901,1.6806698840473941,2.1572476628305406,2.0125165469040085,2.2709453394536516,0.866347181216956,4.299081649736689,4.218222509904587,3.9099433220914834,1.3331553192709356,0.0002651434220496903,4.538631518615286e-05,0.0002187407530724785,0.0,0.0
1021002207,2011-12,Central,3.4436830896508637,7.508795418219602,3.6228941016774105,4.151895211079192,0.9150985599793409,6.453191514146638,3.462216467420952,4.776497460534514,3.584633706287333,4.374529346538578,1.3106967692993423,8.442485733724984,7.964914413574823,5.998973307995663,2.7813450709769767,0.00024966776646409935,6.715201994551636e-05,0.00022444313533514064,0.0,0.0
1021002208,2011-12,Central,1.447963750788609,2.944025569156223,1.5315159467929338,1.7067664132631404,0.3701922443118699,2.682025155621494,1.7409352121947896,1.7489086417099715,1.4794430291962788,1.7824676163806545,0.7236910790461931,3.3117131215662154,3.0578919516261127,2.4563172719221975,1.1593001643565026,0.00021503028607963408,4.6266762373691765e-05,0.00020370021436023038,0.0,0.0
1021002210,2011-12,Central,1.0873334890248934,2.6611575557212737,1.2480933848866445,1.5381374013806426,0.26739154350564737,2.0451595180358644,0.9989090929321359,1.3938573606529279,1.3098535995278069,1.6527293406334573,0.6382116086575449,2.6192388992757087,3.1036669496640994,2.6914466868744236,0.939116927188224,0.00012174862509381925,2.25995885330402e-05,0.00010197714648446413,0.0,0.0
1021002301,2011-12,Central,1.830330647075006,4.0634034036710105,1.9464071648682897,2.172549385892847,0.42178361022346794,2.8672276393778455,1.8810168059885093,2.266098412638625,1.9161437555981562,2.2676991839627063,0.8786419543717472,4.335876627394326,4.105878785668946,3.9737391228706045,1.518200336994588,0.00021259300381641237,4.218984869552514e-05,0.00016608058929270638,0.0,0.0
1021002307,2011-12,Central,4.725207307582035,7.883402593085535,4.85847641998618,4.268478530206169,1.1515049806708795,8.145222713327131,5.948214655124695,5.3629778970069095,4.2417248653353115,4.733863734604695,1.8485748755835534,9.036258072006115,7.130102454400475,5.491929626972295,3.5166676135219186,0.0004883614802000618,0.00016743822178287834,0.0004841403586372364,0.0,0.0
1021002308,2011-12,Central,2.1515897691263643,4.96472580827325,2.277898848795441,2.5515420721630253,0.5159235162272955,3.167894428778494,2.346802679458189,2.8079176460202118,2.320325919973695,2.6307075180113797,1.0530415872378027,5.347200173494517,4.825058511981718,4.803130845310303,1.9057807730095127,0.00023338198918894268,4.391159378467911e-05,0.0001799937049777516,0.0,0.0
1021002309,2011-12,Central,2.1617112407065955,5.39572913598198,2.238803172088151,2.960299849169604,0.549804002368596,3.9726840858505543,2.9679355254860185,2.9356598900628237,2.6475699645402857,2.8687880014178484,1.26104164062125,6.251148179003522,5.284498486451114,4.759770600534516,1.744969015746261,0.0003385570404476563,4.8752213824462514e-05,0.00027724761679474884,0.0,0.0
1021002312,2011-12,Central,1.0885897383472543,2.120802999143466,1.1943727814249978,1.2694613615708918,0.3025195045737837,2.424088079695858,1.0234063913333884,1.342130098123941,1.115671153784157,1.3703248625942774,0.5714533459527699,2.429613296097875,2.3554861521844934,1.7523477411329342,0.8809861494907949,0.00014632141315354117,3.793223590991257e-05,0.00015326205838169234,0.0,0.0
1021002405,2011-12,Central,2.0089867878935563,4.31520069519684,2.148455752325314,2.569799432611867,0.5068018785172179,4.015787074004511,2.1142757618435297,2.559652908308219,2.257503960718197,2.654620000910324,0.9550434568370852,4.804893637755237,4.911918657314886,4.229230241511419,1.5542315732426368,0.00020803122599300194,3.9147694345955816e-05,0.0001961547039913952,0.0,0.0
1021002407,2011-12,Central,1.5888557778779624,3.3135006594290384,1.7271424521421255,1.9158804794895674,0.3934734903657838,3.045910347912578,1.5451493429452785,2.000409049139933,1.5990416537191459,2.039723683438831,0.7415780847601241,3.579066195414626,3.6030061411819547,2.9088410263787856,1.3034112191930982,0.00020469582047739573,4.706740316532711e-05,0.00018093166528223366,0.0,0.0
1021002501,2011-12,Central,1.5274095074820173,3.261041348240996,1.735271637404499,2.1722398155864746,0.45839801612982845,3.3226295830087693,1.9538862415575826,2.0663188357926763,1.7099027108627871,2.105643792136968,0.7153108032680507,3.917163357539319,3.6665880866619704,2.636261866003587,1.227684425992055,0.00024861795819291544,6.31279936013939e-05,0.0002390859016535965,0.0,0.0
1021002502,2011-12,Central,1.252579691166864,2.439737412735867,1.3153393259072053,1.359567757900934,0.32342371600219544,2.7656336316474643,1.2056261408365068,1.666831984926202,1.2064311586675287,1.5703319509734084,0.6125047205336912,2.623760818678596,2.6490781681827174,1.5667767863958655,0.9544628141202993,7.772394511871101e-05,2.223675369506226e-05,8.452735419510177e-05,0.0,0.0
1021002508,2011-12,Central,1.270786347441319,2.552177376435869,1.38399101030823,1.6024450652461453,0.3972376087558817,2.723774277024781,1.5484555993397937,1.6066980769652046,1.341826271884429,1.6229216239351272,0.5906306598435527,3.132439198090669,2.79629055691533,2.1350600584439903,0.9761742981873741,0.00018407171459118536,4.9219175858077826e-05,0.0001931589399119501,0.0,0.0
1021002509,2011-12,Central,1.1447440769215294,2.0955003460197683,1.2775593375485579,1.3846705337675722,0.35671013788623346,2.4221419683433707,1.1859958989186834,1.302783428424254,1.1503566383688324,1.4323424074549187,0.580583186421052,2.506588161895878,2.2868027933412334,1.907747031419235,0.8666906686344764,0.00021179344208950346,5.8742709409730207e-05,0.00022244075129838634,0.0,0.0
1021002603,2011-12,Central,2.8267515819364144,6.271393336623218,3.1124468032064763,3.2674373283461566,0.7509891158633324,5.597345688234626,2.350667225899279,4.0336359858793305,2.9015799696974045,3.5403185649505438,1.2358060892159992,6.758578024222542,6.297556816365504,4.547715264063579,2.478012631760383,0.00026482008411860225,6.958133030610725e-05,0.00023476367143958178,0.0,0.0
1021002605,2011-12,Central,1.4804534281282855,2.733103912279031,1.6684111236271038,1.8133729974775428,0.4828286896833545,3.424637664012395,1.9436155666018613,1.87059262707525,1.4789344183149769,1.8944489302731975,0.654154438021564,3.2719548672925685,3.218277101809038,2.317378303366091,1.1408266851008793,0.00016555422291563714,5.541709777597117e-05,0.00018714945359120762,0.0,0.0
1021002606,2011-12,Central,2.6164579229073204,6.474203753447052,2.78620918133089,3.2905672679500717,0.6610589205796009,4.570256866924786,2.7819215886286432,3.9418438644918243,2.9085347062925986,3.3812181022102514,1.098664892401574,7.301563923816402,6.391075337882671,4.549293279200934,2.259475919615312,0.00024459369308666156,5.5460197851045356e-05,0.0002010252799365235,0.0,0.0
102100260606,2011-12,Central,3.5503085361439286,8.117676383580454,3.6876530254143476,4.7348087149204,1.0243625608166793,6.130236507022822,4.658998753392389,5.0016133734262205,3.91084920691392,4.585886016273584,1.5488368870465874,9.983776080487674,8.95823881243823,7.327404487226786,2.891605654795546,0.0004284141127637378,9.865968157007241e-05,0.00037823335629332043,0.0,0.0
1021002610,2011-12,Central,1.894384264435544,3.983623282267295,2.0805280844950422,2.180708254203385,0.5072966814646062,3.911994774164859,1.4350721884140012,2.4960699205909584,1.946574781729656,2.401623884622424,0.8994788904178879,4.175220281218024,4.381198079546881,3.474385907290555,1.5780484246382322,0.0001616517948015814,3.9055201412042146e-05,0.00015630299438710926,0.0,0.0
1021002611,2011-12,Central,3.2393120785516203,6.197419863151577,3.5254768813778536,3.9871366689306176,1.0276174733564187,6.826641011452681,3.734722909547475,4.18800418393596,3.253530305975674,4.020448878169235,1.2231373301841135,7.735555227355962,6.837535421431845,5.364918339590706,2.4291922004362294,0.0005058975936697087,0.00015856491741886392,0.0005200075738070152,0.0,0.0
1021002702,2011-12,Central,2.554082310745288,5.909957936804181,2.764321340753351,3.208996748613301,0.6686294328389708,4.652893841803714,2.3994586199903387,3.4760219680997158,2.855394646729831,3.3899873313893565,1.2040468128804773,6.284174784461872,5.946490689060032,4.632536262718737,2.228429295609204,0.00024542511984533175,5.7489993826783196e-05,0.00020153352331177637,0.0,0.0
1021002703,2011-12,Central,1.571109055059411,3.727424227035952,1.7920156500480533,2.172220691906847,0.4196479174204161,2.8369489848153497,1.6470458288164267,2.1038328285222083,1.7129617026008706,2.16418895939536,0.7761774210092444,3.949112962736588,3.743481414618392,2.9769106303298885,1.3636402740051365,0.00029069674901721117,6.188234365826911e-05,0.0002239251271072895,0.0,0.0
1021002711,2011-12,Central,1.7249281291123912,4.303561278317328,1.7937243098269977,2.4185290198498226,0.44145692911421064,3.082269788605803,2.0462020083325902,2.3838849630520644,2.0204924751941515,2.3173096699682194,0.7998801966050252,5.040807947038775,4.442520589953637,3.561693822415008,1.3800964604297326,0.00021194248044129234,4.083295494740495e-05,0.0001732361152884455,0.0,0.0
1021002801,2011-12,Central,1.3267743251440618,2.6958582604651564,1.4862851493189861,1.5695627444936715,0.31260710248218904,2.608934129607768,1.0984714060908967,1.6252444529042547,1.3091109180204055,1.780241424948593,0.6037311959464016,2.6305421377789595,3.352221245140046,2.706150765198402,1.050363328662667,0.00013018170649239046,3.153886703681624e-05,0.0001199158025402795,0.0,0.0
1021002802,2011-12,Central,2.5042419325945313,5.54930707657866,2.6736583784626387,3.1485611479481284,0.6223907957755344,4.449471372323209,2.8245447004665865,3.283987527085917,2.67955343778997,3.250489494592409,1.1288606252563254,6.050877383666369,5.656820287025646,4.475824156991534,2.098425963713148,0.0003635132599415133,7.733395073274982e-05,0.00029901459185610276,0.0,0.0
1021002805,2011-12,Central,1.9694210654939142,3.923717307650355,1.84375809371299,2.0510363686017126,0.5142936899281585,3.8344625037275755,2.344532350466014,2.6789068424512306,1.9548347481630488,2.263251116686849,0.695526749223661,4.784218184159802,3.899092080476057,2.3553772505312423,1.4696846828928831,0.0001828129378558523,5.109678387275375e-05,0.000192381088981575,0.0,0.0
1021002810,2011-12,Central,1.618120254344165,3.9291805791397065,1.810773017244105,2.421996453308222,0.46922926194492753,3.2321144691311527,2.0920308732292083,2.319347020635303,1.8288827677471273,2.36378243677205,0.8011058438802625,4.3917758236850455,4.535417803057721,3.3898621804712112,1.379919194699387,0.00013688708787205778,3.141252203034161e-05,0.00012528285530019205,0.0,0.0
1021002901,2011-12,Central,1.687273331231956,3.5711419720294204,1.8723096379206203,2.313239153023337,0.5323058350148011,3.611317020306935,1.997720459487994,2.324004847712019,1.808672721023929,2.3104376878576294,0.7867887831161624,4.3339117469722535,4.4018824717084275,3.4136044948644715,1.396059462255021,0.00018545449844496772,5.2934846997087245e-05,0.00018810899626562323,0.0,0.0
1021002903,2011-12,Central,2.2118998058731325,4.934603751718118,2.33906400358822,2.924730806868183,0.6155448227207544,4.034100592196737,2.7391103914060655,3.0382235120807652,2.355663795655819,2.946157666183314,0.973562635304658,5.782487491352203,5.638074213826378,4.6058853938616435,1.8489174956209744,0.0002654000704359918,5.942513713038894e-05,0.00024292259197365672,0.0,0.0
1021002905,2011-12,Central,1.744385860072202,3.899920337274448,1.878876802976095,2.2520269141971982,0.4266616657722068,3.321450050286212,1.8034408937299045,2.243819486636882,1.9265007397858238,2.3297879455246147,0.8474980400448217,4.166710716491037,4.334603302443761,3.704732726621554,1.3954597720555002,0.00019706802812772194,3.6206290402660326e-05,0.00017403687462698108,0.0,0.0
1021002906,2011-12,Central,1.1062679551558647,2.4686165012428782,1.204607899482048,1.3667765047819644,0.2948447110320432,2.2697757474247724,1.0998510954968157,1.5828130633192194,1.1560235715793463,1.4636171151880804,0.49263807591273,2.877053918592046,2.886702622202895,2.0004008993181883,0.8880744067264779,0.00011155388938254636,3.123358560542319e-05,0.00011192476528481189,0.0,0.0
1021002910,2011-12,Central,1.6342230054704392,4.1159478930144635,1.8124912681042495,2.1580559913413273,0.3756459076664923,2.641141290732975,1.5756703256699205,2.1915187147571116,1.7662484011686035,2.2795104136654802,0.8029002000606037,4.0002177872742095,4.346627167506637,4.178301550726368,1.4728640081308793,0.00013928732351697694,2.6534713232925242e-05,0.00010241307590793946,0.0,0.0
1021003103,2011-12,Central,2.04552894750107,4.7512059261103525,2.1517448717308354,2.776923077169549,0.5945571532359331,3.9584360850229836,3.0499366385284543,2.8687170725772178,2.407158926750445,2.6097376731621518,0.9201245989364554,5.983971063236791,4.664085436608225,3.4923387580638967,1.5770048415503553,0.00031128257766312964,6.56611687258164e-05,0.0002872607325292097,0.0,0.0
1021003109,2011-12,Central,1.7970178815234166,3.566775431632471,1.954306482732854,2.2560108837276203,0.507708317588998,3.701645709920631,2.2488823080395006,2.2336730214190244,1.9659024064220032,2.2522211444056897,0.7816288054014288,4.419971558937416,3.92982201602401,3.11818625603551,1.307691942314247,0.00036365137443265154,8.897101588060988e-05,0.00036386192147786086,0.0,0.0
1021003201,2011-12,Central,1.2548667848194521,2.7170205773511076,1.3788741632514945,1.500377800549254,0.308616842479421,2.2954886160275088,1.0364552833884066,1.5941832305255377,1.3007025228270814,1.6242524170764632,0.6068487299959548,2.891105911774799,2.9813298702917583,2.5559346667704848,1.0665682649891142,0.00011530330850394752,2.750739012646149e-05,0.0001016141604540439,0.0,0.0
1021003203,2011-12,Central,2.3143657733883067,4.711074698347461,2.4596227049966597,2.946854429921734,0.7031498100231246,5.173013258987379,2.5976287918428325,3.1011259580583976,2.4350926307638407,3.004792545387824,1.0022114880455402,5.806913269301507,5.480466782443485,4.03883950513856,1.82089107978256,0.00029823912597955285,7.91480757407275e-05,0.0003157238080022349,0.0,0.0
1021003205,2011-12,Central,1.366867707411084,2.843006938809837,1.4675463848221006,1.7353380049015228,0.36846265056210337,2.817607284732506,1.5660152174964208,1.7807680552202054,1.417617604450733,1.7353493519762493,0.6029760267891457,3.3941484558539923,3.1700404621725307,2.3716358676948905,1.0520467869043202,0.00016499436143763415,4.39510842105422e-05,0.00016045567145695275,0.0,0.0
1021003309,2011-12,Central,0.851491704527615,1.8941988248252704,0.8960737584681455,1.0183886039870282,0.2191829086170513,1.820452584823836,0.8766692377115681,1.2657534614847603,0.8447986115211666,1.0405324315088413,0.4184161206126615,2.2620614509466166,2.0365503748346425,1.3071640211512479,0.6354645268792847,5.839641640424443e-05,1.6997468655728845e-05,6.431533072344164e-05,0.0,0.0
1021003310,2011-12,Central,1.2273891304541853,2.3012682642903264,1.4705149516220721,1.6369065276543902,0.3460314443528353,2.953645347449037,1.1772362945226273,1.530073114485104,1.1740835865306718,1.7253385696940762,0.6341897211650727,2.3722046594246007,3.1259326642921588,2.4691117759899637,0.9858082787534345,5.9354111693028424e-05,1.817941804250541e-05,6.735766703778746e-05,0.0,0.0
1021003403,2011-12,Central,0.8463763738254769,1.6544199449156567,0.8973438451346886,0.9834389420279845,0.23525941764662675,1.821080408638423,0.8753877592408859,1.0426622434703263,0.839129649137547,1.0520480011263864,0.40117860484879286,1.8988363966987116,1.9015996653763279,1.433499731548477,0.6490289839130362,5.9006086126636094e-05,1.6272062981845416e-05,6.992214492239391e-05,0.0,0.0
1021003407,2011-12,Central,4.7004573124403946,8.122125062465729,5.095014024674129,5.806443042115873,1.8778757951977423,10.18483251084565,7.692462933213496,5.770251506066297,4.602362499043025,5.690579797277518,2.0791908545643243,11.3747866845929,8.108131936357882,6.500036482031239,3.3065637251338846,0.000828304551587233,0.00037273704821425485,0.0010218052587439852,0.0,0.0
1021003411,2011-12,Central,5.903129845342722,11.73682526043177,5.993056224197614,6.347049690622384,1.3947453803414387,9.83601924510538,7.4250172382089366,7.355280962411894,5.984538364979505,6.47218010480397,2.4344004432994613,13.624805192346939,10.637160419059146,8.92961010136815,4.403279050744365,0.0007886856978718669,0.000169870765695479,0.0006710890578303094,0.0,0.0
1021003412,2011-12,Central,1.9296124703616941,4.028621964675794,2.0784058890746064,2.2324387862808837,0.5429087671389241,3.9428343909080246,1.956410007791546,2.519814811505085,2.068259572540849,2.3834828476402246,1.0068186057307722,4.57086475292647,4.0514309951397625,3.0831819040489896,1.6193193046051155,0.00021765406624593196,5.359218046244174e-05,0.00021293540903639984,0.0,0.0
1021003415,2011-12,Central,3.5120683802603425,6.272246309963329,3.8627712366995293,4.507388200741306,1.3909141100429725,8.16759027964957,5.9853204071712875,4.504720919534542,3.479249974436805,4.477387632953752,1.4041495274936,8.592539871535013,7.2936970069370295,5.245460521051143,2.5538420994197844,0.000571375969704415,0.0002571191863669868,0.0007022804641077083,0.0,0.0
1033000301,2011-12,Central,1.9139491020204147,3.932881191952515,2.015227824837096,2.262182662852267,0.48568949500551634,3.5002089623505745,2.2959481811205857,2.3674973636745684,1.9593707794123811,2.3466566900027526,0.9031553021523102,4.432835958399584,4.0369257909218454,3.2452990625426326,1.5339715401243195,0.00027896100134263535,6.002234660036211e-05,0.00025676154459813855,0.0,0.0
1033000302,2011-12,Central,1.3865591239434756,2.461359604166235,1.6029908563681992,1.66491641249743,0.350437620741179,3.34370718640249,1.2792984033886277,1.7075279151681755,1.3180613773477445,1.9342092218720577,0.7221919322892694,2.404273621757256,3.3000405791905862,2.432134297180822,1.1291214122259117,0.00011503771487055379,2.929030099733803e-05,0.00011841397809538316,0.0,0.0
1033000303,2011-12,Central,3.906561500222681,8.839132060613142,4.457318493808422,5.4432926792855225,1.019949693501353,7.139971450317055,3.9073642909986015,5.408772549324469,4.11741760166644,5.6129731555742515,1.6932978375842282,8.935316411235021,10.73973227042537,9.377494539550751,3.3868579726546155,0.0004941650596953209,0.00011547625653117662,0.0003833608384782576,0.0,0.0
1033000304,2011-12,Central,1.7568240651743265,3.791233354249298,2.0473747863533354,2.44391532676332,0.4839840770164761,3.583825008410019,1.6026136832640645,2.282890528180739,1.906035295502651,2.5659542856456654,0.8886686920839028,3.841811000876613,4.687155626903916,3.7118534049266834,1.5204017819347586,0.000202756367912748,5.2539058838704775e-05,0.0001777782735903858,0.0,0.0
103300030403,2011-12,Central,1.2094766474677676,2.371875729997819,1.3244136337069574,1.5360722763656363,0.34246557487957624,2.5303279557761824,1.623717628186382,1.4808657346756984,1.2414420108748072,1.5760621695199735,0.6211323610169646,2.719079683252114,2.7271364800944546,2.071384342302395,0.9695279204295548,0.00016697150163896336,4.164713486981025e-05,0.0001715957532282466,0.0,0.0
1033000307,2011-12,Central,1.2737007244972467,2.7092605227246054,1.3908860357645374,1.4631605744841634,0.3544887139264959,2.6864550052351133,1.1576507457732146,1.7381373343546007,1.2764501329764784,1.599586184786558,0.6129157999214853,3.038778227345809,2.900298638889504,2.0025551163549267,1.0583424769119931,0.00011562701782571514,3.3289928356731806e-05,0.00011936396827620806,0.0,0.0
1033000308,2011-12,Central,2.919982405561989,6.460165242335117,3.0195590764429596,3.9655297940633534,0.9691213832569003,6.2691150477584205,4.68567923226134,4.16129995653788,3.317953268115597,3.888295895912758,1.423447847503074,8.366083638787408,7.341323309455427,5.161764549743365,2.312913948672309,0.000331324979721005,8.410557177533203e-05,0.00035576912177915726,0.0,0.0
1033000310,2011-12,Central,0.6309854985117334,1.4932289349384207,0.7189565457216391,0.7790704137860217,0.1487192834876752,1.072173869798246,0.5686150148733539,0.7911947042183113,0.6435960683688107,0.8623274208055662,0.38074448113397713,1.3807827970505557,1.591287946827728,1.367992613993549,0.5766333044710097,5.711437974123049e-05,1.1391665904671654e-05,5.1091043127903087e-05,0.0,0.0
1033000505,2011-12,Central,1.6493741625114742,3.0439686835937847,1.8209843545401152,1.9524463137217365,0.4919352233925684,3.625207014598523,1.7309621196769838,1.9947455535126748,1.6832465712534166,2.062448827386694,0.7040049816599415,3.641349948592745,3.5573170048151077,2.8233513830584736,1.2130007709872106,0.0002586467426343965,7.422036962552247e-05,0.0002768191940242466,0.0,0.0
1033000506,2011-12,Central,1.2183438178316452,2.432869930162242,1.4957136939784836,1.825558088845905,0.3886018698821106,2.711093261751385,1.5470051436794452,1.5755338317708836,1.2712890118717504,1.7897718883390143,0.6300686549240304,2.7300384667832707,3.143832034272686,2.5575072533244687,1.029966361138004,0.00020154888618381745,5.870060618733919e-05,0.00019246116948141485,0.0,0.0
1033000507,2011-12,Central,5.015975398213056,11.177117257952025,5.438337247961155,6.865096408313922,1.374509480352232,9.622624243725449,5.776778756843275,7.280977357259432,5.53674727881477,6.548025874813995,1.8698674893653224,12.677388995778795,11.735015149351153,8.93980313340094,4.019328928493791,0.0003874939950763948,9.315252994220617e-05,0.00032943300596888973,0.0,0.0
1033000509,2011-12,Central,3.245735152688204,7.547020457561308,3.7385088329707488,4.812117671531684,0.9164428111538772,6.056156180572036,3.7928602349484675,4.4397549531603655,3.6865893062211272,4.722839603287659,1.474481667017549,8.39386817390842,8.10423828324624,7.21509665479882,2.7194195597790385,0.0004991094843452248,0.00011674086244006953,0.00038797529600593475,0.0,0.0
1033000511,2011-12,Central,1.5203599295491266,3.037949018539317,1.6491732939673265,2.0741299216365316,0.4799695441739917,3.3170041459415094,2.1647819407594144,1.9938641656643725,1.6125122015418265,2.077820372498389,0.7080061679303515,3.757081698870654,3.910676669180361,3.078288506652022,1.2150754217085777,0.00015798896863966803,4.2124352303581204e-05,0.00017430328972671866,0.0,0.0
103300051102,2011-12,Central,2.0395064719630365,4.93820046531279,2.2144417374475296,2.9591781036117806,0.634944696066366,3.593470042170816,2.3909782529247843,2.9117628866448726,2.3381680949018073,2.975053646145333,1.0551195089335454,5.749069421139657,5.892759547124981,4.724382599445251,1.8465644632334686,0.00025382919584267054,7.224957532268785e-05,0.0002212002646908731,0.0,0.0
1041000203,2011-12,Central,1.070364660878501,2.1184149188693855,1.226061437866228,1.3382936807271848,0.31542862184501835,2.437770050699113,1.1316780799905988,1.399298784239707,1.115533520082707,1.4439929521668875,0.5876172070942919,2.379330300733958,2.5985198455080503,1.9607014981312054,0.9035753646656604,8.412568150029353e-05,2.267450009187599e-05,9.556281593474776e-05,0.0,0.0
1041000206,2011-12,Central,1.845466753334413,4.511629393614987,2.0064572568279466,2.3096438730095374,0.45670433705742874,2.9289303623569523,2.1403407453705103,2.4753155205106054,1.9788530945738578,2.375288270951247,0.9999203462535478,4.564797627641768,4.1595145276973895,3.623640471419873,1.6874851804254392,0.00026840940974590056,5.0502118906894177e-05,0.00019997774253250334,0.0,0.0
1041000207,2011-12,Central,2.2898849104131815,4.827113069611561,2.4798871837708685,2.8897975406106218,0.5613999897857461,4.235379148044772,2.204451428120503,2.9042486633546387,2.4775378256774356,3.061202634251849,1.0324321334146578,5.233780287965101,5.800838540421532,5.5312822901732845,1.8241776994609655,0.00023076414483715722,4.482997718174073e-05,0.00020696203317689522,0.0,0.0
1041000209,2011-12,Central,2.225827468038521,4.696280019745906,2.3174945653659877,2.6413725050338326,0.5782479377758675,4.348655733944882,2.1733561558600587,2.9908903564046874,2.228447364917945,2.7989746114574103,0.845230744809176,5.41427935029978,5.391652602578047,4.169835181949869,1.6896167528330719,0.00021865328141312695,5.810435670645595e-05,0.00020949126831551292,0.0,0.0
1041000210,2011-12,Central,1.7048831637151458,3.5489940104708952,1.9060488968623381,2.27501702163778,0.500386939629876,3.022700424784384,2.229231885699703,2.1092270997977662,1.8233316355659417,2.2370862706276644,0.85787037554191,4.26891317769217,3.726214072062492,3.494903934439217,1.364922553412956,0.0003220044440175614,7.415455038578696e-05,0.00028771950660940333,0.0,0.0
1041000211,2011-12,Central,3.3593478188562265,8.297010428386574,3.6223766726096134,4.43634299882259,0.8705593864959397,5.6929268242665705,2.8894719021617146,4.703848573278614,3.647857516640914,4.513276842973875,1.5768875888468188,8.476897704257619,8.510379110257615,7.795558589553554,2.999016118252539,0.00035938178041640834,7.132061106201918e-05,0.0002620387618704794,0.0,0.0
1041000213,2011-12,Central,1.6446726555042392,3.5157023765408173,1.799483932275202,1.9661878685029643,0.4302890118548999,3.203241446138452,1.5643716105653165,2.1109051201988525,1.7342104597189418,2.1067459754823217,0.8368452814036165,3.8221226144275473,3.7031355040296696,3.002856127537775,1.3732694914309886,0.00016797206404409946,3.999334858192845e-05,0.00015442169561889866,0.0,0.0
1043000401,2011-12,Central,3.5566333427157732,6.885846359072204,3.599922848712059,4.589688230122073,1.5018724147383102,8.224047410595505,6.206037139381798,4.860110687866353,3.7539299915346866,4.5432493862396255,1.6982252503007664,9.836751846578233,8.572239436985786,5.212240363375923,2.6797740702728174,0.00045408867574869757,0.00020433990408691392,0.0005946769749869156,0.0,0.0
1043000402,2011-12,Central,1.007180989859079,2.184377258790212,1.1718108946126795,1.3463001387153648,0.3086108810177225,1.92863915486565,1.0679218007699691,1.31885859689678,1.1033545197386165,1.414043712486604,0.5703068412688475,2.4500318263051613,2.5195354557200087,2.291895921568267,0.8978852876379491,0.0001210192922631963,2.8729369801977274e-05,0.00011537572725983085,0.0,0.0
1043000403,2011-12,Central,1.4114274632988937,2.8503608715566173,1.6861295544589288,1.9989041524395221,0.41649479796645617,3.063150275704822,1.688680031694369,1.807749746478777,1.4402910652514922,2.014636750430278,0.7051252668637429,3.107540464488223,3.418471251476995,2.6104633225730565,1.1898059221408785,0.0003036272827639649,8.003219138071902e-05,0.00027976134179496544,0.0,0.0
1043000406,2011-12,Central,1.307117738968879,2.535371367799979,1.5617662383839908,1.7172891576127933,0.3639205145908251,2.7950667965526352,1.1576734299310087,1.552129511837331,1.3596701943938518,1.8656903447490107,0.6562238936627146,2.6715004824501256,3.174773560231003,2.7011560288442347,1.0497814555578553,0.00021349758520216114,5.922364521018854e-05,0.0001967828471428373,0.0,0.0
1043000407,2011-12,Central,1.3718430594539937,2.778395896705012,1.576695412834706,1.9609512520031298,0.3924560122821999,2.931972080037905,1.779552244885877,1.7209487750018337,1.4500012245511635,1.9336437754896685,0.67435469539948,3.1313866369791628,3.4403612767854095,2.687064885164894,1.1075618879632754,0.00015545502854644042,4.3420197628488526e-05,0.00014924049808630248,0.0,0.0
1043000408,2011-12,Central,1.6207221009717787,3.161039712849918,1.7076234197913363,1.9160559048573793,0.42681241324502106,3.2417918284345317,1.9805624136031474,1.9750497603900907,1.6461750923342793,2.031683031460746,0.7619705797503712,3.5901472233846996,3.4717058042156337,2.6780712498611385,1.2865145193801233,0.0002173749103395075,4.847770403701848e-05,0.00021868319691620319,0.0,0.0
1043000409,2011-12,Central,1.2483683294452008,2.3955690275712307,1.3917687958899647,1.520329157335461,0.3190026552719783,2.7057972960950893,1.2572050598233409,1.5126895626333086,1.2483954014881884,1.6957299171763194,0.6274151723157642,2.3992946127564334,2.941547181413995,2.1306423325629607,1.0019165488558572,8.51543595199758e-05,2.0654161704762345e-05,8.95547369563439e-05,0.0,0.0
104300040906,2011-12,Central,2.194238657510617,5.148957036338785,2.566794343994574,3.150877682424262,0.5893622640184569,4.056307797354391,2.1283758145977827,2.9439157083087193,2.3878070893760945,3.2022284639037117,1.0121559407898448,5.280562160016589,5.606067331956585,4.690391219192199,1.9319344695983516,0.00030034844196945466,7.085226261210022e-05,0.00022489490349182067,0.0,0.0
104300040908,2011-12,Central,3.6777682249317336,7.344776727526235,4.163644128829748,4.598444184449193,0.9562359516061474,7.1165469584867616,3.9742254648550883,4.968483586821458,3.5491884765656074,5.0327889317642915,1.1998354838111682,8.11425972604027,9.594201167343343,8.345596210363055,2.8649123832874244,0.00036445915509383727,0.00010581072244659792,0.00032233655525105797,0.0,0.0
1043000410,2011-12,Central,2.883172342338339,7.0794694027205916,3.0774758114781813,4.146004517505819,0.7861840108917796,5.430109317771249,3.547288047784278,4.403281859916418,3.1630332230736267,4.0486245058533825,1.0726973772317212,8.281044553033814,7.776890940372173,5.034821118636055,2.3597768388182443,0.00024299916322101226,6.435093819834797e-05,0.00020871314037727273,0.0,0.0
1043000601,2011-12,Central,1.6759137048439512,3.245600348452093,2.0704866559433843,2.5412107758712272,0.5697828293336126,4.178994785547998,2.1500585212414607,2.207873211590352,1.770100764131239,2.401430632588904,0.824529486586777,3.702459093833611,4.143205239232878,3.2007443268711517,1.3613166609494791,0.00020811866127932473,6.360044163722646e-05,0.0002173806628978336,0.0,0.0
1043000603,2011-12,Central,1.1059287159890143,2.2789237493777836,1.1856682619283985,1.314388714791926,0.29377531117627187,2.213420924915413,1.1451099591100207,1.3949027120310489,1.10594160980994,1.448219415733932,0.5259967357141886,2.4719136882018335,2.5914842657867534,1.9146036707719174,0.899182812890134,8.685202598578717e-05,2.203547688995838e-05,9.05082813402422e-05,0.0,0.0
104300060305,2011-12,Central,2.2452449436500004,4.288814301878162,2.321989216222855,2.5542707620720715,0.588940454928367,4.472146535547778,2.8549612861581717,2.7016896929225847,2.2915859723547727,2.6574684238548354,1.0224225845327883,5.114019990027578,4.482226790116739,3.552552909086417,1.6914850037915408,0.0002911965620957561,6.620171841395704e-05,0.0002996852941023644,0.0,0.0
1043000604,2011-12,Central,1.9192789730707625,4.145928110866051,2.0275044930161426,2.332449507649441,0.5755899002099848,3.903738830084063,1.7101624277461829,2.5002494122679892,2.1319233994599016,2.4578278102070024,1.092694190812594,4.691814549925398,4.363051131948673,3.5297284748716216,1.626028842221934,0.00021724734543431587,4.679173593969881e-05,0.00021521735715796384,0.0,0.0
1043000605,2011-12,Central,1.8538897302663293,3.7750645206967555,2.1136730953619955,2.5295133240337853,0.4898412880289106,3.76219294542888,1.898556265368392,2.3899081978506946,1.8965927395614721,2.7217884810083857,0.7869708664551269,4.014692177358837,5.385101523614418,4.818707897333746,1.4918694004431097,0.00013471079620187964,3.6161520672413464e-05,0.0001269207154617307,0.0,0.0
1043000607,2011-12,Central,2.4653634263702995,6.1026874272067495,2.7548112276933696,3.3373917816977623,0.6145561198893978,4.11665022882762,2.0679628644491506,3.3443975299944277,2.9314772774914415,3.5952146073600173,1.3792744777638375,5.982021773832468,6.674336522039413,6.050955402030082,2.244019886742528,0.000409981744270325,7.930642338260814e-05,0.0003041325436994049,0.0,0.0
1043000609,2011-12,Central,5.627001356253693,9.7524605887974,6.101336931204678,6.971081534760136,2.247132176159629,12.105343265974339,9.20630030492072,6.991649809196349,5.517457392263349,6.79782551370608,2.409688864144186,13.64018228246375,9.693476671772078,7.793785883020216,3.9599477699170884,0.0009755939680452943,0.0004390172856203825,0.0011918805897815016,0.0,0.0
1043000610,2011-12,Central,3.0532886046239165,6.660011263014914,3.4148900337442774,3.9266563030400943,0.8493542573701631,6.534409353615233,3.31252893441727,4.547807728161213,3.152682383342145,4.079473109075106,1.1363081409582043,7.736759481217619,7.6516060462534154,5.103383551210649,2.479418271114521,0.00021294225955726683,6.635875065272966e-05,0.00020748899620380915,0.0,0.0
1043000611,2011-12,Central,2.3266555538315354,4.589680358968225,2.6191517094665384,2.863383193525656,0.6804943387384499,4.913783958503429,2.4673745238636995,3.077184095874812,2.322328561851248,3.0869715748685165,0.8885854301028895,5.249060694519783,5.528426762910921,4.03532497447146,1.818329401058635,0.00032319775184877486,0.0001040232285142015,0.00031973737478656816,0.0,0.0
104300061103,2011-12,Central,2.0318893978984156,4.220757513719317,2.115164872385118,2.6382908821892768,0.567423978871768,4.273811378004802,2.611073548041717,2.543578802741776,2.213491794534479,2.622399377926912,1.0517295703413063,5.2024774946698535,4.756189012304151,3.8965301923560225,1.5473862147063533,0.0003082463983922962,6.010804768649776e-05,0.0003245034910334938,0.0,0.0
1043000802,2011-12,Central,1.5228704140152534,3.6746494249011925,1.6651140128597435,2.190153082063858,0.39957470464419104,2.762044997628515,1.692964731042509,2.0004623572281957,1.7261735234222189,2.16875863504201,0.8328446527543967,3.9809869930505375,3.997913442520832,3.43221558531066,1.3211562362452316,0.0002694151717585104,5.0223348492554696e-05,0.0002182499780009674,0.0,0.0
1043000804,2011-12,Central,1.0085376379357327,2.1466030625945725,1.127415055432382,1.2154419648453407,0.24041488193334432,1.9751312068166518,0.8852776461276946,1.2512243645609018,0.9800451247346813,1.360909171058499,0.5275494090947929,2.1071298097229407,2.4491811878792977,1.922514043787367,0.8497969770316917,7.898256826304893e-05,1.8142363436490945e-05,7.3838995250734e-05,0.0,0.0
1043000805,2011-12,Central,0.8646457098705983,1.6855789327556645,0.9398263752468811,1.0451596386959316,0.2580461720725108,2.0023427649614796,0.8970874036596215,1.0861449603002025,0.8637093735898543,1.1552312153664934,0.459835111241413,1.8925633995535136,2.059940852377158,1.5040088628226562,0.7046558399369146,7.81549205582996e-05,2.0343812522505087e-05,9.25505379443063e-05,0.0,0.0
1043000806,2011-12,Central,0.49439792825008433,0.8877863563306301,0.5983980784470768,0.581072210557797,0.1360577524904184,1.2111822743061469,0.367465855463098,0.5667399958461581,0.45093721130595543,0.6744516150678193,0.3032800745200734,0.8930795516870267,1.194069561551913,0.9899891402169978,0.38856232455216994,3.7739194328609024e-05,1.124964518840065e-05,4.424236658052726e-05,0.0,0.0
1043000807,2011-12,Central,0.9430055867159727,1.8742512786913874,1.0179302803193722,1.0965898021438212,0.25494686221469276,1.8788772970383458,0.9627597936993788,1.146971475077605,0.9798928654998212,1.1876974497924973,0.5066439977340392,2.13563279939176,2.094069221860277,1.7052816877262646,0.777037162396991,0.00010786254932921024,2.523389915499873e-05,0.0001131670978580953,0.0,0.0
104300080702,2011-12,Central,2.1244824417903296,5.242066799962077,2.3957075206087617,3.3424702387347716,0.6098152862387518,3.9609264510869235,2.6601628673128115,2.9805213020426367,2.470246474550161,3.1512632924168575,1.120006081902641,5.814471556475291,5.901269806312559,4.791820726930894,1.8873063932192191,0.0003740483625315976,8.194358457522113e-05,0.00028930020162564634,0.0,0.0
1043000808,2011-12,Central,1.9249446386550595,4.105609086600113,2.2741017816721283,2.753753597883991,0.5584056978797602,4.111937178109836,2.0007049567998045,2.558675790582457,2.0622150286417282,2.7149497822449407,0.8742594368584865,4.566042906003769,4.75732953157537,3.8401747604009118,1.5867619034235607,0.0002415675300102974,6.298010603839898e-05,0.00021465098659076778,0.0,0.0
1043000809,2011-12,Central,2.0343547495409084,4.124286737479399,2.415340342969601,2.7202108385938435,0.5935904430104413,4.201470664353068,2.039289170744308,2.7318165055207198,2.086800420139961,2.8725731796058827,0.8961140505809337,4.502499004104221,5.3262146216628246,4.855427547847296,1.7383585732890074,0.000152688160198233,4.1451904551074214e-05,0.00014308411478231752,0.0,0.0
1043000810,2011-12,Central,1.173775283812625,2.2286697055067943,1.3117088655080553,1.290115327342761,0.3120350568042512,2.66279641510931,1.13702007278658,1.529274272572303,1.0792577903629526,1.4871694215658369,0.47836724784722096,2.5154026301655774,2.746312447079715,1.9464157063780783,0.8788963425425708,0.00013155712642303892,4.4343679296882205e-05,0.0001392346436271967,0.0,0.0
1043000811,2011-12,Central,1.4656388097888429,2.761977692226904,1.5020853115816124,1.8245602074987204,0.46059740536517324,3.417784079706617,2.0976278710089264,1.8562924413714623,1.4998405262615653,1.8911964693583538,0.6261900278095346,3.539356976219696,3.434541498961409,2.4512131788265554,1.0983247709637727,0.00016869837655870469,4.6678677008961976e-05,0.0002036419886038134,0.0,0.0
1051000104,2011-12,Central,4.190218857412676,9.609867053422748,4.767018158233553,6.156507134371398,1.2769357415672302,8.13851767304889,5.538912430065721,5.922043815616321,4.879961392521501,5.978606196720637,1.9276234600974544,11.286638058798005,9.89463964579516,8.31464029152151,3.5005244016391064,0.0007065331347799534,0.00017086566626821323,0.0005941620094665933,0.0,0.0
1051000105,2011-12,Central,1.7239569245326403,3.880728068400497,1.6765214253571614,1.9719895389559228,0.4137676239956875,3.082364766506657,1.644543375028195,2.2855694812993343,1.830776778299589,2.0272325178011443,0.7403168705538614,4.395358566212719,3.60813248973222,2.779707076086395,1.3500385661743788,0.0001623911670046649,3.322826779203938e-05,0.00014304961952631574,0.0,0.0
1051000106,2011-12,Central,2.68647229347622,6.917788809621692,2.971512210746404,3.8691612971651357,0.7806608673926057,5.278162275777318,2.5004221918670657,3.9884358788062726,3.3019023014335165,3.915739644922337,1.5022530690452944,7.521706721179467,7.211523616045249,5.816898384470006,2.503619718558147,0.0003693592278129558,7.688702293249284e-05,0.0002893163876610795,0.0,0.0
1051000109,2011-12,Central,1.0959712902744088,2.125821067592513,1.2288835618032117,1.4098840922124891,0.33220376710983807,2.454139427356997,1.2000377431812188,1.3627739282487246,1.0972515604086714,1.4504916723040315,0.4970970177793466,2.4621191286572355,2.558101924747613,2.0621177016770216,0.84440057350962,0.0001148471185933163,3.299646061123356e-05,0.0001216454233267557,0.0,0.0
1051000110,2011-12,Central,1.5294768979358886,3.319964826124471,1.7543725284538585,1.8409298811499113,0.3494305304983378,3.1601470056527208,1.199060873110404,2.082684619301286,1.4853488354723334,2.107234234228437,0.6995818308158083,3.4972905179793448,4.157930547591801,3.307007380469202,1.2533806619782402,5.810899829204445e-05,1.5419141066047172e-05,5.8188821021726786e-05,0.0,0.0
1051000301,2011-12,Central,1.406562358352206,3.1606611896807606,1.6607412031583169,2.0743057304730597,0.4485003634916835,3.2690937894019347,1.4079647586362694,1.961681909731168,1.597015523445785,2.0871889647989463,0.8027397180883049,3.526593181621638,3.791756677681963,2.778687476480334,1.254587801283221,0.00015984969667555846,4.3283976307602524e-05,0.00015430746033507316,0.0,0.0
1051000305,2011-12,Central,1.5814963877766686,3.801656374891057,1.5627887008854733,1.9992972099587794,0.37600763804642323,2.7095901407298655,1.802093994191838,2.1106139511825184,1.8785928704512609,1.8987064954758217,0.7368027046274999,4.581625558148332,3.607104165588203,2.8258734222335287,1.1941592244815389,0.00030461243109772366,5.6112816254843834e-05,0.0002545564972265299,0.0,0.0
1051000309,2011-12,Central,2.651245054510817,5.828121123067477,2.8709252606206364,3.0163655133674694,0.6300962890737548,4.837688512073154,2.0918287932378448,3.629588486717779,2.5811616772788697,3.3710335141275567,1.0548200941358614,5.96052233635544,6.352954328743354,5.526867961018179,2.2641482705058986,0.00013824884696163282,3.35201350045165e-05,0.00012011840044610517,0.0,0.0
1051000310,2011-12,Central,3.589647695797911,8.745328847349601,3.7827690779471346,5.032255391051432,1.0921741372520495,6.576909320092223,5.0133939877832745,5.3611343887462874,4.047303395189541,4.866924500730596,1.6594261303417646,10.43580246525598,9.367536483601292,7.037185919864561,3.059444442007022,0.00044509185396797104,0.00010250040620424228,0.0003925893032436786,0.0,0.0
1053000402,2011-12,Central,1.6126475216369363,3.1096592392655444,1.9221641219966716,2.015454741801207,0.41514418742773457,3.7708906327163834,1.2953320924541574,2.0469041371308467,1.5842803695504521,2.248286363751556,0.7786855130153322,3.0996139643812604,4.182085583629631,3.367584781710797,1.2970960007340948,0.00016360724283991467,4.4299405209849104e-05,0.00015749239890707617,0.0,0.0
1053000403,2011-12,Central,1.9749648087430445,4.19279886192163,2.2501136167991476,2.594899509812451,0.5566635903430869,3.7521100040855373,1.9657881760809548,2.52101654016085,2.0178886371406977,2.6702491460431856,0.9125789380788801,4.510210780041797,4.587197848119421,4.016568505125653,1.6405854278450707,0.00027211958702484375,6.727610288633603e-05,0.00023142054534529166,0.0,0.0
1053000404,2011-12,Central,4.069541179651198,9.001315066799448,4.323591353655835,5.0531601624767575,1.0763729802760995,8.065921849037698,4.09886529290231,5.5675833773435155,4.908601722734852,5.386354190000703,2.092407919323169,10.144532275040309,9.733916362326305,8.175410959179594,3.2289876796886774,0.0004615835772197925,8.308504389956264e-05,0.00044058950217824497,0.0,0.0
105300040602,2011-12,Central,1.390114112423662,3.050233560962175,1.5152286546491873,1.683755304989446,0.363702915991045,2.83635224346544,1.375335365674969,1.8746084745543854,1.4794121870377226,1.7788748443911186,0.7078819429075677,3.3958788104544753,3.1462253114293377,2.227385336594282,1.1675226092717066,0.00016698106101467586,3.790814103066928e-05,0.00015675688966481624,0.0,0.0
105300040605,2011-12,Central,0.810103979503192,1.85764726377562,0.9243285596233763,1.0321475648846976,0.1852638432221281,1.4571931632275565,0.7041363425306105,1.0093423063871272,0.8256343907883584,1.1438434745721389,0.4410891629362101,1.7930568758965533,2.190655159700554,2.026890969365095,0.7026957036798136,5.690920909137414e-05,1.1877370838190742e-05,5.189280961942893e-05,0.0,0.0
105300040607,2011-12,Central,1.482854453631661,3.144264722962557,1.7375377637466765,1.7739410494280272,0.37088544493004155,3.14062507786822,1.2808736534021101,2.0425197050522317,1.4463830941803049,2.0042120244354713,0.679590141988977,3.277110100379099,3.771632406043979,2.8526306360493963,1.2268625502964807,0.00014176673967277698,3.792012442296307e-05,0.00012977579080043005,0.0,0.0
1053000407,2011-12,Central,4.031470096350652,10.716684289094536,4.118274486398221,5.796581411696936,1.1296519805217855,7.65039212548325,5.8853739535734135,6.037035701375242,5.221285305217895,5.643865543907863,2.5645220303067626,12.44273207721304,10.402285626986696,9.43690759767951,3.47650767279939,0.0006396086212209464,9.210364145581626e-05,0.0005158401104743261,0.0,0.0
1053000408,2011-12,Central,1.28844228573237,2.606956634091137,1.3660480196182188,1.5166028577809012,0.33049950884668805,2.399757729079526,1.5509114296457678,1.5405957561378905,1.3153750239114779,1.5891804408913932,0.6596563822575989,2.928550221399949,2.7222873712177003,2.18455176027025,1.031180257992302,0.00019258628915546993,4.143762369123841e-05,0.00018491394171251687,0.0,0.0
1053000409,2011-12,Central,1.5083085699080345,3.7067250582425424,1.746626317022847,2.3666131037338793,0.3991620550404369,2.8472611497127667,1.6482561583191178,2.024712190997809,1.6714228824528299,2.3378297410664572,0.7976668625670457,3.732670583923136,4.505639268679503,4.022889435245369,1.3340885490088774,0.00015730206777067192,3.349206430155611e-05,0.0001223553251358286,0.0,0.0
1053000410,2011-12,Central,1.4458207721592806,3.025536418882628,1.654024164168778,1.8204593979816523,0.4250516930064019,3.076298687494085,1.3605772335453974,1.9246961739126076,1.4616460908190096,1.9442859589132446,0.6636212565829455,3.341005854845323,3.4134424761793265,2.495483630405173,1.2046488951725118,0.00016999077746612576,5.0014799674797076e-05,0.00016288620612212496,0.0,0.0
1053000801,2011-12,Central,1.059432273004015,2.3030078169770456,1.0991672969713429,1.2217661210799102,0.2715504897418828,2.059936898055203,1.0121590014416137,1.3523115503526473,1.1539924236343038,1.2619377886888157,0.5429402910778849,2.6544439860794933,2.233436917986988,1.6853317440913438,0.8420408654012826,0.00012201570882976127,2.612387612124376e-05,0.00011757738147487835,0.0,0.0
1053000802,2011-12,Central,1.254650178086927,2.862877098345246,1.253824206444723,1.5303584596069695,0.3221553737476465,2.2909948095520196,1.378959096311648,1.739384759343435,1.4158307085630164,1.5601043820275655,0.5375147155355322,3.4967711450958516,2.863641518862993,1.9464835206400861,0.9719553420527498,0.00020289039507023827,4.8877426830968776e-05,0.0001827071502142149,0.0,0.0
1053000804,2011-12,Central,1.5039834943526695,2.9462469055184153,1.6540598206275967,1.8189574820415657,0.39593908041072345,3.137314223507413,1.4070015833811078,1.932678299847753,1.4559674989749738,2.060942123496727,0.6062603860866624,3.271580415517452,4.098880349628377,3.5532367622769025,1.1633781919502442,0.00010568520571653302,3.0486117033615295e-05,0.00010974011980578236,0.0,0.0
1053000805,2011-12,Central,1.7045042913087953,3.8604358155565275,1.8273526378269396,2.0825797297898645,0.41299335539008836,2.816955724695276,1.893106625948055,2.2337061987145552,1.768639024481271,2.181311501184389,0.819819614735091,4.076061983447036,3.9361419508448585,3.3864897375127487,1.4931621932119432,0.0002279760652034014,4.517211335635082e-05,0.00018433278646018866,0.0,0.0
1053000806,2011-12,Central,1.3163663386510358,2.357285730695008,1.5646889423625114,1.6897726698793574,0.3307801416399071,2.790409215371519,1.3376135237561886,1.4718166633639564,1.2493611040719788,1.8531600893020108,0.5769705187176678,2.3707832835999465,3.2546691383347515,2.9137335945569025,0.9974403614205096,0.000142100092723947,4.023955896762238e-05,0.00013144364617262717,0.0,0.0
1053000807,2011-12,Central,1.8839808550571133,3.9108659320297887,2.134248164505977,2.402852828833492,0.4657688432585286,3.812854506238165,1.7467742945756037,2.382305894817368,1.9548675735119736,2.5699526465243956,0.8362979324983658,3.988497946480554,4.7358408012949855,3.790152380888599,1.5108086823961446,0.00011884801634311517,2.9171785829673725e-05,0.00011066720314464591,0.0,0.0
1053000808,2011-12,Central,1.1408002892431186,2.6737781117394794,1.2560857361587232,1.415614621370489,0.2568804829285818,2.08597921464599,0.9879907432451013,1.5318907693631525,1.2389093181835018,1.5145212172369846,0.5387826574921695,2.86208528856758,2.8954679896929933,1.9856986082036343,0.9404383476006977,0.00010008617192179564,2.273773113368777e-05,8.520947481868707e-05,0.0,0.0
1053000809,2011-12,Central,2.04844540504289,4.157972857619187,2.372569736186683,2.4900598008614137,0.5366016236435622,4.542209832941929,1.5103427277056243,2.657947728297349,2.244095815776159,2.7967280358068622,1.0086204050317114,4.318338968129772,5.085990602852245,3.967355952827607,1.6891006979267142,0.00024464226680611246,6.129956798948613e-05,0.00023312812286195578,0.0,0.0
1053001201,2011-12,Central,1.372612201310605,2.8083885168876046,1.4851258747362581,1.6258067403919894,0.3603305902269087,2.7142066875266253,1.4055895265441722,1.716072678109459,1.4042392883402042,1.725623201622352,0.6892301170826391,3.1264529985169798,2.9819671684506064,2.2808098526419327,1.1303042648451438,0.000200310979067403,4.6861742809346575e-05,0.00018975199620914186,0.0,0.0
1053001202,2011-12,Central,3.121082131548777,6.611825081273992,3.5415802173675965,4.470790556775376,1.0272540138584147,6.053454679883822,3.8778362494600396,4.1113231931068785,3.4437325430195243,4.423664576865985,1.535475735027635,8.060688974743154,6.9002585646746395,5.80747349513374,2.5497534527681593,0.000646786620959897,0.00022233290095496458,0.0005873868977706103,0.0,0.0
1053001203,2011-12,Central,3.5858468464240945,6.772934473888662,3.7794454170964715,4.23363730287649,1.1339535431261762,7.917889539536288,3.9410903459448083,4.686451645526195,3.8264456144293795,4.5626758529824,1.5606846013431142,8.477935083022507,8.37632675801696,5.880530438530136,2.648559188017538,0.0004021671633222348,0.00012065014899667042,0.0004794130755373557,0.0,0.0
1053001204,2011-12,Central,2.911705726023874,5.2202224403363235,3.3239889641603275,3.4224810186501804,0.8153073071723299,6.044529907427861,2.4738351667322425,3.4464803018178403,2.847947942436856,3.752433003035069,1.1762665138124275,5.730120434191129,6.315467548185923,5.644830598486498,2.1923391415857685,0.0003799307516765482,0.00011126543441956055,0.0003697330210704703,0.0,0.0
1053001206,2011-12,Central,2.5834114324685538,5.652118902052397,2.910834226032053,3.362108149752666,0.6032599778482814,4.728616972441665,2.4478459221584568,3.4587555038379785,2.5517497896587233,3.548019077290736,1.0182545909720788,5.814594515470442,6.786761348581421,6.308163656064188,2.1635073832443705,0.00020110130675846463,4.7574225948926204e-05,0.0001563301610501658,0.0,0.0
1053001207,2011-12,Central,2.816105105674404,4.807201803332698,3.060633779684063,3.4428266999438426,1.1270262496187962,6.239512099544053,4.617562055777056,3.336670237341182,2.745683970942409,3.4354987369093366,1.3676025947959976,6.731476409455848,4.873483258780574,3.8552828214927017,1.979415951474937,0.0005144173436968754,0.00023148780466359392,0.0006566913667509533,0.0,0.0
1053001208,2011-12,Central,1.5275604202113986,3.28629289680158,1.6884724167279253,1.989015188497409,0.4068256452969978,2.9488136500247064,1.614236627439656,1.9737401782299333,1.5415423263840256,2.0375903072380677,0.6433590974187722,3.6655965412440135,3.690217237125662,3.083244601978624,1.2050920376665213,0.00018716299459488399,4.5864199170528506e-05,0.00016363507897356274,0.0,0.0
1053001210,2011-12,Central,1.0982153586015004,2.2202041502131107,1.1858287505795067,1.3461628057461457,0.2873439556271363,2.155589947226676,1.1292932212699998,1.318417916177611,1.2131730650599477,1.4514581116967504,0.5963276114839744,2.4923314579033704,2.6679492122186446,2.3658356650984818,0.8715792795268992,0.00012893392735169508,2.5036457389551244e-05,0.00013649383049817087,0.0,0.0
1053001503,2011-12,Central,2.5696643140259194,6.101776347381708,2.7987357961985957,3.250788973816098,0.5844467669499855,4.363627543116901,2.6276229681901797,3.4930279299195433,2.573202971302724,3.467592452454689,1.1031899191052277,5.91350598372932,6.34438667238178,5.475857264217722,2.247795262921763,0.0002559629140702866,5.057331769937114e-05,0.0001875234874038853,0.0,0.0
1053001505,2011-12,Central,1.0770929029554597,1.7941214728235295,1.2684387873553145,1.334273092290237,0.3633189278083662,2.7188846171955414,1.1421685330687184,1.2133776325657957,1.0645342455687659,1.4499397688681366,0.5469779098630357,2.0383640345113854,2.3875501598828284,1.9149490401466864,0.8099908893074365,0.0001554238853213672,5.2194588354190476e-05,0.00018681181127265054,0.0,0.0
1053001507,2011-12,Central,0.9575868359545675,2.048954971971223,1.0920766465125293,1.2170299886385167,0.23271424917863673,1.7840155549656047,0.9232721658434756,1.1912501100698274,0.8931250017713583,1.3491539030366757,0.4497719394616389,2.014984538979243,2.542622401133484,2.3584952540511726,0.7941005962376151,8.705161227422258e-05,2.0591805145584044e-05,7.479457565340881e-05,0.0,0.0
1053001508,2011-12,Central,2.276977342135786,5.264901777545369,2.7136423400699896,3.257517036316066,0.592973724560066,4.29674101051906,2.7373441012006485,3.319109872964731,2.360423981595596,3.3651317332354402,1.0795493227083008,5.146884731668029,6.392557589999025,5.078196041102774,2.1077810076530383,0.00014387785864363755,3.454173943109096e-05,0.0001179292254069361,0.0,0.0
1053001509,2011-12,Central,1.6271165159037821,3.8891023425131896,1.8132044020003624,2.092567277025624,0.3668808383126986,2.745959374875178,1.417216926734248,2.1612899801587306,1.702786075366774,2.214878103795717,0.7542005017031793,3.9166783787947588,4.192693294411125,3.800468442063347,1.429165764732954,0.00016869544767163252,3.5436025990195e-05,0.0001228775659521372,0.0,0.0
1053001510,2011-12,Central,1.4405338351459276,3.0473847794812468,1.760458966174652,2.133098612389914,0.43851927842605465,3.3281584729283944,1.5971523497647517,1.9685581139202535,1.5452913475106704,2.0873919751578125,0.7065081710432614,3.4408971363906202,3.6710820600907614,2.553623115180739,1.1974042705694412,0.00017599271394357638,5.216926877613157e-05,0.00016978700864463865,0.0,0.0
1053001512,2011-12,Central,1.7644638350121498,3.49644704815258,1.9503116273708554,2.206940701831197,0.5209084695726558,3.857808825567364,2.020473260921422,2.265214860977495,1.8452098465340039,2.2465132501215166,0.8571639250881811,4.127453495553672,3.8916170015673264,2.9016336273089327,1.4174296646759776,0.00023415214090226466,6.657609379385286e-05,0.0002362974478259016,0.0,0.0
1053001513,2011-12,Central,1.4877704639390172,2.869499308772212,1.6792615338413512,1.6926214895155354,0.38798376040933685,3.041525986458567,1.1182966894735864,1.8259894215163328,1.6166393079598582,1.9751654193442667,0.7801932045363822,2.98717322081973,3.619784970430163,3.1251420679023068,1.213016768027818,0.00015012124517009182,3.414643076614794e-05,0.00015680161619865268,0.0,0.0
105300151301,2011-12,Central,3.301563960225817,6.2625428896388,3.575953422564683,3.55663435685805,0.7589859841170862,6.104655040837036,2.524823945248452,3.965492977055852,3.15934926116141,4.04282081528881,1.260255727099236,6.420664825013402,7.2581592263314825,6.572389645595967,2.5289591200625905,0.00025656772781530826,6.642643911930585e-05,0.00022685546123881898,0.0,0.0
1053001902,2011-12,Central,2.5335911402201003,5.3304753563917515,2.7117064962244526,2.9520872037166916,0.6446029498099641,4.522303350504071,2.0474032558344284,3.2402267765230803,2.7583816031017436,3.1603327742270095,1.1813649815785618,5.813393828842476,5.874681046149198,5.383064646914857,2.0595320035001174,0.00026120253519214926,5.352510967052239e-05,0.00023427772838197045,0.0,0.0
1053001903,2011-12,Central,1.2148897061367843,2.5468362170042376,1.399504754234135,1.632246384970633,0.35386921450351844,2.516332275569179,1.3996358180004682,1.606148146350553,1.2787505352507034,1.6899080819232193,0.6432430854480702,2.742624606673878,3.078522538733052,2.368801583977433,1.048360611790445,8.851023805583647e-05,2.3907472893509758e-05,9.163176139957371e-05,0.0,0.0
1053001904,2011-12,Central,1.5270625191894895,3.3998405872056594,1.7429163096111615,2.206468985494281,0.4437457226699643,3.1964492537084612,1.6433259499751067,2.0391645288472464,1.6720415507409754,2.2487757688094994,0.8039270342007883,3.5967743741073113,4.042281780622812,3.061946100538897,1.343724010442687,0.00014781343874060808,3.536767447478169e-05,0.00013712143702359245,0.0,0.0
1053001905,2011-12,Central,2.5376335822535685,5.264744896247566,2.9762365192166946,3.6876363197766833,0.7841019867920537,5.438490531727016,3.1208645697059434,3.443357682324014,2.6776094372599792,3.7136551424509316,1.2204654045457146,5.658359742526621,6.904645412179998,5.39864649087324,2.160056074256302,0.00033223935816457614,9.213360352463037e-05,0.00031282912077568685,0.0,0.0
1053001906,2011-12,Central,1.9065025113938185,3.4633828679806644,2.049104301678667,2.2161302014217426,0.6039461821266721,4.612083314072457,1.9072736576762344,2.448566827667731,1.830167334641024,2.420685522474786,0.7503139481800569,4.110251491477882,4.505174989815004,3.399088853708537,1.4199476130021376,0.00014244451141814704,5.038037456473411e-05,0.00017218698012514617,0.0,0.0
1053001907,2011-12,Central,1.365037677742218,2.8234161912152205,1.5363300561727773,1.8398396556818235,0.3852169518691845,2.902602441021954,1.6955719881461497,1.761885625998647,1.4654156697679515,1.9453995546552971,0.7178176617794991,3.0200884012437244,3.3406419411843467,2.3360100830318413,1.1627947023064324,0.00013129260422782286,3.158173082030837e-05,0.00013042917392011797,0.0,0.0
1053001908,2011-12,Central,0.9826288162930326,2.146509337454927,1.1957506213987756,1.570571065585978,0.32275486515227797,2.1666202841766826,1.3525197850084034,1.2612416154121044,1.13387874099735,1.538245171026028,0.5780746317928622,2.4288743754307984,2.5949291198151263,1.9701876974533121,0.8436252082421714,0.00016161677693568634,4.3835783333240954e-05,0.00015317845092245586,0.0,0.0
1053001909,2011-12,Central,2.220659083793381,4.940909149069232,2.4924472891147835,2.868636888252708,0.5838492327064692,4.24469275823932,1.691814747838877,2.8905848410742587,2.534042279438475,3.142212709193176,1.128532920747422,5.040967885979065,5.701295116617891,4.75506384809249,1.9235373946172991,0.0002656831339942714,6.349376592066486e-05,0.00022390991695230738,0.0,0.0
1053001910,2011-12,Central,1.14775529395524,2.192480000954349,1.255938416092774,1.3813280973785582,0.341987911376925,2.4888516081920873,1.3161471834265699,1.4346568344888715,1.1769993317082799,1.4905886208978159,0.5900351336485089,2.4853242560595468,2.6463964383624825,2.0989351095937216,0.9416271762266094,7.879462311027886e-05,2.0671909521520787e-05,9.467505770950793e-05,0.0,0.0
1053002302,2011-12,Central,1.0555645053807237,2.1818247233728325,1.2157361519475374,1.3361542400374753,0.3143739890513925,2.3207706229876703,1.0783422895998604,1.4037104140813148,1.1205962916073489,1.4204989409745017,0.5906962147116953,2.450177434599071,2.5814128429043426,1.9643703157432322,0.9089857531755121,8.970340152730963e-05,2.4762912395011195e-05,9.727321069702137e-05,0.0,0.0
1053002303,2011-12,Central,1.5781514906857717,3.190225750650759,1.7428637914187863,2.0379955679695847,0.46578722343513684,3.374577878417335,2.189051990947584,2.041786279359456,1.6538678397302087,2.1035369632900465,0.8037978833929967,3.6134330741443326,3.66841833413623,2.7291128320041342,1.3009868059737302,0.00016439238364356117,4.1003834223021276e-05,0.00017266163267719815,0.0,0.0
1053002304,2011-12,Central,3.9391317834329485,10.464069376671034,4.025479528356524,5.660148566359805,1.1033833879956432,7.4838144832261895,5.750627661879442,5.889048456876777,5.100725665292968,5.516914726185888,2.5153499488438973,12.148703993043148,10.166133868941916,9.215587408462161,3.397037958798871,0.0006259553787298637,9.013757453710038e-05,0.0005060815099037778,0.0,0.0
1053002305,2011-12,Central,2.531350890599531,5.078573305213915,2.796241734944861,3.246830500229237,0.6758709841689461,5.22523954926308,2.60707205927172,3.276832587197192,2.5647845503987328,3.438182429706441,1.0463814087353227,5.404239126941838,6.135757819383916,5.026727402852241,2.0496607246685867,0.00015612594776871547,3.992729156052396e-05,0.00014857511552056007,0.0,0.0
1053002306,2011-12,Central,1.6749826468770588,3.918526954539103,1.8836472111504916,2.2753995814876022,0.3424246183819249,2.889680571226068,1.358325563422552,2.03772139530051,1.712812732336792,2.4290446749276935,0.7352773124189056,3.5961098522328503,4.788588175766553,5.07659175256936,1.3548908106258066,0.00016940130303447516,3.094831497745219e-05,0.00011627084738189893,0.0,0.0
1053002307,2011-12,Central,1.28871459389585,2.499807554680003,1.5042862763547689,1.8735010284545721,0.474214931470441,3.1681064128979677,2.2286854371528424,1.630249838480644,1.4032206069052147,1.8358249880283881,0.7087014597970268,3.1245834073826835,3.023302176848501,2.306481850924092,1.0198419163250463,0.00020550463247397357,6.165138974219207e-05,0.00023482725972414584,0.0,0.0
1053002308,2011-12,Central,1.552038140886018,3.32410322887685,1.7678710465043477,2.0791430877281054,0.46146821373142727,3.373249765531505,1.7606423634205366,2.0852024001808096,1.7097396467426311,2.135624026191668,0.8209735476128843,3.7478534192921047,3.760725100252527,2.719426437431388,1.3244015667344016,0.00016172558523770315,4.4106977792100855e-05,0.00015911546367384616,0.0,0.0
1053002309,2011-12,Central,0.8801875192816971,1.804148787740843,0.9702096210444685,1.0642374058930175,0.20681195319375267,1.7575640354107784,0.6950090990321287,1.0301456945721996,0.9100470133336719,1.144108699678231,0.43415687361892036,1.899784613391003,2.117815454695473,1.9024535970331458,0.6768391958162517,9.739826830639642e-05,2.0548659045129976e-05,9.010939765486688e-05,0.0,0.0
1053002602,2011-12,Central,1.3700801848991482,2.4747500329793315,1.5910119772686797,1.693424037549199,0.40127979297491206,3.1875734412579546,1.311352993681781,1.6186445274046277,1.347377957535416,1.8298676939863123,0.632805953044786,2.6539608476033103,3.1906195596796634,2.7077379986130796,1.0478151308223436,0.00012827595522776862,3.6326423527863785e-05,0.0001371678605359262,0.0,0.0
1053002603,2011-12,Central,2.3584548532260112,4.004422153936979,2.5686635373709006,2.87087981026559,0.9447942210440711,5.268758648931207,3.8712670624404444,2.7598323652077297,2.2959848727078893,2.8862139613100624,1.1834702902922414,5.5994446185055615,4.085260265381603,3.2116600586038313,1.6573904453363622,0.00043466026300449705,0.00019559711835202365,0.0005630132545140874,0.0,0.0
1053002605,2011-12,Central,1.805048846216541,3.7162579980488393,1.9283833824302625,2.2439253582051735,0.5404779565254054,3.831480893559868,1.8822046573327278,2.4152986263044722,1.869738107119176,2.2444479136225604,0.7481119423049117,4.445518396693072,3.9496443922259252,3.1449344164958197,1.3893411232180122,0.0001963455013534461,5.408762867472289e-05,0.00019747416255182405,0.0,0.0
1053002606,2011-12,Central,1.837958780926515,3.448574951999428,2.1570511577802196,2.347077580751605,0.5214493996491903,4.217957919617051,1.8679545628889713,2.3004697276221124,1.8485958304744208,2.4790533748134007,0.8293409449028705,3.73915317612548,4.256488496469896,3.3544622975214797,1.4599969007324023,0.00029390220000055027,7.986928544950761e-05,0.00028995491571843195,0.0,0.0
105300260602,2011-12,Central,2.010155384666546,5.096943468511534,2.2911870604480193,3.2228330565308716,0.6106985300796739,3.9196809628339375,2.6282752329611574,2.925163575219518,2.4019070163516303,3.084427923082391,1.133818752559893,5.580955036761332,5.815179907822548,4.614784505162515,1.8485902882476333,0.00027546065089204946,6.034576114903146e-05,0.00022377123800343873,0.0,0.0
1053002607,2011-12,Central,0.7882376883468655,1.8259111042404084,0.8770243742599863,0.9568665283464722,0.19262525101766603,1.3366562149699879,0.7090435145755968,1.009625808030425,0.8307119716055628,1.0645964832634334,0.4384097955023506,1.8107103613109792,2.021621823198486,1.8542756880171114,0.7163872218259646,5.188423175708534e-05,1.0675980093157718e-05,5.1690137169647956e-05,0.0,0.0
1053002608,2011-12,Central,3.276072597340098,6.910485258152033,3.5994135312695588,3.9649912368088165,0.7836148150581744,6.320285349740907,2.445170133808752,4.251205755376465,3.3431605062566168,4.260342056914577,1.2969420571395216,7.230141917352892,8.0098368091287,7.40165711861338,2.5890273585231607,0.0003060008938499436,6.97869385463902e-05,0.0002529629882653619,0.0,0.0
105300260802,2011-12,Central,1.792434104648742,4.227135301763867,1.895715153197699,2.4043666357679285,0.5032198205790731,2.9498886764228365,2.1838883268489084,2.4760311992896877,1.9918198556638458,2.392179099364501,0.8698008090358117,4.977668958264264,4.7977925912629455,4.32503055105007,1.5520718321024738,0.00019209834046271274,4.1163930099152724e-05,0.00016828627779407203,0.0,0.0
1053002609,2011-12,Central,2.443970430811395,6.688600346809994,2.750108954543468,3.5239930892611637,0.6640655838980688,4.1084747175237695,2.242987427787895,3.7432076814249333,2.9684403078460373,3.589486127558359,1.30537941944948,6.91139853807265,7.106241051005518,6.717600920377991,2.4523611491745823,0.00022771076987380574,4.256907567373816e-05,0.00016452029146878683,0.0,0.0
1053002610,2011-12,Central,1.5123148158671182,2.993226354349667,1.82800970641488,2.1404045111888603,0.42416999024784174,3.351131735361093,1.561409479712201,1.8652453956599129,1.6008280942198354,2.168950657176942,0.714952131963659,3.2546798545542255,3.7875111305762736,3.1331725564482396,1.1990525057908812,0.0002518190771440077,6.711428082811277e-05,0.00023035856985634444,0.0,0.0
1053003002,2011-12,Central,1.6032740681376623,3.379253973244771,1.7190719240187475,1.9627785743393886,0.37166758896382585,2.854215656188914,1.638060023228359,1.9432199964193366,1.5886161547801552,2.077852361771597,0.7190636274539807,3.5454975747719404,3.732667057385915,3.347960057887627,1.282566270300556,0.00018890311022747483,3.98277480254279e-05,0.0001574037496845431,0.0,0.0
1053003003,2011-12,Central,2.81703317637805,6.92877656397298,3.126293631377033,3.510627359003444,0.6771551076922148,4.602761348868831,2.6093820601033717,4.107817326272439,3.021481497688663,3.7476976753581543,1.2414203246322781,7.049620676993289,7.207681684947292,6.614004851913862,2.626492186760901,0.00020175094486532012,4.1419068151158434e-05,0.00015234292716688436,0.0,0.0
105300300504,2011-12,Central,1.5315521837172315,3.000352067999352,1.6904321608204471,2.0674447751947524,0.49410170724414976,3.709518094195975,1.9103723879226528,2.00506153034189,1.5984202880491203,2.0812526183347755,0.7155023255405656,3.6798439748918828,3.778425277150516,2.773534178002782,1.2089360129384916,0.00019000783869853354,5.5143579274465706e-05,0.000212722173840455,0.0,0.0
1053003006,2011-12,Central,2.712092772813953,5.084306524917574,2.929268718339443,2.877123104655088,0.6306679903532582,4.903539045196133,2.37033281350808,3.168273844237871,2.723687834344013,3.2688227486806,1.2052479562581448,5.40281245499587,5.594765513822962,4.816185831536648,2.055741849820196,0.0002850998549414394,7.069312729670385e-05,0.0002669110700650628,0.0,0.0
1053003008,2011-12,Central,2.1483616158707317,4.754859013848646,2.3589905521520045,2.964547283519131,0.6077481522692515,4.13283873905703,2.78726261379518,3.02314614968224,2.247693490234405,2.985619112291122,0.9359889434054863,5.402488887891474,5.674051815095738,4.448829845044467,1.8397725048771476,0.00025126328335265785,6.103128047344389e-05,0.00022712809666755707,0.0,0.0
1053003010,2011-12,Central,1.1854754153970606,2.5379476793942937,1.4440247142097504,1.5497198528771636,0.3031096168140321,2.491014674096082,1.0139154368092238,1.558384471753132,1.235808817322534,1.6896973778646913,0.6248536448963008,2.585375460836026,3.1140936908845545,2.4565087034059783,1.0105991176020919,0.00013609615750456662,3.35056675850924e-05,0.0001189010193004042,0.0,0.0
1053003303,2011-12,Central,1.0861735213380466,2.381258938560741,1.3126296193012437,1.5723207119474525,0.26304310924943686,2.1749985657856525,0.9556177145109093,1.342230604771264,1.1082504874886678,1.663172134786892,0.589395966109681,2.1803610664930884,3.119209972696674,2.6387249821906527,0.9363908768461323,0.00011845706488709909,2.7912908018728468e-05,9.5729497312858e-05,0.0,0.0
1053003304,2011-12,Central,0.799642266613515,1.702402627024006,0.8903988552150242,0.9780560381623734,0.20396679792416067,1.4885555094345844,0.6614303568949124,0.9594751771366732,0.8953370877056055,1.0773778751080108,0.45811832514547735,1.774137176684946,1.9837952031475106,1.7608011911588128,0.6708260564308633,8.843229257629118e-05,1.8015953836155475e-05,8.624120177308632e-05,0.0,0.0
1053003305,2011-12,Central,2.610973996188077,5.4490270355324,2.8369566455864326,3.097949493744554,0.6235455701997606,4.637231311320374,1.9876561214546862,3.1941552823084423,2.907778232045942,3.5319869505655017,1.3603107376937225,5.680087833723085,6.462460681728857,5.80363646233825,2.047197071072404,0.00032758536267182744,6.879292616108375e-05,0.00029239592077977803,0.0,0.0
1053003307,2011-12,Central,1.5509545480197149,3.5819540517884056,1.7530966231227312,1.9961642048928092,0.3637069833645527,2.827643684706313,1.2874962248874726,2.0415907493954633,1.6407443536149897,2.183366401069056,0.7654824167572961,3.4893277974574346,4.291764955181729,4.137333954093743,1.3337238562713596,0.0001245856530861054,2.427230252995901e-05,0.00010293610067290205,0.0,0.0
105300330702,2011-12,Central,2.429940940669859,5.3997035390317505,2.6935787109588816,2.997230720303377,0.6337350158609244,4.759618029321678,2.1096006815671133,3.329197372109397,2.629460399599191,3.137536004178042,1.1186543299069442,5.98084568175188,5.49728214483692,4.095231216121843,2.089990930525602,0.00033885551773721936,8.647416783813456e-05,0.0002841400553040541,0.0,0.0
1053003309,2011-12,Central,2.516204001909595,5.14815588542106,2.5436579296361117,3.2078048917902535,0.8141994084021491,5.330948591412971,3.9265509029966137,3.409056420517831,2.6367593506600158,3.1469474752407613,1.0254117459487329,6.925675041868108,5.993702717699053,4.064743585018295,1.851039980769511,0.0003163970887004081,9.671005352729454e-05,0.0003526655147120946,0.0,0.0
1053003310,2011-12,Central,3.2434146427556474,5.646209442078328,3.600202830693204,3.7807928742956802,1.1691574668139728,7.03528755251831,3.0772517678639866,3.8973947194104643,3.120163813581816,3.9405523118111896,1.4023963728688746,6.960117788351372,6.10485773171837,4.963861677501607,2.4687902351831643,0.0005010623072968088,0.0001986354146783778,0.0005540340675614635,0.0,0.0
1053003312,2011-12,Central,1.9474061006186663,4.157504539142493,2.2158532565274687,2.459842077040535,0.5784339150889616,3.9260299920079142,1.9913323884113863,2.7097444002109268,1.9992462031482638,2.6053167052951456,0.8430268715816004,4.720200270495683,4.7176054495545685,3.6704556459831608,1.6527010879738282,0.0002167543257727046,6.116658790668375e-05,0.00020368065172227755,0.0,0.0
105300331202,2011-12,Central,0.8681790081502869,1.7653545888893944,0.9373977884069182,1.1012464991595061,0.2600493477961812,1.8525160453505884,0.9520442543421676,1.1006483525074064,0.9167242307931331,1.1615212079775923,0.4553304237202919,2.1152015703159366,2.163260644700892,1.7109009217562576,0.7083433363519209,9.967887637008492e-05,2.5034029730560317e-05,0.00011093655031642205,0.0,0.0
1063000301,2011-12,Central,1.8833907746374783,3.864314672151921,2.1712884172392672,2.513484274085152,0.5320335773913227,3.953309652660057,1.897424236940388,2.437192276997383,1.9537902774517915,2.6302773373557287,0.9026374609224442,4.195995178599931,4.663610937883328,3.6580127112754113,1.5975125466495967,0.0002043031684400163,6.376235982765025e-05,0.00018655960457695183,0.0,0.0
1063000302,2011-12,Central,1.1666429589293221,2.6811055583899535,1.3300419368003171,1.5984474775319868,0.3071739871384028,2.1471142450640497,1.3322724945614466,1.542195279056819,1.2625367256236806,1.6580663087634875,0.6272117722657061,2.7860505000785,3.089894071045395,2.604389427945547,1.0320155479278843,0.00010043142663549992,2.2745410627514755e-05,9.005977447094672e-05,0.0,0.0
1063000304,2011-12,Central,0.9422834724689283,1.8944010704219976,1.0907570533026927,1.1945433332965831,0.2587585247532098,1.9717919595002416,0.960265227100124,1.2217586287060933,0.9368054797506463,1.3014681327079227,0.5021983788104049,1.9968568884701878,2.4713561273124975,2.097937944088176,0.8010759664540785,4.8668220741631614e-05,1.2992873410661834e-05,5.609741331778955e-05,0.0,0.0
1063000305,2011-12,Central,1.7025713441705468,3.2464542783151003,1.9133075996618263,2.2039981367564296,0.5549738572525292,4.0331635434178725,2.1783753197913946,2.2011059318745603,1.759285984628111,2.241771425951602,0.8307926301503976,3.781566275372839,3.928247591565162,2.908270244957699,1.36642391980736,0.0001374775981641241,4.27708083177275e-05,0.00015741725929295373,0.0,0.0
106300030505,2011-12,Central,2.4270098626139522,6.449296737718379,2.6693805751937174,3.359215946295244,0.6425099850470247,3.9881401489052006,2.1706574193890114,3.541572800444418,2.7991771534411103,3.4218624092381704,1.2562098854539252,6.4850755082001275,6.571625230600846,6.05652100921171,2.352877277152036,0.00025114701272723486,4.7509264277036265e-05,0.00017948384396469468,0.0,0.0
106300030511,2011-12,Central,1.2316417053218138,2.7173782819415733,1.3495351332308172,1.485824820876002,0.30556882833235766,2.21325989652834,1.2238698060812765,1.6101032629723298,1.2666401416426911,1.5976939814838378,0.6311481638409132,2.8715664825634963,2.8781337386516967,2.3241560622037127,1.0824660502050045,0.00016152737107610313,3.4875227845976814e-05,0.00013897463071077803,0.0,0.0
106300030512,2011-12,Central,1.430044314866678,2.899941860894012,1.648035999557435,1.9053562626660012,0.36723578176399413,2.8457455965155924,1.4920508868315956,1.7127315697131584,1.4961442695467033,1.9951709609190247,0.6745499053904331,3.058052364147282,3.445790748370589,2.928115262211883,1.1355006342216847,0.0002628750007889196,5.904679586248575e-05,0.00022784470085923268,0.0,0.0
1063000307,2011-12,Central,3.446862405783525,8.500805273155834,3.6327246790187315,4.705903325188451,0.9388673134622173,5.535569823717291,4.204278980418804,5.024545736452026,3.784964285189668,4.555967542605126,1.49521408087188,9.817087492923125,9.002500934822722,7.618085043892407,2.984018225872604,0.0004598764321696686,9.854494975064328e-05,0.00035808507069344986,0.0,0.0
1063000308,2011-12,Central,1.345019999975546,2.7410459711733792,1.5505006626097473,1.707522527697381,0.3640534527214275,2.8633732556643174,1.2774701775833215,1.7677994416361458,1.332247577526973,1.8368430798629192,0.6666505277157115,2.854566080583768,3.3940809928456073,2.6647865409332123,1.134330157898307,7.0394318455233e-05,1.9556630534204822e-05,7.4310393559133e-05,0.0,0.0
1063000310,2011-12,Central,1.3896795102331565,2.9862520900805527,1.6463662697934907,1.8562174353008598,0.37637527044597036,2.9823001771245368,1.5389302807868546,1.9630266153758915,1.4444014923762107,1.9998113379559082,0.7287696695487798,3.153714115939281,3.6329476654728974,2.3519869029344687,1.2188916896913693,0.00010104707669877625,2.762658236836036e-05,9.926413217926519e-05,0.0,0.0
1063000502,2011-12,Central,1.3423337590800029,2.9989557363063164,1.5435571276262976,1.7239449455431148,0.3504932758061021,2.596199303588528,1.313368304769823,1.8510704647847207,1.3868485971403257,1.8072729355851456,0.685990058568791,3.1925390106689373,3.3126981667813675,2.5307951541930382,1.1944483366430794,0.0001674666949663061,4.2097981331308986e-05,0.00014383480693055977,0.0,0.0
1063000503,2011-12,Central,1.5015560454542143,3.126703502739261,1.6493652694132355,1.9889170211010943,0.46420869874356413,3.248694034868266,2.150722985371558,2.0050021472267767,1.6268110261397524,2.0273304279031708,0.7273022260316889,3.733266786630669,3.6355683623319717,2.5167320158632873,1.2148690621914788,0.00014367973738620718,4.2264234438929784e-05,0.00015392726076150434,0.0,0.0
1063000504,2011-12,Central,2.1535836732270046,4.219709463337311,2.2939735099501393,2.4919599267043173,0.5831987268402014,4.502406416957471,2.2362597467173146,2.7139475513666635,2.2166988676504285,2.6311037175224645,0.9784856633898021,4.918169438604278,4.496362638821906,3.4354295490370745,1.7046003505468903,0.0002784952517229152,6.855267734717914e-05,0.0002788890719107211,0.0,0.0
1063000505,2011-12,Central,5.5181044291955885,9.392140295564634,5.581027514844279,5.099689337063267,1.4134176916702397,9.29353086862037,6.994671459591077,6.276938735303971,5.062828038760681,5.551085528261757,2.4738158833793236,11.005830536336376,8.308065047955347,6.65823303529634,4.160142808640871,0.0006591083787347913,0.00022598001556621417,0.0006564700292186672,0.0,0.0
1063000506,2011-12,Central,1.3739336721312376,2.587276497628189,1.5575620079804866,1.5605569138896382,0.40709999920238954,3.23227810584752,0.9466534437678681,1.6957788208325746,1.3981116290408095,1.7799918359742064,0.7165203854927268,2.7809429758249316,3.1402610214918067,2.4704911745476434,1.1344392506587642,0.00015178211117626453,4.417539056622625e-05,0.00016333940909548148,0.0,0.0
1063000508,2011-12,Central,1.064856849352511,2.06597931978388,1.151348007886148,1.2528439357885848,0.2853823005171426,2.2576207735695366,1.1385883988153624,1.291018305535251,1.0757550066711372,1.3599960418722548,0.552955066467855,2.3078181735441015,2.329077624711248,1.736495748913693,0.8628646480271019,0.00014559698250928477,3.445276190393504e-05,0.00015030840856017697,0.0,0.0
1063000509,2011-12,Central,2.4892618760416267,5.562244652068333,2.9057325660099163,3.455164771418448,0.7037112982019604,4.8174859161167545,2.54986327929627,3.3806423124139795,2.639563024843327,3.4919112805368786,1.1454940254409565,6.016862237050897,6.0555075979466855,5.134703837928887,2.136548817975692,0.00039478167044841556,9.678165605175839e-05,0.00031970236349886057,0.0,0.0
1063000510,2011-12,Central,2.007204146988589,4.2028452983124565,2.1510786049258437,2.3296722160323573,0.4887769334927997,3.657147910836158,1.7679773774640317,2.4926056368890572,2.0093604751580942,2.5260700714517474,0.8891842097514736,4.4046554535258915,4.537699214553167,4.025154924024523,1.617678319666641,0.00015227088205649374,3.566893264611018e-05,0.00013551234156017783,0.0,0.0
106300051003,2011-12,Central,9.088083772799884,18.487495919383964,9.477054328004257,11.728495220201617,2.717335636703778,18.932775989656573,12.762571338280441,12.94564861581499,9.64972382165783,11.532188238433978,3.0984672797046575,23.257048496900154,21.14593448860555,15.307198330632074,6.837267457660532,0.0009970071610757554,0.0002500307021135293,0.0010274700675402962,0.0,0.0
106300051004,2011-12,Central,2.9823455322832193,5.548548569441111,3.468535616221587,3.722222550627421,0.8911364305591176,6.677211390433605,3.9440459490444164,3.8314639858007844,3.1553613023676004,3.8293771319308956,1.2639020101908236,6.437116222268352,6.450370574063632,4.848053969199923,2.2767791442775653,0.000373683255324567,0.00010601231482577389,0.0003904127098761357,0.0,0.0
106300051007,2011-12,Central,1.4115374518161978,2.999671929000257,1.5319404620036816,1.682469750584174,0.36186778962164096,2.619598666698421,1.4180027376670892,1.824665206604496,1.4632764553940487,1.8014195801628932,0.6986565976823261,3.2898330940399654,3.2236004835815626,2.6187835813976883,1.2078460565869757,0.0001706898292780493,3.824585386313138e-05,0.00015537781565134985,0.0,0.0
1063000701,2011-12,Central,0.84115513362642,1.8003587334961784,0.9974009222654919,1.3607238351804904,0.2964146743475956,2.0696367276528154,1.3101478325708442,1.1049622124479574,0.9771154350039013,1.3252518361726795,0.5394385531097851,2.0995479514399995,2.4121660628948893,1.7420487705657641,0.7208528487642405,9.542952792658478e-05,2.6583939922405762e-05,0.00010839677739264089,0.0,0.0
1063000702,2011-12,Central,2.157690233285414,4.66487640074504,2.380688134228515,2.836230567778307,0.6317187387765911,4.258083243487024,3.0537564081182635,2.9225835391361983,2.32046123883927,2.852178520203734,1.0799670234948153,5.288344228237447,5.016363555187794,3.8169933834918237,1.8266279473792841,0.00024512318696235893,6.147784110309967e-05,0.00023037167756814056,0.0,0.0
1063000703,2011-12,Central,1.1476886564105335,2.0110466964148843,1.263675600194405,1.1898079114966007,0.2837028939120389,2.422463116732967,0.998162791607999,1.3103516682994958,1.0425259050811169,1.383198264299981,0.52285193166188,2.05720556928504,2.423534327470605,1.9025382605943162,0.8739768834672231,8.330733829261813e-05,2.4620163462135393e-05,9.224554019416552e-05,0.0,0.0
1063000704,2011-12,Central,1.5027448193301844,3.199490886132116,1.6325224510657015,1.962377632283281,0.4045443001394758,2.994112046520193,1.9606381867526559,1.9247946228618091,1.6285610896018197,1.9611148464939485,0.7390125949867672,3.676854168758201,3.5096618820190333,2.79002147531526,1.1898710854378702,0.00015591969093126229,3.534770265998503e-05,0.0001485486971615543,0.0,0.0
1063000705,2011-12,Central,2.3730320760398635,4.630273213976221,2.5509669292461594,2.6725642354706536,0.5650086172422143,4.731723850756449,2.047622332053939,2.845293407652443,2.7010936085678643,2.9650583327985727,1.157394086453538,5.134967382455188,5.312083009718414,4.473985012597409,1.732405346532926,0.00031037998478633804,5.95929570789769e-05,0.0003122320926020095,0.0,0.0
1063000706,2011-12,Central,1.4267198843800433,2.731480222808478,1.5654122381616655,1.8245558151497951,0.37297730965386083,2.9622113228982427,1.6641802617110149,1.6986815733997331,1.4150982639105212,1.9026339953240623,0.6459170488992332,3.0414944892455096,3.39220754157456,2.904469017330806,1.1001029014049895,0.00014248518694290698,3.554860021177629e-05,0.000140173762402757,0.0,0.0
1063000707,2011-12,Central,1.6002912952706076,2.6516044626241513,1.8617673254994855,1.8342332448191054,0.32214554909954135,3.6692072431129406,1.275333844901622,1.7015538551405873,1.3210674057176612,2.1962130090462457,0.6401238423962363,2.2653872763729344,4.2090281790166095,4.077051221655816,1.1118769506195676,8.752434249048931e-05,2.1103782403346224e-05,8.170204788096678e-05,0.0,0.0
1063000709,2011-12,Central,2.358795876511785,4.340190194142982,2.7083951318092754,2.943896971951774,0.6859527302693826,5.018374332076006,2.62481583944347,2.8584431151872725,2.3819154946020094,3.152883198438667,1.0521289540305008,4.856828058084824,5.24137658008178,4.316503281837829,1.8306062200384503,0.00041560957059616623,0.00010816068742973998,0.000429744536948353,0.0,0.0
1063000710,2011-12,Central,1.4982613474462176,3.0359461221006607,1.8219891256741936,2.0506976635864484,0.4477188823026103,3.1365615809709806,1.6422719397373677,2.0527441036262286,1.5443905064435253,2.170394639847921,0.7338931690458191,3.264681124804318,4.085539191880205,3.5844826180122213,1.3252203876753819,0.00010396622738740924,2.8515774810734775e-05,0.00010274592576413918,0.0,0.0
1063000711,2011-12,Central,1.3970545676445405,2.973949126010193,1.7249138372278032,2.2929200476845346,0.4705557118967736,3.359693160200367,1.8407677419286683,1.9090503507219454,1.5291787252746158,2.1776373521919288,0.7914778634737111,3.235439456346897,3.947547962343996,2.8763386188316575,1.2249660008374514,0.00014219426111432247,4.1721669428753305e-05,0.00014274490842671616,0.0,0.0
1063000902,2011-12,Central,1.5589994536877556,2.585763259354828,1.9006216205791033,2.0725611852977295,0.5575558198716823,4.010272827926374,2.280890943571896,1.8378285921050155,1.5419919072401842,2.149482968575242,0.6732828133539143,3.0991406234517465,3.51789352513957,2.731938391406337,1.1463783225052706,0.00033626029711626254,0.00012578625929163896,0.0003951243095936712,0.0,0.0
1063000903,2011-12,Central,2.811641642951575,5.231727388455609,2.951886937095078,2.9690937998840563,0.7459724325630958,5.649380125682517,2.1549185613535733,3.3881534345031,3.1958558056053206,3.574046422062028,1.5958888275353464,5.972721558476231,6.078794177478203,4.721479419368863,2.1095253982396063,0.00035993988929030593,7.774701608670609e-05,0.0004221231769577325,0.0,0.0
1063000905,2011-12,Central,0.9784883109703985,1.9944139945291903,1.0588075379509596,1.2323133085412858,0.2483666251742202,2.021707876379484,1.0681460277028274,1.2288156100769332,0.9698753333553042,1.28416087624906,0.45584118080098823,2.2462850040955997,2.336692256308027,1.7916753363368458,0.761599444296729,0.00010817339858287497,2.7144635599448026e-05,0.00010488337603171841,0.0,0.0
1063000907,2011-12,Central,3.3224434237561815,6.840248461843493,3.7913918124441333,4.267224190932947,0.847070209654226,5.976501158051482,3.3531686356075143,4.239411954652514,3.553267293719761,4.405415353648639,1.352861047780075,7.569197559553574,7.850151473875225,7.61482157902236,2.5971304812458413,0.000475816352926618,0.0001055145638400974,0.0003953394038436194,0.0,0.0
1063000908,2011-12,Central,1.940128270161591,4.247589149179623,2.1718056477609227,2.3510559607590036,0.5019846035583755,3.9258781462585617,1.5805527018768244,2.6284741571983536,2.0155839816189847,2.5435817173745545,0.8987453286455543,4.525549567619775,4.591764218479761,3.494859838501387,1.6572427889023327,0.0001557709830414226,4.071637576528274e-05,0.00014036572327323602,0.0,0.0
1063000909,2011-12,Central,1.1775545735904926,2.4964762162661276,1.2530581144295045,1.333036211918741,0.27595513513468506,2.2975061468318065,1.003440292142268,1.4948196070433004,1.126264673624857,1.4831409058350582,0.5555888109776681,2.5681350190438064,2.675595736551309,2.07748566864168,0.9564712066451814,8.696734415276321e-05,1.9867982400896907e-05,8.230759035192091e-05,0.0,0.0
1063000912,2011-12,Central,2.2789912410366355,4.740948494761128,2.4961243663023494,3.0801397840796993,0.7776299180113025,5.239076016214354,2.5943326389611876,3.0932531546245494,2.501489835732488,3.0864876662706537,1.1615471326862905,5.6332667203427915,5.596724624794948,4.2735319344631595,1.896273141123505,0.00022259451520466057,6.047850979145495e-05,0.00023687827874847246,0.0,0.0
1071000101,2011-12,Central,1.753022506460468,3.5908164261921716,1.848085493539911,2.0704034258084834,0.44587120291456994,3.2185766087796375,2.1042707777935243,2.152350495152974,1.7935282088118332,2.1518534524770665,0.8423117157042987,4.045545509134843,3.699025556795542,2.97365752697553,1.4045103682361584,0.0002571408445162766,5.532743580780541e-05,0.00023871532341569073,0.0,0.0
1071000103,2011-12,Central,5.635885062747709,11.19625493856393,5.722212960922102,6.057502360937973,1.3322258766441848,9.408760675029,7.0899847801979705,6.999645329407768,5.713136827217089,6.181948300959427,2.343748181630439,13.00362376737314,10.161322953018603,8.530881667000923,4.204597799402764,0.0007568802674041573,0.00016302036528704927,0.0006458984002247861,0.0,0.0
1071000104,2011-12,Central,1.7436246306784944,4.201960028782573,1.885812693003809,2.154195141094035,0.4400503779197793,2.745432335911539,2.0147131911786507,2.342128548395549,1.9063675316106812,2.2385226389346826,0.9466383500734522,4.357756697393871,4.02091211980192,3.7010395993167506,1.6037029794601099,0.0001960117956789988,3.6880268176536356e-05,0.00015618371981984192,0.0,0.0
1071000106,2011-12,Central,3.726718848090977,8.027251730881106,4.439801983722698,5.205735190718547,0.9578792689373791,7.460066005117741,4.121553067347226,5.320433823607335,3.66095355610738,5.43204947427061,1.4934979422076842,7.864791248415351,10.331858082030807,8.705487210509107,3.2596428348296227,0.00019452772664776995,5.0134772566205235e-05,0.00015997921818799592,0.0,0.0
1071000109,2011-12,Central,1.0124286975107257,2.135011793611064,0.897993956747608,1.010952900742946,0.25385649819506806,1.9340525643623585,0.9264163843684139,1.3688114056888787,0.961143241516264,1.086458683235222,0.3681056216873044,2.6752439262288203,2.0648859066369396,1.456211838070701,0.7139671087108074,6.558114402468185e-05,1.9254748210090238e-05,7.476685955173325e-05,0.0,0.0
1071000110,2011-12,Central,1.5549202838987204,3.1968998970367375,1.6795760347954833,1.9447476267309067,0.3806517304112337,3.00733966030781,1.517218880854885,1.8990351622601005,1.616798384568675,2.0753404306373664,0.6792593598738473,3.5480523234171213,3.9881232209653867,3.4684235859502466,1.1618011025895476,0.00016784511850855303,3.836459851624069e-05,0.00015583486967141717,0.0,0.0
1071000111,2011-12,Central,6.937785851516928,16.537932051821,6.931413051679249,8.940836766585077,1.6777496516901675,11.274183630982114,8.823723998960974,9.375384524329816,8.007292272231352,8.498435891640938,3.554780517962697,19.44862145230285,15.61479825952201,14.673333907749301,5.257653306632148,0.0012495276467689624,0.00017993198113473057,0.0009344282065762775,0.0,0.0
1071000201,2011-12,Central,2.4747322699117706,5.240011383480899,2.755960080529958,3.0524052608632912,0.709123764511475,5.148853561450729,2.479592772556782,3.431900282995315,2.543706643649795,3.19243874866156,1.1165198811223909,5.776804690494007,5.671880347220908,4.1480219246297105,2.1062471547997315,0.00022136949063349053,6.147789069145163e-05,0.000210847583040125,0.0,0.0
1071000205,2011-12,Central,1.2779859076501572,2.9433461796577616,1.369060905109279,1.608800579808579,0.35325691764674355,2.3739442760714793,1.6211540139566905,1.7771141205127172,1.340068870863272,1.686277953371098,0.5962287192219411,3.338109552179912,3.1166970471671624,2.091171219318087,1.069591585392916,0.00013990052566644558,3.7174825216398273e-05,0.00013206026997826796,0.0,0.0
1071000206,2011-12,Central,1.557821647826023,3.0464018648965756,1.7520693694142517,1.9899714977895069,0.4482308094348879,3.525087648339295,1.7634098603219328,1.9923061530115165,1.598002989998448,2.095352902722348,0.758852378444956,3.412780905524453,3.7088984824556954,2.855553404017871,1.2597275394824832,0.00013122066363087555,3.492785311351246e-05,0.00013985831919375617,0.0,0.0
1071000207,2011-12,Central,1.9140100100086124,4.505774543325908,2.1192143095324583,2.456715944051724,0.4529927663266095,3.3260839832196907,1.7299421335185594,2.544867799425957,2.0364080158779156,2.543433709896342,0.9034457571230665,4.662671149956818,4.575441986746594,3.7538351575361766,1.6626636254766383,0.00027296905750787137,6.027236488768693e-05,0.00020094900022510354,0.0,0.0
1071000208,2011-12,Central,1.5381951867009125,3.1442061266116688,1.704015874891359,1.9964709140759302,0.43875666682389325,3.2012899302061437,2.0316790625151966,1.951246607087834,1.627283315645189,2.05620151751414,0.78153324130238,3.573050643667324,3.6394816403964674,2.884372804239308,1.240303250484432,0.00014630707740569923,3.797017008862194e-05,0.00014853774553868243,0.0,0.0
1071000209,2011-12,Central,1.4225153713142034,3.383572933864612,1.5008201885680383,1.8633334335790066,0.36227035627091847,2.6263141440944,1.6083870327198477,2.001071009385529,1.6414240020816055,1.847956239248283,0.7077179432720506,3.9023082705563654,3.3663854542693032,2.37858014472979,1.1914209192147498,0.00015800072208925993,3.262706825128781e-05,0.00013695418360731146,0.0,0.0
1071000210,2011-12,Central,1.8283636658775968,4.110808006835959,1.9707300557372807,2.1213677918450915,0.4673913997131206,3.2217514457559937,1.562647755450653,2.460577758938908,1.901824703363677,2.3165355336546662,0.8567135509085911,4.264945641806767,4.212297703364799,3.4269752931246265,1.6231995771570102,0.00013097186351150895,3.068365984782207e-05,0.00011673530110944685,0.0,0.0
1073000801,2011-12,Central,2.1011015908601305,3.931164667507095,2.311729729693626,2.441301341124324,0.5787431747551511,4.45982848441542,1.9040412720212259,2.581679835197383,2.0502790363294823,2.630554875820033,0.8024228867079831,4.470807538450485,4.667585354664249,3.995562807708238,1.5556287261115704,0.0002496255507246522,7.133695695277776e-05,0.0002471177582741844,0.0,0.0
1073000803,2011-12,Central,3.898077712954949,11.91909328103491,4.269512191472024,5.908961285211474,0.9363752750365106,5.721694862961548,3.929756866580308,5.935403235027918,4.537609637501316,5.658585126267561,1.9768915180507767,11.187651688442946,11.190979160553631,11.89162855467986,3.822842857963809,0.0006205784922436585,9.238949463178062e-05,0.000338488310850868,0.0,0.0
1073000808,2011-12,Central,1.2351699740026025,2.546790070610019,1.36839071894223,1.5518631245592087,0.33479706720573177,2.60497512356785,1.2911783963153993,1.624936747410859,1.3169083667711183,1.6024323460709857,0.6168580191570994,2.9552503303060695,2.884323168060821,2.2046603906941957,1.014857206228738,0.00013973009744735066,3.453386502532597e-05,0.00013815882734139192,0.0,0.0
1073000809,2011-12,Western,5.912972986306056,10.191679634006382,8.078402666132963,9.475992341339248,3.2758691149244825,13.593514420024835,11.916526232463122,7.6375656180183515,6.053582983205186,8.665460860763245,2.884278802217685,12.1745892676635,11.307645815154205,9.680053175097378,4.837951757761191,0.0009707366197302211,0.0004368314788785995,0.0011750601074823094,0.0,0.0
1073001201,2011-12,Central,2.6395258911372097,6.335730039082027,2.826787892440057,3.4047540975522046,0.7432414698505974,4.642585446285634,2.3655480045619828,3.657123803278293,2.9190708613242164,3.4675970279591612,1.3914254971655446,6.721471668998379,6.347499349525341,5.462908804827556,2.3924240181183767,0.00032662601562238923,6.50541441903514e-05,0.00026325090771964725,0.0,0.0
107300120302,2011-12,Central,1.3338704801314922,2.803477368523486,1.5504529385775891,1.8767938885771007,0.3976149258421368,2.9970775663731324,1.5367739284049942,1.7935269396684765,1.5030720792386583,1.8670575209169165,0.7108281707433802,3.1862303966168164,3.5357791234267943,2.814964792846567,1.094869576614976,0.00011849229567196147,2.8590256760786266e-05,0.00012367008487189365,0.0,0.0
1073001205,2011-12,Central,1.1256360389399287,2.263250567108936,1.2619929730204669,1.328437048262512,0.3139533427475067,2.3510308848865034,1.3047977994305635,1.438009686980531,1.147149909634632,1.4234638812313194,0.6007530146484982,2.4977091797121393,2.4483275924167227,1.7231737890600909,0.9319680414789661,0.00011474264268183687,3.186588912616423e-05,0.00011957835349292674,0.0,0.0
1073001206,2011-12,Central,2.9731382163142404,6.890966889498189,3.0984879517119075,4.012982255681822,0.8460905429875119,5.210664885846757,3.9309866356672845,4.138030293068277,3.220067310370332,3.860107041230782,1.340680147636965,8.317774303255716,7.370056875939866,5.668439505837538,2.4147801391498063,0.00047817568031628265,0.00011011929567449663,0.0004135120572357273,0.0,0.0
1073001207,2011-12,Central,1.5234237697404784,2.805282254714541,1.7486108381480399,2.1130189966097923,0.45141123550524226,3.440934409561617,1.9875317416680345,1.8406021850653989,1.4933888871809966,2.150482744779707,0.6320256655043147,3.2550014930758775,3.7933056765504203,3.2653072215347794,1.1540008761246112,0.00020814779461137686,5.993541407336522e-05,0.0002089064500810956,0.0,0.0
1073001209,2011-12,Central,1.7255019667559748,4.246789610025992,1.930032276617543,2.4543503862276963,0.4412155674208463,3.1577592119872246,1.4752684129815627,2.3069301967586355,1.979388736478054,2.4785048475190417,0.9186035018228286,4.473278769132286,4.610270942461781,4.073081368661655,1.5153153123227645,0.0002731810080315501,5.6256766908192094e-05,0.00020023160076850844,0.0,0.0
1073001210,2011-12,Central,1.5027592836511605,2.7189099170623323,1.8108780679127363,1.9594065242694767,0.44012888883902834,3.6874718201061487,1.355273534484974,1.848413110393988,1.389792979604658,2.1067715717168056,0.6958886616603315,2.813900014622103,3.740438246675154,3.2655696659355598,1.1914702432881163,0.00010014445817490587,3.1574208150686885e-05,0.00010481690117485953,0.0,0.0
107300121004,2011-12,Central,2.0416416318952617,4.224970935928598,2.0935013425087345,2.6284591923759706,0.6276789620972961,4.188139193497538,3.0713044330461967,2.6445374775351125,2.207206956733256,2.585291016750532,0.9902612628909672,5.534313834810792,4.831122127503078,3.4672616429358873,1.5263990858303587,0.000300078628772558,7.617380576534165e-05,0.00032025006594036873,0.0,0.0
1073001601,2011-12,Central,6.4979227629142695,11.09833954088378,6.5640864298987855,6.026007350620311,1.664669259314985,10.86298897699579,8.236387215691348,7.473549834545701,5.967359141548043,6.524330190544947,2.8278703874076387,12.993794895501987,9.76335927250387,7.840983254447831,4.896944205657962,0.0007648742789866998,0.00026224260993829707,0.0007514628441575618,0.0,0.0
1073001602,2011-12,Central,1.2758329418498486,2.5279540296051763,1.4298517039711778,1.6980261609534675,0.4239647352145691,2.810602519778985,2.0241328643841503,1.5658654482412497,1.3874454689645834,1.7164555050768904,0.7308189298858235,3.1699800479646365,2.6757347912695413,2.168768664209509,0.9848796197708856,0.00022199757936223292,5.6353231684259126e-05,0.0002450895073555177,0.0,0.0
1073001603,2011-12,Central,2.8645478705954033,5.334371979809093,3.0063393106194285,3.026738625964182,0.7601117191313292,5.7499653290794575,2.1953285236873015,3.4569216465560677,3.2565639211355544,3.639941297192948,1.6208827055161636,6.091499641650138,6.192848209871519,4.813378208003903,2.14935065082949,0.00036643637832900456,7.915025771906497e-05,0.00042881798237962314,0.0,0.0
1073001604,2011-12,Central,2.839669062065237,5.182472045173136,3.0752212850062945,3.431183670241668,0.9573279154582364,6.38894042816125,4.533443617014589,3.597835477406135,2.8779925154551522,3.5340845756384884,1.3451419787690488,6.438688166568071,5.897121562219947,4.251587996885868,2.2367801586540264,0.0003366140965046694,0.0001298368657946582,0.0003820232349824795,0.0,0.0
1073001605,2011-12,Central,1.2909857737631267,2.6226870499492914,1.4560666968156213,1.659699270747572,0.38253209189553466,2.634365264507807,1.4156847822819456,1.6280528957534204,1.2859948470494758,1.740491001331607,0.5914248489478877,2.9489093556624333,3.0624697701103636,2.456998813025148,1.0341442267367948,0.00016268729608894103,4.557886543559079e-05,0.00015764012320733595,0.0,0.0
1073001608,2011-12,Central,0.8275220132984897,1.56460213072598,0.9328373923967247,1.0355543708408417,0.25811484932800993,2.0167929112939627,1.0073408151176813,1.0134814695245828,0.8612248722918268,1.1058713866097092,0.4837947943240908,1.8000878247510292,1.9057931391404455,1.3773892563715726,0.6691103536616076,8.151254730621002e-05,2.2327349914309704e-05,0.00010033953944136642,0.0,0.0
1073001609,2011-12,Central,0.7619926035482834,1.5167251463401143,0.8870350098549832,1.0864431262022614,0.23515074544843892,1.7809551904965821,0.9687857054523694,0.9675964754307745,0.7684623316126505,1.0995155951351603,0.4286812056707357,1.685822405915983,1.977689270302813,1.4404550724722962,0.6279313835179576,0.00010491432921810481,2.960203340478681e-05,0.00011147482608815514,0.0,0.0
1073001610,2011-12,Central,1.952740496639473,3.7478060600994914,2.124318566944888,2.4835684446051305,0.5372040454388168,4.120177283869797,2.4727250107574887,2.4112997498637045,1.9881254394210215,2.5400122790809747,0.8636930991782337,4.334960479063461,4.455150219078807,3.5921625653165257,1.5104110924113685,0.00021459455570948372,5.4867926175720266e-05,0.00021495680815497293,0.0,0.0
107300161002,2011-12,Central,1.7505095760498977,3.5524839054170534,1.9451463336248647,2.1638180812147576,0.4571901968360377,3.691193119882193,1.875006621152276,2.3299480736449514,1.7779004997448313,2.289090845886645,0.8074106191705169,3.825025668380275,3.984726828447031,2.698931028156209,1.4209168275540665,0.00012569515715726273,3.3060097126910225e-05,0.00012342018605543024,0.0,0.0
1073001611,2011-12,Central,1.1560037291821335,2.505950882951067,1.2989641632869233,1.3905290464988096,0.303034662039957,2.2680202043085944,1.006470644363341,1.5176080701855457,1.2114167330702685,1.5237034983874587,0.6138961795950665,2.684141813862156,2.806778734617956,2.327434076820665,1.0046588937065362,9.519561472234991e-05,2.3025853445023152e-05,9.21238587112781e-05,0.0,0.0
1073002002,2011-12,Central,1.3514000097756595,2.8934150720482523,1.5349952264034505,1.931549559874443,0.4719415533943584,3.304897539330808,1.6038305178783545,1.8430775085208477,1.5373250264630687,1.9426334246032895,0.8020850978769478,3.4337881440733566,3.5145899601478816,2.5805307530716215,1.1622713912058587,0.000161755915421324,4.3490977259506925e-05,0.00017595555007036064,0.0,0.0
1073002003,2011-12,Central,2.4683731777815354,5.134096214197938,2.804801648916115,3.5407970047865445,0.7631657465021255,5.276500648312913,3.5818757861577173,3.3453269390881646,2.650990510847473,3.3820777068678947,1.0098842919940032,6.252860198637781,6.040482640552124,4.738842256474894,1.9124059218061256,0.0003333207188553459,9.068284262976322e-05,0.00032081472778540756,0.0,0.0
107300200304,2011-12,Central,0.977278315242476,1.6089039471043212,1.272403542440905,1.4261409863254193,0.28826556099077866,2.622424884295839,1.006741404566189,1.1484074886939648,0.8805300315954107,1.5396195933975003,0.5859994119925501,1.4763858780418737,2.865169250373296,2.543283937397065,0.7787628908413832,5.260460004237049e-05,1.674792704622461e-05,5.9703101985090695e-05,0.0,0.0
1073002005,2011-12,Central,1.9572976264336757,4.431761584148722,1.9753553706242046,2.2546440129119714,0.494990890870618,3.6797499740382182,1.9882287377312278,2.7883160547242656,2.0002785314634335,2.4659381239257185,0.7805089736552575,4.95780994046504,4.409328002927731,2.7310307403250462,1.597818448653919,0.00015213551566862945,3.8697501668165565e-05,0.00014166648287558116,0.0,0.0
107300200503,2011-12,Central,4.512116969753487,10.37986843970573,4.684812151241641,6.025142361523717,1.2966798395027272,7.710322973427724,5.912098585569822,6.4679206324373135,4.972068845947628,5.8082177589308275,1.888127159452999,12.740080350922398,11.354751921860297,9.27270067097228,3.674649435554927,0.0005309103173232681,0.00012226357930058665,0.0004600040467063821,0.0,0.0
1073002006,2011-12,Central,4.6002157036925295,7.945683609839069,4.986385621232095,5.680500814111758,1.83792452085982,9.976455081482975,7.52876485522159,5.638936062037571,4.503431918313369,5.57075840989898,2.042791568298408,11.128912587076492,7.936433998331391,6.359760749993041,3.235908527059638,0.0008121179153943302,0.0003654530619274486,0.001003075924502641,0.0,0.0
1073002007,2011-12,Central,1.7346985945326028,3.5991398214016534,2.041379344187474,2.4688048208090834,0.5104089587449999,3.8758873490073853,2.0248040045123505,2.316687195385379,1.845693928244887,2.4759857267165253,0.8528250402298875,3.9616390893046574,4.460911547119646,3.3415016934775057,1.4505774080960476,0.00014380657221081523,4.1219804608941593e-05,0.00014144151771877206,0.0,0.0
1073002008,2011-12,Central,1.545215111694706,3.5442325807093917,1.6783228688863472,2.09871756493618,0.41950697563950684,2.9319137095270285,1.8263083423117694,2.0890417309769242,1.6058892739393336,2.1610292697030595,0.7410310694953383,3.8516713275378924,4.099915150484054,3.2956348282197463,1.3084461078461296,0.00016964101278414727,3.7453210614681865e-05,0.00015295499801216313,0.0,0.0
1073002009,2011-12,Central,1.3510759713685834,2.6878126657248274,1.4893391525917996,1.6065887855619727,0.35162093930084826,2.87042753749907,1.22437071982949,1.68468445912263,1.3604327666558624,1.734627426598511,0.6498081426431372,2.9914648922228677,3.0490464980055356,2.403531817300906,1.0900256313596668,0.00015954576442882938,4.035569335552743e-05,0.00015470315731659499,0.0,0.0
1073002010,2011-12,Central,2.7161812782782913,5.340150471031275,3.080423349330192,3.0019526015739424,0.7233868229820344,5.972604090719565,2.587984144783419,3.776842388496437,2.6006919865014604,3.4057160974295173,0.964924825043688,6.05023528591061,6.112993336518708,4.1161810307373985,2.1314040655209983,0.00033750655371951306,0.00011335318445647792,0.0003384239098523508,0.0,0.0
1073002011,2011-12,Central,1.579315423355319,3.4029409223872564,1.699104074484456,1.9422648783825311,0.3982056674579794,3.140174337696516,1.421536872464037,1.9921099492728938,1.8093904558675407,1.998798518729976,0.8137838542813902,3.879555641441017,3.617553447129877,2.9981268521333617,1.2305545497811672,0.0002581935013000323,5.004312244298379e-05,0.00023515706786793596,0.0,0.0
1073002301,2011-12,Central,4.43384680695031,7.505297628306102,4.49570076306968,4.077115980482976,1.1357528407255157,7.545710986192267,5.6224193106500895,4.968110449494918,4.062857222263893,4.47386937004881,2.068804613522013,8.797625879691969,6.692985673017458,5.343101180700968,3.344652365265184,0.0005387960336343029,0.00018473006867461816,0.0005477240726441759,0.0,0.0
1073002302,2011-12,Central,5.572681204287493,15.380485866225147,5.896185136977666,8.1874607317917,1.407476686590476,9.18063772148591,5.986976118333317,8.299267302348111,6.868832149817277,7.9177785408710815,2.8758653043631193,16.247624521073416,15.332639462553741,15.15008252604478,4.832766874190535,0.0007455347449704684,0.00011822050955960285,0.0004878184038747587,0.0,0.0
1073002303,2011-12,Central,1.5931019392046553,3.231503187915854,1.7122855446133698,1.8661474304422374,0.42375026320778686,3.1004082981879404,1.6207382306440967,2.024927371366892,1.661251773419086,1.9934282542174468,0.7660049982193503,3.6881811232845747,3.530331825020801,2.880695134057576,1.317973245631413,0.00017621174292829542,4.12238481162526e-05,0.00017211895438002514,0.0,0.0
1073002304,2011-12,Central,2.9042186806621793,5.20882088170676,3.155041543462561,3.0480966259183204,0.7595787957665919,6.182158748441647,2.0414250818459205,3.4597024310717877,3.0355346031560937,3.5532489462042167,1.3100821407249217,5.61600888123145,6.263841578107411,5.13654931833978,2.1754670586403644,0.0002827403698110002,6.89179651414313e-05,0.00030817303264589404,0.0,0.0
1073002305,2011-12,Central,2.2091090664808433,4.985200907316029,2.5215539124817132,3.23216834488712,0.6820822922121791,4.402082568387368,2.9362260921537064,2.9678241481788907,2.5565808249509727,3.182235735743377,1.1476442045311885,5.8588786579560885,5.230391820477046,4.367316715075901,1.8422599973420493,0.00039278472309573967,9.498977487111257e-05,0.0003453953854020739,0.0,0.0
1073002306,2011-12,Central,2.0304305214491682,4.149560237939248,2.1825477373204283,2.3839580146849593,0.5362913684515439,3.9118059067460735,2.063689358442148,2.6319946649679147,2.120678572460077,2.53541001879293,0.9274751584406856,4.729855435436183,4.493646896034361,3.6600906657216057,1.6833322224470006,0.00021993512364298237,5.1452712411890366e-05,0.00020915915795161223,0.0,0.0
1073002307,2011-12,Central,1.0159930511516106,1.819052648901984,1.202263198900235,1.343777669432661,0.31285522151703726,2.528952289527584,1.163519562451399,1.1910200877328567,1.0555889852691283,1.3987500396123627,0.5328892655990254,2.07139970406802,2.3600356000275218,1.8740831555558215,0.7798200410178796,0.00018363830306694707,5.0382816482470094e-05,0.00020177196596217646,0.0,0.0
1073002308,2011-12,Central,1.7188079502892177,3.4891017514716656,2.115494047145304,2.581795350911782,0.5462416065908746,4.184851638081083,2.085379152074949,2.3644328274366107,1.7696516627577294,2.581284557823515,0.926450382289817,3.657618759522147,4.626265525147177,3.342253289982632,1.506087098545387,0.00016512072427515856,4.706656483132229e-05,0.00016605302217537782,0.0,0.0
1073002309,2011-12,Central,1.739917317871704,3.5859470063599677,1.9109036562219195,2.144084933086192,0.5063665788466195,3.5436478945609675,1.9483564352738914,2.2749624207623085,1.7894193674445396,2.2333822083591994,0.853500775551836,3.9799879217405056,3.9192893363228674,2.967775379712161,1.4535152610238549,0.00016474538774175488,4.410506443480051e-05,0.00016438181629465054,0.0,0.0
1073002702,2011-12,Central,2.9196622786759563,6.51504854198187,3.3167654160729696,4.027855731311643,0.8198449780167569,6.118815700340493,2.960917632058565,4.238835744366562,3.0008162739435424,4.057678429952902,1.164472291519269,7.354987239098643,7.644483373422958,5.770277539832967,2.4573511227313793,0.00034108320577848393,9.65040806768465e-05,0.0003001017350630379,0.0,0.0
1081000201,2011-12,Central,2.412631729322525,6.353929570385035,2.797121349217153,3.956598632936051,0.6581591172402829,4.465032524382301,2.711724003542145,3.504404563743044,2.8440988861983474,3.801298385100085,1.2253142999346907,6.496743470356269,7.274853483485718,6.0523642444591506,2.2290223166015175,0.00027908500172737637,5.9421550879294335e-05,0.00019958202976009544,0.0,0.0
1081000202,2011-12,Central,1.850348306010876,3.7906003426399657,2.139980661395714,2.626125167670007,0.5929787977905447,4.140872431281043,2.504441976460275,2.515693981795688,1.9347678393657604,2.540416997440035,0.8176610105622595,4.452613654360458,4.481473562408685,3.2993524573945527,1.4832284998695469,0.00024636897640033055,7.208008752269733e-05,0.00024683719153615474,0.0,0.0
108100020203,2011-12,Central,2.1157791831114836,4.742591337114819,2.1016448138578365,2.418813088679511,0.49900474108125065,3.444658066653138,2.09393042456084,2.745850960664361,2.320280259090158,2.4154738864031047,0.931946760436759,5.504678144336217,4.386332546399717,3.8287854561660684,1.6642488032972496,0.00025409814790591914,4.891729050595234e-05,0.00020861835469864726,0.0,0.0
1081000203,2011-12,Central,1.1780710747475893,2.3769433525729835,1.256756986187225,1.399077844829402,0.3073404065521649,2.474939854798805,1.1389411680134753,1.4707559056845279,1.2194269132395585,1.5277379606148178,0.5801275560259562,2.6180314429956817,2.6553246622003486,1.9943616059161888,0.9489915564902804,9.55498773427248e-05,2.2206499271318445e-05,9.842390672224849e-05,0.0,0.0
1081000206,2011-12,Central,3.5009080744736303,6.572681382903045,3.6612562508953634,3.721842586338782,0.9305542043891296,6.953246404973594,2.6815873413460096,4.29120852438938,3.9874327437429247,4.431402273927063,1.916380548968947,7.52335205668466,7.563726813344932,5.919776305293717,2.628540373226238,0.0004436928131760746,9.58376476460321e-05,0.0005080499419200568,0.0,0.0
1081000208,2011-12,Central,1.541313725058373,3.0762492416859404,1.7315887789027073,1.844605724208419,0.40853735761197907,3.175563393184931,1.1312753893340717,1.874321039710763,1.6446253794842172,2.1012064367855436,0.8272988554818783,3.2147476354759394,3.7908495166863285,3.217393752390665,1.2604559854615955,0.00018873428214017884,4.6220640524125426e-05,0.00018182381507452072,0.0,0.0
108100020802,2011-12,Central,1.2368186169398392,2.5081827771590013,1.3300882464486508,1.3732370212409442,0.3266165858193197,2.326677977890645,1.0425267554968627,1.537855631496626,1.2611248063924194,1.4934109905665893,0.6176615522853544,2.784690796295041,2.654696707212545,2.206534260046362,1.0358372339966841,0.00012736977759231013,3.184244439807753e-05,0.0001234745429393617,0.0,0.0
1081000209,2011-12,Central,1.8139237988499124,3.5258249328502607,2.138809641472544,2.297605749374891,0.49103273114689633,3.688361942018527,1.603471209836416,2.205565230150845,1.8103650775096682,2.494314203513383,0.8416938135318153,3.675714959231222,4.274071432512802,3.7131052351244715,1.4619437647927267,0.00031101558948138714,8.400005533084556e-05,0.00027656578166602416,0.0,0.0
1081000211,2011-12,Central,3.0160646707922867,8.207984213423046,3.423109379772076,4.397982557286651,0.7699883458981798,5.519018108519135,2.727028248753447,4.659072604483961,3.582413070312723,4.357737585236246,1.4307584393644994,8.633477363347508,8.122199422046274,6.023379556585314,2.818498115610549,0.0004130007125243099,8.321656147877886e-05,0.0002900860015975576,0.0,0.0
1081000214,2011-12,Central,2.0141250760243365,4.774174348408258,2.3179137628322524,2.9251383946889953,0.5704792980177485,3.885261581252876,2.0901614426305404,2.874644828536917,2.1985709165445004,2.9502119413849774,1.0113634866314647,5.050722875594408,5.722393666833374,5.010965992753963,1.8333970431989612,0.0001823325894199879,4.166322067827733e-05,0.00015199918459897995,0.0,0.0
1081000301,2011-12,Central,1.8161248769588343,4.237566299476001,1.8839975439482277,2.4667912062012856,0.4593721398930278,3.394292706969775,2.165003240912153,2.3763631424430818,2.091746888442005,2.3887898578201425,0.8824110933198834,4.906492098924957,4.423527213387643,3.898717138521204,1.429033024704107,0.00022741554564378711,3.907412556970524e-05,0.00019554690187487318,0.0,0.0
1081000302,2011-12,Central,2.3087295212044965,4.9736728395251095,2.4483517719186203,2.625518449497008,0.6067862092948028,4.109415796265486,2.2192114428666803,3.013399729414167,2.3735907678828507,2.7921715056347507,1.0978271496402847,5.3453579485218015,4.8308075945314055,3.871061578913623,1.965876303525761,0.00023768434329572393,5.502660037714509e-05,0.0002104772667584755,0.0,0.0
1081000303,2011-12,Central,1.540788586056727,3.1356722948697153,1.7842815361567446,2.1170081048881992,0.4319346252631878,3.302780073925039,1.7771762253423422,1.9981167984366508,1.5595434457517305,2.120776019489391,0.7360462747883224,3.444079797872265,3.801812109689421,2.9478467375559116,1.2660913287597204,0.00018062516091285724,5.083462612517539e-05,0.00016906953168040735,0.0,0.0
1081000307,2011-12,Central,1.3869043891479713,2.9790111881375103,1.4748064352577648,1.8084563982811825,0.3925198009168944,2.7983571164717422,1.5301196186703812,1.8312038161389923,1.4842002136560046,1.7526639055445266,0.5986062667978772,3.581230009049104,3.12572475424829,2.5430980993021035,1.058236816657514,0.00017639700808321957,4.365825950059684e-05,0.00016690184557912954,0.0,0.0
1081000308,2011-12,Central,1.1171491642924642,2.4053658962827407,1.202643682549135,1.431176407670686,0.30610930338865755,2.3491470692641534,1.0894827962695972,1.456970100976592,1.180169140014588,1.500530470443692,0.5402587688787248,2.735997347922905,2.757252986623131,2.111119724616516,0.9030379724886741,9.746116934520242e-05,2.3476048090450218e-05,9.87765262425081e-05,0.0,0.0
1081000309,2011-12,Central,2.5951642643291777,4.924328234599817,2.9447832492180517,3.237592796064098,0.7965854852612076,5.388542517344041,3.0867874340533072,3.301260623273778,2.624321135043188,3.415574160890176,1.071875037189854,5.80230752740378,5.867510489853805,4.515780598465339,1.9863303959430738,0.0004465037992264717,0.00013782753931106521,0.0004621091130598685,0.0,0.0
1081000310,2011-12,Central,2.152516968023982,4.137208447053404,2.6160183263986148,2.9777627858984537,0.5893583789044031,4.562885693356193,2.410173486727039,2.8128496581467566,2.121661169920404,3.0961024264413948,0.9240974774395965,4.222779163545855,5.7713173390938985,5.133533803372403,1.7789047658886532,0.00019619167938275458,5.2752978539068e-05,0.00017661089030605165,0.0,0.0
1083000601,2011-12,Central,1.775660129830822,4.34068575342903,2.0163021515714927,2.6841039678975354,0.5262141496690705,3.3394289087250866,2.1864157253774867,2.6262887864608113,2.077843529783115,2.6736520823678585,0.8724211274696844,4.915447832895987,5.336579099637237,4.302912228064253,1.615358482348228,0.00012749517904441624,3.096710038059125e-05,0.000116059771469449,0.0,0.0
1083000603,2011-12,Central,0.7908923653465652,1.5788644347400487,0.9089779334180144,1.0174365387702908,0.22905605642459212,1.7944775516565687,0.8068217064444736,0.9767186849162557,0.8312173141062897,1.0989681074406206,0.46390600167912255,1.704450356376758,1.9032838244686099,1.3429316280766495,0.662262479649396,6.56835351287531e-05,1.767199873702167e-05,7.413323889424114e-05,0.0,0.0
1083000604,2011-12,Central,0.9680083437598535,1.9059789675561214,1.0527436063071896,1.1316138499816086,0.2617031795678121,2.0407208318363574,0.8813277764873719,1.1655533019505975,0.9938672483416656,1.2323522007181107,0.5057567335412761,2.120519613510383,2.1156896435049166,1.6041651832949566,0.7875198996446949,0.00011306195654753719,2.8764291886358726e-05,0.0001161186591363787,0.0,0.0
108300060803,2011-12,Central,1.4490680478199889,2.971346589924256,1.710540483437093,1.7943729850924903,0.35114005557994826,3.004577644784768,1.201982411825527,1.8794265900064053,1.4452694317199692,2.0027419987201736,0.706653884108549,2.9519410408003033,3.7394078085190916,2.89998871334425,1.2265532629825169,0.00010317742427303667,2.773702723657994e-05,9.575719756542359e-05,0.0,0.0
1083000609,2011-12,Central,1.2351723936918368,2.3928543644824396,1.4028851304939665,1.5959957937985314,0.3635032081267544,2.6797711030048146,1.4198881744317178,1.5626850174209028,1.2496283753071595,1.6766858406304581,0.6119382527520375,2.646043670146999,3.0823107971783745,2.5597972374857902,1.0100904400440232,7.414436340200848e-05,2.0977971082304794e-05,8.465101309459615e-05,0.0,0.0
1083000610,2011-12,Central,2.9121354695199333,5.401453667954448,3.376604222467305,3.7223881556312204,0.8282104152964501,6.70399471966203,3.1030684137443183,3.7494085776488912,3.067469470992155,3.8518769301108877,1.1903779805797847,6.062168840643119,6.530653575417619,5.32850123985223,2.2791018027990013,0.0004415320056413771,0.00011379816609486322,0.00044067901163330725,0.0,0.0
1083000901,2011-12,Central,1.7101731355886127,3.661209450256949,1.854191407188033,2.040713357113377,0.43560514151976665,3.1483631574000306,1.7171447089774865,2.247690630123385,1.7756519256342083,2.1791291371611483,0.8113554956407191,4.015069142781208,3.9035252073540856,3.1626007596239125,1.4672441907210134,0.00020368679499248408,4.563936485308771e-05,0.00018141793410518672,0.0,0.0
1083000902,2011-12,Central,1.3353478219235013,2.9859019942109324,1.4851722881468419,1.600116658006218,0.34081230412075036,2.4453130992632537,1.1640967289316908,1.7897211798473778,1.3996229390044028,1.7077856740190753,0.6875883933239652,3.2101838185795017,3.097562720621848,2.486987416850423,1.1871128237814534,0.00017323154959410678,4.077229680142326e-05,0.00014681827744286139,0.0,0.0
108300090202,2011-12,Central,2.0390503741900754,4.199106659907358,2.145251289303533,2.411232935551205,0.5165990668339773,3.7185758818568435,2.4449701554826686,2.5357238422699973,2.0883596129308275,2.4980890957779534,0.9497318361934771,4.73385968970385,4.299465348135464,3.4558646984924954,1.634662478652264,0.0002957489856850908,6.363451536257077e-05,0.00027060793223626325,0.0,0.0
1083000903,2011-12,Central,0.8845935261260278,1.9905029019387646,0.9574772279688056,1.1749232818630229,0.24182614360721227,1.6024657631529984,1.059848213898881,1.1492671078322225,0.9293322514360004,1.2100877015679472,0.47024262009566464,2.215177658899922,2.3012329615151597,1.9062394079411904,0.7601995102175626,0.00012216644145790273,2.6207102343316474e-05,0.00011391670705922075,0.0,0.0
1083000904,2011-12,Central,2.250151528544661,4.723098295110079,2.647271068000016,3.0644172457271215,0.5218408580076022,4.124898939360052,1.9888046121821947,2.7112165587478785,2.2324709515321723,3.295568162163582,0.9341159953744196,4.501953213220574,5.96666635757083,5.965147902645219,1.8121626348309785,0.0003076331121457133,7.219960795256536e-05,0.00022437570497803362,0.0,0.0
1083000906,2011-12,Central,1.655326864593861,3.4782141232022363,1.8453758041270882,2.1995324993895276,0.426412857731612,3.369690570262879,1.7993898586577641,2.1541946282515476,1.6578928231757613,2.272818076777106,0.7690510660907592,3.5879402492767474,4.05282789181212,3.0676025136733296,1.3622577522807893,0.0001220974993894093,2.9401404535242376e-05,0.00011176872705995615,0.0,0.0
1083000907,2011-12,Central,1.766940337307723,4.497291922055244,1.9003597296027874,2.447979914301779,0.46674139616709853,2.797155399335913,2.0614379672871785,2.5080451203430356,1.9221059957714535,2.4000515857922733,0.8627369006333816,4.924682870364826,4.740183592207068,4.132760232715001,1.5926804957196612,0.00027071380602735175,5.4874420140679405e-05,0.00020320007570481254,0.0,0.0
1083000908,2011-12,Central,1.3153255776358144,2.72275771144639,1.4741170651068503,1.5667964094874758,0.37292936019997786,2.790177898789048,1.2817417381873948,1.8375814244026953,1.3395747254910206,1.7152560531154275,0.6168385067584008,3.1049780057413567,3.282965404491329,2.513468103311398,1.1070979651191906,6.939535183646923e-05,2.0263006972658205e-05,7.941204447806991e-05,0.0,0.0
1083000909,2011-12,Central,1.5281787674682872,2.5655406486774464,1.7362557065880508,1.7134444958936565,0.4781268440605097,3.470298649138127,1.3493275883823086,1.7080715014483965,1.5016019266613625,1.915710960277832,0.7293472865361667,2.9381348455243725,3.0639057212684926,2.5210394764326796,1.1319130454439708,0.00022764218012461077,7.086973532181279e-05,0.0002619761199918806,0.0,0.0
1083000910,2011-12,Central,1.2595654349519332,2.776667634801591,1.402366357165274,1.6329323881131188,0.3011284158395624,2.1781207958628523,1.3230294160300462,1.6132848912642541,1.2771295548861263,1.7274699768585153,0.5927916168262887,2.8804590695590346,3.3488850678764828,3.291386706085963,1.0782177926455054,0.00010129418654646812,2.205112013287924e-05,8.61242457225015e-05,0.0,0.0
1083001302,2011-12,Central,1.896538225520982,3.5696370535341964,2.125661144168881,2.3460592248869374,0.6011465335370276,4.144733664959059,2.435132978212337,2.4277476432340626,1.8867974957533724,2.493765596042211,0.765249038317069,4.315754998245316,4.419325507073134,3.2194823317473973,1.4264282876290453,0.0003079763843641716,0.00010306296327147475,0.00033620458254247156,0.0,0.0
1083001303,2011-12,Central,0.671671311800569,1.4565994268714946,0.7375799844240695,0.8626937021531598,0.1873272860029179,1.362044069211465,0.7596418100835833,0.8786486766764907,0.6727861014985587,0.9125797079694715,0.35859684929257046,1.6254610046161295,1.684185794839616,1.1832525522610176,0.557598260603801,0.00010644825354529038,2.723508828165456e-05,0.0001047494065291286,0.0,0.0
1083001304,2011-12,Central,1.467581322224623,2.722037812011583,1.6946355158993982,1.8014720951154213,0.4317181678323865,2.892644978953913,1.5371733762227855,1.6983096903531238,1.4977242834972837,1.9504917445544139,0.7585992249202086,3.022577223066093,3.1229505673008173,2.6416083097450964,1.1393837355584884,0.0002872556683175222,7.687962907253188e-05,0.00029143388197891976,0.0,0.0
108300130403,2011-12,Central,3.708533522447879,7.188501024289867,3.7513697425921797,4.789545640775884,1.5660710212807005,8.55706759280011,6.470041060712014,5.08241307336199,3.914915348470819,4.733607647204661,1.7578960556993515,10.269076183746101,8.933814494617108,5.4361478080825085,2.7938818849045206,0.000471922294595914,0.0002123650325681613,0.0006157552634885664,0.0,0.0
1083001306,2011-12,Central,2.3474852408990268,7.181377084669271,2.5857265850108844,3.720642007987013,0.6149728235457015,3.7894789891107443,2.567080408496324,3.549650847944411,3.002075037156742,3.6007167463609058,1.4526397643890214,7.097170368164512,6.921731978811316,6.712314486477019,2.3257682434819196,0.00042125593166017695,6.433207101145237e-05,0.00025921956134299215,0.0,0.0
1083001307,2011-12,Central,0.808362837713655,1.5424965094309502,0.9208913077031359,1.044073069533919,0.21928961458027618,1.7993508200765338,0.8042771202729966,0.9636617181888124,0.8350582472945659,1.1320916173842848,0.43602246034431474,1.6691198836338266,2.1006139336132486,1.8344069340900004,0.6424448499394084,7.688105868106435e-05,1.8213638697355258e-05,8.397334755180776e-05,0.0,0.0
1083001309,2011-12,Central,1.299385180879401,2.817329591171569,1.4636949242217223,1.7138824024549943,0.35057156843107784,2.455698317627218,1.342911760990341,1.6255707914767907,1.3594690939429295,1.7335628035070407,0.6323480743970423,3.071570512111704,2.998476154935012,2.580370070193837,1.0564270603140418,0.00020071244819995214,4.42930248342487e-05,0.0001708016227371001,0.0,0.0
1083001310,2011-12,Central,1.163227967388595,2.6321321274369582,1.3332817621821322,1.4479795004749594,0.27531548960123836,2.193477410091241,1.1908445846856428,1.6281527447532593,1.1844246618500356,1.6448493026401512,0.6172368840908227,2.6081758324833215,2.969343470636401,2.082802995391272,1.0544811400308147,0.00010376439276313306,2.204898877541447e-05,8.667017878957026e-05,0.0,0.0
1083001311,2011-12,Central,3.5395628025051535,6.176768748937194,3.9279319854551136,4.129128133987502,1.2741313790936646,7.649866178531459,3.356507269711875,4.281606677448855,3.4079078677826375,4.2952338122089335,1.5054361165100616,7.61426485244702,6.659489913628609,5.418832633693047,2.6954755245599444,0.0005428568181799569,0.00021520395292134008,0.0005968523028144958,0.0,0.0
1083001603,2011-12,Central,0.9669908247642856,1.7381710596906446,1.1406951853558027,1.2516664289368709,0.2867760000581269,2.3847058937400223,1.174820688443727,1.2113707003301728,0.9321122209911135,1.321542171268405,0.4588016024705362,1.998798647376044,2.320608721824904,1.6940479234544747,0.7417342956088062,0.00012639279806182384,4.1665532849450065e-05,0.0001382920058114706,0.0,0.0
1083001604,2011-12,Central,2.595573730681446,5.9040686269940865,2.8464748773282196,3.171132074449186,0.6593404216049739,4.608161838054105,2.435289763662633,3.5775904218813532,2.78222674869548,3.3606981556904563,1.1868354163682344,6.310174046080769,6.186420478184149,5.3827101994434114,2.270118273095109,0.0002130467845743569,4.780274113718257e-05,0.00017747978691045818,0.0,0.0
1083001606,2011-12,Central,1.6181997044499978,3.076162879810483,1.81479323615522,2.1953142997290103,0.5058553853058979,3.9978204949463856,1.9322952040950694,2.0535649795916116,1.6987015179153488,2.2347090229557973,0.7973828476109893,3.6231503300806844,3.942458565716624,3.0493226284851724,1.300109425597894,0.00020280556943253606,5.2276581246930414e-05,0.0002250658535810754,0.0,0.0
1083001608,2011-12,Central,0.7568953898803092,1.3943849490365787,0.8493997161144887,0.9233923919253705,0.20314970046591255,1.6698508864371795,0.7760421864528778,0.8814545170830164,0.7033156759788866,1.004289155729369,0.40311628857463483,1.435185230384555,1.7521483248820968,1.376946214047488,0.6029187750422536,6.740846599090645e-05,1.8396515314229864e-05,7.331080402604466e-05,0.0,0.0
1083001610,2011-12,Central,1.0511626988161276,2.089160995997027,1.1490503376393195,1.338631646027958,0.2807840820371112,2.246360830659018,1.1696644257918034,1.2856801969964027,1.092454881502005,1.3656351736423513,0.5232994424954662,2.4067758820258893,2.4043421796996696,1.8873510037020198,0.8218728923090493,0.00013190607769635897,3.193788889104754e-05,0.0001314460786889801,0.0,0.0
1083001611,2011-12,Central,3.981043376886014,7.84855010154626,4.050637414691175,4.264574410355294,0.9446303259276506,6.748974773637023,5.016931490978478,4.82236918759231,4.0328811386871,4.385404463441274,1.7633484542951874,9.137343003960954,7.206798752632197,6.043371489630743,2.974187133142004,0.0005537279630403686,0.00011926448434715632,0.0004842402240462633,0.0,0.0
1083001613,2011-12,Central,1.529988196491926,3.382619703549199,1.6914509318589266,1.806714216369753,0.3937648093309782,2.766622431875171,1.3227661927192176,2.0750668525503886,1.62898109269049,1.9473373383431036,0.753417921997995,3.7216079381956835,3.6216552053507103,3.0890238499977523,1.363984679944197,0.00015026121951271912,3.53659310562723e-05,0.0001322333960254447,0.0,0.0
1083002001,2011-12,Central,1.597500146733109,3.5177945702215276,1.7157625781456431,2.0661549090589415,0.4743274507643017,3.1015614932760998,1.6661623869674924,2.1725965393830853,1.7337879063867145,2.106242441609735,0.7762030017091871,4.212001200758388,4.0162814510379,3.195839577613857,1.3394371551544169,0.00019581958814417428,4.958454201399911e-05,0.00018746823128685486,0.0,0.0
1083002002,2011-12,Central,1.3464827876735574,3.036968111325832,1.4823803662118578,1.699593211533986,0.32792922588197787,2.5732577027766634,1.3334526284732324,1.8765284065228631,1.4204486549213506,1.7915106181485927,0.6417404884608804,3.338564533974154,3.4216035074074305,2.740492095442108,1.1324265105616647,8.63269212012679e-05,1.888931404477645e-05,8.044435255066937e-05,0.0,0.0
108300200202,2011-12,Central,1.8082167160133047,3.781184484792292,1.8933707381140235,2.3517892194081207,0.5325244076025462,3.5647658823209873,2.3620706511943284,2.377142418534813,1.9345746586833317,2.37486774230188,0.8280879308763399,4.666876362191404,4.504475022054676,3.636479165603865,1.4433997134950052,0.00020212716651736397,4.763242653585422e-05,0.0002101443681386645,0.0,0.0
1083002004,2011-12,Central,3.031325240686276,7.153176274026381,3.3371859753253372,4.004065693183829,0.8796860077120688,6.061204861516502,2.5013248089566025,4.355414310732673,3.4416106781723563,4.146546784113202,1.4784607657584772,7.767838166627967,7.544681897587322,5.97626836247104,2.7284862911434553,0.00031710600413280846,7.55014295554306e-05,0.0002667483190050772,0.0,0.0
1083002006,2011-12,Central,2.181718814349831,4.298503566613692,2.571779243441574,2.793817077768125,0.549041748691763,4.3236679697873885,1.871385194109436,2.659762166394369,2.12734278003567,3.04829577062877,0.9301981884862623,4.331065630281491,5.378229146510121,4.967544311343548,1.747552697022307,0.0003261050840813752,8.509676464167273e-05,0.0002695477395735786,0.0,0.0
1083002007,2011-12,Central,2.4092876041906774,4.093492474847299,2.6232795826375823,2.9343411634146506,0.9650311872282913,5.37692711311377,3.954159160538181,2.823545838436996,2.3459033596688856,2.947277756552122,1.2042143190208099,5.725181885360153,4.17287069948969,3.283134434660958,1.6931541888778079,0.0004435980145532943,0.00019961910654898245,0.0005735372794120252,0.0,0.0
1083002008,2011-12,Central,0.961246128829297,2.0541552997138357,1.132470102999422,1.4614079802188114,0.3046254226926779,2.1043227225288037,1.4072479322408422,1.213923842912047,1.1004371327426834,1.4057106698789898,0.5428179449240245,2.421800944823781,2.3741266135065886,1.8377816013153025,0.7853005482344952,0.00017277178920697226,4.211312361919949e-05,0.00016720850631479534,0.0,0.0
1083002009,2011-12,Central,1.3165546606716636,2.5535316467552986,1.3824576230155081,1.6940444682190285,0.44525629303656805,3.0628682702275642,1.8842691025372316,1.7286017879376512,1.3319698381163483,1.7830253569295036,0.5560318927956046,3.274286640450293,3.340372349028462,2.22627276411477,1.0108704594069293,0.00013633390097611182,4.780539384876648e-05,0.00016667927314333427,0.0,0.0
108300200901,2011-12,Central,2.9441558638124916,6.011230035161452,3.2645414106342994,3.9869359300415237,0.967324429034069,6.2406197170316755,4.63204161242235,3.8618153368916674,3.229592764336896,3.896005870583871,1.4436703925440344,7.608816360063459,6.164116267362245,5.11544388779188,2.2740233904877667,0.000490031722484512,0.00012439266801529922,0.0004997298055867379,0.0,0.0
108300200902,2011-12,Central,1.4842766686512177,3.2956211084769396,1.5862738258963787,1.7505463870926776,0.38676919469148696,2.5021207318352143,1.8272784279025032,1.8965900564785643,1.62337071481479,1.8571973520203675,0.8377708976911018,3.596509106212823,3.237921537015379,2.890574185801853,1.2961658880687594,0.0001524789913030955,3.036925967862483e-05,0.0001417773172997768,0.0,0.0
1083002010,2011-12,Central,1.274786713664523,2.1660700715381065,1.4472070866538285,1.550913919064668,0.3624588385226917,3.2073300732523253,1.1904752382238746,1.4806478080082401,1.2080079733527207,1.7525430839499185,0.6152538562829668,2.2746348424231284,3.112637725432123,2.642772346317427,0.984214645612764,0.000102884497251302,2.843500672063543e-05,0.00012007315861969182,0.0,0.0
1083002301,2011-12,Central,2.6216867139700453,6.070041743283525,2.820300677600941,3.187462694710664,0.6722871431198026,4.585114922946986,2.4793559086529764,3.5803885729255702,2.8144343038540236,3.361798357214026,1.2209625068173533,6.353786350826826,5.915452136021983,4.670930222955326,2.3078787923858486,0.00027091249172766206,6.134929694940824e-05,0.0002181786936682941,0.0,0.0
1083002302,2011-12,Central,1.992327916992944,3.9825122874430336,2.1446472397035716,2.363055832829919,0.5094413561663422,3.9969319459330483,1.9536888626984394,2.4904342824518024,2.021145977098968,2.508099776432008,0.8816039450791057,4.47653757619172,4.387980744855443,3.565270504461887,1.5793135828550033,0.00023322049274948127,5.605242524604011e-05,0.0002183540951361305,0.0,0.0
1083002303,2011-12,Central,1.7769923404786625,4.218285407749955,1.9087232338593427,2.164978224999722,0.4500059072164556,3.0241294389849704,1.791844747854938,2.49019976845785,2.0032478418588817,2.2422484940602847,0.8783050657035896,4.684776545048939,4.228390097286747,3.64220030943402,1.5689253388376565,0.00015047531486367426,2.9736045105321518e-05,0.0001296958216317307,0.0,0.0
1083002304,2011-12,Central,4.106993954296211,7.837024969735166,4.431986261950336,4.506244594372136,1.0764394610478987,8.077358583032753,2.748275750673998,5.118588987186642,4.0323047806807155,5.073918952892536,1.618535356428006,8.237301113334563,9.206386770438865,8.191590792945126,3.236598240060138,0.0003273655929945562,8.807693335329727e-05,0.00030464293175003237,0.0,0.0
108300230404,2011-12,Central,6.6620960231568915,11.38422414459452,6.729037588468423,6.181380702794456,1.7067933484666342,11.125216226612315,8.444596674910064,7.675147093972544,6.118989541725181,6.68741508506112,2.886246763176425,13.32609703138115,10.006854055336609,8.03861951792344,5.02039522306523,0.0007823471854328913,0.00026823332071984846,0.0007671114732738948,0.0,0.0
1083002305,2011-12,Central,2.0479909517768,4.530172618675919,2.3267412057508614,2.8771355022241183,0.6278390645205665,3.834910086297119,2.843203257513673,2.6994720135040895,2.2343272265144667,2.813553980811018,1.0684006459368776,5.239847005919082,4.612488628420495,3.9562568400626335,1.713402440180275,0.00039174603771992034,9.021537383176588e-05,0.0003444836217805004,0.0,0.0
1083002307,2011-12,Central,1.441121708495275,2.7214190031047014,1.669765911769223,1.9357041016047891,0.43528701946860177,3.4591596130938007,1.7639046996420955,1.8352891063583878,1.4667939128618874,1.9979916758334249,0.7209457087078918,3.035528069284119,3.5433135122044663,2.7065347380824423,1.160661667293,0.00011272566614244558,3.221427441915578e-05,0.000125590526897819,0.0,0.0
1083002309,2011-12,Central,2.595453007287281,6.225091651820582,2.7806009323133547,3.3472389886135065,0.730926719016699,4.568833689113783,2.326257476179201,3.5907621174909043,2.869816076224818,3.4108186312508546,1.372418916093736,6.602761443743206,6.241854651126089,5.371286622799915,2.3522464959032723,0.0003215329135002232,6.403975040668346e-05,0.0002596485771824389,0.0,0.0
1083002703,2011-12,Central,2.3888022424677815,4.5702667486092645,2.4693469618922386,2.719691862978127,0.625854029302951,4.745237157802669,3.036149029038881,2.8882040690644417,2.4388380950717767,2.8252892605912834,1.0746161208852902,5.448794890243826,4.766357384820813,3.7792274853789296,1.7994673275421176,0.000308192881993995,7.006572551582229e-05,0.00031540444991043587,0.0,0.0
1083002704,2011-12,Central,2.1527179394789693,5.112098700142435,2.273185263998394,2.894315302440713,0.6018492069541231,3.5129441580659715,2.6184951831741277,3.0165241761655324,2.3934574726502196,2.86368634605066,1.0113212617135043,6.019715859373842,5.753994738684461,5.1895044547652125,1.8644755558655148,0.0002276153863685789,4.877472565040976e-05,0.00019454744904745126,0.0,0.0
1083002705,2011-12,Central,9.636982950351467,16.559599211935883,9.730510319225406,9.002494197718763,2.4710248107274104,15.850690443204048,12.224869563450502,11.371379943263012,8.869559493475329,9.644877940834707,3.9065946556320275,19.305068958146425,14.404761080825288,11.593545174221815,7.2577251786045585,0.0010883771375259322,0.00037315787572317675,0.0010396473540028699,0.0,0.0
1083002707,2011-12,Central,2.146429152636432,5.18564967000295,2.4103615105744054,3.411135023059299,0.6941483346632326,4.607722452643236,3.018123116486809,3.1086352368755823,2.629361531989842,3.2838466079914426,1.2165190919533018,6.067727609533113,6.14636588364118,4.690636342984566,1.8920353502681657,0.0002716422440390075,6.402995752348032e-05,0.00024698895766790945,0.0,0.0
1083002708,2011-12,Central,2.5013912150762985,6.054146089738731,2.6966972693417417,3.361824413353274,0.7103697048381462,4.727598168669363,2.229120680082017,3.4849252563852233,2.9282905955796603,3.457210649567518,1.3421757927867168,6.541151986967508,6.31004253751711,5.267691861720462,2.2321539329370093,0.0002883132249600931,6.0898813843611506e-05,0.00023799382194368183,0.0,0.0
1083002709,2011-12,Central,1.4473186013755919,2.7428198543673084,1.6861634781909225,1.8212806972446793,0.3823473850513916,3.061592699902967,1.3685997023452463,1.7451134841359615,1.3746551895478807,2.010431640161798,0.6198259581704512,2.8885937340349868,3.6255623820727916,3.127129513805325,1.1182685538109498,0.00020084477586191515,5.793599303709091e-05,0.00018536473072078787,0.0,0.0
108300270903,2011-12,Central,2.728426128702293,5.609855510041025,2.9009947473239595,3.312257216805685,0.7135497558963164,5.3199017994173365,3.210139566209201,3.5074863475063234,2.8520371592876934,3.476134731156036,1.2015908890752693,6.2852157044373085,6.074754822206006,5.001891767441675,2.165188217082312,0.0002457529895720427,5.4796274701874395e-05,0.00023452088114585975,0.0,0.0
1083002710,2011-12,Central,2.544388170495098,5.237262696911945,2.873044974449798,3.4425565580349335,0.7825839108044569,5.291743700119911,2.829129540901612,3.376808210141782,2.7854245939824973,3.587233449511787,1.2889829591618422,5.862534307962238,6.5979696319233785,5.171873459226569,2.11757255575722,0.00034596238058211954,9.04382986583964e-05,0.0003429666355293123,0.0,0.0
1083003002,2011-12,Central,1.2664835815330266,2.2952243618496855,1.591529955361461,1.849767267614342,0.366687905103775,3.095490903989928,1.326653119427844,1.5210958530586733,1.173144658171258,1.9163496038350336,0.6425938745728155,2.2599780684043007,3.431025831746773,3.0020165121492606,1.0150724770784836,9.81911784974521e-05,2.9693448244759712e-05,9.730846200405335e-05,0.0,0.0
1083003006,2011-12,Central,1.831317929247598,3.759254004020135,2.0151541522181913,2.3387552234228104,0.4853551883192584,3.612232691238454,1.8434919788412978,2.3057362569226725,1.8860073259492411,2.4050261458835225,0.8183737570579299,4.14368723146584,4.2690177288510744,3.4638051047180176,1.477103223279858,0.00018661012276129462,4.9548205009033405e-05,0.0001686311512348257,0.0,0.0
1083003007,2011-12,Central,2.760146708535705,5.747887136863529,2.9167862277136534,3.1376732059229737,0.7062702477172537,5.0663524102502695,2.5300201769405937,3.533975096134147,2.8177223832783524,3.352954149430241,1.2080267931231146,6.242582078588648,5.873901729865121,4.922122183957644,2.2343787537396405,0.00022979991427948568,5.526140795768585e-05,0.00020619991064373596,0.0,0.0
1083003008,2011-12,Central,1.6397580153376312,3.5644408576407103,1.846254862296752,2.1200028438679914,0.42078219582523113,3.0788099050409783,1.6791810486295562,2.1793177412511344,1.686404970389901,2.1965726158667898,0.7678904075247728,3.8422048992691114,4.071827259019843,3.427120799361567,1.400891572092403,0.0001731892617938351,4.248038496829917e-05,0.00014795428695700221,0.0,0.0
1083003009,2011-12,Central,1.9567049532156258,4.4761897465802605,2.2681233021888554,2.6356378859753216,0.533022152303366,3.3759843364621056,1.9688748461124157,2.6824722280415987,2.101855358212002,2.693228385143346,0.919784932399531,4.877132275379841,4.871983611273189,4.547507636293732,1.7691372310902937,0.0003161331085382531,7.118878312616989e-05,0.00024259744554227416,0.0,0.0
1083003010,2011-12,Central,0.4325454811854198,1.1237891191099754,0.47873386798297707,0.6334340204040607,0.10378450575890913,0.7676124288960131,0.47678002189381324,0.5317606308436629,0.5404753682797313,0.6235365201229245,0.27359624759041645,1.2140416958170799,1.1477686724307488,0.9539459180001866,0.3630366494275623,6.772605786423201e-05,1.0549635936543832e-05,5.624427471278208e-05,0.0,0.0
1083003302,2011-12,Central,1.7417205713686807,2.9683786078940053,2.041154438249794,2.1749710918534877,0.581956828876742,4.301939094937183,1.8379260452662358,2.048566266980268,1.7327702708396084,2.3235630087943266,0.8048407439577636,3.4113042232544686,3.86629271206571,3.129368141488717,1.316370904661417,0.0002461705770529279,8.266922363717726e-05,0.00028272355991588777,0.0,0.0
1083003303,2011-12,Central,0.8659981917534412,1.626864354958708,0.9770716411188201,1.0775956765400443,0.2560869897057908,2.0186828885963886,0.9331969599437231,1.0417232543581778,0.8965290288271975,1.1499992402980586,0.43774643984106815,1.8201407520700998,1.9880030166289282,1.4919761510391294,0.6661368183672347,9.469647691133408e-05,2.572587622757909e-05,0.00010498020955175469,0.0,0.0
1083003306,2011-12,Central,1.7341910001678678,3.5652636084640625,2.108462382924388,2.666255976862655,0.5853731446667174,3.7813538327380702,2.652013116197372,2.34327027418455,1.8671229163663237,2.57516967314885,0.8748647890001209,4.06477982172207,4.580834631604634,3.7216623688136172,1.4851989613717236,0.00022081333709456427,6.28309612575868e-05,0.00021472642296153715,0.0,0.0
1083003307,2011-12,Central,1.6604303622007073,3.6329794254900087,1.7821591746100238,2.0858095468932483,0.4176177455634391,3.0011988579816453,1.8774772299789286,2.103721609024691,1.7714596207313305,2.1645013783285014,0.8162838212989563,3.960935512318517,3.759476472471249,2.9816554678489493,1.3881354964689598,0.00024913838830353823,5.3001796550151755e-05,0.00021267613153975003,0.0,0.0
1083003308,2011-12,Central,2.044787790559624,3.455514270695145,2.2317629597326247,2.4797398561661588,0.8199469608339834,4.599092438500148,3.3597525223756484,2.368901893950235,1.9881531212959178,2.5090536521303997,1.0536307865852679,4.8238843611363835,3.544301184904569,2.7708452933216403,1.4367306736624512,0.00037904829165115634,0.00017057173124302035,0.0004973549590282764,0.0,0.0
108300330803,2011-12,Central,1.3950903566487602,3.6617442956611224,1.318148881630337,1.6639718429290105,0.3458707433180955,2.4296677825176674,1.5483791895672783,2.203518741855649,1.5658172734557563,1.6993836807555511,0.6355512659470909,4.3492852241563895,3.1526882580719673,1.7486677419564516,1.1344359761858147,0.00011790696015258158,2.5968063329876942e-05,0.00010594641333972561,0.0,0.0
1083003309,2011-12,Central,1.6698487305017984,4.2823010298516335,1.799836516058303,2.101940558267984,0.39464642742989364,3.126443898007307,1.639541433338407,2.5485561377775685,1.8171315348134365,2.152779085936495,0.7242284875952142,4.840977545146884,4.018983685550704,2.2957015690173166,1.3597693321970663,0.00029721812526385894,6.984510114345554e-05,0.00024163353644643173,0.0,0.0
1083003310,2011-12,Central,1.3856443210793932,3.131415076883814,1.6629674671532102,1.864190727496268,0.38643687241458496,2.7424400735429173,1.2205471455117765,1.917677737784544,1.5253972173137167,2.0012267012329077,0.7095407192257285,3.3644646671393,3.677834814174835,2.996904214182964,1.2634366760133935,0.00012834726118413086,3.2570536129641246e-05,0.0001124650739958061,0.0,0.0
1083003312,2011-12,Central,1.1533995016366512,2.4278407582296793,1.3196016301001756,1.4969279468582328,0.3206720753742803,2.49033044300373,1.1326354565776149,1.559572864575873,1.20722743735882,1.5784671246719202,0.5725119748983065,2.70719090265303,3.012927831086133,2.3246968645857686,0.9488667410751213,0.00012660056938271162,3.3583752328211285e-05,0.000125849021482301,0.0,0.0
1093000402,2011-12,Central,1.91188622938888,4.214616909460855,2.0786360010556533,2.337742599509625,0.45042919523217373,3.4480550414711173,1.9598439496463333,2.4740224095068575,1.9797651114155244,2.5620202367878786,0.8434802185643088,4.271176341049261,4.487755532898047,3.4036992011498675,1.6046702972477014,0.0001504576601636972,3.3533605861956096e-05,0.00012594178826612985,0.0,0.0
1093000403,2011-12,Central,2.6497835903134823,5.85096045473943,2.8476670742927412,3.1211955576615957,0.6656734136012867,4.646979928464954,2.524603267529325,3.52786684944623,2.759257248827747,3.23299822298044,1.2189004601585915,6.396391575137184,5.614601911951398,4.449137342599692,2.257979364164464,0.0004116811949788129,9.431602939627144e-05,0.0003320253542956732,0.0,0.0
1093000405,2011-12,Central,5.890000800463665,10.214963472721884,6.387723087161043,7.301790774264727,2.351932839404895,12.648901909745733,9.636257255874261,7.340616846357593,5.777407213633745,7.112070837258082,2.501729695391009,14.280759578075367,10.142962276243646,8.160042850043787,4.145513805509094,0.0010166843595333242,0.00045750796178999596,0.001239228039071729,0.0,0.0
1093000406,2011-12,Central,1.0571986003222813,2.24169870724681,1.248774165314266,1.5680474066564438,0.3080665887580923,2.2890801512010612,1.3407712535246035,1.3466831526459018,1.1563192052006661,1.573316735374487,0.5832052998930197,2.4239153244729557,2.814231663722274,2.103176332370779,0.8910468261940928,9.224867156060911e-05,2.4964202355319472e-05,9.279168236464181e-05,0.0,0.0
1093000407,2011-12,Central,1.4924849656332455,3.354727067028988,1.6122304512342864,1.8419322846689905,0.3343810666852068,2.499659812332912,1.476593781294925,1.8933453477427946,1.4808982361277847,1.9802379897518296,0.6788041031464173,3.367827543823061,3.689682847241745,3.479679421855032,1.2708042280442169,0.00015627951181554952,3.087780677000777e-05,0.00012178755195984089,0.0,0.0
1093000408,2011-12,Central,0.8614264596270723,1.6319332171972825,0.9481613345539825,1.0403708001061114,0.2401889354545034,1.8813003571155364,0.9374540276607048,1.0325983752214776,0.8309279748112426,1.137417019213478,0.41120985996265014,1.8126465261993023,2.079714098824259,1.6552092751031318,0.6645565584424914,5.578660671616527e-05,1.623887363817088e-05,6.712201721455174e-05,0.0,0.0
1093000409,2011-12,Central,1.2103665232539582,2.346185681526517,1.37967135633078,1.471555775707534,0.3054587800813443,2.680537734236659,1.1481761013841576,1.5029824454584435,1.1986060158639649,1.5991102228551821,0.6011019898305245,2.4790594208275496,2.8652267581432205,2.1783542365698527,0.959259836873563,0.0001343243410310962,3.434124297998731e-05,0.0001323621108231094,0.0,0.0
109300040903,2011-12,Central,2.463953419814442,5.681389712104302,2.6877351986477027,3.237031121889366,0.5894236982847285,4.379180021495673,1.9889317959120199,3.170786476952577,2.5500839764223766,3.4224031335424208,1.0910627605199938,5.6605810106428756,6.613212784851872,6.7198819219763255,2.044325977374962,0.0001889336806369539,3.9018912305457875e-05,0.00014449146669702186,0.0,0.0
109300040907,2011-12,Central,1.520681674218709,3.6842083112858277,1.6398099119928353,2.107993391229804,0.44817983077438167,2.8024941848618425,1.935430026584926,2.21750273028503,1.6896276627391729,2.136194670825823,0.7161120945958072,4.300527285643959,4.232593988414299,3.142864512015817,1.3190207401023255,0.00014232932513738177,3.5932034785911484e-05,0.0001336876769841268,0.0,0.0
109300040908,2011-12,Central,2.780431852277338,5.34191032858982,2.826486987840591,3.5699537648857156,1.1741850889910324,6.51255001921783,4.857520753440192,3.7342651038521817,2.931723425536416,3.5692095434128874,1.3862515283928758,7.626016576824023,6.720729481649054,4.06508127232384,2.0965177808102706,0.00036125414862008665,0.00016256436687903897,0.00048440994468106345,0.0,0.0
1093000410,2011-12,Central,2.7119628813785845,6.5042283648896415,3.1504586216497494,3.718151679919273,0.701282355131989,4.878581261626506,2.504006410032139,3.9102093045402904,3.0537160883108903,3.840744727289563,1.1474161197435848,7.021894036022701,7.1841666109127456,6.256458086702999,2.413796748232706,0.000238013294122749,5.289184313838867e-05,0.0001817361098671686,0.0,0.0
1101000101,2011-12,Central,3.6870238097813615,8.071219876120923,3.840557545675605,4.234596388349071,0.8775790665843654,5.619891260884013,4.237216509714332,4.766454132624088,3.888147329052908,4.311139161717609,1.6524052892426646,8.959502287138626,7.5459825726512335,6.95872571838458,3.0523868714907736,0.00045132540388647736,8.989053687365525e-05,0.0003505605500862018,0.0,0.0
1101000102,2011-12,Central,3.519387448280982,9.316711455030454,3.603726611787101,5.040767828972823,0.98416184873065,6.724547952951352,5.138388669242551,5.219338202856525,4.552957413104362,4.93949705659217,2.289531963655906,10.811818241008258,9.091769414045848,8.209521928659035,3.035735146625774,0.0005633660332783419,8.112470879208123e-05,0.0004612188134768689,0.0,0.0
110100010202,2011-12,Central,1.7784497701869508,3.5296753306842326,1.8411594423575404,2.2842660393097765,0.5462733786968051,3.9389351576663003,2.515881961530863,2.261284687553248,1.8788255080831213,2.2893260262415835,0.8217820490058168,4.534839770515836,4.2062947123964385,3.100155822899768,1.3373382331836248,0.0002368544314407596,5.9398650384753e-05,0.00026960999999608613,0.0,0.0
110100010203,2011-12,Central,3.405307088674439,7.888623126979239,3.636946164310463,4.471720047416414,0.9763185798868999,6.4124042061271425,3.559037030565845,4.944415359916985,3.649501003419648,4.4452611910339925,1.4356159858514532,9.26507329299373,8.349843352142047,6.186942220525796,2.8660981071970006,0.0005114549068864654,0.00012950827626144422,0.00044234751596561165,0.0,0.0
110100010205,2011-12,Central,1.8945856935123893,4.29415064753803,2.20939272478842,2.303303522420066,0.44236031867467074,3.8477873469548323,1.4172715415696222,2.6690833487240972,1.9431911604613075,2.602801511271631,0.8954420033900614,4.460253065348445,4.957370099778894,3.592023324161682,1.6513148260892094,8.394331866203103e-05,2.1907271143685923e-05,7.759340356213076e-05,0.0,0.0
110100010206,2011-12,Central,2.281775538816529,5.232118843519324,2.390665645275598,3.0778454125478256,0.6529031520631031,4.0528198414461984,3.024966470964518,3.1067217935298865,2.469480283368749,2.9789564775252564,1.0805881673048334,6.306029270504367,5.667520514753924,4.358951429514283,1.8531106410240765,0.00037477868074824015,8.630795345032085e-05,0.00033104916033864924,0.0,0.0
1101000103,2011-12,Central,1.141185392800545,2.230742498058243,1.303964651654474,1.510899316016097,0.34018647403745883,2.5837817406148322,1.369556642655778,1.4389747970571525,1.1699394985039524,1.579802730303604,0.613232322037415,2.404595374403784,2.7424185014779128,1.9815956502549923,0.9468978590521225,9.449257454449395e-05,2.6038289311382116e-05,0.00010345310002792179,0.0,0.0
1101000107,2011-12,Central,1.5593636970206408,3.746590112379096,1.699795696380732,2.0549362695363174,0.4228757456334626,2.6925679071580277,1.5638906038559743,2.2260356459580377,1.6897670698337182,2.11461859691637,0.7485278527477016,4.187517434354616,4.194504478770663,3.6366337362291987,1.4066878976521242,0.00017126935208643576,3.8567478168347506e-05,0.00014360213482779167,0.0,0.0
1103000501,2011-12,Central,2.0216946395118263,4.132719899263858,2.1976194960437656,2.317093183699694,0.5258775072666122,4.1585518679960884,1.9829027043960832,2.691791916099716,2.0088062036126577,2.609080088123262,0.9174103919662703,4.345041324929461,4.506941200961873,3.18111867706815,1.7237287912521597,0.0001815128467194196,4.3635473860539937e-05,0.00017545380451042332,0.0,0.0
1103000502,2011-12,Central,2.062719397935698,4.217103844905962,2.303874048945778,2.629666450318811,0.6384644330795487,4.645684550431274,2.4519607815660103,2.7851950736981284,2.211273472519787,2.6964941773637636,1.021412790982061,4.922855190053126,4.713745685931153,3.4272560100565066,1.7104105636560707,0.00020884924101426434,5.938176181077217e-05,0.00021710784114456635,0.0,0.0
1103000503,2011-12,Central,1.2305745056324675,2.411505689377788,1.4754328203234937,1.670858803372542,0.3825075147257202,2.739592261016629,1.8257622195995367,1.6102464130966077,1.215533907148163,1.7596796966116286,0.5715519341677918,2.673412798954001,2.9820200543756457,2.0224654723893374,1.0077246381858862,0.000265447896966313,8.011994451117375e-05,0.00026099062234328564,0.0,0.0
1103000504,2011-12,Central,1.134351339981056,2.248070293421454,1.3302324641887946,1.5118179156053417,0.3390614039069314,2.5813112649036376,1.2396626689451684,1.484401790903826,1.178974271228384,1.548516572701851,0.5953863248517152,2.563464019883304,2.805937257137468,2.157194929434761,0.9466357608185109,0.00011513416785917757,3.414247396207857e-05,0.0001206913135551334,0.0,0.0
1103000505,2011-12,Central,2.9575926366854812,5.055716661010934,3.212867964747278,3.6198884639615296,1.183380452109425,6.538354330256114,4.848305142237549,3.51636691235575,2.8848313338465683,3.6051287445774576,1.4234288084309825,7.081339711065482,5.116936059250969,4.054270254869465,2.0789943050377913,0.0005387640684775241,0.00024244383081488586,0.0006851933027983673,0.0,0.0
1103000507,2011-12,Central,2.3243476217154617,4.894196301761126,2.6011544017615544,2.9768622349567515,0.6153994230072982,4.485529731417266,2.4101163145973614,3.1100900732569436,2.4168737611804687,3.0618216101261173,1.0081311001436963,5.466446748618464,5.642847236934108,4.758960166945988,1.9362393789709689,0.00022192824616321991,5.715553439470397e-05,0.00019557524559471584,0.0,0.0
1103000508,2011-12,Central,1.3928156678858974,3.1452026867921554,1.542172717779688,1.6529577957460675,0.36644288163766475,2.7405684155024774,1.250218853072537,1.978693497572898,1.4436649951242717,1.816548495043261,0.6628812283617493,3.4473971362687674,3.4081171136537196,2.406641481572681,1.2082300916457862,0.00010274476273516679,2.7601206520832894e-05,9.975811056646643e-05,0.0,0.0
1103000509,2011-12,Central,2.186196845747344,3.9446334302432278,2.345522156246557,2.301272061012694,0.6247643177064951,4.589818033238181,1.5082810915317633,2.5700076432882453,2.2636319378341527,2.6659953498414963,1.1089959503662872,4.366453439855679,4.601675594521092,3.661523252625892,1.7019965725415782,0.00023875254971634206,6.244297454119715e-05,0.0002675981639809526,0.0,0.0
1103000510,2011-12,Central,2.0994824061126205,3.885392712641913,2.4771648528819856,2.844802692861621,0.7396722876172854,4.725644326012976,3.439689267131141,2.578029345530128,2.183001695733874,2.807520605783698,0.9698605138008772,4.891255706425202,4.230066646344372,3.4546472526789263,1.588433359357558,0.0004622093419108192,0.00014127908186708057,0.0004952148100914399,0.0,0.0
1103000702,2011-12,Central,1.859687234282217,3.885140562216259,2.0232000556799092,2.664090608686419,0.6747943109629988,4.487783464143611,3.2046371719773017,2.5863285790654276,2.0678648979405923,2.5968191002871945,0.9260938078853517,5.01643237355313,4.875720562009507,3.363262202094537,1.4844485759501123,0.00019511935030945337,5.8535805092836014e-05,0.000228521967182219,0.0,0.0
1103000703,2011-12,Central,1.5306716521034722,3.2617602984202376,1.7861948949052056,2.1411065958348425,0.4335123881282409,3.185043876521972,1.612258572864277,1.9920900483912989,1.5927321930677256,2.209839404128457,0.6868059440248203,3.62684612917952,3.9884958137456374,3.2565125801049075,1.2457327256609185,0.00018294984983816367,5.035836072864917e-05,0.0001632889444127511,0.0,0.0
1103000704,2011-12,Central,1.260877676111953,2.570056764261536,1.3660860232981487,1.492622203604002,0.33193944308716505,2.503104389110832,1.2919125930654058,1.5643512471086418,1.2890915128003704,1.5869914965711558,0.6451101570502746,2.858950659385849,2.73979914438993,2.0959464937895644,1.0374095602432678,0.00018499865204566884,4.3279501166647296e-05,0.00017684082130843242,0.0,0.0
1103000705,2011-12,Central,1.2381782485217023,2.646502051454294,1.3753968064118625,1.4768351379295963,0.3110144319639811,2.348115307949133,1.0451234445683628,1.5902244517198867,1.2780336646453128,1.5943043459845891,0.6174110413260426,2.8720210597075844,2.920221332874996,2.4826473791733394,1.0519411447437204,0.0001324329222651372,3.203278920218226e-05,0.00011786066682933871,0.0,0.0
1103000706,2011-12,Central,2.0583237230318687,4.962623832992341,2.2606172215018314,2.61743674221893,0.5375189428919476,3.7731460268711907,2.1707403655339306,2.9964880325570884,2.1950874312999793,2.7450764377371297,0.9407911644548086,5.3668290059940125,5.026844995140876,3.465378421495521,1.8158011535589493,0.00023584783880944328,5.859112976712585e-05,0.0001961537500239471,0.0,0.0
110300070603,2011-12,Central,1.3722311812079524,3.0079669698420792,1.4575865361544025,1.8089955546665,0.3867637408823619,2.5553873284261677,1.7048202490389706,1.8118934988556232,1.4573333184823518,1.8398611735932051,0.663931283579306,3.5229591641581224,3.5065051373390843,2.8747542361501197,1.1435205240091488,0.00017101192724612428,3.829089875838583e-05,0.0001647201144880106,0.0,0.0
1103000708,2011-12,Central,1.1653920489801894,2.4492275345053756,1.3258869327648648,1.507080334766443,0.34574903974288157,2.4855884859816,1.3459756549915138,1.526576931196655,1.231197304737194,1.56592068722812,0.6532823780726298,2.711130030962367,2.7497453577907724,2.0231041188097145,0.9959071697797928,0.000132327560083667,3.51657886049115e-05,0.00013376033836755866,0.0,0.0
1103000709,2011-12,Central,1.7953486759147301,3.686410819551286,2.059619891737556,2.3902499818454137,0.5098672396652406,3.747860695277178,2.04086559531122,2.2982777408413897,1.9336625984369098,2.4960588025720445,0.7918350307597611,4.164530500548338,4.4637845197696375,3.5248198128565162,1.3996584392999554,0.00022813234859267773,5.936096825625798e-05,0.0002169955269324276,0.0,0.0
110300070907,2011-12,Central,1.530587282916142,3.692272774392398,1.705513675539133,2.0100347085771606,0.40840178695953017,2.825365428559845,1.4233440085757998,2.223594885671192,1.6145549296222297,2.085974959936715,0.7343557448537851,4.032769344842461,4.006646651353889,3.1194544512562725,1.3807306090897664,0.00020829977960221482,5.020332954471985e-05,0.00017111423453915507,0.0,0.0
1103000710,2011-12,Central,0.9509925411443803,1.7586938244185244,1.0661404632611888,1.0348436714023737,0.23717621429235752,2.229822151707312,0.7650769958225684,1.1522594009908982,0.9076025122189383,1.2245880608955477,0.5148458815922496,1.80048237279833,2.163856522814187,1.5653025539685261,0.7480216500829427,5.562508684827352e-05,1.4601585297671798e-05,6.504575552334778e-05,0.0,0.0
1103000711,2011-12,Central,1.3361364489604854,2.672727171002718,1.4387173809373663,1.5095346047033291,0.3817754757157985,2.79965775345611,0.9566100173370926,1.659559571676648,1.3300200269211346,1.6762388402314874,0.6443589300919593,2.829736943032556,2.967801700101369,2.4472902613376357,1.1159385500794816,8.443996427705833e-05,2.296581445996916e-05,9.148093820738469e-05,0.0,0.0
1103000901,2011-12,Central,1.3811277415047154,2.7035667118276447,1.5788512563870787,1.9029827243564865,0.4362761387420482,3.1699995787975963,1.845594534211403,1.7142667899339015,1.493383044832277,1.971069101615113,0.7092687652617089,3.138730839855184,3.2754960234574884,2.5517518690403627,1.1201709534541897,0.00020246739539421489,4.9389773724952425e-05,0.0002151140952979134,0.0,0.0
1103000902,2011-12,Central,1.4964849307517218,3.4168258265052334,1.8835415209750515,2.320041319482566,0.4406381456382181,3.1734199314062606,1.5491719113411477,2.078453979532645,1.7094915864126532,2.330460769820077,0.7992180822654518,3.690839687528204,4.160920445635593,3.073508026103778,1.3625661194797563,0.0001807171465774262,4.8486921606672165e-05,0.00015416733283892778,0.0,0.0
1103000903,2011-12,Central,1.8140629168679674,3.4600237097566873,2.0546062666483413,2.3890387285486803,0.5603666362723158,3.474538410230115,2.1150098072362216,2.1218403637729555,1.8151537398680242,2.436380140161406,0.9088885096354957,4.160534870980925,3.8200011698347667,3.391775720246276,1.3700802883850631,0.0003293170652934761,0.00011320274119463242,0.00031858098164249814,0.0,0.0
110300090302,2011-12,Central,2.812095863951966,6.835124056117057,3.0865762873815905,3.848662912241766,0.7793515047449752,5.41595536016334,2.5014873001924274,3.9870607371228726,3.233666393405012,3.9275045878106862,1.4609855195076638,7.3814762352716246,7.328934757905025,6.313870320118233,2.4872096242496773,0.000335356619339265,6.980892892368375e-05,0.0002666171098087486,0.0,0.0
110300090303,2011-12,Central,1.4326319692055327,2.8970278169961983,1.4792546070120984,1.8128201280871208,0.439053383062456,2.9644920935635493,1.9744956221364613,1.8840275077101916,1.495525448786386,1.8624226095112268,0.6235325820991987,3.684752749866602,3.55358956609304,2.6843047403769416,1.1151419134293326,0.0001459443549637882,3.9415017882995555e-05,0.0001643408685502707,0.0,0.0
1103000904,2011-12,Central,1.3081389556714775,2.7954728319297626,1.4979096450760139,1.6137463716238045,0.3507545224293396,2.7691860651659246,1.0084867735354166,1.7459976748233406,1.4193145121680741,1.7497263906344154,0.6848843137934857,3.0401547049428834,3.2650546958605053,2.6723962607957406,1.1152706798314866,0.00015485320743077052,3.6953606318706597e-05,0.00014523970225728433,0.0,0.0
1103000905,2011-12,Central,1.9882607523848999,4.303379678505961,2.1648750682490747,2.4011685811021013,0.4807066611146114,3.598215701203326,1.9092044450924344,2.624487115872283,2.0275336235953847,2.5813009770531994,0.8757269077235057,4.59471830717552,4.70863347430222,4.005459838931193,1.692039890037717,0.00020728456186364683,4.587924278091055e-05,0.0001746179875830276,0.0,0.0
1103000906,2011-12,Central,1.6504318759230712,2.957439792785734,1.8956499044799668,2.0086086596598496,0.4619379860103974,3.3991225490253507,1.6207400508182621,1.862762764427281,1.664868389079396,2.2064674515360583,0.7858725999652336,3.3145688895145287,3.5993776955111643,3.1808790228220465,1.215108956224865,0.00026294282506637156,7.324835841134638e-05,0.00026818702891544634,0.0,0.0
1103000907,2011-12,Central,1.9901622149942193,4.059204511993929,2.104791237696931,2.288951133977787,0.6012237775956674,4.115225526128558,1.5517890592113819,2.5400705009705455,2.075111127155526,2.455443476907732,1.0020768925235308,4.527318757755461,4.3444192561393775,3.523808384105551,1.662814423886711,0.00017759072572592853,4.4230143010985976e-05,0.00018216201631541577,0.0,0.0
1103000908,2011-12,Central,1.2575572396801986,2.233909407932925,1.4826568471693673,1.649071490742097,0.4193711249946064,3.3310697419782254,1.2392303219857672,1.537029305563366,1.2661538190498483,1.7609239081136558,0.6531367181893358,2.4662064986342878,3.146579974561308,2.457696016462611,0.9976246052656839,0.00012153210077143059,4.028564081127051e-05,0.00014478349581985436,0.0,0.0
1103000909,2011-12,Central,2.2788727940645606,3.99365875544758,2.6277961910834398,2.6586203434203273,0.5919033869635351,4.822770126356898,2.054251162663561,2.595979567175011,2.3135223870815733,2.9916546549435488,0.979038191296135,4.305439859136129,5.060846022550755,4.4807359622639655,1.6431664536341448,0.0003266273842768323,8.408448203342778e-05,0.00033020174162553856,0.0,0.0
1103000910,2011-12,Central,1.9722303676013546,4.965686204808527,2.181429255333738,2.7244044594784773,0.5735505839754848,3.681744113708173,1.8560914150031609,2.829859323033614,2.288268261027026,2.760403768798438,1.1660198082912967,5.2781433588391105,5.064608031045222,4.215916313888032,1.8673532503430734,0.00029926306193218537,5.867294471492016e-05,0.00023795124085703126,0.0,0.0
110300091001,2011-12,Central,1.4067133468021207,2.8446936478363,1.543951304681185,1.7346780894864207,0.36799877205904985,2.729639440119326,1.4331097621115496,1.733492939853377,1.390489829873325,1.8050796935490043,0.6580008192293634,3.083597302192006,3.2081716274615646,2.623463277187451,1.1357313977071761,0.00015624231862451746,4.0510624376542524e-05,0.000143899543713105,0.0,0.0
1103001202,2011-12,Central,0.6854819034862047,1.3150377791230436,0.7649563544416765,0.8356968800773658,0.19382448424520143,1.4969916163747694,0.6452842177286301,0.8268738556934941,0.7066381389949618,0.9138762057474075,0.3527219107794123,1.451844728376749,1.6993097897579934,1.369577300673776,0.5410133249424917,5.356908253933089e-05,1.4568907831183842e-05,6.361124904636679e-05,0.0,0.0
1103001203,2011-12,Central,1.1086781483453312,2.430340734541865,1.2659343871411863,1.5419757286246514,0.2891021667320638,2.2268568509925495,1.3535020508810065,1.440796625264437,1.1455031328772554,1.5658422246384658,0.5981459884022,2.4884926046677966,2.773107051013206,1.9838409022230863,0.9398183426745113,0.00011879451957180461,2.7172622490148505e-05,0.00010611303286305217,0.0,0.0
1103001205,2011-12,Central,4.888898270655768,9.290049956019745,5.091173768628672,5.2464295602603475,1.3042950555770811,9.545248626623708,3.743643773918889,6.14794929780705,5.584995900063518,6.152761623217722,2.5348659429223166,10.656593143286601,10.548171568893752,8.334670735024384,3.674740980734833,0.0006071386636949984,0.00013114195135811963,0.0006739482643595322,0.0,0.0
1103001206,2011-12,Central,5.380902612748774,9.153268173989483,5.443554575884862,4.970131575126119,1.3782587303278269,9.0730782242236,6.820922349253657,6.110357066677778,4.936231418709508,5.414801516201367,2.423396728464848,10.726849630341736,8.103980975886374,6.492177354340593,4.056963288334061,0.0006440838421293599,0.00022082874587292335,0.0006429340747180189,0.0,0.0
1103001209,2011-12,Central,1.6257729144923885,3.1984838101755804,1.8138277374761878,1.984781695598807,0.4122086500593116,3.369333081170821,1.4667213342349619,1.9893613750896737,1.734850011929581,2.233211963119846,0.7395493095731852,3.407958683188544,4.209641077235367,3.3813313757489163,1.2380770869170352,0.00016369173237771375,4.092293309442844e-05,0.00016454489948953434,0.0,0.0
1103001210,2011-12,Central,1.6808275316952253,3.704782379502408,1.812617145188115,2.0559634302341068,0.40982859643502795,2.8608154916522976,1.5678319326978996,2.1019249832760023,1.9406144405838106,2.199044330949135,0.9198334453038828,4.014251702394719,4.0973795553134185,3.8919656264907396,1.37274880652734,0.00022045482133575286,3.7983769892308765e-05,0.0001954199215111234,0.0,0.0
1103001211,2011-12,Central,3.3230784313054356,8.225035230479914,3.670209206580329,4.293553668818295,0.8115122642269283,5.02677412094232,2.7786271239706153,4.546554251659323,3.7073771585957345,4.557156949586129,1.7416645266900272,7.899436061956846,8.505225450388178,8.192852865376377,3.096532857064225,0.0005832650082165229,0.00010482643004813084,0.00041140020098997095,0.0,0.0
1113000101,2011-12,Central,1.9902613057195848,4.1430483780644325,2.1387823277095683,2.260641965168875,0.4509044564606078,3.3751507489058605,1.8556215150596775,2.4424052927416438,2.1043339089464475,2.452412184848626,0.8996937736506831,4.411495750510416,4.496132630940492,4.152838979396465,1.572137990591741,0.00019934159748128554,4.061105862148787e-05,0.0001715361957876313,0.0,0.0
1113000103,2011-12,Central,0.9219294799622252,2.0042483865733196,0.9518126843753181,0.9807487235070529,0.21062448045655738,1.6722663285021793,0.9272016935232779,1.2322635095165542,0.9932919038565159,1.0706665958311925,0.4140600711937918,2.276426766268968,2.033362937547887,1.283024604951306,0.7064835454336281,0.0001116980173595429,2.692018283899851e-05,0.0001045988527323205,0.0,0.0
1113000107,2011-12,Central,1.2659294772557494,2.6437756788316658,1.3872441090697927,1.4385550925466606,0.32272650206607184,2.481831049705573,1.146096587932092,1.7058671953914737,1.3313313527921051,1.5864675544624673,0.5850779978524843,2.999462505287343,3.0537086446996704,2.403619585364742,1.033955644653482,0.00010472786138701804,2.6771270033015864e-05,0.0001064627716897565,0.0,0.0
1113000109,2011-12,Central,0.9958026194048013,1.8627179448200832,1.0949703538143352,1.1874968578095773,0.2893124082430005,2.331138671986647,1.062010512196693,1.239012742025514,0.9690048887201343,1.3018548698407435,0.4852300288973323,2.10755206781704,2.3310035959596305,1.7413442816737177,0.778294260098537,6.801301856104978e-05,2.001152276892426e-05,8.24518253381009e-05,0.0,0.0
1113000110,2011-12,Central,1.3692868417940856,2.757925570720842,1.4964033362061198,1.705874703032845,0.3781536373871301,2.8924329132105027,1.5241210940118235,1.7672921290109436,1.3652667474020646,1.8355905753053214,0.629681321699534,3.014546181776776,3.284468630692075,2.395476679392638,1.1079914388568624,9.868686090833564e-05,2.6825015816429995e-05,0.00010362420459220506,0.0,0.0
1113000301,2011-12,Central,3.5177983070025816,10.213730717506936,3.7329021312742072,5.234681550722587,0.9561869119045935,5.4361896658890485,4.2479959939875025,5.372486281651271,4.451828046342913,5.012485786824143,2.114125343976576,10.791095210679693,9.787126159765316,10.41711908695029,3.416496843153483,0.000484798482209293,6.804189223990077e-05,0.00032639178020273877,0.0,0.0
1113000302,2011-12,Central,3.8176391328332695,9.550354650568936,4.161506183307296,5.331688474905466,1.034620412022945,7.018422133638731,3.363472247497724,5.530427177348124,4.529454242794932,5.307146137904464,1.879578142424456,10.49304366800621,9.720465820039637,8.099464546779503,3.407323352743942,0.000650096146571378,0.00013532613663322563,0.000477380423365457,0.0,0.0
1113000303,2011-12,Central,0.853339335632788,1.6520029214418266,0.9295776698595452,1.0015405993141038,0.23190119851338747,1.8929584782352664,0.8360889498647531,1.0490747653604402,0.8435093486791406,1.0944620065767814,0.42287202465554885,1.9020687479681784,1.958472973062092,1.4629002976303294,0.6675063420904611,9.524822424122607e-05,2.6357482742615144e-05,0.00010286001993760865,0.0,0.0
1113000304,2011-12,Central,2.5485714543585996,5.8171777141192385,2.7905950570035056,3.2778783853165896,0.6578374589950958,4.7135261076510995,2.084323034678762,3.3732303029361397,3.126645631993264,3.6836910246717673,1.46124923254726,6.122815895487118,6.659872833929797,5.620382272860514,2.1633645795338277,0.00037813039224459646,7.940738237136525e-05,0.0003302922860334238,0.0,0.0
1113000305,2011-12,Central,1.4570556715529683,3.1950105191149496,1.6578928733509863,1.9320341323850663,0.43167864214640655,2.8000221426320104,1.600824564587403,1.965534521227108,1.5441427331536357,2.0156738047691896,0.6819411432114116,3.5766441008994794,3.633130631289846,2.868578366463695,1.249395695063328,0.0001707691402628356,4.5377334440910725e-05,0.00015591733554623792,0.0,0.0
1113000306,2011-12,Central,1.4801863546473168,3.062446414687368,1.684626462945416,1.9050898084695318,0.38981849809737745,3.0983789403138933,1.371996397313209,1.890288037946537,1.4958332674870087,2.024350960555814,0.7008325508717672,3.227702792835702,3.6893616868122403,2.9765103783669318,1.2180708825191833,0.00010008768010323335,2.6780217108702982e-05,9.716153417271859e-05,0.0,0.0
1113000310,2011-12,Central,1.2203201520835538,2.0476428203612573,1.3719990085128413,1.4013529925685164,0.44792860668365836,2.766038259189654,1.168467809545787,1.3584663099671845,1.163253366576333,1.508858922739082,0.6365657677351908,2.493776844169825,2.3034346169550544,1.8304176051837135,0.9253127686127087,0.00019843044902201522,7.866349943372746e-05,0.00023970154089241434,0.0,0.0
1113000311,2011-12,Central,1.2429063093102077,2.4379606710326334,1.4198290779103322,1.6829575725304173,0.4204424436432189,2.9094900613731616,1.6327330739364518,1.6226412513714008,1.281191851249916,1.7198255016301873,0.5603715619995354,2.9370776616612826,3.0417048906993736,2.1633612978618646,0.9788829788875628,0.00014214254397401147,4.771928261984671e-05,0.0001576694964160219,0.0,0.0
1113000501,2011-12,Central,3.2944361841190988,6.419830766905042,3.709034175891112,4.382557872278269,1.0084561989876855,6.146118473213027,3.8231855658398866,4.041305645742104,3.321093189166861,4.379220122248126,1.4740765511149374,7.762394180599091,6.926136056981507,6.233078996773099,2.494951023407379,0.0005796363636328884,0.0001992499999988054,0.0005321642581189617,0.0,0.0
1113000502,2011-12,Central,1.375844750796479,3.2401455147043543,1.5175131374003608,1.6977287615472554,0.34584680290446457,2.37971725250452,1.2985199998440276,1.8128021414078546,1.4537467972257918,1.8094874320467018,0.7310388864188458,3.2363042432017535,3.19638244138931,2.5317803948888997,1.2422123983087143,0.00015918716488540552,3.4321065647897626e-05,0.00012885390967787655,0.0,0.0
1113000504,2011-12,Central,1.252105635168485,2.7806599051250283,1.386139807241468,1.7069805079905849,0.3325880939088508,2.453672549324943,1.5357020680047404,1.610642460059703,1.3917444834710289,1.7089849180297476,0.6433007720363629,3.1053971524729342,3.070287985904775,2.4002216683212114,1.023166973970635,0.0001317213390645513,2.9435686995037483e-05,0.000120546735052425,0.0,0.0
1113000505,2011-12,Central,1.489700156594016,3.4739903242006247,1.7377296426707043,2.081771331678658,0.39763904032083913,2.6804037297336056,1.7911839721681022,1.9832432131561366,1.5326105762475333,2.1298763005176737,0.7794965804603439,3.462801656741265,3.6654930927700713,2.968912767804105,1.3472213116872203,0.00031544738416132965,6.524878928337027e-05,0.00024266213272014758,0.0,0.0
1113000506,2011-12,Central,1.1118501346335166,1.9426029987523132,1.3097199014901988,1.2518309020534124,0.3245995250686595,2.6143612795480076,0.9946711682875755,1.2942157177904599,1.094786658771447,1.4101776958314274,0.5650184642269171,2.1450905767178243,2.3183483298481478,1.754404308022804,0.8648039685576668,0.00018290760015862302,5.8259457828302144e-05,0.00019671267313782834,0.0,0.0
1113000508,2011-12,Central,3.4068966675138594,7.857824582185685,3.606782475794985,4.911327362489232,1.1349492264921592,6.7113357271004555,4.331012647266569,4.9353926092265175,3.915532620513701,4.873550996068924,1.6467586469732554,9.805358584891609,9.376771811337395,6.500109670219815,2.8678608508290275,0.00048191433213929947,0.0001656580516728842,0.0004543917684319131,0.0,0.0
1113000509,2011-12,Central,0.7751126511786186,1.75765889935608,0.871273631847674,0.9680420389487344,0.19720095439870317,1.5218933109201545,0.6656577667604044,1.0247599183101712,0.8555707784144841,1.0147135440421402,0.4383858324755208,1.969281208380083,1.8609391201996415,1.3926782967677203,0.6647070836444535,0.00010165222273165144,2.3626834516701735e-05,9.178900260205048e-05,0.0,0.0
1113000510,2011-12,Central,1.4252714435838263,2.904957600733436,1.621288204436604,1.7607382609486875,0.37327052715121445,3.1465645111219223,1.4230722745855648,1.976004689327455,1.4036352161088317,1.9587740787304775,0.6394550518653511,3.240890020413913,3.717746629624467,2.7265046611263224,1.1548696698008034,7.14222939453282e-05,2.0659814194121378e-05,7.779021161521274e-05,0.0,0.0
111300051004,2011-12,Central,1.0420434233448848,2.1648805482137137,1.108937686551563,1.3666943723104341,0.30604394877207786,2.1272711894476157,1.3771383127210262,1.3040959183815684,1.0936932197757823,1.386158501735464,0.5367140193264436,2.599123920286905,2.552411289751184,1.9253526054299297,0.8278410460396484,0.000157911936386645,3.721285386160692e-05,0.00016660052644885606,0.0,0.0
1121000101,2011-12,Central,1.3343371524057868,2.7025703154635665,1.4171833471151067,1.5982206692889618,0.405232210574404,2.8792611434436153,1.6725182504922413,1.7959736442454934,1.326454477568748,1.687754365976692,0.585017986014805,3.2198623364334007,3.0872606030134166,2.101567839138038,1.0472261749118774,0.00010676933616349516,3.381370531089578e-05,0.000121996213311075,0.0,0.0
1121000103,2011-12,Central,1.3896564408904306,3.0440753318764036,1.6160724645323794,1.9879653249320581,0.4099720663601982,2.810355332450028,1.8533419819785526,1.8936267386424224,1.5221718852896076,1.9951184960643178,0.7441251180518922,3.326173289215386,3.6609582797252664,2.8186346908070807,1.2214519670705297,0.00012042238309069596,3.1241655990510747e-05,0.00011637445740969585,0.0,0.0
1121000105,2011-12,Central,2.2406526692694233,3.845646320183536,2.382703142108311,2.1805488291899175,0.558510317178912,4.366415517719475,2.0969065263017748,2.506404404100985,2.2373030163717456,2.5426805985210437,1.0888817126544625,4.310575548197218,4.090343923101158,3.2319970775934337,1.6539320714181778,0.00025335046374752606,6.626089051858374e-05,0.00028265666131107063,0.0,0.0
1121000107,2011-12,Central,1.415881413241293,3.061639967126853,1.598882379718015,1.9316580476821221,0.4129231081901726,2.995429786132249,1.7584615643585422,1.9842404760268013,1.549878461513049,1.9204836261977387,0.6811333201832886,3.6010702964305197,3.586044294413985,2.534951675105098,1.1680887770806172,0.00011183747786824067,3.061068898548829e-05,0.0001150125139765324,0.0,0.0
1121000108,2011-12,Central,0.9675137495845252,1.9912149747382053,1.0530238655669506,1.2189544969964818,0.26979996391284217,2.0789306183332847,1.146620369984783,1.2737492875845862,0.9539519061221544,1.2986469548966235,0.41919027895513106,2.3464987869218494,2.3889769340355915,1.7499093410812832,0.7428619228043034,0.00011528406862028121,3.196452648886098e-05,0.00011697400529688468,0.0,0.0
1121000109,2011-12,Central,1.6086948329395223,3.4830091162358348,1.8045897235479016,2.062700391743736,0.4372446599302138,3.06277820580571,1.7393207701938478,2.162179154259129,1.6909269057032696,2.1182157930146324,0.7902851938768591,3.8618954533568863,3.8552060984073124,3.079187780654673,1.391337640620224,0.00019286248789901996,4.8441456269718716e-05,0.00017140370761705787,0.0,0.0
1121000110,2011-12,Central,2.633445073453301,5.74124606013922,3.1497028313615036,3.6013163240840136,0.6898384736665689,5.223347572148115,2.7900780979883804,3.6157019355218516,2.7221940946837515,3.676077042587803,1.1438652878561544,5.966937743832218,6.461232302643592,4.886180151914429,2.2450666660212453,0.0005769015085041119,0.00014253712020314803,0.0004725059471236272,0.0,0.0
1121000111,2011-12,Central,2.418759727235111,5.445159177216784,2.4766544005544047,2.842827820237209,0.5615570136633171,3.7841623803967845,2.8321001621178015,3.0995172094942616,2.6483584837949388,2.835150174524223,1.120979933911862,6.198009977409046,5.077823474169251,4.616892987431601,1.9382041533244612,0.0003254941048346032,5.869565824886286e-05,0.00025536923196830066,0.0,0.0
1123000301,2011-12,Central,1.2759226431605346,2.4386601847713623,1.386772178816763,1.655338778059022,0.42886658965509367,3.139420312195484,1.6052799194789789,1.6358137526291228,1.3148077139573677,1.7186328715148758,0.6228426498308666,2.940323182470646,3.1116433079420127,2.28988789968757,1.006768836896053,0.00010575053894313304,3.086306489807741e-05,0.00013163494761346287,0.0,0.0
1123000302,2011-12,Central,1.324750334531467,2.488887754326659,1.4595697598629602,1.4933061418646074,0.3641629735245638,2.877817055605459,1.1241653403239567,1.7073657362052967,1.256888874708658,1.6662921146200314,0.5969236266844944,2.7265647189126287,3.0898209436139434,2.652411768716356,1.0774102914503976,5.865571284680914e-05,1.7608037350731318e-05,6.918116867395805e-05,0.0,0.0
1123000303,2011-12,Central,0.9590503993188358,1.6493386235427279,1.0385849993296499,1.1294780972513083,0.2934197196324078,2.3800052791320043,1.1664704993312167,1.1274363886524499,0.9547072333642689,1.2517937077880608,0.5114464068771452,1.8514957222889579,2.099616264466981,1.5532196522759656,0.7531333947510355,7.111908970236531e-05,1.885657554432432e-05,9.372735678631536e-05,0.0,0.0
1123000305,2011-12,Central,3.043661668427709,6.529300429116249,3.5626521415629693,3.977799292423735,0.8055406193495758,6.268676373836273,3.323614260645572,4.455432907379608,3.090926490238933,4.39285928720916,1.153614182866873,6.923410856938903,7.932409573118012,5.399867312643982,2.640992871491088,0.00023931556434710825,6.688595235275389e-05,0.000211529549046822,0.0,0.0
1123000307,2011-12,Central,1.6207198669357064,2.930312173503247,1.8878916882478596,2.2845219644371713,0.5739084935172741,3.867955252166016,2.422843727565292,1.9956097772098382,1.5967710848472028,2.3021558785226754,0.7091290536627756,3.607750284795246,3.9853995144143846,3.132860533111933,1.2332052221549856,0.00023810096933119565,9.40956715337706e-05,0.000264434090589984,0.0,0.0
1123000308,2011-12,Central,2.039585244713119,3.830756418429869,2.346131135108826,2.4515457859376135,0.5449658109879265,4.014208858176117,1.7485206235343365,2.407748303538125,1.9740369176458363,2.6920429019577683,0.883865126924572,3.987301071178443,4.596469863758959,4.110791353828069,1.5994604950647138,0.0002970624070159443,8.084870218647237e-05,0.0002690274802836128,0.0,0.0
1123000309,2011-12,Central,0.9449684338254656,1.7786635721711146,1.0977791897232285,1.177214018195043,0.292052700055473,2.0669600280271574,1.1499435737656718,1.1357794608384266,0.9418688529983588,1.244146777277256,0.5009822170273086,1.9703640230374835,2.054551403649228,1.5388646425411698,0.7615175287295624,0.00012571580195406353,3.7212992374429006e-05,0.00013344966193996823,0.0,0.0
1123000310,2011-12,Central,1.530995153581015,3.371044693620842,1.8286622367487844,2.131503749757733,0.40913742557269134,3.263576511263286,1.4875395744896076,2.0239234388409635,1.7415342865116588,2.2086482309548368,0.7804686081988518,3.649072074201093,3.8487273568648015,2.7265711262582335,1.2882992360130576,0.00023702369031217425,5.5397397386915154e-05,0.00020546769024380222,0.0,0.0
1123000311,2011-12,Central,3.3367376673589866,6.568407953941958,3.8964067344377806,4.384303716503976,0.9143257093692088,7.329190212824632,3.986885565805892,4.619294035343447,3.36228555795201,4.687344922378196,1.3835208308906985,6.748664286280966,8.20011254964884,5.841678986816301,2.852019193716612,0.0002514396523843414,6.577812738034526e-05,0.00023771199350770003,0.0,0.0
1123000603,2011-12,Central,1.9658610432141503,4.12187720890164,2.312300969758334,2.9300690874539734,0.663177142104045,4.2293387470827515,3.0443860043645823,2.628456989205991,2.1313432343163066,2.821258073642576,0.9921961140029216,4.845479413562862,4.779025382086359,3.7523688091873044,1.6384302460423752,0.00033345041564432115,9.167205960639698e-05,0.0003220052322235847,0.0,0.0
1123000605,2011-12,Central,1.382062549395094,2.5298817664017865,1.8481082979666004,1.9238838051733849,0.37854096068722304,3.4499295836803325,1.3152302014598458,1.766736946757134,1.370299882848625,2.1517842134196483,0.9209266434248627,2.455604930965007,3.774170256494381,2.63948824222441,1.1914578162433795,7.452661837330534e-05,2.1683056733524128e-05,7.608998904384629e-05,0.0,0.0
1123000606,2011-12,Central,1.770298582662031,4.164142666892294,1.933452558758499,2.4158530952812973,0.5011822291978274,3.3203497322010542,1.7876286536083774,2.4906871589898656,1.9897353639878224,2.4440402548034887,0.8488243575531409,4.822538116817284,4.696253173982745,3.740165266637273,1.5352406429175727,0.00021782412762442557,5.3400097769422885e-05,0.00018863777192212379,0.0,0.0
1123000608,2011-12,Central,4.012590994695196,7.572334268884644,4.188048146838863,4.282727765470059,1.0680498467144628,7.913280362676942,3.0728743049295657,4.97043113913753,4.575887503657085,5.066603433808576,2.1480445788160583,8.67751114303125,8.664792135201862,6.8100981211861304,3.014063738665526,0.0005047061042994028,0.00010901651852867101,0.0005702102773627382,0.0,0.0
1123000609,2011-12,Central,1.1295062126598119,2.125719291449459,1.1856576358755644,1.2610490274961053,0.3109837492697429,2.3938070281917274,1.0164741846284029,1.3764086546340348,1.1373070022316303,1.4072700377247362,0.5146121029417325,2.417832122463104,2.5904969830975135,2.1637345810970627,0.8732422778003924,8.713450938095946e-05,2.226694078871587e-05,0.00010058296851349657,0.0,0.0
1131000203,2011-12,Central,1.3757109381370722,3.0107148224891827,1.563201182311408,1.781766895904523,0.392540454658922,2.7210174498180386,1.5353150356857643,1.875787515444822,1.4681341830525372,1.8577924065992943,0.7340302069034828,3.29285667832356,3.395794868096553,2.6654119402276337,1.215400701000875,0.00012790831475206882,3.212685423222337e-05,0.00012306353948037332,0.0,0.0
1131000205,2011-12,Central,2.656279912888967,5.992866206101875,2.827110653595008,3.526135420512728,0.6921358352668001,4.7350639903605165,3.018377318595294,3.660944423730609,2.7721036936003607,3.5983298787199782,1.0776697885455637,6.756000022793751,6.977211064282851,6.056191805162929,2.2115914209857688,0.0002780996955878504,6.139863409082412e-05,0.00023582301379206192,0.0,0.0
1131000207,2011-12,Central,2.5399681139305224,6.993392374725738,2.767665634103201,3.7014377015867317,0.6251752990006794,4.184602617100487,2.65365091470624,3.6864529252720155,3.0184757165003,3.6667096818090132,1.2711391005874113,7.109592873750452,7.405477627306867,7.807850908926673,2.266353271137662,0.00019471520768657403,3.0239861799808843e-05,0.00013938701722684396,0.0,0.0
1131000209,2011-12,Central,1.043812137560654,1.9997730007325918,1.1381148553752494,1.2940766301104403,0.3495021341291712,2.503094389819961,1.102969166620243,1.3190986590038913,1.053293571292055,1.3701415992068853,0.5182525654321986,2.355862616165537,2.4847264816830266,1.8509047610883385,0.8278373070589943,7.910530048691775e-05,2.4903520523659293e-05,9.948931597916423e-05,0.0,0.0
1131000210,2011-12,Central,1.5960972779853324,3.4651692447226448,1.7975428495156736,2.0632530079196774,0.4098446020321103,3.0005558634117033,1.634556338466788,2.1161068604086823,1.6409356494029854,2.1388514844794058,0.7518179568383789,3.73457712615962,3.9638659626322172,3.3372956289799975,1.3630114288833226,0.00016890945857952607,4.143062191573281e-05,0.00014476866244549533,0.0,0.0
1131000212,2011-12,Central,5.385849104985979,12.632103431072995,5.842790723504749,7.006137421857847,1.383666783443735,9.613944002721492,4.387348087307645,7.577427154415089,6.650033128683303,7.685405455172562,2.71486390498501,13.351520914462437,14.03878118367879,11.989196078627074,4.58797971574837,0.0007606301611767951,0.00015973233384712697,0.0006214984310557029,0.0,0.0
1131000303,2011-12,Central,2.3754746175505943,5.178954610609311,2.496676324432224,2.900150675134446,0.7122097275771023,4.778607511243482,2.113497896804772,3.148476490982741,2.6437370924607335,3.027634429556298,1.3028027489565348,5.877690664609372,5.393839294773442,4.3889615913832305,2.0126718555237346,0.00026585652667215795,5.726140574477248e-05,0.00025576551214615874,0.0,0.0
113100030302,2011-12,Central,1.8813524364376062,4.184189888505472,2.0483426159600793,2.5050677869171754,0.5586415969337307,3.944019072936659,1.9550400225823144,2.5973091733126754,2.0343671333797553,2.576015868458792,0.8951491944698828,4.879254678866266,4.885471027530251,3.753079770102008,1.552000385615713,0.00018902009385196635,4.9505262675514994e-05,0.00018331726375825708,0.0,0.0
1131000404,2011-12,Central,4.8129256002993515,11.847805088157601,5.329562563381761,7.442600975669923,1.556910634836905,9.37806823804546,7.099708216191802,7.418867533574676,5.656026654392942,6.962069455945487,2.3367112315523406,13.717810428421306,13.21733709452826,10.372054192493323,4.317887625268473,0.0006119959304402805,0.0001371277188538388,0.0005125765002159716,0.0,0.0
1131000405,2011-12,Central,2.0175456320735132,4.782826080918512,2.2188641780017644,2.5523563697793876,0.511139736602626,3.638958239795153,2.021952838330452,2.899413348662879,2.1445613893478472,2.7144112947521335,0.8839326664271044,5.166622800355474,5.174962724103389,3.979675404072369,1.760626770758247,0.00015744763449678173,3.831624122241415e-05,0.0001341862814264864,0.0,0.0
1131000406,2011-12,Central,1.8692635143794512,3.2971179139875977,1.9362744632800954,2.0136944236295973,0.5962599554580331,3.9436623008916727,2.8088265032545925,2.234535473066293,1.7983307572435032,2.1627536097785542,0.8580223662839804,4.19680775772275,3.6477091744303367,2.5096439697598174,1.390559513489626,0.00021318390398459324,8.451219050817805e-05,0.00026118151524269414,0.0,0.0
1131000409,2011-12,Central,2.361946314896835,5.44272491849111,2.6026725101321144,3.0108265587129384,0.6412688011230826,4.403219133500259,1.9022075438499515,3.2744328589120624,2.536396987219249,3.1890689579033302,1.1208255174836164,5.752613583735867,6.080115362578796,5.535539916858031,2.110000387486751,0.00018250273580700335,4.094936731403676e-05,0.00015503069983844141,0.0,0.0
1131000410,2011-12,Central,1.3468783071818582,2.869165144214635,1.4534347311118567,1.6703679706178327,0.3702999913351663,2.6683942153008497,1.5305032155346863,1.747957978426687,1.4204776702594895,1.7033765387688775,0.6752172221877334,3.22448212147845,3.0111049253146622,2.2651598028013216,1.100091414915397,0.00014208888458901446,3.369696867723663e-05,0.00013791267352553424,0.0,0.0
1131000413,2011-12,Central,2.117440318515953,4.840506604340862,2.245686013296323,2.6319808927376807,0.5193332600338793,3.8129731387041503,2.0848711466126892,2.808228904571786,2.3633602774758664,2.6504147119866643,0.9906216769389695,5.4815654706296195,4.662597275074603,3.6652863779134615,1.7332318927669397,0.00033526415809955135,7.086265159831426e-05,0.00026887045934063236,0.0,0.0
1131000414,2011-12,Central,2.6199972992693654,5.4708173009010475,2.6726303951164363,3.3823702533293396,0.8027611892681862,5.3036175831183385,3.9299215074914278,3.4592283425898245,2.833005771238134,3.298566718390083,1.2161513176488854,7.175519748355517,6.183697112618506,4.457749335997426,1.9560520780784731,0.0003783034482057078,9.60308753137566e-05,0.00039460774730644616,0.0,0.0
1131000604,2011-12,Central,3.046495960586174,6.956437499916496,3.462991901631884,4.3619759554559705,0.9261041544612835,5.865030622888064,4.095833616969178,4.351879986472482,3.3575951485744806,4.30184848753958,1.292551763062285,8.109424846090246,7.552944079740986,5.622719236229655,2.567508241317785,0.000490031741739984,0.00013133122164361068,0.0004240941818760259,0.0,0.0
1131000608,2011-12,Central,1.4164923015960234,2.950569483304515,1.5272007370118958,1.8488566223333656,0.46153792561465706,3.150533571296059,1.795466838860052,1.9451494863805006,1.4440757529751456,1.8934434043593515,0.6379453186525216,3.558766415426889,3.5638009801516146,2.5041364198619696,1.132783485638932,0.00012282270108787745,3.83991149742588e-05,0.0001385943962989285,0.0,0.0
1131000609,2011-12,Central,2.7388131536038354,5.824717118980712,3.240905579126949,3.8176969481826513,0.7913589404974233,5.574729021932319,3.3809390021670005,3.7153978569299384,2.934373183198151,3.8414087434087056,1.2467309359629084,6.2907720072946915,6.740104954602364,5.28647054040097,2.275975991694348,0.0004424874442843937,0.00010878581358444117,0.0003936118013364342,0.0,0.0
1131000610,2011-12,Central,4.882738435785429,10.568554917749081,5.369856991469247,6.440222821825831,1.4108292465209786,9.79930378156352,6.01903111548683,7.13996903318686,5.213641337288256,6.295567708364523,1.8895669442500675,12.0222190803668,11.24761597652383,8.118419564500162,4.0225892691918075,0.00041667549128500625,0.00010850924252213704,0.0003786083068640444,0.0,0.0
1131000701,2011-12,Central,2.8436958640627847,5.735458067784583,3.030961122299972,3.401981070224526,0.717058535717905,5.6608240313710345,2.885149206087743,3.7469712547540253,2.8065786747497006,3.6312070946598243,1.0358799336657902,6.515681797993652,6.5971347047338575,5.2782642430879205,2.2034196248026645,0.0002591714139743706,6.803249616827228e-05,0.00023893581785028342,0.0,0.0
1131000704,2011-12,Central,3.9189068113583327,8.384002841561125,4.299831949081202,5.080011888372784,1.0202620007749807,6.976291011556313,4.674600079878404,5.320926046221089,4.131422531908497,5.0839535632034805,1.5641151657509798,9.421586385547718,9.356426921030733,8.15533487463421,3.2174861452088153,0.0003700942406129727,8.996058064761316e-05,0.00030553686243800005,0.0,0.0
1131000705,2011-12,Central,2.3495803296710602,5.42318317466636,2.4163430070398033,2.8389758392895246,0.5863482709252839,4.308063320277221,2.5366040582143348,3.2182924328959603,2.6551603309782568,2.8146047667202034,1.0861035687214071,6.33152529512972,5.012166739033017,3.8534766665564066,1.8697086053975949,0.0003042414845648439,5.981446662561252e-05,0.0002594402107809191,0.0,0.0
1131000706,2011-12,Central,2.2329238030179646,6.436996968026267,2.404777516734093,3.3341846491749134,0.5981721990009,3.5698785007580853,2.717280259803103,3.263256498950489,2.7605663624555183,3.220430692430901,1.4644898291296322,6.610134942925504,6.094121524131112,6.089505773512655,2.1532551899461,0.0004125405464536115,5.79004275724367e-05,0.00027901687186732284,0.0,0.0
1131000710,2011-12,Central,3.179073513741521,6.440221928755709,3.517763547418847,3.8791537591311323,0.8273150774599185,6.5508313261271285,2.8973943744309762,4.160950098958021,3.377790738620194,4.075685168677924,1.3515628410929341,6.970459357090713,7.5470912492890205,6.116875864028133,2.4728856865908564,0.00035302413609209377,8.306450260990441e-05,0.0003326186386850595,0.0,0.0
1133000801,2011-12,Central,6.164129431948215,15.700987819195639,6.7634024513502,7.991681822403077,1.4933425784693934,9.068367818524639,5.150977164661984,8.923453573793813,6.931708110558043,8.384923553400922,2.884219874163088,15.168661226054278,15.797307820949118,15.106836385711828,5.7987648614075855,0.0010310049287851068,0.00018529581669409756,0.0006956463674443174,0.0,0.0
113300080103,2011-12,Central,2.812643226497926,6.494860856961045,3.018521562423319,3.335547960930451,0.685214940476455,4.640613921513872,2.5565550418422585,3.851613687305993,2.904665919888347,3.559037215894864,1.2128356158704408,6.674382154716474,6.585946679634001,5.901355857810634,2.4759976603746936,0.00021106480777769595,4.5505987426272284e-05,0.0001677947618112046,0.0,0.0
113300080104,2011-12,Central,1.2485889272715471,2.5239236283482938,1.493500647214937,1.7774396382580753,0.4210655883896578,2.8178364938163103,1.5422352447457868,1.6355585853895682,1.348848546411398,1.7940775093967325,0.6731101824157277,2.938228285314151,3.133049552397465,2.546555035653754,1.057559634519798,0.0001615077230146365,4.6099645348665925e-05,0.0001664227190770203,0.0,0.0
1133000802,2011-12,Central,1.6207391164279479,3.066321783738695,1.6824232649309554,1.8351705365806743,0.427973816408888,3.2765920674079663,2.0667234426746437,1.900999637075983,1.6514851574543112,1.9271728422007295,0.7869713028109679,3.6542444987706633,3.2436967063458493,2.561161663525561,1.221717106422887,0.00021530890512954019,4.89491339005439e-05,0.0002290146469576765,0.0,0.0
1133000805,2011-12,Central,1.623717168408949,3.1938387260013643,1.8108671054998562,2.20877735848304,0.4576140213481265,3.6417900451522542,1.7844773607807638,2.068577105419868,1.610743161834069,2.2783819846430884,0.693803848783415,3.647659997970004,4.250131450630891,3.559285570369098,1.2692484835478157,0.00015672268587739894,4.281887667721793e-05,0.00015648706933277595,0.0,0.0
1133000806,2011-12,Central,1.1925031270425017,2.6035063259063373,1.3489512867713673,1.483708431338096,0.29653814568332587,2.34771717800153,1.0340703825988002,1.5748711664205914,1.24680643958551,1.619452517769475,0.6286690338441608,2.6808085057172826,3.0073311443787265,2.4415471552337245,1.0314826418266743,0.00015372419337976836,3.3016566801703686e-05,0.00013589747632573488,0.0,0.0
113300100101,2011-12,Central,8.42702412245193,19.836758222704827,8.569604058331224,11.367349631147304,2.4256903541032755,15.823715554966991,12.44513175947295,12.850904626661393,9.68876386497858,10.689107200346118,3.229983959352623,24.797619800434248,20.244506264798023,15.076708217331635,6.501887846778747,0.0009004653953742155,0.0001899419193367486,0.0008046243428129706,0.0,0.0
1133001003,2011-12,Central,1.9288128215361726,4.309058390239576,2.145615023116098,2.584877947622338,0.5006344274966056,3.7293609530052843,1.79291771861263,2.5747889755240125,2.0363219591828585,2.7503500082527452,0.9087242387295831,4.536344825735378,5.30101130047702,5.056611599244523,1.657456147801322,0.00014267475313751963,2.9851477319545413e-05,0.00012633500458230179,0.0,0.0
1133001005,2011-12,Central,2.789504060217333,6.830050663133177,3.015541838984503,4.058391184494688,0.8616802403007796,4.844635849115363,3.260520534265836,4.080932237056302,3.202956442403284,4.0452715608767855,1.3606016733534396,7.95679456662886,8.038854447151131,6.451964925160696,2.5272910743456416,0.000339715461212281,9.669611772458e-05,0.0002849710801016396,0.0,0.0
1133001006,2011-12,Central,2.7343264889336103,6.883167296745519,2.817539293759355,3.760741071198413,0.695364356079426,4.964089091635923,3.7464555944602282,3.7821615900132444,3.3524419842453317,3.6094601108444526,1.5335525129171177,7.987326652915806,6.672759432094297,6.053028177523937,2.204659372567821,0.0004218575930545113,6.0747493399849616e-05,0.00033680148102219247,0.0,0.0
1133001008,2011-12,Central,3.2097041991692716,6.806195049569013,3.355317774522246,3.878832614290129,0.871245093256809,6.054078376491247,4.050609880267617,4.345946682605295,3.3431052646534045,4.000248380297986,1.290830380447044,8.001226865082378,7.243304442629553,5.507941133960598,2.502971011027841,0.00027845313737973705,7.359118630750193e-05,0.00026313260064020843,0.0,0.0
1133001009,2011-12,Central,1.8648517720663427,4.731081046159749,2.142246870447262,2.7199676801985366,0.4670866389388544,3.460980472807334,1.7690815755543443,2.621426368119294,2.059604317181004,2.8042887528272415,0.957465953780783,4.639721294579857,5.206398232871373,4.142512065159999,1.7319968824133805,0.00021557538612689011,4.344112540724254e-05,0.00015900129520962292,0.0,0.0
1133001010,2011-12,Central,1.3341759324792233,2.8859513952279485,1.4903074111625463,1.7554535810190712,0.374337183724586,2.5842580576064913,1.3610806028714044,1.7209765101100714,1.4672511810134077,1.888473246501077,0.699074458702897,3.140335592771294,3.5286961960962766,2.6912179531556326,1.111019241816878,0.0001851617451502225,4.724487827286605e-05,0.000176900350731816,0.0,0.0
1133001202,2011-12,Central,1.3545775493574674,2.795305338374021,1.658667353590874,1.9478944347083549,0.40852238378889233,3.0558017135461806,1.424711270988946,1.7699803500636169,1.3909553538248451,1.9799984324932165,0.7004748065761137,2.9998317392227625,3.458597392988448,2.728575779344933,1.1489414508235642,0.00019344005609654103,5.4730794314739904e-05,0.00017843576495442755,0.0,0.0
1133001203,2011-12,Central,2.7346780772555306,5.599992980038409,3.0224383651616256,3.718294762514253,0.8742445477095809,6.122369240617643,4.163799808205309,3.9173778662542196,2.8912440019812613,3.6772705791793134,1.0751346301552878,6.834145900929941,6.743019008150331,4.430184481533308,2.1569932314424984,0.00020914664995676103,6.961595634275046e-05,0.00022553255449065052,0.0,0.0
1133001204,2011-12,Central,2.75502824445089,5.618598306167361,2.940534152519834,3.3107014745307213,0.8090136147279738,5.816211934259185,2.8545989476390146,3.788671312393369,2.8060749519918593,3.480730633289931,1.089335361550674,6.472066389997206,6.2390814163792925,4.442110240289064,2.2083501753866996,0.00017889826991890952,5.494732576080793e-05,0.00018494712171794004,0.0,0.0
113300120702,2011-12,Central,1.8428252935100278,3.5578979984743593,1.9592370308174607,2.2399924116948116,0.4959628393397306,3.729425866547947,2.178239851706618,2.326254759319153,1.9482937495031722,2.4368793737312693,0.824924343820247,4.003498848143745,4.174068365465132,3.273753528004676,1.5131517454141594,0.00017312853566410122,3.899291343786064e-05,0.00017576802072290335,0.0,0.0
1133001209,2011-12,Central,2.3554266511331154,5.483447448783667,2.5133485063434122,3.007709945452921,0.6395859373209524,4.247372984378926,2.927011502938288,3.3141417485690168,2.5656733372081373,3.0933974435924223,1.0615807531355606,6.181793161681514,5.601454857881877,4.043721733686221,1.9972009867952318,0.00025956383080073055,6.417194431846317e-05,0.0002254547474836048,0.0,0.0
1133001210,2011-12,Central,3.1015717204832516,6.35476562330397,3.3929033793775654,3.8487246907669777,0.9278823267623958,6.56564291537549,4.056597753699902,4.462603436600279,3.1081923686804687,4.088680453842542,1.0103135159490788,7.794801942707425,7.621086926595831,4.985362013957918,2.3591694825129506,0.0004214715232037205,0.00014781028462617344,0.00043583086214222724,0.0,0.0
1133001403,2011-12,Central,3.373130724523987,5.786188481135692,3.6604093636911936,4.140411807109718,1.3489208644849902,7.413097468204961,5.526075716911533,4.047385256265504,3.293778771714428,4.102928996020981,1.5847828700514641,8.108068240294688,5.831345342105337,4.638469920868723,2.3715105026864136,0.0006094763783789879,0.0002742643702705446,0.000767766219746805,0.0,0.0
1133001404,2011-12,Central,1.7933765871273222,4.127705328297983,1.9293380811073813,2.247729728819282,0.4661387636643627,3.2556539883109594,2.1352654288201345,2.34875288761772,2.047583575750757,2.366510853587263,0.9941232722107296,4.494863830382774,4.042342058658076,3.2925153996585452,1.5402604927380537,0.0002212472972658384,4.6732847483702606e-05,0.00019010796287598393,0.0,0.0
1133001405,2011-12,Central,1.4999543499405095,2.8752045478715087,1.6355193714514875,1.7555636163793837,0.4238480725897155,3.2166093577408295,1.4201860014572965,1.85418028248648,1.4693392137176533,1.894296060167037,0.6911794427377574,3.1564087741027977,3.355550334650301,2.6979523697594385,1.1939198184345692,9.897062158714632e-05,2.8222940991059854e-05,0.00010826238451928858,0.0,0.0
1133001406,2011-12,Central,7.701959444182182,14.035587874939635,9.008413612850507,11.003216646053389,3.2079769000708054,18.856728890027245,13.916486831926692,10.636944603169244,8.056603415004703,10.504915719211365,2.9504207060292784,18.44379812322956,16.905064205355842,12.567645352964197,5.955485813719899,0.0012064139081873195,0.0005299603953822868,0.0013977842336864658,0.0,0.0
1133001407,2011-12,Central,3.185617245674061,6.469192023057838,3.2748995457820587,3.8645121894025207,0.9317402545951006,6.672728023457218,3.954913900888654,4.334435285707866,3.3998449434689473,3.9407192670206608,1.230731669880705,8.239119718077987,7.507243740912246,5.310529310673175,2.3140862668798405,0.00036498416961421254,0.00010107253927778195,0.00039621260032105053,0.0,0.0
1133001410,2011-12,Central,1.9607384265443737,3.6385710208945694,2.2853566440512676,2.2760918438179205,0.5095173466979119,4.131867344011144,1.6641044327402474,2.3634570816038027,1.9186181645758216,2.5429832742570913,0.8276005096586957,3.8235815466215026,4.348039906502237,3.515010636374538,1.5425688011275913,0.000242410610696431,7.164313593354916e-05,0.00022504418775053496,0.0,0.0
113300141006,2011-12,Central,2.445403510899706,5.094125122403856,2.497817967428246,3.1547504238045074,0.7499318187896254,4.968150395220148,3.6708184022405885,3.2117998536556516,2.6440987739105957,3.0834909505055146,1.1489345992864064,6.679846865350031,5.775873135176263,4.159249282491096,1.8264011459638632,0.000354948787451757,9.010238450698448e-05,0.00037247310461634614,0.0,0.0
1133001411,2011-12,Central,2.5204287306035904,5.214087088639485,2.6223231242409026,2.841879919104305,0.6575490135632817,4.702770156527557,3.4426877418195083,3.183754088646865,2.6989854090447305,2.9945914754982446,1.3083843172006142,5.981161957993519,4.928615410712581,4.00918925739887,2.0192310272144054,0.0002901272307804783,6.248894201425687e-05,0.0002766870488989579,0.0,0.0
1133001601,2011-12,Central,1.873668715262608,3.92234487111092,1.9614909643746292,2.4378851804285873,0.5513639326631493,3.688000478790989,2.446828305583743,2.4699927894672946,2.004888411721013,2.4595263275158397,0.8523129805401181,4.8407537146801785,4.666248786542109,3.7674001964571264,1.4957073330758568,0.00020883927105583197,4.921417248241941e-05,0.0002162822641842781,0.0,0.0
1133001604,2011-12,Central,2.3677284652253108,5.396883050733102,2.5168848872310345,3.2133150501486267,0.6302977633140903,4.305667985608167,2.8125203548556135,3.111709729002825,2.5766212281866565,3.1467520525160766,1.1845361992614316,6.135047703855746,5.806658024810063,5.0192241626868,1.9586321762857077,0.00039928661893928367,7.385453509096548e-05,0.00034719223908362987,0.0,0.0
1133001605,2011-12,Central,3.4865904367383447,10.655550706838099,3.8028330187233585,5.31354309738373,0.8366854613152359,4.940869644138588,3.4725873100923375,5.2709182998012745,4.2549418352951145,5.05574790525496,1.8062986079454,10.41406970054095,10.035197601127754,10.805245815278028,3.4567550917071403,0.0006323356003235883,9.413985060997243e-05,0.00034216960593175076,0.0,0.0
1133001607,2011-12,Central,1.7383536731845768,3.3701559790083495,1.8527532350897093,1.9433354763948778,0.45225639674194873,3.484805135557672,1.3892444532418657,2.058539091478795,1.8595650399244283,2.1244953648288813,0.8694139102758458,3.762831108165835,3.7559930106225496,3.1419284755406176,1.3257544063885522,0.0002157299576737493,4.6516772123402195e-05,0.0002181088077543617,0.0,0.0
1133001609,2011-12,Central,3.4761383686064424,6.524369263593823,3.6357617880268718,3.694731774435917,0.9239077933762655,6.906616561674786,2.662652726605726,4.258506144657013,3.9589631067989983,4.400629449420196,1.9050413007002402,7.46753110437388,7.510399178319977,5.876686092760806,2.609882681960775,0.0004407150713387491,9.51944554091698e-05,0.0005050077613319603,0.0,0.0
1133001610,2011-12,Central,1.8461397570816807,3.192830147710471,2.1342141630196956,2.3034854670420226,0.6195214718905575,4.589854126214094,2.1147215499477072,2.2527375761459165,1.814878714079142,2.4506478031509467,0.7780528161370507,3.7676527589821083,4.234846543299714,3.2962346583796434,1.3775319244436552,0.0002424754794027981,8.621350378766155e-05,0.0002820019640392292,0.0,0.0
1133001901,2011-12,Central,4.6700253263726506,9.106405569267864,4.711130336537321,6.0562210486833035,1.972872113664688,10.653848385756138,8.142102561394179,6.501818898060017,4.934454718491951,5.937297841813832,2.1270787152035444,13.00086117639396,11.217570570234454,6.848652696042046,3.5160231695290416,0.0005825701955183415,0.00026215658798325365,0.0007459583208570852,0.0,0.0
1133001903,2011-12,Central,1.3886691807522928,3.1891315310069244,1.496433109159272,1.8913854700025203,0.3562069810699514,2.6136929266432882,1.6973469413722055,1.8198526752307533,1.5777946657828386,1.8413103298972164,0.6813287532873173,3.6357479188829243,3.329333450530192,2.5906626994247026,1.1153451907822711,0.00015750156410656866,3.265276329038618e-05,0.00013651269572710967,0.0,0.0
1133001904,2011-12,Central,2.572076894190729,5.599082884444593,2.912791010715035,3.030540868003195,0.6365419479609575,5.1021064561544875,2.271499926991599,3.6759831481673744,2.650965339820104,3.3660574329184314,1.0898917375734307,6.040502587847505,6.061645863344883,4.407991065728656,2.28323108770398,0.00027425305636919053,6.812234277980698e-05,0.00023876475533101145,0.0,0.0
1133001906,2011-12,Central,3.352334006159448,7.652511149016888,3.4829798975667527,4.469086584294272,0.968193729706693,5.803398394241542,4.401087755728282,4.702679470494971,3.6924489479467373,4.334132863115292,1.4771800343699777,9.41485811605308,8.463850818955361,6.9241696382876885,2.7304998739856754,0.00040679524196899676,9.36810619472171e-05,0.0003609060471133591,0.0,0.0
1133001909,2011-12,Central,1.4841672507253518,2.6472970734785286,1.6230804245167756,1.7741053019747937,0.5049946348198484,3.4486413979650385,2.3819894069235756,1.7867804339271578,1.496471638860251,1.8710792145257809,0.7997080418782142,3.27106705254424,3.09834721683232,2.2164621732277814,1.1678039431054712,0.00018329769881084528,7.070054096989747e-05,0.0002240365576355865,0.0,0.0
1133001911,2011-12,Central,1.296515939328218,2.634176200031438,1.4792155756969783,1.5820460199693709,0.35597714699020766,2.7882360845000704,1.1689293403924177,1.7078341967867277,1.3030495614873907,1.7215701677318862,0.6413255236834946,2.8594247217709343,3.193473508226661,2.5750956386578276,1.087586010077285,8.048730551580664e-05,2.2306683183671456e-05,8.557706160049352e-05,0.0,0.0
1133001912,2011-12,Central,1.851110673931978,3.56510119313545,2.068517051156367,2.369699564571965,0.5162535236092064,3.8254109144812607,2.2524903510088525,2.295238861966661,1.8119857074312098,2.4999541863535,0.85344973975401,3.8893572838252988,4.408324787337067,3.5723996264018574,1.5077296919351653,0.0002001407066560205,5.5717842157701e-05,0.00019682984555339928,0.0,0.0
1133002102,2011-12,Central,1.5138539904732826,2.562176069064115,1.7008261147842962,1.6995189378927358,0.5237055550181117,3.404960366675537,1.2439232737718176,1.717397644212708,1.4157604367384444,1.855577622223371,0.7093867091687829,2.9692717790840106,2.947764315343109,2.436280504055706,1.174282472709222,0.00020805236838815984,7.876268231837479e-05,0.00023487528809106026,0.0,0.0
1133002104,2011-12,Central,1.80923814995321,3.5861380072948537,1.9872454051749457,2.3853146581032583,0.5393906566751627,4.007061872912423,2.3900752217531096,2.3985630287956536,1.938764645357858,2.515846222817044,0.8225242152017337,4.086745869638414,4.3409299268369335,2.9220674498950006,1.4786478545203494,0.00014675912418683757,3.952855242696574e-05,0.00015646151629064188,0.0,0.0
1133002105,2011-12,Central,1.194514209970453,2.463623508114224,1.2840698571996159,1.521175249664692,0.35438211322085283,2.5104707327160747,1.3060083277387164,1.5559502817794952,1.2634199459719484,1.5893917189893743,0.5867396131869672,2.958953469537952,2.972405396371876,2.3570697445702202,0.9766440606412382,0.00013468555557184797,3.382584480531503e-05,0.00014340554205233643,0.0,0.0
1133002106,2011-12,Central,2.1230576420673004,4.024813740834283,2.319962283471593,2.5916374023663327,0.5943472905021977,4.736352792849714,2.589308817941704,2.7398564224837783,2.1742241536088,2.7526314084410766,0.8842079353378981,4.590439874666797,4.9939535998320395,3.7312834819862237,1.6104941502284973,0.0001533969804397362,4.130847819715731e-05,0.00016932141925939839,0.0,0.0
1133002107,2011-12,Central,1.564660730619187,3.880603193686881,1.758366060689161,2.387014786495521,0.4247027376075048,2.897109233256271,1.8470188432029062,2.171171539877001,1.8429337048042764,2.3058936810190023,0.8166998858064823,4.273496728340417,4.484356089310901,3.9804215386780846,1.3647730107917786,0.00015327206270255683,3.0095265530652257e-05,0.00012608366087310372,0.0,0.0
1133002108,2011-12,Central,1.4731117382934447,3.431657239974283,1.4893705286803873,1.8707274295525498,0.41027045158953007,2.830578793315267,1.970540510154629,2.0529490762110667,1.7785722581481163,1.7892159318068364,0.6680699461626568,4.369874867517635,3.333576115485915,2.30579478066015,1.09923681376106,0.00022201497070781402,4.891267323406527e-05,0.00021345913730384688,0.0,0.0
1133002303,2011-12,Central,1.8352852537134465,4.535868201798861,2.008344793979205,2.3369326760877316,0.4310483664246833,2.9172523958815106,1.932757797215796,2.4437642953768526,1.9339687071642193,2.419001527025464,0.9363773256117527,4.4564074820307304,4.365606157240371,3.949883325124238,1.646202900511355,0.00023448306395285593,4.435695942728358e-05,0.00016753631366815127,0.0,0.0
1133002304,2011-12,Central,4.822133635484439,11.109427254587551,5.007239278451111,6.440800171324955,1.384272910282302,8.217379162598439,6.316097349012233,6.944816106488936,5.314189124463993,6.202077041363547,1.9947804092617416,13.625463465050894,12.125525160613172,9.895107438169882,3.9271877778983355,0.0005631386412706161,0.00012968545473244478,0.0004856075058963816,0.0,0.0
1133002305,2011-12,Central,1.9551515182680193,3.70652974750658,2.020813260124187,2.047753294916724,0.5042008956844825,3.6375093393773463,1.8016418233066713,2.2941747331402147,1.933128681597153,2.190774128028399,0.9082172822850816,4.237137015333137,3.67177161995701,2.966714853646925,1.506692912895514,0.00023552038168484456,5.865790638188582e-05,0.0002283593547831887,0.0,0.0
1133002308,2011-12,Central,2.0554763680739923,4.6840378716900934,2.192986441529177,2.595056683124889,0.5709292468597049,3.696750189189351,2.544940353011632,2.8652936681345826,2.2774218407914555,2.6969107860214967,0.9460538589405776,5.39155458411921,4.995039189734365,3.824275796157583,1.7504009896541561,0.00017549065381292542,4.3386539758458714e-05,0.0001631723211459503,0.0,0.0
1133002501,2011-12,Central,1.9417773648292098,5.888868303104031,2.1416113510405737,2.9613801582234465,0.5032431789474748,2.9071403497922526,2.1886315468267483,2.8534848463218996,2.326796185797695,2.83438578609967,1.2452479011347626,5.622648099776227,5.434239915093286,5.697883810912061,1.9799092743411633,0.0003882705625022972,5.367795794962634e-05,0.00023315553021004368,0.0,0.0
1133002502,2011-12,Central,2.133722975099661,4.688320159734285,2.0917885503719162,2.471125912261351,0.563423107714436,4.193492056177038,2.051114332136003,3.020043068410423,2.2555442649682695,2.546711494986396,0.8687027045219867,5.543837639110716,4.504476127917596,3.1684442618645874,1.656444129936314,0.00015445451531119716,3.8878786793998764e-05,0.0001506644347567709,0.0,0.0
1133002504,2011-12,Central,2.1004510500761002,3.979875476402122,2.1610279262507452,2.6733098276485903,0.8429824342966836,5.040435727808337,3.6441892557427287,2.7992617923463277,2.1348327881674893,2.7025976560410467,0.9152333008903624,5.5795320745645745,5.140483648436481,3.1835077634513036,1.556023954746662,0.0002415535403634973,0.00010869909316357379,0.0003228893760691402,0.0,0.0
1133002505,2011-12,Central,1.3977893816002291,2.776281103333756,1.5903602813975792,1.8372152714795913,0.40597101633795313,3.033202897914619,1.6171350458650156,1.7806958083521676,1.3966143183289519,1.898054656676826,0.687692117186556,2.9996945078408115,3.4022830590995086,2.663315916683005,1.143325838424875,0.0001086260229702368,3.073400949307598e-05,0.00011295793580086872,0.0,0.0
1133002506,2011-12,Central,1.5011781571653697,2.9801334848213874,1.6682678220640812,1.9260844353760371,0.4681993901546699,3.379501825382289,1.9327860065025346,2.0015156689432523,1.5109408990395041,1.980000081987741,0.6980849944010648,3.4423007728125072,3.56558105267351,2.5284516128676295,1.2052848030516476,0.000120557535238036,3.783331480118788e-05,0.0001344259032777339,0.0,0.0
1133002509,2011-12,Central,2.6418898651552563,5.165440547791993,2.8614294180986617,3.3277133256775007,0.8310835973781325,6.0173366593579365,3.837422370647678,3.7011761696701657,2.6813447887967223,3.3613231311690073,0.8908215228927437,6.666778612909396,6.2789748992951475,4.305750100785984,1.905765070251494,0.0003603049952073558,0.0001250312110234481,0.0004042014399696055,0.0,0.0
1143000301,2011-12,Central,1.8240696411217938,4.01401032767992,2.0040789950827755,2.5180790215593527,0.5182151765570692,3.5325043574668333,2.367159183073127,2.531521546285182,1.9051208554888854,2.539078697867086,0.8230206307648514,4.561639318846119,4.82080235610651,3.7967172435206162,1.5579842601631302,0.00021670261323782135,5.2636572249527626e-05,0.00019875943262100687,0.0,0.0
1143000303,2011-12,Central,2.029236043892255,4.124128091031714,2.1992019160115692,2.4982021059774193,0.5944508681477896,3.9728294519971046,2.1483243911901426,2.6227533217093035,2.147254419832434,2.688342044812176,0.9731932073226486,4.7517096900847005,5.0051264578089825,3.7617345916452356,1.6139790446787832,0.000266817745812755,7.140972865113152e-05,0.00027728435182104347,0.0,0.0
114300030504,2011-12,Central,1.8909556257688067,4.2798435572271405,2.095377682641154,2.4669970439083326,0.4700821720592262,3.1949762262960038,2.1078952480826447,2.5503481396029564,1.9802486263979142,2.5401454352077963,0.8587748598479708,4.562372550939464,4.865058118643315,4.542006283009527,1.6548591339843355,0.00016976815706537434,3.738272332730925e-05,0.00013704053874545683,0.0,0.0
114300030505,2011-12,Central,1.2354879781961279,2.5167514689984873,1.3582894789123858,1.530335699675053,0.297665247761665,2.4652535686633907,1.1905052621074446,1.5108640557508146,1.2252795297477188,1.675785829017151,0.590939536066905,2.6228769780191965,2.9592712626671807,2.3806677847599422,1.0100801174026077,0.00013102653776845793,2.9854147845977752e-05,0.00011817618642649601,0.0,0.0
1143000306,2011-12,Central,0.9965045988418715,1.9130063689915087,1.1349285138908733,1.301293358092644,0.30221650272795925,2.2466838712558737,1.189375208296491,1.2542039937270473,1.0375676471352597,1.3774817888781905,0.5417981036621888,2.118664198286455,2.4512012678606063,1.8828826940753687,0.828255632468333,6.401230248898466e-05,1.7639172810463027e-05,7.707028583797698e-05,0.0,0.0
1143000307,2011-12,Central,0.7639926167305578,1.4814166852136457,0.8468968549127757,0.9012600286684365,0.2046725008833968,1.7112372518352965,0.7396586851664877,0.9349793358798674,0.7427246591140009,1.0141012616245189,0.39500881397595256,1.6357433537265202,1.8492436307475693,1.4244645532272717,0.6010835008334237,5.751002422033146e-05,1.5541399402399096e-05,6.662031498162314e-05,0.0,0.0
1143000308,2011-12,Central,2.066909032879125,3.924324715596711,2.429126783998674,2.493205352881932,0.5388875107410108,4.262757994387311,1.8981448025745358,2.514485475622326,2.0857486918028525,2.737889076494779,0.892807018492917,4.170633316976308,4.637507149289601,3.7420258747781814,1.6363800186151365,0.00029942548502367853,8.621388965336951e-05,0.0002707960557465568,0.0,0.0
1143000309,2011-12,Central,2.739330934485677,5.851581645406862,3.110709417962087,3.394810100922645,0.6584740571880127,5.577111007321207,2.557800956396097,3.7348576636229156,2.7759689509198644,3.7299094464169853,1.1790487206881477,5.782664088992527,6.679535246786756,4.613217895765634,2.311243710985547,0.00019514474995586774,4.748087143575043e-05,0.00016994038426698367,0.0,0.0
1143000310,2011-12,Central,2.286471223588145,4.420703460588358,2.59358923159851,2.745965488341767,0.5633983894762717,4.711978052081802,2.019909420610687,2.986522142950526,2.1000511931713963,3.184828426305949,0.9712497397387428,4.131881444087188,5.94011409469022,5.1727383255928565,1.9548909030375679,0.00010158235873182844,2.6132880996333286e-05,9.719296419786441e-05,0.0,0.0
1153000401,2011-12,Central,2.049121064664034,4.127904996888521,2.405835767917195,3.0294845523707434,0.6676743862911929,4.558947754945475,2.9467071286376103,2.6510138699285912,2.193870748953597,2.950910314973928,0.9744129234709056,4.874785915646956,5.061129637975731,4.194426600904072,1.6338475903554175,0.0002839045046505671,8.0439609650994e-05,0.00027813807386162855,0.0,0.0
1153000402,2011-12,Central,1.6418897443054585,3.6965618260533777,1.7788708937754236,1.983543710534746,0.45161183567712015,3.0573101908208202,1.7739063810825377,2.308077450747364,1.7292054318491288,2.1071690097332483,0.772303695857151,4.171423029439878,3.926738752521382,2.9498966692504585,1.417633526064636,0.00014755530336569618,3.757995138412051e-05,0.00014037933466969532,0.0,0.0
1153000403,2011-12,Central,2.7613177620475025,5.820845677979583,3.0933581165689397,3.6945317812725014,0.9191601722940311,6.403066611579671,2.7211160902223948,3.8782589151982947,2.9842889127001624,3.737667984623991,1.312169744334185,6.727369251801309,6.780972296401394,5.15288889322628,2.3524235123906636,0.0002551279878279694,7.254012191228086e-05,0.00025873328796424466,0.0,0.0
1153000404,2011-12,Central,1.9947787744106695,3.669229172478445,2.1995906242450283,2.36732746192295,0.5803087582504194,4.213229362395181,1.9941787128685085,2.416927477358805,1.9209326581882509,2.5392435197265293,0.8897061526895034,4.103223926127432,4.426044152946175,3.5908190691759234,1.584120444255784,0.00018111777387334193,6.112724868225292e-05,0.00018656364922410245,0.0,0.0
115300040402,2011-12,Central,2.1396522543782677,4.853192536840539,2.2639372705933223,2.5961527870481853,0.6022689813372106,4.01083214003453,1.9593095707098604,2.9966668046869835,2.159477896381778,2.7352624092796676,0.9377208396159711,5.313468970231381,5.096889437404548,3.8718161431556126,1.8339205067031303,0.000195443491490218,5.0119583883322875e-05,0.0001784471464093353,0.0,0.0
1153000405,2011-12,Central,0.8588690344474302,1.7231610397512083,0.9211625741116919,0.9785098060259075,0.23667666707567717,1.8174614612124385,0.8956036140932618,1.2251952596852493,0.8475702053131235,1.1413134681120707,0.45302225175444444,1.8816983239865002,2.0693158740784097,1.3632587051936986,0.7133189001900943,1.8764730251706447e-05,5.244388053837769e-06,3.1229875095908465e-05,0.0,0.0
1153000407,2011-12,Central,1.0288551556704058,1.8084468201702437,1.1041588199739933,1.2137871437110566,0.3032374155466319,2.4227160795502933,1.2018398534220576,1.1962524422595662,1.0212816766178276,1.3049339490330254,0.5162449742252695,2.0941471169274837,2.208737840898749,1.692781432736938,0.7939291384933722,0.00010552402876790853,2.8410315437513838e-05,0.0001259841644196724,0.0,0.0
115300040702,2011-12,Central,2.008738776322411,4.001512316142777,2.392631295823685,2.8850733154048402,0.7085232158988386,4.889121899532907,2.5917543976322204,2.684640265875088,2.1716640429788048,2.8413618869347164,0.9933388435286307,4.79109760342678,4.796616169219551,3.64769148215478,1.650140952551807,0.00030435005961757883,9.334916007673498e-05,0.0003188564746277555,0.0,0.0
115300040703,2011-12,Central,2.5745967965242897,4.951111299149913,2.678378502362045,3.285151184786528,0.7810900309204657,5.851225626017998,3.5392695999792467,3.3308270674001776,2.687487476726741,3.3371475425043573,1.0626769387535453,6.212230377684635,6.0175100897255165,4.490892678840771,1.9504406352198187,0.0003049366224774137,7.606284291009646e-05,0.0003451165644356992,0.0,0.0
1153000409,2011-12,Central,2.114155023714753,3.7927190903478283,2.4543470605555915,2.53954788282402,0.6690524244133262,4.913302415800303,1.9346357663649254,2.5599160489722723,2.1746826878298147,2.767317145811308,0.9993474198442761,4.391399996735178,4.48669272922206,3.5970243838278515,1.6310377850409168,0.00036747946330398967,0.00011336394764189115,0.00039947285405382056,0.0,0.0
1153000410,2011-12,Central,1.7738416536789567,3.4146098247158725,2.030072698353071,2.208658456724702,0.5523681165923605,3.935935943117887,1.6889244982870026,2.256194544180657,1.729581971213132,2.3337218291044635,0.79966042054043,3.720785073077347,3.9927279324449434,3.2063552316341832,1.450866558221911,0.00017917998804322117,5.416669504185669e-05,0.00018124146234524473,0.0,0.0
1153002701,2011-12,Central,0.9313613431804049,1.643993194760524,1.0619114147708164,1.1811539429453084,0.27898205135582727,2.34975835075159,0.9885122450525735,1.103156213166254,0.9095671318469789,1.3074892829271867,0.46511035696037156,1.8277483960864664,2.393514998279844,1.9014934913055614,0.709936959543371,8.82878718700447e-05,2.635652645532217e-05,0.00010689122874516241,0.0,0.0
1153002703,2011-12,Central,2.2568479954275067,4.241751175428364,2.5079515085972632,2.9281640670402695,0.7641529159027389,5.541371226923316,2.6458730180208923,2.8943664206960116,2.50591664479945,3.12865733846828,1.1837991003161485,5.138112447753291,5.61929718794398,4.100518867913128,1.7565628223927727,0.0002780968157155057,8.128983843991705e-05,0.0003356723296970029,0.0,0.0
1153002704,2011-12,Central,1.6614101153515868,3.4567327416321088,1.8000306232117522,2.1173019168076728,0.4372653520408351,3.3471800251162938,1.5150020624119156,2.0573852087914974,1.6913665575783008,2.2669895466485075,0.7829248172787355,3.675175363580211,4.203086974537112,3.8497020844010534,1.3425080678088905,0.0001290138647092301,2.833697385577733e-05,0.0001246081507012805,0.0,0.0
1153002707,2011-12,Central,2.3893752771041235,4.463790244921044,2.7488513132829904,2.838175101684833,0.6648064394316878,5.096165518821408,2.132218063785153,3.0548396882940785,2.3125472107648757,3.174661914954938,0.9110905633636608,4.928008145327257,5.799671971956543,5.050754573589235,1.8731560086600632,0.00023682452613765082,7.232365768275563e-05,0.00023128193999020775,0.0,0.0
1153002708,2011-12,Central,3.6356641834976435,6.248021729529857,3.943530083529585,4.46959546364469,1.4535275892528683,7.9637671995548525,5.95437922876514,4.385159132529281,3.5523455529709507,4.417192951140806,1.6849190798872895,8.755927522381187,6.28227351116811,5.007300123259832,2.556370286871772,0.0006535743992536209,0.0002941084796641294,0.0008191238019945099,0.0,0.0
1153002709,2011-12,Central,1.3744664367247048,3.0480728776004686,1.5819666514578186,1.910030812276421,0.4176925184001155,2.9033161816530115,1.3204520359104486,1.8829734356695473,1.5182935928404946,1.9718161714539628,0.7428344417676986,3.3396121710424764,3.686885088103763,2.9781882777232838,1.2276570780120668,0.00011037855786866991,2.842696037917021e-05,0.00010891760854910933,0.0,0.0
1153002710,2011-12,Central,1.459291656125529,2.783914445452114,1.689938934484912,1.9130874322999982,0.4315160979511014,3.4102723226201537,1.3417799416826341,1.7994666116467997,1.5190630816153805,2.0776286364170167,0.7498845697773537,3.0219257517437517,3.7976069365665217,3.0967888997232444,1.1710237496796596,0.00016053941693652764,4.586840483900789e-05,0.0001683564755801576,0.0,0.0
1153003101,2011-12,Central,1.5307122917901608,3.8824587256630307,1.750839794190546,2.3166967576273314,0.4147043686415702,2.683342083365142,1.763213490526878,2.1521273848939706,1.6828774367943011,2.292240934472231,0.8335340946924816,3.9159963769025037,4.517377970117805,4.253077351663043,1.4316029310121998,0.00016330204547752077,3.22979894123295e-05,0.00012511305036370704,0.0,0.0
1153003102,2011-12,Central,1.8804803158728702,4.008995692854873,2.004346964456679,2.2913958317908603,0.5470222981180359,3.7060792389989627,1.701264095889564,2.5515070665804527,1.9564504679930752,2.395453268396106,0.8320474276623996,4.7082375008111965,4.526256427913223,3.652899280822,1.5591401879652824,0.00018726929125588453,5.050372618514996e-05,0.0001815921425894827,0.0,0.0
1153003103,2011-12,Central,0.987055691730503,1.9961014373186114,1.121835015055124,1.3007304648984046,0.2697901004395757,2.1585910806948205,1.0202701525557278,1.238790213776668,1.0095558530748945,1.3632344200588298,0.4886526567926103,2.1941867944082882,2.553769926574388,2.000391743045248,0.7748864799887867,0.00011955519192865576,3.1286475585646424e-05,0.00011982797157606491,0.0,0.0
1153003105,2011-12,Central,3.7837014965958193,10.039010790377258,3.869295124099,5.4306345659988615,1.0591991597610766,7.2030645847632,5.523863638039948,5.640469182191525,4.897837100609965,5.3031659834825575,2.432180329131145,11.65370454841576,9.76847121307124,8.843036437353035,3.2632595289873625,0.0006028805899718112,8.681480495594081e-05,0.0004895671203002775,0.0,0.0
1153003106,2011-12,Central,2.1245038750189735,5.149869144458404,2.413806761249149,3.3601944690696257,0.624376620786251,4.287255797567948,2.6009775403244535,2.9863065417675965,2.50451264206238,3.2621474511452297,1.1219738162654942,5.694049734873245,6.213719088801213,5.128310140884239,1.853376316349396,0.00023524462627318068,5.3827160248948115e-05,0.0001972154297409394,0.0,0.0
1153003107,2011-12,Central,2.3738396114196827,5.247443475924011,2.6606637675801745,3.1022805824614736,0.6560129496465048,4.721599280132708,2.350672438113579,3.2514024397742367,2.5230867909896144,3.2185250918260713,1.1323955014350868,5.497100815093919,5.973161870455941,4.740716412735133,2.0181665586922737,0.00024106382840114585,5.551469907163317e-05,0.00021653318692955512,0.0,0.0
1153003110,2011-12,Central,2.501403947795232,5.570754156363248,2.8484390062309823,3.6367826112735546,0.775757230450787,5.488178990284337,2.708600648902629,3.51668184121612,2.780473627610072,3.6085524568539253,1.2333159249333956,6.307909957031767,6.745077703052633,5.403408341704667,2.1423820528046575,0.000253568007402296,6.520320190344754e-05,0.00023362276206913865,0.0,0.0
1163001102,2011-12,Central,2.033755834530623,4.44069312819029,2.19399038758747,2.395309931364106,0.5148843520844948,3.611728882397817,1.9408523079062727,2.6458004017311794,2.1146837261533418,2.4910778035244476,0.9885060600771151,4.849310497005243,4.31453410853523,3.427614958121545,1.7293600528171384,0.0003228264582692405,7.395943778676329e-05,0.0002661848308339064,0.0,0.0
1163001104,2011-12,Central,2.3427191790050093,5.285974965770297,2.6044049007335373,2.8102495617472405,0.5648359976415387,4.12909530813864,1.97378088162106,3.258047541759571,2.4515500734466285,3.035943666245923,1.0061489712808256,5.669763612556922,5.764514649913973,5.138152551809872,2.0684559442959523,0.0001954007248166966,4.516337507555722e-05,0.00015802219356759212,0.0,0.0
116300110402,2011-12,Central,1.2766346004358715,2.852936147349408,1.542624474831924,1.812076579825184,0.3532896415361405,2.5755620697159762,1.5911236403821638,1.7324726169308344,1.3505030225191832,1.843894066814125,0.7054756511756735,2.846613213469539,3.356330231211182,2.553889765695389,1.1025450049421432,0.00015412635199528446,3.4891180298318994e-05,0.00013413833333160075,0.0,0.0
1163001105,2011-12,Central,1.6511695494479168,3.4303638309506432,1.758594982952007,1.9782993529273039,0.4535990774557381,3.138340275443642,2.0648856261903976,2.1162843213251747,1.7648625623373284,2.099349978903657,0.8371120993394119,3.8982562353230383,3.7049801863601846,3.087483751925768,1.3781735363663223,0.0001442558381929504,3.1038653709548756e-05,0.0001506614509224742,0.0,0.0
1163001106,2011-12,Central,2.564235457984913,4.365158908073023,2.789800352758651,3.1278929168911698,1.0267240220570488,5.706090594637745,4.206829765646954,3.018327963699441,2.4981140889127764,3.1333246669091617,1.2669780786527733,6.1084783869234105,4.439829719274628,3.50103585880621,1.8021758620077841,0.0004707181924196643,0.00021182318658884893,0.0006054280981819404,0.0,0.0
1163001107,2011-12,Central,1.7161459890022706,3.8366334786034004,1.8644514205838945,2.246900205614825,0.4714782380052117,3.3658294672523676,1.848092414748606,2.3576636585256137,1.7777473495982263,2.3086423772805387,0.7925674802634393,4.3257861483163165,4.261282491547195,3.155431414983892,1.4545388982388372,0.0002653445482925582,6.358360026512547e-05,0.00023920934334016844,0.0,0.0
1163001110,2011-12,Central,1.1422180521807834,2.3477797884389764,1.2884283110412138,1.5649901557421995,0.36586540263720335,2.681331963037786,1.4251447059064881,1.525295479122179,1.1947261106322196,1.6100906614527335,0.6007487033487737,2.7193598554872778,2.9464053042481946,2.112661548724061,0.9470026895864923,0.00011918196614308064,3.285747880822085e-05,0.00013273216151883839,0.0,0.0
1163001301,2011-12,Central,1.736498140301014,3.6641806717986323,1.9205429103320697,2.146898290356221,0.4314667595358665,3.4325177122021033,1.4106301006384014,2.16560011311342,1.892209873985605,2.301549973411887,0.861611179797443,3.939104990412048,4.224760675643992,3.672018809745159,1.3797504402344332,0.0002316111711797517,4.882613878924496e-05,0.00020510391861280127,0.0,0.0
1163001302,2011-12,Central,1.0735107899769547,2.3972647284177437,1.2214248693614451,1.517598877724516,0.3299595473317149,2.196972901478191,1.1382478283387865,1.4282197596717854,1.2095788790956223,1.5608325738885387,0.6200554857214635,2.634557758596673,2.921753433833712,2.4155211602630073,0.9571800615031991,9.16685868427216e-05,2.2282322702074292e-05,9.39543438084828e-05,0.0,0.0
1163001303,2011-12,Central,1.4344144249897857,3.319480398236528,1.5771599781234513,1.9061816865859076,0.35552038659072965,2.5776157115430625,1.3365124383970017,1.9211839963048745,1.4661127140941654,1.9950184758105545,0.6462735094640827,3.5530273568667745,3.9514797500482888,3.6147608226873933,1.2145169353573673,0.00014808915166000992,3.378182507780313e-05,0.00012009902447373167,0.0,0.0
1163001304,2011-12,Central,1.372245647662466,2.6242755370163695,1.5975842379334122,1.7320289485446465,0.36726914116217757,2.6184574958380056,1.333568723945531,1.572998062004405,1.3740824403225236,1.8824332310355762,0.6809077391948279,2.7443132737020886,3.148591858003084,2.8521551572235913,1.0712926335547936,0.00024371433335537753,6.218484278912984e-05,0.00022201882915220774,0.0,0.0
1163001305,2011-12,Central,4.895437838511066,11.605469723736485,5.549436359448945,6.507441820045826,1.2783888787481235,8.940301045216108,4.964830826099812,7.51629295609321,5.175456651613712,7.062770218632252,1.820071220807617,12.136504157984954,13.35445552089567,9.945152482757138,4.616659827155457,0.0005040441730174341,0.00012601104325435852,0.0003956481878766002,0.0,0.0
1163001307,2011-12,Central,3.921142389680921,8.237815198611388,4.619682575165772,5.078621894425024,0.8910400303127523,7.29192422813599,3.3047389132045484,5.064956011267353,3.740438692882548,5.570757710222287,1.4282630001972652,7.828310322110926,10.179112973989097,9.780738281507297,3.241360654550044,0.0005238627549444463,0.0001270909642172917,0.00037655394408219617,0.0,0.0
1163001310,2011-12,Central,0.9068209995974846,2.1535004838099634,1.0464473855580498,1.4212069752905592,0.2650133999807233,1.7623618597809767,1.1471239901071204,1.1819448485912596,1.0491119923592993,1.3732100445822901,0.5656969038741056,2.3526066819877838,2.528357497613675,2.0247816646357606,0.8022670844984473,0.00016582788931169713,3.632827472034602e-05,0.0001411086838643209,0.0,0.0
116300131002,2011-12,Central,1.1231833607906336,2.185046969027849,1.192583733124832,1.3662596747435574,0.3058755880094218,2.3549115175014568,1.3507388602912194,1.3324995524705627,1.183752790621242,1.4581368467000169,0.5763214745862597,2.517267732031354,2.4733921686260527,1.8901555314967435,0.8899195484937744,0.00014419902162009462,3.2990988279748925e-05,0.00015214019418451102,0.0,0.0
2013000401,2011-12,Eastern,1.0546171159846904,2.1494656883571563,1.3467646294092297,1.4772384452774134,0.3219649428535847,2.186279922313805,1.0763027798447178,1.429271519214431,1.1104845914284893,1.614848054472076,0.6401285676847231,1.8701426468721436,2.5940065249860402,1.961959645002588,0.9837740057530246,0.00011682777818996768,2.9887305984538322e-05,9.704805251486604e-05,0.0,0.0
2013000403,2011-12,Eastern,1.3761363640259263,3.04971891003241,1.7204318151784932,1.9260031419466723,0.33755429827827127,2.624571479702462,1.3245603113587834,1.863486047131254,1.3617092368603232,2.0903809274023835,0.8302263153474396,2.242052651880574,3.4485821638081062,2.56479675303352,1.2819305612184329,0.0002487501342667275,5.104560046931804e-05,0.00016647003547165507,0.0,0.0
2013000404,2011-12,Eastern,0.6368334158318685,1.1921501027145505,0.7855077579720123,0.84837586490172,0.19134018651063425,1.460145512126296,0.7709933264720319,0.83490010723025,0.610838112485081,0.9237680011320404,0.3971450934969587,1.076206930859627,1.4808845445835488,0.9423227536203994,0.5160171916407669,7.948115791767473e-05,2.193057295078698e-05,7.661411404701675e-05,0.0,0.0
2013000406,2011-12,Eastern,0.9875796666980595,1.7945007881288795,1.3098393008265385,1.4212306321096824,0.33820053207213924,2.3427139558528816,1.0086990322808556,1.2517180443422393,0.9953064726811724,1.5256546799431092,0.587472440892811,1.5478791670036065,2.2965976219154776,1.8015669361082531,0.8711552027043553,0.00016877883892202244,4.9753066430057055e-05,0.00015142450709855747,0.0,0.0
2013000407,2011-12,Eastern,1.266800684785651,2.232814912447621,1.5901639463276878,1.6079564926099321,0.3781866184332862,2.9450561947192013,1.3919241751329878,1.6322347367963062,1.221692164519642,1.8248132831155968,0.7182535746873138,1.9041810715554552,2.8594080640160806,2.00591801601993,1.1013582316017712,0.00015695865017850658,4.0911658818166e-05,0.0001487040732205946,0.0,0.0
2013000408,2011-12,Eastern,1.0717500743846742,1.812565616873561,1.395523033602371,1.4531476758000184,0.37186340298065884,2.416604184095001,1.1706600070026203,1.2990150317317133,1.0616760994012229,1.6250906728589825,0.5932934006219049,1.4847202082555238,2.346647744613196,1.8532586578786168,0.9226435330244908,0.00024600791801914645,7.320305217159056e-05,0.00022696132836846265,0.0,0.0
201300041004,2011-12,Eastern,3.231583854217049,6.716806498418934,3.7380501703216904,4.459239593237715,1.1055484703952372,5.668183890655196,4.547797097186909,4.5333449223813975,3.3770277037966965,4.482438587848107,1.4904100370973186,6.938730863611936,7.632325885874456,6.6153588229652405,2.787824046401858,0.0006035787379276818,0.00013899842304973585,0.0004986833710982673,0.0,0.0
2013000601,2011-12,Eastern,1.9689325722553528,3.8005065709322285,2.297699927319966,2.1742809350513013,0.5458315625171547,3.0895798424071,2.3963637383087053,2.4841842714267086,1.8919403101804932,2.4502133809063307,0.9342299398268981,3.3765157629101785,3.6471283267022057,3.1285666441530866,1.7731730268451535,0.00035440561796942587,7.743316022861406e-05,0.00026106024553588684,0.0,0.0
2013000602,2011-12,Eastern,1.9046197950783734,3.8578048222095345,2.2288918629744123,2.340095929260348,0.45867491237346303,3.7746817351615385,1.8495688868415883,2.543010788581821,1.7768554288642289,2.592288988920854,0.8283814299986633,3.3764134702390813,4.21024706674448,3.0963365504843616,1.5550727156958002,0.00033547180641595154,7.571314658633272e-05,0.00025972616038133457,0.0,0.0
2013000603,2011-12,Eastern,0.7352645312296912,1.335408173083452,0.8837948536720207,0.9496638490241713,0.2151625291712486,1.5877324677923093,0.8812453618130697,0.966345804689153,0.7203941180661859,1.0753184269110034,0.4305079567999387,1.1549015637477278,1.6692188787796127,1.0611425412636073,0.6232738934871556,5.96050471543068e-05,1.5712716638449688e-05,5.988286730656858e-05,0.0,0.0
2013000604,2011-12,Eastern,0.8101375106768348,1.2913741751247205,0.9999434852086272,0.9374649200475795,0.24054703535239425,2.0576998650731544,0.7210209413007008,0.9779357096151416,0.7306158465681287,1.1061218059326694,0.4960283353209619,1.0709898866116294,1.716207885069054,1.3257248494902762,0.6534151083293156,5.2057991575791284e-05,1.595325548290378e-05,5.868572120051517e-05,0.0,0.0
2013000605,2011-12,Eastern,2.4568528555303715,3.924356280512495,2.9849126966346375,2.8733779340948615,0.7407684659316248,5.749706839505302,2.235348311861565,3.0247739200917825,2.2162455456211623,3.2698579407942745,1.039059412530178,3.4070626337916727,5.126751205860433,4.368201632497775,1.9575244388720012,0.00020847855141260712,6.753653913408407e-05,0.00020645687578752843,0.0,0.0
2013000606,2011-12,Eastern,1.0176348776071975,1.7820036912226216,1.260207297312043,1.3257285624987725,0.3409967402483613,2.277461158755012,1.2943492980418072,1.309357275688574,0.9995407854113341,1.4568719394542233,0.5966646153018413,1.5592340036971166,2.2962274783328334,1.757997658793428,0.8882077139519962,0.00010477081716217406,2.8424558514657348e-05,0.00010593473629790804,0.0,0.0
2013000607,2011-12,Eastern,1.183594859096379,2.169729248525993,1.4665854311478703,1.4171075311974277,0.32843556749841774,2.617449160368893,1.2534125096522775,1.6208220969957685,1.1392638031651061,1.7058816917977844,0.6643606007304009,1.8293538020206621,2.6926226448111454,1.6719080609782635,1.0604880684667237,0.0001123834487892387,3.0096584835978726e-05,0.0001061189422611561,0.0,0.0
2013000609,2011-12,Eastern,1.2647081345442726,2.4988917268787416,1.5360819819142908,1.9429540831475145,0.5319918309081096,3.129979384407459,2.3286997958624047,1.7436101172787837,1.4317219770858471,1.971331540422625,0.8664589152855244,2.558962208885562,3.1818825450361365,2.394199503910244,1.1144686959734602,0.0002447569903633449,6.024787455097721e-05,0.00024875058771976614,0.0,0.0
2013000805,2011-12,Eastern,0.6889227573043695,1.2328976657228286,0.8661833785454955,0.9128854313544945,0.23786152390001544,1.603545981190472,0.8207972974165488,0.9008619973066596,0.692019275041049,1.0089055533928304,0.424237353171503,1.1246035693328498,1.6003415515434631,1.156434543779672,0.5960092466897877,6.557160903414141e-05,2.0101125078328845e-05,6.980761220731343e-05,0.0,0.0
2013000808,2011-12,Eastern,1.0507887027002545,2.211726040424206,1.264706611249235,1.4445943456866124,0.3274308453661861,1.9343660409218597,1.095345343937617,1.4151136068753423,1.067687271048625,1.5420958152214874,0.571884063435474,2.0102223858528374,2.5916032022361577,2.2466470193494916,0.9531815969806692,0.00019354257452743214,4.493801791853154e-05,0.00014927499882703963,0.0,0.0
2013000809,2011-12,Eastern,3.136679508770525,7.569419095391285,3.6815439245217387,4.194372624290513,0.7491428842243448,5.342454669379118,2.861491263346595,4.610575905294901,3.3535824966326047,4.549451846498781,1.332451890622273,6.7202694543382435,7.503642642948752,5.686205878072638,2.8921073465286256,0.00032767758296581214,6.565290364949613e-05,0.0002103399987999926,0.0,0.0
2013000810,2011-12,Eastern,2.0363698754744615,3.566234565555791,2.5170359406876086,2.7071944499811584,0.699582623303352,4.551119863534319,2.2270743938208772,2.5918747404408897,1.9040554282797297,2.9018117157530177,0.87031378889052,3.3039919375607116,4.603113956103507,4.0211378157419215,1.6686463685749555,0.00024845109623555393,7.71278620487763e-05,0.00023000379957061946,0.0,0.0
2013000901,2011-12,Eastern,1.662979708541173,3.4898999364384653,2.0213265454548037,2.2535208810541176,0.46496328875151904,2.8741811566522886,1.9754886362166526,2.230318521217917,1.6589187703911388,2.3773214956301825,0.8462949218599296,2.9871661125168245,3.87195399560335,3.394027735847695,1.528237006330627,0.0002986537579201629,6.576316192612857e-05,0.00020983425763731255,0.0,0.0
2013000906,2011-12,Eastern,1.0254376970249224,1.952657352437565,1.321647000449468,1.4811166794071489,0.34527654418452763,2.3365452109818245,1.3139320270156232,1.3613744944205617,1.0694715843975509,1.5619785402940343,0.648046504926591,1.713573254279769,2.4105091342841662,1.6930001994938806,0.9256108938685321,0.0001575559114840885,4.4342082872767415e-05,0.00014283343364584404,0.0,0.0
2021000103,2011-12,Eastern,1.7899463366194248,3.3512338815082803,2.1732624343166984,2.381458002774351,0.5686581322636396,3.7119298348105274,2.3837449270817426,2.3222441405088152,1.7669018458098658,2.5468915785713606,0.9158559710013295,2.990800405703924,4.03036119519995,3.1436873095010864,1.5548275149216675,0.0002483837045111588,6.056269338389366e-05,0.00021914246075568997,0.0,0.0
2021000106,2011-12,Eastern,1.7484574376910138,3.1561318412282118,2.1547385143446633,2.470750029545519,0.6799826823782701,3.995254631381762,2.8915135562572525,2.3713759155475205,1.7424160122174377,2.5586621148971656,0.7037242718671529,3.3242689674805725,3.9770660395328004,2.799780740839498,1.4281331933166226,0.00041249559093917436,0.00014437345682871103,0.00042008132807513514,0.0,0.0
2021000109,2011-12,Eastern,2.152686770692576,4.099715133657603,2.7529888695462983,3.3594131315194815,0.8741617522530546,5.550663923838674,3.0114614580600447,3.0466429403775175,2.3323903043776975,3.316760497241637,1.2083313876185096,4.059807295490601,5.384994628068294,4.043518238359708,1.9128521511996481,0.0003365516602097245,0.00010171897192905852,0.00033569849574171975,0.0,0.0
2023000502,2011-12,Eastern,2.1587707514919914,5.055822851857872,2.5822473299629984,2.9785374216362746,0.600085476543352,3.815311173341754,1.9510364436757093,3.1107759269386106,2.2983038936114104,3.141481698390713,1.0797237632935826,4.420300701381984,5.28945246124927,4.753797226695102,2.0417464815246156,0.000293890464913065,5.794489836559143e-05,0.00019843447000343322,0.0,0.0
2023000503,2011-12,Eastern,2.6253512208977634,4.606822749164716,3.2920060953468253,3.595634194308656,1.0600214861166752,6.257145785250501,3.6947854264398745,3.5219215360409697,2.609923774678247,3.7334243982059867,1.138662302728605,4.676300478625226,5.7219014649321975,4.407196958756985,2.187169460151111,0.0004581415001588244,0.0001527138333862748,0.0004724513912826282,0.0,0.0
2023000504,2011-12,Eastern,4.452261614981088,9.464360205887784,5.1928997334640865,5.4905898237109865,1.3001575531288465,7.325486863866636,5.812330678448042,6.126865383885907,4.559031659423263,5.824605234219466,2.1587038660178606,8.559672711170249,8.906209287832436,7.82424916331776,4.110242940184211,0.0008385469254502836,0.0001670134955253677,0.0005968592963981669,0.0,0.0
2023000506,2011-12,Eastern,1.8728834150027907,3.2271762320402217,2.2018362514693943,2.2312872180042627,0.6225571519784621,3.9579159575987966,1.7122682406992211,2.3162032094377403,1.7829479310441947,2.5608378226213673,0.8577126851417505,2.9971991425806017,4.112899210883917,3.417767652471851,1.50844970500451,0.00025778511950722645,7.549421356997345e-05,0.00025031848257484263,0.0,0.0
2023000508,2011-12,Eastern,3.4802572464180037,7.624492102912427,4.257744760990202,4.398749110537487,0.9110410146385177,6.230621954620273,3.127734395444561,5.045386442224896,3.482714670300901,4.9102813695159515,1.5133292172374337,6.587441343142406,8.26178010388101,6.923302765795544,3.3084214709294226,0.000378118384129092,8.609906279979324e-05,0.00026175694797696784,0.0,0.0
2023000509,2011-12,Eastern,1.3658711231569214,2.5289818414187275,1.652269657651012,1.75064815094056,0.40578054349008746,2.90685898472128,1.5243132912577964,1.8138665493046688,1.362905807152608,1.9143729220006647,0.7205985939814333,2.2293866479935667,3.004971855648062,2.2553115568324427,1.1836923765547835,0.00012947012323802197,3.292752269202289e-05,0.00011950713729911262,0.0,0.0
2023000510,2011-12,Eastern,1.6106078114196405,2.773665412317339,2.05856940616888,2.2251313437027918,0.5132575352452645,3.846146062338939,2.016217123484082,2.0845668449130783,1.6046365204615818,2.3974323795410224,0.8609465531286788,2.384710107922608,3.7377036846243024,2.6930534999263323,1.3899447026753262,0.0001733169370449897,4.7346514258978965e-05,0.00016856495427935883,0.0,0.0
2023000701,2011-12,Eastern,1.8529668934263182,3.902958594206794,2.2456641359178167,2.4601154482646805,0.46566947565077904,3.331666146136357,1.7468221927745171,2.459453661105469,1.82636622968732,2.7506416024524323,0.8646643871203469,3.199352594323221,4.504347511722885,3.8480829488014874,1.6905696674030497,0.00022315894580469465,4.7787110320882355e-05,0.00015346957837391163,0.0,0.0
2023000702,2011-12,Eastern,1.4240484391267072,2.779279002915909,1.8519903236220818,2.1017586215963195,0.48536482839055484,2.9465675977270225,1.7040204061119602,1.9042831075835942,1.4528453576215095,2.1996805919828417,0.783655029288472,2.4475987981323977,3.4728930596707146,2.9533983152103023,1.3054074355402958,0.0002611774515751348,6.816895748659179e-05,0.0002128658850817796,0.0,0.0
2023000704,2011-12,Eastern,1.6769462768081926,3.8938341745873597,1.9851929423143149,2.5429528783466786,0.4864951524536447,2.995840413043497,1.8171303563870154,2.272108816415336,1.7839602675025026,2.5805392473192,0.8034817647817375,3.4850817998840555,4.422027141502667,3.999201464868933,1.4744347886441627,0.00022933942716798898,4.677317264610301e-05,0.0001566193084018,0.0,0.0
2023000705,2011-12,Eastern,1.663533355696977,2.6443110331560193,2.031112112598733,1.9326973759165504,0.5219919921666917,4.124150200371963,1.774878564727891,2.0978221100880075,1.5672707509754429,2.269666956286779,0.8265854752805859,2.270593573136909,3.4361993050207147,2.467536659294759,1.4007964969121356,0.0001497623788864647,4.1492988503249926e-05,0.00016057487269094338,0.0,0.0
2023000706,2011-12,Eastern,2.2855477744248196,3.987750335478897,2.821505360650058,3.038146396350706,0.8591466169946472,5.729677182261055,2.6137016160520417,3.0853300467473423,2.3050239896081126,3.3052353590274217,1.0787913882339546,3.9547236458758355,5.311091933680385,3.926610723254477,1.8932970296865552,0.00037527755452410933,0.00012518587080020662,0.0004025910494153892,0.0,0.0
2023000707,2011-12,Eastern,3.431551079208042,6.245734019091337,4.513821291053561,4.515752167303834,1.123244517865511,7.726544666754424,3.1280470331538335,4.6299585970237365,3.541106573288847,5.1239109156149905,1.5122616619331892,5.559583631408352,7.50985121572321,5.955185385207994,3.089024627489024,0.0008499854192141865,0.00025333981001254,0.0007515664929972085,0.0,0.0
2023000709,2011-12,Eastern,1.5786662391196158,2.3851745513529155,1.9650822016487428,1.8081211960846582,0.5404619518862057,3.622012474745934,1.6280562987704839,1.7905103842745191,1.5492643885127217,2.1740143740644258,0.7887469366642911,2.15700747429207,2.9667550261727675,2.491514407860397,1.2075557932290937,0.00037148580118737476,9.92563625047517e-05,0.000407252413397716,0.0,0.0
2023000710,2011-12,Eastern,4.685772747560964,7.429369527509237,5.8146314723599675,5.639094697603389,1.7115666028485979,10.217716772541896,5.390290196865258,5.75022691054264,4.583499334513703,6.295479612466781,2.0085013373699314,7.457924530168891,8.571095607402055,7.377146768363636,3.6081323666243956,0.0011238430601598567,0.00033715291804795706,0.0012200758981064331,0.0,0.0
202300071002,2011-12,Eastern,1.7853263737223946,3.638939157963554,2.097850182443226,2.3238950110925383,0.5457055965177314,3.1806248652498543,2.0252904615718696,2.4232764028722027,1.8604427562336432,2.5106591818090753,0.8744133740163009,3.408684978377155,4.173101362161704,3.6160239416350355,1.5470343909223212,0.0003323667677241381,7.13943178242384e-05,0.00027374126185281616,0.0,0.0
2031000106,2011-12,Eastern,1.3372720339422701,2.3684089166703877,1.719631950781446,2.0341742781450285,0.5067649573732986,3.359415964433047,1.7890892366652862,1.7423878697259545,1.4402383230374516,2.155247455961061,0.7881848909747484,2.140389285694028,3.383916574158747,2.5689421943052513,1.149147926441976,0.00023501328696728336,7.21826524256656e-05,0.00023865003299963563,0.0,0.0
2031000109,2011-12,Eastern,8.25117297637531,15.94206223673354,9.518134409102712,9.655966379667628,2.439077029234299,14.842497021843299,11.859134367380406,11.17692581480199,8.371598522462383,10.203208319082544,3.5930362286879602,15.485976661538086,15.199808451020363,13.139118690483441,7.00217116063854,0.0012957967272550733,0.0002790946797164773,0.0010496833902994267,0.0,0.0
2031000110,2011-12,Eastern,0.7375582525576442,1.3205300087968344,0.8075704234999379,0.912058666868048,0.31013517315880573,1.6986226216781344,1.2992891114975915,0.983660908457431,0.700605741305126,0.9897995195821041,0.3150730806565043,1.5276586712816065,1.6460136470953106,1.0535607805246734,0.5658260255326786,0.00012130485838328119,4.481895293950705e-05,0.0001443635907614654,0.0,0.0
2031000114,2011-12,Eastern,1.8713694023444252,3.776499414978534,2.2597598574585582,2.408902980756951,0.5362415786977424,3.913396935394634,2.3126667448173133,2.7388295201782653,1.8612901695009427,2.7570960248159238,0.8463097571363062,3.4701571250217165,4.391327405526544,2.380381537742268,1.6654845675094023,0.00022518690266267615,6.463012255696873e-05,0.00019819843394710315,0.0,0.0
203100040102,2011-12,Eastern,1.2463605321024833,2.4164952157062243,1.4871711824119287,1.6048825084771998,0.31466293023957387,2.5134560547932763,1.1606295298316793,1.5795801119276642,1.1771831338350054,1.7556195363217093,0.6202741393305798,2.140625565621297,2.868091507368345,2.649195130544666,1.0141274841414,0.00015023637294714955,3.2439887380169866e-05,0.00011811657349884049,0.0,0.0
2031000402,2011-12,Eastern,2.724729929163012,5.697637103312604,3.155245590443273,3.776376844026098,0.9057404474033579,4.897785000495346,3.84245062555655,3.759564608466626,2.80807183321928,3.79179022565871,1.3077875202883755,5.759531933532084,6.32264268240313,5.080601894743045,2.3308571478646205,0.0006707987158135912,0.00015447854243839967,0.000547708589723741,0.0,0.0
2031000404,2011-12,Eastern,0.674510169221237,1.296254094981626,0.8109151967468711,0.9217498377005324,0.20190313749070135,1.461915347033391,0.8288882024342175,0.8825233771170706,0.6614332638319819,0.9774665786152265,0.37199463894062845,1.2140665564125026,1.5768476623854615,1.1178939288769463,0.5572429685805856,0.00013809652701728722,3.547711908003708e-05,0.0001256343475332396,0.0,0.0
2031000405,2011-12,Eastern,1.9261507405665033,3.408416300181752,2.373796985497495,2.611648021010714,0.7325817501312207,4.4515678412754305,2.6212433670864685,2.554955649917083,1.8511563942643614,2.7519018671703663,0.8110181006511996,3.4201649986392613,4.370883139276554,3.3847199913336867,1.573371071853271,0.00028839761695068154,9.681919997630023e-05,0.00028989552968170483,0.0,0.0
2031000406,2011-12,Eastern,1.0478837696853416,1.799171907942289,1.3120384456006045,1.3821239397136653,0.3754158865542264,2.5100049621244103,1.404514723809069,1.335746623789536,1.0642657034776977,1.5356941504714616,0.5218352374752948,1.6690383766307768,2.354594980050911,1.6783759529072186,0.8460515815220431,0.00018905504942079229,5.5308658075231786e-05,0.00019682351601204993,0.0,0.0
203100040603,2011-12,Eastern,1.7497619857398388,3.238201468677234,2.049442186691194,2.1390986940252157,0.49729588004959024,3.376807144580746,2.0126928803357793,2.2511534306697527,1.821869328986212,2.393100076901759,0.809253251289273,2.9417589033912637,3.647754450453953,3.0136455185110806,1.4807632822526198,0.0002765025786107068,5.7415358453613896e-05,0.0002414983485464826,0.0,0.0
203100040604,2011-12,Eastern,2.4200273544869773,4.71143147584577,2.8263820401169246,3.267090481383493,0.8027807876503459,4.838051695563823,3.3736805859522825,3.2602205890214244,2.427823438823304,3.3876981952511596,1.096632478616517,4.702792968891242,5.54930818966908,4.296127947965439,2.0351649949281216,0.0005218672989322763,0.00012298102331395852,0.0004770916284515233,0.0,0.0
2031000407,2011-12,Eastern,1.6515614552556517,3.1864209583201593,2.006942742764165,2.234480943179978,0.594539258216762,3.4270202543281987,2.0718325280359515,2.1812161011187707,1.7123050237014106,2.357032668504676,0.7697900697866806,3.1468682268704513,3.5423952997930863,2.8527396333069457,1.4055306630958029,0.00035665595906420175,9.283544816818193e-05,0.00031725335779886734,0.0,0.0
2031000409,2011-12,Eastern,2.3463254781706944,5.055041817599486,2.3466309076202125,2.58696126884367,0.6444502927130662,4.120399296852893,2.368087362230365,3.477230637461058,2.3215519191634937,2.782048392061913,0.8481256381577859,5.499921948994932,4.636991057588601,3.4406885247856116,1.8235102137505819,0.0002049684061058872,5.251607642630121e-05,0.00018369325557357483,0.0,0.0
2031000410,2011-12,Eastern,1.069680950516852,1.8436654100344132,1.2678049777266287,1.289702933157396,0.3248036510557847,2.453171845844202,1.2425350257006549,1.3743710134907299,0.9865434432125576,1.4251165351769517,0.4813893851726644,1.763876408486832,2.2925156896822347,1.7030090297150873,0.8108072286948188,0.00011679015754828443,3.5988279316914794e-05,0.00011936654320301493,0.0,0.0
2033000801,2011-12,Eastern,1.6714656399706695,3.1321059297804315,2.0254779348186442,2.168003687331868,0.5077409703902188,3.4734068506123155,1.8681210939290338,2.158531637934546,1.6349137213470524,2.387540780978917,0.8477454519879636,2.6791041355596126,3.738139361074268,2.839866929795224,1.4675027800233316,0.00019383798087509556,4.8699393709955936e-05,0.00016745379142280232,0.0,0.0
2033000802,2011-12,Eastern,1.9322405871062103,3.802994206260986,2.3079858761389187,2.3808464266354212,0.6011092864539885,3.76021221972766,1.972984062745312,2.516912122615528,1.9526323325921295,2.623700474890377,1.0230917011488914,3.459295914054259,4.043040626229306,3.355010120047708,1.721544088208226,0.0002989771490966263,7.118503549919674e-05,0.00024094212614327533,0.0,0.0
2033000803,2011-12,Eastern,0.7512512729161906,1.258056704510192,1.013420313398989,1.0289849823223578,0.21934665006502327,1.9670164795591683,0.7683642641622291,0.9488114300578933,0.7373639967265868,1.1225850047184227,0.5682936831380241,1.0223755050481762,1.7374856840219997,1.1711212687545842,0.6251225024320402,6.038609519454001e-05,1.8006697061022473e-05,6.300085971388533e-05,0.0,0.0
203300080303,2011-12,Eastern,1.0184432787598314,2.0735626866942813,1.272957231672803,1.3740922209278004,0.2783444739482688,2.0242647442135184,1.0843173243747117,1.3647772703396261,1.0411084279244924,1.5458165802782626,0.5579482989558808,1.7307674092411136,2.414796686267649,1.6170650746371837,0.9076815087230304,0.00018032766990985205,4.078020779449898e-05,0.00014067430906511893,0.0,0.0
2033000804,2011-12,Eastern,2.2095255103868454,4.011635282611219,2.612432851857715,2.70682884767512,0.6303801630165926,4.304923544725782,2.6540529175494596,2.768496439225298,2.110142453545212,3.0049801860658114,0.9748119404590214,3.548471324324891,4.645842325643722,3.7394702564278317,1.8688965311608812,0.00038712088896131794,8.533117561670456e-05,0.0003306618071155727,0.0,0.0
2033000806,2011-12,Eastern,1.0984345107167393,2.100342817477956,1.3672014989110604,1.5563253070776462,0.3430197026097609,2.2217681547436303,1.4026605629770292,1.413237633167602,1.0820849977069051,1.640255204491847,0.6261248388373076,1.8001775363481414,2.7243504227468143,2.3444325903798795,0.9664654407858906,0.00011435764032206049,2.8969155565455547e-05,9.836151367862293e-05,0.0,0.0
2033000807,2011-12,Eastern,1.0121098838880147,1.9163323988511456,1.2386418389966605,1.3319136429513891,0.3318809862089437,2.276187698124016,1.0697801048053484,1.3417825387910745,1.0130501848406175,1.4613507888261223,0.5583103192573672,1.8008985473455421,2.3035698981436603,1.6691139552470444,0.8822766402219558,0.0002198218305954364,5.767064824415846e-05,0.0002049596523928778,0.0,0.0
2033000808,2011-12,Eastern,2.107687737127448,3.785251800823889,2.5890894013421417,2.6147151305169705,0.5802695212511247,4.421420113008472,1.7875743714034866,2.741062489960774,2.0108515211574063,3.0138193482557556,0.9872155458299742,3.098444440984089,4.96665534939305,4.410300109798211,1.7902880484335213,0.00023234774648416614,5.9051835900460836e-05,0.00020062537260760407,0.0,0.0
2033000809,2011-12,Eastern,2.104791908875809,4.039008467393633,2.478554277103207,2.6058448339518296,0.5917362710837692,3.791946303336152,2.4583822857884186,2.6383982669181267,2.0337183875837406,2.832302003596073,0.9781329353145942,3.5819553383129583,4.386754475896904,3.746464867217772,1.7981047923123865,0.0004125932872839361,8.777525462651045e-05,0.0003232160928429939,0.0,0.0
2033001801,2011-12,Eastern,2.813668044879685,5.360583422131922,3.4425089657903385,4.013824284935574,0.9818923792335199,6.218085912843653,3.6290557214171573,3.9759420530155434,2.922146204185286,4.276205728042777,1.1794850785619686,5.207039053926708,7.0160324986381735,4.996407110426126,2.395125719087685,0.0004255756373131203,0.0001364777043797248,0.0004034094115710146,0.0,0.0
2033001804,2011-12,Eastern,2.848240897906063,5.697968620077896,3.387549531912036,3.303947280276978,0.7482110762371067,5.641572489099282,2.2772897356365154,3.896058857473154,2.664434197397946,3.8014934044049093,1.2304433125184993,4.996879407563568,6.19310472135145,4.899286611181964,2.5187662611045423,0.0002679001025748042,6.98869832803837e-05,0.00021086104174423436,0.0,0.0
203300180403,2011-12,Eastern,2.0314881017975517,3.5351135834550456,2.4480711583418664,2.439348641415974,0.6815060731370869,4.439641932340006,2.0162922768172664,2.5639958254060793,1.9237160298976315,2.748521586131465,0.8585038081933231,3.2991681648961086,4.253965781886574,3.6161566709733903,1.6374111190889,0.0002816230175718077,8.048106062504676e-05,0.00026855037195138456,0.0,0.0
2033001805,2011-12,Eastern,1.3682757654263693,2.4575857407178963,1.6514000922164283,1.780247489733657,0.5096142841815613,3.1056339869293788,2.303584360725137,1.7498631300224676,1.4077242885636219,1.9044732769744717,0.8056395160176678,2.4089868925269515,2.8559388083540913,2.165112032933693,1.1695367737500593,0.00022080172470476808,5.999141199525774e-05,0.00022156715717036788,0.0,0.0
2033001806,2011-12,Eastern,1.3682892210945017,2.592787020950556,1.794034692221506,1.8463509852680786,0.41494942220541925,3.0812312452744592,1.3173376092501377,1.8248112886415038,1.3531359940275607,2.053401570041176,0.7707703748194771,2.150406948815204,3.1053242821046774,2.1725266307217055,1.2471841815703217,0.000244117092737554,6.955738122762183e-05,0.00020549998594524327,0.0,0.0
2033001807,2011-12,Eastern,1.7310837067134535,3.139470249484095,2.047771020329322,2.043270300071927,0.5450052338022265,3.4032306471077964,2.0412380111172106,2.2128227093351893,1.75342030746666,2.332480212562087,0.8781645239348362,2.834898030204275,3.6028137934754842,3.00289814588596,1.491767695679822,0.00020611999693809257,4.439346166232848e-05,0.00019603370891786644,0.0,0.0
2033001808,2011-12,Eastern,2.219066610536913,3.765486498898912,2.861424607911739,3.0569754704874996,0.8170641033836268,4.964054279786254,2.926419107682351,2.808796770965726,2.2130408237626638,3.2921892159651245,1.0874237714991646,3.442758478663954,4.802978225424227,3.867162423663782,1.8646114574941348,0.000585785334487996,0.0001779958653026226,0.000572733314808054,0.0,0.0
203300180804,2011-12,Eastern,1.5057365867690449,2.8402673534373775,1.907542327822466,2.059255535125223,0.4806923551286206,3.398930993069129,1.6989791956174234,2.025238900442937,1.52383262043276,2.2052841204025064,0.8374757950553445,2.5018645120795866,3.431053710594005,2.433839115262072,1.3427187388941004,0.00019112817691063826,5.5229683345455893e-05,0.00017203299291460389,0.0,0.0
2033001809,2011-12,Eastern,1.1776194286840902,1.8804658327497525,1.4903380223223484,1.5716382340358903,0.37618126255690315,2.929898959727576,1.5806678848070008,1.459830394575284,1.135240092394047,1.697854437162015,0.6491555308271447,1.5962926540257114,2.5689938195147026,1.8580731022685477,0.9767468656724924,0.00016536218924870802,4.7935731902835594e-05,0.00017135129659758707,0.0,0.0
2033001810,2011-12,Eastern,1.857592106957188,3.312736566261262,2.153312602094924,2.062973672852897,0.6161021934029617,3.700217264885295,1.9503470191297945,2.290142701552967,1.804746733568145,2.3322468334632296,0.9791777352640822,3.093742958609557,3.4281163531492953,2.8028700178921477,1.593801346889153,0.0002664905000567363,6.637121888205506e-05,0.00024407490374978228,0.0,0.0
2033002301,2011-12,Eastern,0.99019671917565,1.836042120570108,1.2836736828976114,1.4258714983146317,0.307527338746313,2.289832330491895,1.0726068124942765,1.2633285228214879,0.9895719167013924,1.5091922078280895,0.6047733924940236,1.5812643032748979,2.4062497964246607,1.8244100463014086,0.8588323471589188,0.00010943251657836031,3.112260771488567e-05,9.908974751535167e-05,0.0,0.0
2033002302,2011-12,Eastern,6.524482845761578,10.433641364614545,8.071384742387506,7.783358765885179,2.680744597922684,14.038167058140578,6.578800505679751,8.184544993504165,6.04693085772132,8.389773268063713,2.5676211418662658,10.58654083942983,11.554962446834768,9.85858742487029,5.31391970087392,0.0014089257656322378,0.0005585384285184943,0.0014457721647522822,0.0,0.0
2033002305,2011-12,Eastern,0.9047582144635358,1.552813891930753,1.1680182942463484,1.2429723764986231,0.33827867813596435,2.2483808685000715,1.1166527178890193,1.1497157951063117,0.9030902636299276,1.3666629968721147,0.5119533559211573,1.4021025414115498,2.0393761153733156,1.4755536633334663,0.777844923951221,0.00015631391639718434,4.77959859752929e-05,0.00015953009597180243,0.0,0.0
2033002307,2011-12,Eastern,0.8221839857458919,1.6853125037034338,0.9960290847126116,1.1190785295628718,0.27892350506423397,1.5620235767822614,0.9119078972606064,1.1038524592317738,0.8540001935363484,1.2006236481581718,0.49027412416093713,1.5642741926535018,1.9632513897865809,1.6053065315344264,0.7557882980334493,0.00017146524595581635,4.070498485925892e-05,0.00014262974007301122,0.0,0.0
2033002308,2011-12,Eastern,0.9344619025364356,1.885038136786156,1.1126949949810643,1.1388954260968835,0.2578575510120711,1.6483622492747043,0.8781840928025852,1.1401155948116362,0.8808894307978528,1.287162210317806,0.5415927595831045,1.4799455037907912,2.046396185820337,1.777884003773624,0.8398128046842497,0.00012886427643052676,2.7492925496665996e-05,9.537905231843487e-05,0.0,0.0
2033002310,2011-12,Eastern,1.0561575832181171,1.8139121066189121,1.215640946906329,1.1692310732831872,0.3237019605915771,2.19894893473319,1.1131149738450976,1.3370259585304147,0.947474217039256,1.3829792645066452,0.4243974595267539,1.7362418329306524,2.2234123863330746,1.792870457113928,0.8216239125216115,0.00012199958446232542,3.697165736809749e-05,0.0001196474074906779,0.0,0.0
2033002801,2011-12,Eastern,0.8958284623521755,1.6189897035961305,1.1076655709691858,1.192535673802531,0.2981957819055272,2.134380031684033,0.9821821477102636,1.1604365589052927,0.907840809292581,1.3317692940473884,0.5009047389795507,1.4982342550416845,2.0509847798334304,1.4788290968060225,0.774768431771719,0.0001687022990877554,4.443379452350723e-05,0.0001659373117389248,0.0,0.0
2033002803,2011-12,Eastern,0.5395352461209458,0.9751009280935699,0.6824604996293985,0.7077265191586368,0.16309942898358765,1.2871060685908673,0.5923507513929422,0.7192426775765953,0.5408280724273603,0.7839937683367585,0.35652297535412525,0.887667554585672,1.2450706608171698,0.820352493585711,0.4469024097571119,4.220461449291851e-05,1.2823117359618489e-05,4.644027754984508e-05,0.0,0.0
2033002805,2011-12,Eastern,1.8970596232753865,3.7142040864359998,2.4116726088704206,2.503452995818491,0.5466487655133859,4.046015469740221,1.8895669272876257,2.6581296424658585,1.9723788888262381,2.8592926115974415,0.982387121014061,3.1974371528905325,4.47445564283347,3.068657023895454,1.7777161375417239,0.0001728657322872609,4.527952912298228e-05,0.0001474553261275466,0.0,0.0
2033002807,2011-12,Eastern,1.0498975039589131,1.889446294002808,1.298257883082642,1.3707365066322095,0.3164655514757394,2.2653121054034258,1.20489590430235,1.3078980236921518,1.0196127972547446,1.4975421185400004,0.5789021283774052,1.6562744474113311,2.307418475711431,1.7676826585900949,0.896413774256267,0.0001897696362852919,4.838101788388512e-05,0.00016876191377254165,0.0,0.0
2033002808,2011-12,Eastern,1.4331575954385132,2.765054473454364,1.6969879164977377,1.8838110057455086,0.4122657982668199,2.9105009185763278,1.582541489358328,1.933320225005308,1.4681546754287327,2.030681483770957,0.6811271475261653,2.540730251050589,3.251075679944106,2.6010519501486633,1.2064265841013744,0.0002131222610206151,5.027884326894793e-05,0.00018743189157954048,0.0,0.0
2033002811,2011-12,Eastern,0.5854411897327372,1.1191002542537805,0.7415318549239767,0.8225050575316848,0.1998527465258992,1.3017401958751538,0.6498598994204033,0.7784159740695878,0.6003443660674406,0.885676687446173,0.3761733384686,1.0282094293324717,1.428760250998147,1.0858825501270999,0.5219256786592594,0.0001067545004127706,2.9642094682016786e-05,9.942832816621378e-05,0.0,0.0
2033003303,2011-12,Eastern,1.345008723868952,2.238770142282613,1.688373274847072,1.5924094895663177,0.4113266529796467,2.926652248806783,1.1024127562380996,1.5964741897805177,1.2288240952796645,1.8751998612303225,0.661106882008762,1.8296313351424345,2.7896941858198234,2.3940966468124865,1.126455021087618,0.0002472950307005358,7.181921550285021e-05,0.0002187553145991094,0.0,0.0
2033003305,2011-12,Eastern,6.451146008526392,11.463744520497201,7.725628312475472,7.105050318160871,1.9989182355528432,12.211674732472568,9.723299284907204,9.17633825101205,6.078365405528751,8.109876531202788,1.7143057738160228,12.068927933308585,12.683950916737855,7.935895702322816,5.264841201399933,0.0009423668697420646,0.000315716819304448,0.0009049315033465463,0.0,0.0
203300330503,2011-12,Eastern,2.900950056915108,5.5222408700538965,3.4556391970649836,4.10565272351847,1.0983980230582722,6.375645366734928,3.990138747301652,3.9977465520020545,2.988009574770551,4.34243642312213,1.3334987045632505,5.546107038148062,7.110547151692364,5.215822528475384,2.5111702295159986,0.0005255123482108968,0.0001544362819232023,0.0005178571277056953,0.0,0.0
203300330504,2011-12,Eastern,1.6694548974008816,3.050600723826491,1.98321582752802,2.188382044308634,0.5930149646285172,3.855547546373776,2.006883943873361,2.1967121788709068,1.6786273856637224,2.337353176735122,0.8089950336556904,3.099109557600433,3.7095909042477477,2.820996636277716,1.3865490912995264,0.00033396280236761857,8.862858985909877e-05,0.0003375316567394873,0.0,0.0
203300330507,2011-12,Eastern,1.7027980819713218,3.4633203712910974,2.2186282135600126,2.5917625833558233,0.5694590173882991,3.905434659465051,1.959480958177276,2.433899083723859,1.7803516162957576,2.6546369988839293,1.0062309271478722,3.0603338048716586,4.3037481392456085,3.0928762847257754,1.5989107010063568,0.00029108742218556996,7.994654552983964e-05,0.0002484349313219355,0.0,0.0
203300330511,2011-12,Eastern,3.0026900067121707,6.136086414214174,3.551391092085581,3.801130654895342,0.7859985346258305,5.020771047646461,3.2000389573311847,3.971334302975668,2.908762106296061,4.148895905680874,1.241833595851976,5.243786780133515,6.8125974980606925,6.396750600724817,2.670848978671619,0.0004239830296578383,8.632857586294852e-05,0.00029627688219496226,0.0,0.0
2033003307,2011-12,Eastern,1.6671983255973826,3.1674484211575726,1.9773359416851404,2.1971867564554435,0.5558710439136969,3.5179856980022177,2.6375913262636246,2.170430073465772,1.74933429450089,2.26651601964481,0.8911622515701761,3.1553269679469014,3.474459647318481,2.7575281212933898,1.3893131842201083,0.0002916426228942974,6.730214374483786e-05,0.00026632682365234153,0.0,0.0
2033003308,2011-12,Eastern,3.053507121648898,6.575132900857271,3.66297394216719,3.817314077023518,0.809884933043721,5.045514255994833,2.9265436376777116,4.229446121496502,3.060704858774779,4.164209412980202,1.355001975176064,5.745032826415153,6.739510958979933,6.029869918488724,2.8563229549643543,0.0005259587162592621,0.00011242852165738523,0.00035160423179460477,0.0,0.0
2033003309,2011-12,Eastern,1.8097095836478285,3.0553755416782002,2.2195914738293254,2.3166196071039016,0.5612346056231812,4.086417349454767,1.8067094304426656,2.210872837861003,1.8286498985246538,2.649996467415384,0.9186305151057518,2.652458385969361,4.204701224216921,3.5842235581013404,1.439635673979071,0.0002738889008813913,6.939752556116333e-05,0.000268036675081143,0.0,0.0
2033003310,2011-12,Eastern,1.9257545891904946,3.786824721201769,2.4120120266645766,2.5401153773794904,0.5864339646728859,4.2255205808682055,2.0546688085392724,2.7833152608347973,1.9372756755417568,2.7527646200396827,0.8882895229839557,3.611729374097092,4.59277079929877,3.3361251493462483,1.631359900157449,0.00018694497904080758,5.2422256733995e-05,0.00017258011664314775,0.0,0.0
2041000201,2011-12,Eastern,1.3677859933392449,2.4544434226833935,1.63224843075541,1.7384832975252849,0.46129975174929866,2.9468288272156977,1.6762771033510186,1.7530274095098362,1.3526703112855565,1.8857011302840911,0.6517544358403896,2.3686393727116375,2.882753218379052,2.1493778602405134,1.1394332028993481,0.00021637041768417128,6.526777983989562e-05,0.00020524074756077268,0.0,0.0
2041000203,2011-12,Eastern,1.653848125449842,3.589593262344614,1.9973679703451197,2.322410264895583,0.5479705308162068,3.2964903656821773,1.5797901565526893,2.2515673796950373,1.8129618988041085,2.47190673708197,1.0300950916362164,3.2085325505010576,4.0104563811064455,3.539363167043793,1.5419663330557096,0.0003122957350036921,6.500849993954407e-05,0.0002357862193632995,0.0,0.0
204100020801,2011-12,Western,3.3256563569416793,7.486490547484103,4.603175514688689,5.525931043405657,1.1827867580797091,6.471412561822465,3.335523486020622,4.677136439086472,4.26589597476843,5.835669438836889,2.055376378018205,6.616979793808017,9.658604766784523,8.587417110926724,3.281607856280019,0.0004487297236473167,9.42332419659365e-05,0.0003778985766148763,0.0,0.0
204100020809,2011-12,Eastern,1.101038829950197,1.9252061431799556,1.4581734618873665,1.6364728952492573,0.3503381791209562,2.7021588034104083,1.3371941065454973,1.4070201315609234,1.0876157344248287,1.6848426125902116,0.6888757058038298,1.584904138649449,2.647049104279094,1.9141794356831758,0.9427834555628231,0.00010668351127077571,3.290926973825835e-05,0.0001032843979116003,0.0,0.0
204100020810,2011-12,Eastern,2.453813265432893,4.5128967357606875,2.943140187044755,3.218066209970723,0.8885990633291446,5.411539911585325,4.072982193244951,3.2616712818458846,2.5303068566543168,3.3602996484369423,1.2792781512506097,4.511508275655111,5.128904319538883,3.949568674349024,2.093126846756093,0.0003832967797426825,0.00010414101185461563,0.00036826306181030164,0.0,0.0
2041000209,2011-12,Eastern,2.4622841921681866,4.550384697422867,3.087165300582585,2.9606740412359245,0.6482648491685613,5.055885676463892,2.701605352474319,3.3977451668496372,2.4135653786094995,3.3879193533330842,1.0140040003041273,4.069736306261751,5.337331752407836,3.740233468437303,2.0720347485878228,0.0005017844877414833,0.00013387703163670516,0.0004374479593463341,0.0,0.0
2041000210,2011-12,Eastern,2.656314976251384,4.481917077706341,3.2645333449115235,3.0890945583754927,0.8929791514034794,5.542691453525629,3.446811309570117,3.272534879437927,2.627674524174512,3.4831126236664156,1.1933180192161412,4.27087180287764,4.909080274378623,3.948796307088938,2.1569301068218993,0.0005325314824793747,0.0001372292666389158,0.0005139068169132448,0.0,0.0
2041000603,2011-12,Eastern,1.594591980491294,3.614626776991871,1.9887840968403758,2.4731113804853027,0.5355858130328335,3.3467113251778917,1.9293001935388454,2.32164790503408,1.801733513105909,2.490504185270907,0.9822181666247389,3.286039748649306,4.085741357279349,3.124396208770568,1.513168789182695,0.00025362771371834146,5.479611098853057e-05,0.000200013044246719,0.0,0.0
2041000606,2011-12,Eastern,0.9727840328672483,1.6886203039941055,1.1525935448045597,1.160705220483221,0.29892299220707635,2.2640711669507025,1.0540439655018812,1.2469818614857398,0.9468701966689124,1.3298644371844546,0.5212378168241338,1.540419098556506,2.0204753846155197,1.396464069491878,0.804908966917333,0.00010134018697446482,2.758124676418424e-05,0.00010455926526766604,0.0,0.0
2041000610,2011-12,Eastern,1.2435777886103099,2.2825429513724056,1.4352199820983904,1.4992590554872502,0.36107611318493044,2.7139664769513785,1.2047166620546899,1.6571115084457815,1.1745080081221453,1.722174697959269,0.5433691032096418,2.1307137315467863,2.742014516739755,2.0267284233585054,1.0000035746432319,0.0001350573820985291,3.8695011855213495e-05,0.00012994053858891337,0.0,0.0
2041000611,2011-12,Eastern,1.1133662176307255,2.0400199878938334,1.3464526512693826,1.336958409238528,0.3297158979657647,2.30374961311678,1.1813599755304371,1.398460301481789,1.084795724638371,1.5203978088534436,0.6306597360554067,1.7199176071384978,2.3462487430555563,1.7715898938168573,0.951608427766209,0.0001580277577459579,3.8648092927000574e-05,0.0001421050535122634,0.0,0.0
2041000901,2011-12,Eastern,0.787208890721112,1.468555542276285,1.0093353900163966,1.0249725332597541,0.23403896665328625,1.7137322104888895,0.7930992993373449,1.0575897266719196,0.8076631089558365,1.1716397293093868,0.48741102445418766,1.3003012326360723,1.8481984710331407,1.386009041564403,0.719029936661028,9.701822071158929e-05,2.5398637969307573e-05,8.919075012052675e-05,0.0,0.0
2041000902,2011-12,Eastern,2.70466702141436,5.49527429476504,3.1846656122349875,3.459119229136529,0.9036297428502774,5.351599174584704,2.291702716723904,3.6601542939397853,2.819627798693198,3.7704118934927005,1.3681762237133357,4.943560623009033,5.952972989086783,5.202253077267453,2.4780684661271475,0.00036735025281228577,8.833898936676396e-05,0.0002946861211908717,0.0,0.0
2041000904,2011-12,Eastern,2.202027486294864,4.278176783126787,2.4658336385459645,2.666405523600841,0.7539473676548503,4.338374817286437,3.4981192984180836,3.07052597545664,2.21214579166027,2.7951889554008003,0.810483187847748,4.796260882797873,4.395914240709052,2.9761383978271017,1.7266146083980156,0.0004728199349668501,0.00013304174721825852,0.0004578522442046136,0.0,0.0
2041000908,2011-12,Eastern,1.9401251429519057,3.780358633414468,2.4152196137628787,2.8129479475041532,0.6165382898459835,4.07812695857696,2.128956501606817,2.617147100049639,1.9587979184386715,2.957566884469123,0.9838936984736223,3.339530595870098,5.0418039850873475,4.580880660828606,1.7307821217440478,0.00019690240192553953,4.6837791502810246e-05,0.0001667406042099253,0.0,0.0
2041000909,2011-12,Eastern,1.7744121785573896,3.4580890383338607,2.2721315082960207,2.6371597112804044,0.6338598156690869,3.9990222083507616,2.417831533253349,2.4474324762769872,1.888740821232832,2.672158920846976,0.8551548676322028,3.4240190461615687,4.092188109847007,3.0557769572665503,1.534018459706515,0.0004095702165668893,0.00011439719842040701,0.0003726989439066368,0.0,0.0
2041000911,2011-12,Eastern,4.557036341758702,9.039788801737345,5.476025773175405,5.978538183354784,1.3227781737828606,8.909533203279146,5.186516605297181,6.473840949317431,4.864220619170308,6.0901504466652145,1.5441874594677787,9.49151644624659,9.138131893624836,9.224354374436512,3.5202980485552913,0.0015886510710613972,0.0004073227455453931,0.0013933047126034174,0.0,0.0
2043001201,2011-12,Eastern,0.6410385644959777,1.169202131975653,0.7910819854129001,0.7936454411940321,0.1950667858815623,1.4827600096036424,0.657334630665098,0.8055617915198795,0.6236745439921538,0.9006417269417486,0.4390926317862895,1.0054247665176446,1.4196013652980697,0.9886100603496348,0.5455215972075929,6.376185934238244e-05,1.607637622883455e-05,6.433931334526569e-05,0.0,0.0
2043001202,2011-12,Eastern,1.1372230885540295,1.958992789510477,1.4186039546060716,1.4313025090078781,0.34264043836220426,2.76650561139688,1.162671805668298,1.4714284413349563,1.076463610056441,1.616910576247426,0.631382887925026,1.720558188349463,2.5501672598921177,1.8046431024683605,0.946116231500526,9.125166997969924e-05,2.7901952936100346e-05,9.365091454119386e-05,0.0,0.0
2043001204,2011-12,Eastern,2.397195446392285,3.7157752641936854,2.967756316037078,2.8619093895694725,0.9048552352267182,5.373974608313058,2.7984548790112482,2.817895653473059,2.333651571741242,3.2639347446102907,1.1690351556727863,3.6656503683659825,4.353744388327522,3.6757257178684735,1.8439237877468295,0.0006004081891636798,0.00018012245674910393,0.0006666719596215377,0.0,0.0
2043001205,2011-12,Eastern,1.1268001367621365,2.4068865723662154,1.3353823076266553,1.5821682371544843,0.3809306163449112,1.9313715608858704,1.5019089052921417,1.5226237616900289,1.1805127312544639,1.636317703452565,0.6398541387377029,2.2664092133459963,2.7428349898100484,2.3827773199184588,1.0315021106276425,0.0002467017442941616,5.286465949160606e-05,0.000192877466446128,0.0,0.0
2043001206,2011-12,Eastern,1.6192171958540198,3.2828786853864753,1.888819819554465,1.930735556536327,0.4330350971982209,2.888199720544248,1.500105609159431,2.209770390602132,1.5250887522247116,2.205557481001191,0.7064441687214911,2.9646617700111677,3.7484647727239206,3.296532144304443,1.4271972778657105,0.0001571325914744613,3.86722124429759e-05,0.00012320419189198117,0.0,0.0
2043001207,2011-12,Eastern,1.1424887791292382,2.3551900083230732,1.3851762310776377,1.5300637030750235,0.3572960383781875,2.1938820845940485,1.0941838397556958,1.582052444960558,1.1615511422953173,1.6757865207400962,0.593737285958839,2.2046517604947047,2.854681035391565,2.5603177224758333,1.0424865025867334,0.00015377226257885424,3.795950507056622e-05,0.0001255489094440418,0.0,0.0
2043001209,2011-12,Eastern,2.435618243445916,4.713419240473099,3.0511298724082705,3.4122507032712055,0.7596602975388287,5.068508448237693,3.3383357113307963,3.486427687460259,2.5160089672712274,3.664867458885963,1.123544563810794,4.212253626203554,5.906185760564768,3.995627746485855,2.2197004142859984,0.0002476951864134223,6.715558551305735e-05,0.00021759168151352224,0.0,0.0
2043001210,2011-12,Eastern,1.11480841116212,2.1206415029516688,1.3339053962609706,1.4462108127976694,0.32858111679103635,2.295598661504348,1.2607360898099667,1.4131151861622082,1.1083080552094744,1.5720264997718159,0.6026399307800483,1.8500769794199188,2.4392617613780954,1.8435830277578722,0.9547382322052684,0.0001462957750031445,3.4072306011334275e-05,0.00012655657866873126,0.0,0.0
2043001212,2011-12,Eastern,1.908046348870387,3.985851938845365,2.1973875150506506,2.5659660814294596,0.6349325436763934,3.7690884185678883,2.1720753862832876,2.620962266308614,2.0299822730194887,2.6734569918970794,0.9259637107695203,3.9483268369505637,4.333170562692752,3.5164986047086275,1.6363872295659914,0.00030532681034563936,7.025986260794542e-05,0.0002584389179773711,0.0,0.0
2043001401,2011-12,Eastern,1.616727224670233,3.147408020332454,1.9184387977341304,2.0564200742263474,0.46119062250621384,3.169671990348334,1.6688418504780234,2.1117832444361735,1.7019670101909647,2.301249015457613,0.7830922896974496,2.8175380701975143,3.6649553799988546,2.9140647824353283,1.338223692519158,0.0003277660410493373,7.224787503721528e-05,0.00028042664907448726,0.0,0.0
2043001404,2011-12,Eastern,2.0975708457969833,4.319202780228708,2.5146056666585532,2.56761037914646,0.6242299047619483,3.497724152172681,2.117714225842054,2.8622555642609626,2.153145054723741,2.82415061533575,1.041836511800954,3.9229371493316436,4.489997312352373,4.18507295689914,1.9954531324729157,0.0003225064052839519,6.978604988287196e-05,0.00023754385888019938,0.0,0.0
2043001405,2011-12,Eastern,2.2783239947893867,5.0810392237635105,2.727930943608225,2.939051455883171,0.591061665124968,3.7784098226082863,2.10403420527618,3.1707991298403715,2.2376179103720344,3.2689969189828725,1.059354758886625,4.197296849244285,5.7095491822910995,5.688673709271838,2.1561439224396843,0.00019657203847694185,3.998979082939595e-05,0.0001302754313555923,0.0,0.0
2043001406,2011-12,Eastern,2.1272301712652437,3.44640217096393,2.6000310064396612,2.4485761746244994,0.5506392516781977,4.895366844822641,1.8914029396560428,2.5891480871430947,1.9844636889708214,2.8805202698499652,0.9095366012532468,2.710635798429386,4.246312257217529,3.4315974094723196,1.6676911838611987,0.00032744477259975964,8.530073908060966e-05,0.00030419606273268516,0.0,0.0
2043001409,2011-12,Eastern,8.116452493354643,12.588069002936482,9.198185081031736,7.758105265501884,2.3909364204124524,13.720731927426673,10.94225587499568,9.389175702705964,7.022342817927336,8.637088443650125,3.5446885501709895,12.337580683347321,11.549071888289685,9.814698730617453,6.460067906094146,0.0014216565395951033,0.0004874250992897497,0.0012948342757294771,0.0,0.0
204300141003,2011-12,Eastern,1.9679636945851329,4.030175677124265,2.374934325120866,2.513547252397453,0.6353108827103254,3.8939229158959274,2.092486824836065,2.667815603841144,2.0971771511679305,2.781175077835076,1.0858364651313412,3.6655358076981734,4.203312847208258,3.294595651573314,1.836861909726461,0.00034088002888210114,8.11619116385955e-05,0.0002711858594526035,0.0,0.0
2043001411,2011-12,Eastern,1.4019292582724165,2.6754400546995347,1.7205487056265307,1.7610647026707624,0.4078273228212344,2.845919405324967,1.425221464018026,1.8416932401345958,1.3645514043998581,1.9339067283633395,0.7365855623034729,2.3493049797131325,2.967459504272229,2.204813985170297,1.2434595779649034,0.00027167317656059,7.174467690860652e-05,0.00022451178987031655,0.0,0.0
2043001501,2011-12,Eastern,1.0663789616488712,2.096849330981683,1.2925463622048932,1.3230835158002305,0.28032780298905857,2.1246207302229805,1.0519431995143014,1.396166713967863,1.0256789858765885,1.4552160950619744,0.5545498084641476,1.8587813559846174,2.314468284869792,1.773681213650107,0.8969364820405173,0.00015205836368094045,3.6542583527389606e-05,0.00012296261937492603,0.0,0.0
2043001503,2011-12,Eastern,3.183462492643551,6.31170047118386,3.8021004838999257,4.312425404202304,1.0060553100507141,6.149766100734394,3.2856770461329687,4.316070400545085,3.318107306058484,4.737695144788012,1.4124023643143089,5.814787138860805,7.862410451592165,6.5064425492172,2.71543142252383,0.0005232262176951123,0.00013834455925497885,0.00043547767386752854,0.0,0.0
2043001504,2011-12,Eastern,1.0978805036752528,1.982252395427737,1.342034550563461,1.3624521439878239,0.33719802168263197,2.3578448502421487,0.9442969629595197,1.3379218540374846,1.0332638512317556,1.5110721247523167,0.5480540753717502,1.7527651354047196,2.311825003351612,2.1496226867443453,0.903696166024079,0.00014981349110286177,3.900501250499508e-05,0.00013045956029590378,0.0,0.0
2043001505,2011-12,Eastern,1.1851454194894062,2.295768781067623,1.4667795312468974,1.6089590019863353,0.3802326258523498,2.525440353330906,1.078652193406216,1.5625881558407329,1.1912891489454298,1.7570999913022103,0.6679118885292855,1.9899518943202297,2.8745700649361985,2.5065237707165196,1.068344695662512,0.0001064449618480328,2.7963535803090284e-05,9.429106463890181e-05,0.0,0.0
2043001506,2011-12,Eastern,1.8954286668837272,3.712537471500617,2.3045222737124598,2.2867557545634307,0.573973124118217,3.6542313239133626,1.7581290710568902,2.557222085089956,1.923547354553829,2.551353646839776,0.9537118372418949,3.454608786825589,3.946141817867957,3.254685534449369,1.7397565031226325,0.00033540537247179347,8.319109632174405e-05,0.0002713571695380582,0.0,0.0
2043001508,2011-12,Eastern,0.8853134582031774,1.8461659171957112,1.0317467348230387,1.1757720983454671,0.26588385655540414,1.7060514415967998,0.9074594222089148,1.1276898220036875,0.8601764494860832,1.272736755367433,0.4892582203242722,1.6046682054958756,2.1805420536177182,1.8928524746091298,0.7558994233004248,8.536680876092074e-05,1.8464578516120654e-05,7.187099872615323e-05,0.0,0.0
2043001509,2011-12,Eastern,1.428841089838771,2.723854488606324,1.6552644742150333,1.686954312646917,0.4256650345677386,2.799182319237798,1.574714557092756,1.8561442502498655,1.3328533869541321,1.9261659847041632,0.6886189311427021,2.4168492130851873,3.0697196137439398,2.2468846256922594,1.2319151285406806,0.0001789616497011894,4.459177318135949e-05,0.00015658221911176663,0.0,0.0
2043001510,2011-12,Eastern,1.07770572510448,2.0722721485201023,1.2670864913275492,1.4104473565082267,0.36006019025263725,2.171386786780923,1.1090536247199643,1.3499894911579828,1.0512190567094057,1.543863947758386,0.5685235804438845,1.8905948437923292,2.566429022927519,2.2036415425771607,0.9113460632756136,0.0001296290020118702,3.3028759416723086e-05,0.00011527909603096205,0.0,0.0
2051000105,2011-12,Eastern,0.8377679838592623,1.5220819360053084,1.0268214113507987,1.0838722368491038,0.28599935702556684,1.9003013831081939,0.9621383088295605,1.1142685258821803,0.8172982568159107,1.2346507083667495,0.4171802112614573,1.4060955676879854,1.885989460265163,1.2181259147296506,0.7023305501109046,9.15792887634781e-05,3.035062292527834e-05,9.164269675538933e-05,0.0,0.0
2051000108,2011-12,Eastern,1.5901690423032022,2.7317592443200125,1.8783018793073867,1.835907576112635,0.4548829800865062,3.4826298822595123,1.5492256894677918,1.9654076159770786,1.4699515038283673,2.1148875750013,0.7709606885823107,2.3123343717183342,3.3107463189820923,2.5788582431592433,1.2988212309503533,0.00014871706872342428,3.831791317973715e-05,0.00014214853742259515,0.0,0.0
2051000109,2011-12,Eastern,2.8509123822506477,5.125195981984775,3.51570891645413,3.5095924198893207,0.8779314120141744,5.608436653279519,2.8363880129752337,3.5958747574738608,2.8097280125248787,3.866057028182872,1.228030298491818,4.673941697753523,5.671315660218774,4.995459846696342,2.361125858375453,0.000752252601173224,0.00018374977528657878,0.000649511757584617,0.0,0.0
2051000110,2011-12,Eastern,1.8903181693230704,3.1694240775499494,2.3346576755512407,2.3599595194262304,0.6380269365731871,4.005884929722622,2.3163742405514687,2.243102487317013,1.9133602269027286,2.5918008120200957,0.92314393126764,3.0794773933039994,3.6011173182406213,3.2099762156186484,1.4679685122237016,0.0005488149602290037,0.00013120107642974622,0.000536803955773466,0.0,0.0
2051000111,2011-12,Eastern,0.868845433758517,1.6719872650797716,1.0730008221133223,1.146635480428647,0.269588569785885,1.7526181232569649,1.1625158725516924,1.1113469298053147,0.857059654276731,1.2608197030086603,0.5565925739199901,1.3747582286868478,1.9519034214522273,1.4189525847474254,0.7877419383976371,0.00015793370055802703,3.6118360496935155e-05,0.0001351548348799691,0.0,0.0
2051000112,2011-12,Eastern,1.2807075726630806,2.235929956154543,1.585830244953767,1.8071346176469487,0.5812338657621852,3.397680731441373,1.6994035540553039,1.7079029277675737,1.2969481753032805,1.9132971675523842,0.7177380213239386,2.3009362329485823,3.04921484437338,2.121005170968515,1.0974953590109344,0.00023788619780617872,9.6004072686065e-05,0.0002675248779881344,0.0,0.0
2051000113,2011-12,Eastern,11.755739661369729,18.319413017535094,13.36167495400869,11.261201031490133,3.404810152651657,19.595488086689866,15.753820155988365,13.851259332772594,10.179499900875175,12.430659628622637,4.783027344153171,17.961471905123297,16.73692521785241,14.245435066376183,9.353558585960487,0.0019756037896298873,0.0006773498707302471,0.0017763748948573974,0.0,0.0
2053000401,2011-12,Eastern,1.204231409338601,1.9110658239459843,1.4131859713945827,1.3352239644654165,0.3532132015004316,2.7090318251706638,1.335123854155712,1.397603520955532,1.177864846728381,1.5824160305029062,0.5958230894597504,1.6769230433334927,2.314650730321044,1.7900900887837123,0.9412702046155706,0.00019644461755855458,4.4518024842406245e-05,0.00020657887501628362,0.0,0.0
2053000402,2011-12,Eastern,0.7060107011957593,1.2295024894295852,0.9093769065093328,1.0583741622121872,0.26108003977525146,1.8333612342024053,0.9228526482338787,0.8798079108775518,0.7172302327808694,1.1078303077671838,0.47515905553851184,1.087931109832124,1.7646736104412544,1.365713747541617,0.6023723298990058,9.382537106284318e-05,2.6077934015996115e-05,9.962741090656599e-05,0.0,0.0
2053000403,2011-12,Eastern,1.759470868682089,3.42446552575132,2.123657849580944,2.219541768442327,0.520671361887355,3.6272402782769446,1.7133143726828919,2.424521551552293,1.729452019358001,2.488904767676491,0.8269012834865258,3.1115833214344972,4.059458673783955,3.0600341045940764,1.5454192739972357,0.00012839407725812307,3.6386985457767675e-05,0.00011459620693472841,0.0,0.0
2053000404,2011-12,Eastern,1.461959899732255,2.429603283784859,1.7422370610659648,1.5932485678873032,0.4325260944636357,3.143720725682233,1.7722788191176595,1.8272276401383118,1.3777704764802936,1.9363326905500884,0.7217430833078267,2.0542741796701565,2.8166457779985348,1.716711819264108,1.251869123060942,0.00014852772954504205,4.0026504460219914e-05,0.00014511893611923404,0.0,0.0
2053000406,2011-12,Eastern,1.5453950998041066,3.1480132094365114,1.8433540547592056,1.8590719144955443,0.4490166189381142,2.8232765057156626,1.4017721016322156,2.064542652290628,1.5127165547733938,2.1050466808950845,0.8078205851945337,2.7165439402463067,3.4002005853433435,2.8913232188106397,1.431863140255913,0.00017654797732450801,4.108349157865909e-05,0.00013754385121556725,0.0,0.0
2053000407,2011-12,Eastern,1.4261628346551574,2.855770619241667,1.756692481478496,1.9208016436228186,0.4199873018484819,3.0523194415280086,1.523396503111701,2.055629411562592,1.4515762927546305,2.0950677337265398,0.6870297216876291,2.698906951551703,3.4731020613233654,2.4914088574581648,1.23278626920562,0.00021371390360429036,5.940497657464271e-05,0.00019083965314092824,0.0,0.0
2053000408,2011-12,Eastern,1.1972801540490914,2.3190408932619224,1.5558868535646444,1.691761277991626,0.3581313497236288,2.5895675075071862,1.3329361821396821,1.6376856837973992,1.238976104194989,1.8087355105878198,0.6863455338746796,2.040730670121272,2.8425374460461996,2.069841403172392,1.093652961434402,0.00018970321556873774,5.2345174150044735e-05,0.00016074704237965622,0.0,0.0
2053000409,2011-12,Eastern,2.097827264023246,4.552627964562992,2.524875452073925,2.6077075086627435,0.5898144162232795,3.3851036445460125,2.0934170750828063,2.9424556065627265,2.151437759257388,2.873974309869093,1.0414418909090883,3.986095457316594,4.643597334449212,4.2433969807103455,2.057371429241732,0.0003473692718695841,7.175804437504436e-05,0.0002376601046077063,0.0,0.0
2053000410,2011-12,Eastern,0.9694552616560007,1.725247948923784,1.2458204230177274,1.2348423153728214,0.24850978453019937,2.0704877438719884,1.028609060701609,1.2758047262674346,0.935924212838036,1.4510962538901808,0.5498987042688633,1.3511210148440183,2.232262161267107,1.4426231136006096,0.8400250110933568,0.00011421322315302137,3.045076325857175e-05,9.942121533767617e-05,0.0,0.0
2053000902,2011-12,Eastern,0.9432842147935906,1.6869557333038736,1.1468209199361878,1.172906961711974,0.26270361227661193,1.9540193919333286,0.9304873696211715,1.166111154353269,0.8779665206677167,1.3316705439403291,0.5079841575506605,1.4234174079659956,2.1366189328444807,1.802436748086038,0.8020050533425515,0.00010614841625130032,2.6684124029932142e-05,9.356869822493322e-05,0.0,0.0
2053000903,2011-12,Eastern,1.097062599633583,2.1683450369450705,1.2973707233820273,1.4921122898066135,0.3711989235369833,2.085576408231947,1.4726869634396802,1.4509169318016322,1.1140323888618902,1.5853424319017877,0.5856921773628837,2.0561389129019516,2.6103092234678718,2.1554063801052386,0.9692674419314806,0.000208815380347169,4.675538552676296e-05,0.0001851910650787851,0.0,0.0
2053000905,2011-12,Eastern,2.3337194218564217,4.303697146848379,3.084148287691673,3.7024962399133137,0.9259813612405621,5.484764496644808,4.043792997424157,3.1852824876674672,2.4434156831279057,3.6262536014497524,1.1993687386943057,4.095333041072302,5.534183444514249,4.236985953888096,2.0554784555805226,0.0005272021788437592,0.00015982113295657266,0.0005001540798103971,0.0,0.0
2053000906,2011-12,Eastern,1.713746219943728,2.619181940388115,2.2728642612043943,2.3243555762996215,0.6295653440667891,4.366840268067791,2.3103401475661847,2.1138612310554867,1.5875027334987368,2.5413701585549773,0.7087933825416842,2.3523897436530325,3.841037301079201,3.1065182213449583,1.3567600177414834,0.0003766606977135565,0.00013976094309897752,0.0003950442242879335,0.0,0.0
205300090606,2011-12,Eastern,1.4128864399451064,2.5776202654764155,1.7040286600872991,1.9972326242257146,0.5205261202776967,3.1188708259966815,2.151439933895347,1.8786595671519541,1.4398690489189274,2.066944104443475,0.7039977028006125,2.5911486806791637,3.3929356163927817,2.7282698216435253,1.1937228394235744,0.0002237352315641984,5.965417584710566e-05,0.00022578023443338682,0.0,0.0
205300090611,2011-12,Eastern,1.6713176805776946,3.397287271014667,2.051393672254118,1.9448954819266946,0.43616635778159074,3.0649050537515157,1.4805819722165716,2.366933903195275,1.6324849646471011,2.3008696918970664,0.8041856019533241,3.01852548557059,3.9213643817360513,3.263527863578688,1.5592458078202183,0.00010477751268228876,2.545961300449723e-05,8.686951941905684e-05,0.0,0.0
2053000907,2011-12,Eastern,1.1296545072739974,2.2197104490835935,1.3567673085348393,1.5035633639427122,0.37037310310931476,2.269177829734397,1.295457658022748,1.5234690225062446,1.1420388060160076,1.6338317973939538,0.5988934358360222,2.0857142593987272,2.6642559744770793,2.1173086302568827,1.0087439322565324,0.000208055975357982,4.9855736833707306e-05,0.00018442523120589985,0.0,0.0
2053000908,2011-12,Eastern,0.9219540687765688,1.77559400369843,1.0919746310289633,1.0978404865880573,0.28340675824403616,1.798080416569864,0.9782252484007683,1.248462643663364,0.8819296797984001,1.2622089432427759,0.5019710989622319,1.5786269905246788,2.0807703139577955,1.630374583832739,0.8231361105614392,7.619402884932997e-05,2.0291429534229758e-05,7.26315778374017e-05,0.0,0.0
2053000909,2011-12,Eastern,1.062628080652995,2.004878522518792,1.3291689003777072,1.4159942885122339,0.31292620149121875,2.2355731779125643,1.1971551067160315,1.3958000018950918,1.0646355993363192,1.6084290815982902,0.6305528091231609,1.6425617120915998,2.5305137179378545,1.7943638497283068,0.9685749404010604,0.00010794150805871178,2.5843311482013217e-05,9.562434078536281e-05,0.0,0.0
2053000910,2011-12,Eastern,0.7714000479200176,1.5750103843342853,0.9868265102251417,1.1771431019120553,0.22906564328756573,1.5660270406026364,0.9865086372597133,0.9803636697763541,0.8169261802020602,1.2060712450857172,0.4643928924794635,1.3268471018521226,1.8073390836663268,1.3133798367393492,0.6822463406630547,0.0002066315931947985,4.392678426760172e-05,0.00015852624122283346,0.0,0.0
2053001302,2011-12,Eastern,1.6997687301422244,3.3191245975370265,2.1136995144267376,2.4278159925670413,0.6285707072676814,3.2400741145366028,2.410552428743595,2.2664197623653837,1.7775256159549324,2.5402543565915656,0.7970848266971398,3.262152739002523,3.8528659825647185,3.2912466579828297,1.5039043732682873,0.00042591455738736814,0.00011414746101725171,0.0003588877601887611,0.0,0.0
2053001303,2011-12,Eastern,2.203349532151852,3.9765263163438918,2.6992578076408136,2.6482433654796664,0.6103085724115743,4.478696067555008,2.2537440997024167,2.9130280923712144,2.0920192714241694,3.0266482438422817,0.8843492763894277,3.5189882585616568,4.737226179755839,3.680385373384444,1.8391611411836595,0.00030017038215542357,8.409645857370625e-05,0.00025768108021178253,0.0,0.0
2053001304,2011-12,Eastern,1.4467036595821805,3.122823128151084,1.6582805868002863,1.7616189424038031,0.383744353298279,2.861911673985827,1.6147425479796664,2.1203784069032237,1.4705905747514965,1.9637391003236109,0.6765505647263658,3.0754889751153676,3.157827287374104,1.8396965235264955,1.2406373353507345,0.0002562230580446857,6.198944952694009e-05,0.00021638439003843216,0.0,0.0
2053001305,2011-12,Eastern,0.5366568676268617,1.105227851498685,0.6342113708480963,0.6862995333119412,0.14129082555913977,1.0094552244799273,0.5382187065226894,0.6654793220253604,0.5360629460441967,0.7616889977472663,0.32991363262232987,0.952691444363981,1.2418063596909557,1.0012852462630004,0.46008286006253823,6.44875534469292e-05,1.2662255666081593e-05,5.287447358599698e-05,0.0,0.0
2053001306,2011-12,Eastern,0.8298131144761235,1.667763859450885,1.00780073202268,1.0398215357499327,0.22391570959441306,1.6464947623957105,0.8307903836201426,1.1761684467805398,0.8303170452876414,1.2038257710775628,0.4857821742572038,1.489254812123491,1.9956766910686459,1.4139848467858211,0.7459001243838306,5.308501851213087e-05,1.2977382736357945e-05,5.05126819228069e-05,0.0,0.0
2053001307,2011-12,Eastern,0.6588078185478605,1.1227780095299458,0.8291070445190689,0.8145219682158998,0.21891018934845524,1.5853888877575228,0.6444885020492755,0.8084899633363034,0.6480790097498005,0.9163838327592819,0.4082765367069845,1.0134800866841456,1.3570338084216838,1.0092519930603916,0.5595234863482492,0.00011274483602256514,3.382345080676954e-05,0.00011268171856677101,0.0,0.0
205300130703,2011-12,Eastern,4.3167164793945965,8.848086090969025,5.113622012413707,5.394921508080699,1.2636266924853594,7.035016634988527,3.7206564558796553,5.810252054376479,4.645012057674784,6.109976279739545,2.33282332259425,7.560283695236052,9.70186276643439,9.08989345862446,3.942658837519683,0.000991528744953654,0.0001913476525349157,0.0007648999195238698,0.0,0.0
2053001308,2011-12,Eastern,2.4468029577842403,5.322447604630745,3.005434287882466,3.6938918542435344,0.7165125045604258,4.772177431545635,3.0647469704447077,3.546079750296588,2.7486531402108394,3.608329521555753,1.2192828253051582,4.985048139214727,6.043543251040325,5.055364713009892,2.1408729218958027,0.0003765092531568828,7.835918280215177e-05,0.0002960263748557701,0.0,0.0
2053001309,2011-12,Eastern,1.2299260246019226,2.5295033842290757,1.6371870654343383,2.0094124864356884,0.3873181335450855,2.676511216887185,1.6114255530432606,1.6703919936392477,1.3598228019004532,1.961064548595277,0.697239141455404,2.279325475372801,2.92963050614223,2.131471212870538,1.0988140160442685,0.00033333088923982523,8.083586171639957e-05,0.00026910001138019245,0.0,0.0
205300130910,2011-12,Central,1.2796908443597235,3.040103223484899,1.5002056846841338,1.952536312376253,0.39183456894413665,2.6906068380182124,1.4057363285960365,1.782630151766765,1.466778330161204,1.9362997045719836,0.7610954396204541,3.272240753433172,3.5576027294333885,2.696752842702131,1.1703569344060885,0.00016535828335279226,3.985088823183636e-05,0.00014675458896127406,0.0,0.0
2053001702,2011-12,Eastern,1.3883338522014925,2.3625972997042464,1.7240737376528916,1.6924088420659242,0.398596158555005,3.1389371834727458,1.3861187519399667,1.7828437755977145,1.319815417901598,1.9532382465991869,0.6920168805299309,2.061370231636616,3.062496164531753,2.4292174948782566,1.1873959491902233,0.00014814674536792863,3.965316357442426e-05,0.00014117210722446432,0.0,0.0
2053001704,2011-12,Eastern,1.5334077924584195,2.9906802222411377,1.868103142913361,1.895700962306176,0.4794945647006901,3.191412447447291,1.4317194718338082,2.0187586771777073,1.5427473400853315,2.1153825161437245,0.842787826004301,2.7182405815890838,3.2820590560992198,2.5823611609640866,1.3784702130051005,0.000229974340084795,5.8688256917743134e-05,0.00019286944865274405,0.0,0.0
2053001705,2011-12,Eastern,2.259509581766156,4.097607138080067,2.6149618127391614,2.9988426508583204,0.8118546287982046,5.032303103748243,3.4146009457026985,2.9440623676264197,2.263930790856438,3.1051924183736768,1.034508961066442,4.344077660842071,5.019968463075457,3.8768255328855834,1.7977737093125625,0.00044705383482326254,0.0001121127195142713,0.00046558610434593455,0.0,0.0
205300170503,2011-12,Eastern,1.9419773788067585,3.50753954712066,2.529765696601905,2.6819834512813734,0.5907695368750825,4.140812204374809,2.0488176069938784,2.4813373253317055,1.8754978005235745,2.938665125659172,0.954394340409929,2.8760237782928675,4.4948926601900645,3.628233710472887,1.698565557623845,0.00048155879773232506,0.00013477588993137402,0.00039898191740155286,0.0,0.0
2053001706,2011-12,Eastern,1.5927822903564852,2.5555833414892115,2.005321540202327,2.0785955405192285,0.5254854092971687,4.042768462601664,1.5826809590684303,1.9772705261390848,1.485391219867765,2.289587188672928,0.8114005654994854,2.1293911091853843,3.5876183833209425,2.9532828367159674,1.3027169509671759,0.0001652957374009798,5.453920269575476e-05,0.00017010870953592785,0.0,0.0
2053001707,2011-12,Eastern,1.033415668981221,2.1824388110027897,1.2514193933284423,1.46388274716565,0.3210443563540259,1.979606462385995,1.234708391757898,1.4614137930658744,1.0927918355901516,1.511330170218903,0.5529254470830348,2.1100301955641894,2.5489176572937198,2.1423767865759555,0.9248330950856392,0.00017380107296092445,4.032591784837503e-05,0.00014330395753726384,0.0,0.0
2053001708,2011-12,Eastern,1.3418451913153298,2.654609050876231,1.7336647941598402,1.829733282397174,0.36222714421319,2.8891809985005588,1.2382664807569863,1.763004877476486,1.3404835798844008,2.033040199533372,0.7382034208522872,2.2402854004571604,3.1380423186414608,2.282571554713592,1.1941680317852092,0.00022647492751169128,5.527760846577841e-05,0.0001773734885850791,0.0,0.0
2053001709,2011-12,Eastern,1.2898415433397343,2.2329968605326656,1.6127124587306096,1.6960524690760481,0.3978769583102856,2.8792757686626285,1.510553454819557,1.5871703999619395,1.2970766458159728,1.8263737642123832,0.6386370857318373,1.99746777492194,2.682777959577685,2.2173444979984556,1.0475295104695024,0.00034951174777144074,8.564424771780343e-05,0.0003239589218760862,0.0,0.0
2053001710,2011-12,Eastern,3.1488964324945177,5.285501061201662,3.8116460170248145,3.7164414576735543,0.9627069218767793,6.698174335314587,3.0782811880768675,3.9310624500152898,2.96797635558262,4.1883126332961504,1.325594050400556,4.7573516851673725,6.509738071738348,5.443605286154299,2.564284567139561,0.0003859682183863818,0.00011503857937620079,0.0003586026971885693,0.0,0.0
2053003001,2011-12,Eastern,4.305235350527963,7.378277558136657,4.9634292557727155,4.766299494690253,1.3274069734251996,8.600435514653139,3.5062600870092777,5.4075934885847206,4.620942334343746,5.788408616407366,2.3828390477396817,7.007453549932036,8.674078928674238,7.260798270273795,3.3994788193189596,0.0008143266121035944,0.00017589454821437638,0.0008496960765659035,0.0,0.0
2053003003,2011-12,Eastern,1.0081922847665667,1.9145322639841094,1.290911062628173,1.5699206824802645,0.365157472597936,2.430860149907372,1.309997315503407,1.3430364023262558,1.0461601813414267,1.5970608508162616,0.5911372445436486,1.7753220479942573,2.6054766669464233,1.942943260552048,0.8749027014672947,0.00013087513598731627,3.945690981003743e-05,0.00012608757928648642,0.0,0.0
2053003004,2011-12,Eastern,0.9064554080868136,1.7963419012884656,1.1361382925426067,1.1765847797650422,0.25513761881685804,1.9097105867520738,0.9003143688992197,1.2021454767483313,0.8501892552196728,1.3368674452593845,0.5123233036277053,1.5354177184759494,2.1563266459491826,1.4612682473297918,0.785770790968036,0.00015129490467355233,4.181950996528862e-05,0.00012353940366844642,0.0,0.0
2053003006,2011-12,Eastern,2.0792982942993783,4.441932682933059,2.567478194101974,2.9350562479695497,0.5708895639879965,3.9942188149874025,2.3300938992686113,2.8915844445532195,2.231060583118386,3.055987548316214,0.9998923065552459,4.018336718368299,4.710226300490359,3.4864962205237187,1.877727965679681,0.0004717584834507803,0.00010801400920593361,0.0003467163637568889,0.0,0.0
2053003007,2011-12,Eastern,1.904229644424267,3.400318404760457,2.4166734228179645,2.3337006863828678,0.586074169521166,3.908030037231784,1.6931001078527113,2.4129217436205357,1.8178303290984414,2.695730970889803,0.9280084572428136,2.8288244112547836,3.9698480659892095,3.1675725725530874,1.6863870314403027,0.0004864079245615992,0.0001341323960588485,0.00041079787591540056,0.0,0.0
2053003008,2011-12,Eastern,0.815360001591453,1.4521853659356463,1.0602024815378366,1.2068262055436239,0.26829092912569014,1.8825756169663714,1.0379075584146193,1.0021897348130806,0.820001066211091,1.2549846070682402,0.4906043672855968,1.216668903497832,1.8792687217570916,1.444261029982075,0.6951024168296149,0.00014975684017237687,3.884142764770448e-05,0.0001360620770762027,0.0,0.0
2053003009,2011-12,Eastern,2.9405738763224654,4.895056487026205,3.954041089872094,4.083898727047709,0.8863836035662788,7.237565774198099,3.6024767504774005,3.9362975608660244,2.96887112691419,4.320498073789925,1.3856468466810652,4.072418363789737,6.664882964549594,4.824753192438,2.5071356595045478,0.0004638532781587963,0.00012723014985244711,0.00044797460957869185,0.0,0.0
2053003010,2011-12,Eastern,1.5220832847655847,2.800218893644477,1.9193211967055306,1.9692651853768024,0.47271733604364335,3.242187619717558,1.5245212547680256,2.00755041783424,1.5092043732424247,2.1922283962236477,0.6955657717837994,2.6148347089013018,3.457885036738632,2.9393737576627155,1.283366161746608,0.0003069112300158506,8.346906854664308e-05,0.00027051654910823625,0.0,0.0
2063000301,2011-12,Eastern,3.374980414117796,5.298503948307692,4.178327617411224,4.049578036624458,1.2535753063745587,7.456725102398181,3.90981990489426,4.056128080204981,3.2931261427307175,4.562619854171294,1.5406827324729757,5.282448576392763,6.1507138726153325,5.256675123544486,2.5964422256598416,0.0008298802800067407,0.0002489640840020222,0.0009098186978459509,0.0,0.0
2063000302,2011-12,Eastern,2.122067524014443,4.307023250401811,2.494797707751652,2.9333075393615333,0.695071598900591,4.213079628378471,2.5009270260687413,2.9626088613314407,2.1731965108811275,2.981510529605101,0.9652408150105777,4.2631333846351485,5.093980059073493,4.440888376920225,1.801327450343134,0.0002287469662484786,5.646676460000664e-05,0.0001987635972120842,0.0,0.0
2063000306,2011-12,Eastern,1.9760846078576721,3.933362086403302,2.3951848453218405,2.6266819223945763,0.6122173472538522,3.5539411979218025,2.671030806193833,2.652823810620145,2.013114436648318,2.7508335228912464,0.9995442280519166,3.6222426600656226,4.347553735119148,3.702249660871784,1.7878515161680157,0.0003673767958376804,8.64415990206307e-05,0.00028762124425488986,0.0,0.0
2063000307,2011-12,Eastern,2.8215572826096156,5.6015467918922734,3.2481705364704916,3.2486206971552236,0.77731227541018,5.506265213845823,2.5024953612552583,3.878813180811681,2.601170097309203,3.6968768919141732,1.1280252267389297,5.161421459826442,6.112496972102103,4.739543656262606,2.4015065654852283,0.00025144459640299245,6.893469007666581e-05,0.00020860625485274434,0.0,0.0
2063000308,2011-12,Eastern,4.554717132445229,8.596248395125738,5.796331860752431,6.014260639118542,1.43915238140648,9.501757910896401,4.623615717111301,6.168679213670347,4.693087414989136,6.48915267369681,1.8913892984642813,7.949092565362168,9.99594673988387,8.668574958341063,3.885462015870666,0.000867980770549934,0.00021600885085276767,0.0007426144198012535,0.0,0.0
2063000309,2011-12,Eastern,3.2777577402717473,6.84929538508647,3.920223236845422,4.357349325278981,0.9950427804180685,6.062976826312663,2.8718477631755603,4.4817291927304685,3.813082203897652,5.044747476185158,1.8758238877366988,5.926471612440623,7.917964395358467,7.064452978732543,2.960826153644737,0.0007186899132460432,0.0001509248817816691,0.0005670998080871694,0.0,0.0
2063000310,2011-12,Eastern,1.8649625495064426,3.3231266893369638,2.4183305929995274,2.5763360433938582,0.5765891609942781,4.1787301506183345,1.86405592530659,2.358087535901781,1.8668615953491794,2.7685568348176144,0.866436721472003,2.895712586438842,4.161268161813787,3.607761593723288,1.5630274788751946,0.0003875237083689671,0.00010656901980146593,0.00033604484929776246,0.0,0.0
2073000502,2011-12,Eastern,1.0003936216726654,1.7332388466652235,1.2379744455186268,1.2878862500418344,0.3605955984525089,2.446073478493354,1.3002535140284999,1.2649776166657143,1.006071504637639,1.419427156486362,0.6029176642338866,1.6160078254634969,2.1503103781884176,1.55384459873034,0.8593912508766116,0.00014595554023860444,3.997912623926992e-05,0.0001539646965320216,0.0,0.0
207300050203,2011-12,Eastern,1.4529047636158168,2.6975407354192367,1.7501783667175907,1.9201549524353965,0.4972580437377855,3.3059971654317186,1.561399088744628,1.8581950819945268,1.5004785484322385,2.0570986776212234,0.8179573118204619,2.5987883497033377,3.187250675606875,2.611901865637545,1.239473656369267,0.00032874560062164766,7.396776013987072e-05,0.0003140104841929171,0.0,0.0
207300050204,2011-12,Eastern,1.671814563086929,2.7440776674962146,2.096245327038824,2.1012564274236194,0.5620951412696763,4.026795126844644,2.0267547783472604,2.1071066929818674,1.6457111625217395,2.372800336521152,0.7459202485651234,2.559630672175565,3.5238540745612053,2.719477495888601,1.363327748162433,0.0004049737884634088,0.00010994182778355219,0.0004207423739207092,0.0,0.0
2073000503,2011-12,Eastern,1.3965893710328523,2.657644360682187,1.7468396860677664,1.9793656367697254,0.4710335872981481,3.0157748171461294,2.1150757350620024,1.8696730986735826,1.418326662932875,2.0591005417933452,0.7048571692466715,2.493273411194897,3.1707646315235447,2.249216169689718,1.2034199745947687,0.00035650664156356294,9.044315463595559e-05,0.000323069896160917,0.0,0.0
2073000504,2011-12,Eastern,2.058889598938666,3.9626879003112987,2.5152197922984363,2.706394387110578,0.523098210778721,4.061116187082996,2.113987906679097,2.6535744784419335,1.918138842197698,2.9578652526001514,0.9378427332684897,3.2842250653712735,4.8197840981098,3.9383197044035367,1.7741641471219765,0.00029704135410906705,7.076946791273713e-05,0.00022447317940667156,0.0,0.0
2073000505,2011-12,Eastern,3.748302028826536,5.813035553397181,4.530296499801169,4.746542422811548,1.7782413619707165,8.36760522901266,6.631045379888863,4.541261754804174,3.480444693761446,4.869582039897023,1.810740673526418,6.6767674738895275,6.088846096997197,5.09282041175771,2.8038204425655375,0.0010070760833475899,0.0004531842375064154,0.001195508418278083,0.0,0.0
2073000506,2011-12,Eastern,0.8130915919882447,1.4485597852283798,1.034589191224593,1.0998882922057978,0.27375984848023144,1.8691762000417491,1.05695392965581,1.0571106172065947,0.8177517219211963,1.2031348454491253,0.52862639269002,1.2656159418592101,1.8979310155291351,1.3990124094552325,0.7207439018936638,9.746076974751293e-05,2.63238091922543e-05,9.800437385825771e-05,0.0,0.0
2073000507,2011-12,Eastern,1.6664555412101336,3.0767829338997568,2.067208361969206,2.1616326092696676,0.5156695146950098,3.580669699429163,1.6253473821409254,2.131248612649947,1.6125144183014652,2.409401583786965,0.7597459119390356,2.7305922854104163,3.8063966359616503,3.1536237986421773,1.3889370700995085,0.0002390990322011971,6.487319329576598e-05,0.00020672193582924305,0.0,0.0
2073000508,2011-12,Eastern,4.99495300965222,8.607396654223669,5.75262437925435,5.549291854699157,1.535752958585927,9.90328632601683,4.059865862846679,6.33136571894398,5.365547819460509,6.69359873582105,2.6944231948025337,8.204183604552446,10.069551871854216,8.481461021734948,3.944876930243379,0.0009367427486790147,0.00020233643371466716,0.0009703324392254462,0.0,0.0
2073000509,2011-12,Eastern,1.0794511049712299,1.992207243173912,1.3752448804725383,1.5096871321703502,0.35697916923806455,2.219119352199754,1.3257787103904755,1.3583747669078485,1.089623134833046,1.6343236946402917,0.6064688516080536,1.6924159089843418,2.5554401268279436,2.2337383364203793,0.9369634609774314,0.00018891990545048446,4.5543191492527504e-05,0.00016269950794156778,0.0,0.0
2073000510,2011-12,Eastern,1.1099251991248427,2.1157127966442597,1.3209062484544174,1.3572036573448585,0.35847960137727525,2.3050539607673275,1.1139875614385628,1.4376179162749696,1.0885919832655655,1.5376137686604816,0.5774467450288536,1.9461458748175133,2.4201796930187527,1.799399884523452,0.9631085905999934,0.0001304450218190494,3.6227553089349857e-05,0.00011837163687542526,0.0,0.0
2073000601,2011-12,Eastern,1.823381328402815,3.62990397595281,2.1920773048696027,2.343101963421747,0.5373972812414296,3.5003155631785763,1.9779055058036066,2.4109796872383247,1.766391545308058,2.533694745798626,0.9302381494863371,3.1228096954866063,4.046964298925207,3.214603688655299,1.628943943692666,0.00024812588378532327,6.125120087153421e-05,0.00019570277595108463,0.0,0.0
2073000602,2011-12,Eastern,1.2899923687842085,2.240147652618587,1.5762769202183398,1.6087754941379562,0.41783825344706527,2.9801915413861852,1.3780120149899833,1.6202024190670479,1.2388983127899662,1.792422542193293,0.6885040035752794,2.0079563515037036,2.7894890343660186,2.1587271636516596,1.0906113907855721,0.0001411599063112602,3.8879819022799686e-05,0.00013908098091372622,0.0,0.0
2073000603,2011-12,Eastern,1.4449191456025074,3.0220519834772572,1.6872869340230974,1.7880746448204254,0.3760052516463213,2.631208602214506,1.4478781682671207,1.9777952099305889,1.4766437753925956,1.9703458893454213,0.6661398703827895,2.7952223627694006,3.216672385345468,2.4971535884481892,1.2308788654393152,0.00023414318504502205,5.220760207084951e-05,0.0001820911156987143,0.0,0.0
2073000604,2011-12,Eastern,10.39110537025289,19.16484228940215,13.600679324883437,13.672546804535672,3.171660575902033,21.432357946492726,13.725613502634324,15.191323105196302,10.328808123368258,15.19474757068407,3.2691237151499637,17.736985856713314,24.174148167799167,16.637288834350077,9.204382756961499,0.002225988834336652,0.0006881276958605108,0.002019107236014847,0.0,0.0
2073000605,2011-12,Eastern,1.8470846197246924,3.150451557091955,2.258289666170333,2.3763748502057664,0.6191770715974401,4.155486781495323,1.7378316888275345,2.274379612746151,1.8086286944095389,2.6536672803975225,0.930917440945506,2.7907976586961376,4.215051903656672,3.6281079199679467,1.521686323446094,0.000259692540658449,7.481618433255316e-05,0.00024834656733643145,0.0,0.0
2073000606,2011-12,Eastern,2.829847125126183,5.390743791260609,3.369691817386724,3.694424160622313,0.8444056416656627,5.773073066585209,3.22132705818948,3.772739487045907,2.8617127540589786,3.9115254351989504,1.22698564192157,4.96693310123108,6.154107531581382,4.92799028061223,2.4004484009911846,0.00032655015486691237,7.830052983487642e-05,0.0002781673912146696,0.0,0.0
2073000607,2011-12,Eastern,1.9922148600154161,3.9438778836730517,2.6057413651599055,2.8257525669318215,0.6360903874274592,4.318123439321614,2.0889944155681075,2.7965757976874155,2.109174147453551,2.985162977118809,0.9810215982473242,3.6523819896349488,4.639908618210926,3.7431190233894736,1.8079489222756013,0.0003360010997328405,8.870718689067449e-05,0.0002828682713035289,0.0,0.0
2073000608,2011-12,Eastern,1.4586225258693528,2.703809616421643,1.7657212313123187,1.8957087995623403,0.4847743030942437,2.8623684163495513,1.899389720032113,1.8684854464537426,1.527509286084062,2.0202721467778075,0.6705869245105296,2.7085056000169834,3.0833254775489434,2.7394618975509863,1.1851369835962418,0.00037530416129224553,8.830686148052836e-05,0.0003395092782078812,0.0,0.0
2073000609,2011-12,Eastern,1.6049432180613388,2.699504297467194,2.0845357687574424,2.1845323104147822,0.5754954306123555,4.046407241557614,1.9927578001970487,2.0422744812866918,1.632920889411418,2.367399997770868,0.8430704981248516,2.454013946481506,3.54193847831245,2.7465829119910414,1.3440432955506671,0.00031895716816344663,8.750876152176613e-05,0.0003288135984904282,0.0,0.0
2073000610,2011-12,Eastern,2.670131531726597,4.128591957396147,3.279862051957233,3.1025895975879627,0.7448968856208571,6.3226875277587355,2.532300414583205,3.2414543624223477,2.4519894380906373,3.61230154477826,1.0162919434019864,3.4534464354069048,5.609556822918014,4.736935851621383,1.9817897913659381,0.00038544145702552337,0.00010901491811655615,0.0003879674692060442,0.0,0.0
2081000101,2011-12,Eastern,1.0346676727799704,2.0028938180826894,1.1486515872971508,1.1899555490672862,0.30671655156790584,2.236253322152298,1.0834771737191906,1.4573279152979333,0.9832171142565896,1.3482364823546957,0.46857947361510754,2.040059949157042,2.1751580749943535,1.3711868781089394,0.8178250686891405,8.528887061168629e-05,2.686599424268118e-05,8.832848512229342e-05,0.0,0.0
2081000102,2011-12,Eastern,13.272957600675582,23.433576107616187,15.368774762564401,14.968671197598809,3.991655951832873,25.193841772983994,10.67332431233052,17.798425407020716,14.34749811960462,17.47383693958481,6.075859229273648,22.5599378810045,26.92136978809073,23.13490286625431,10.530831532519525,0.0022751751143823312,0.0004914378247065836,0.0022778034626186406,0.0,0.0
2081000104,2011-12,Eastern,3.6588117016243373,6.79809257901266,4.482751934368406,5.0876702996247305,1.4320527804229208,7.793581129825277,6.19172774879827,4.8555226835314285,3.811934475764142,5.1425626937798,1.806334184968587,7.141616611868765,7.194891148761577,6.3138561386093075,3.022367670223189,0.0009038944694908269,0.00022945013456305606,0.000861369657457919,0.0,0.0
2081000106,2011-12,Eastern,2.7280219848901797,5.850999731403668,3.1709479315784206,3.6084651527075065,0.7891633878566119,5.032698534986633,3.1856734372251396,3.946906260777767,2.796873415500638,3.870684019415635,1.1273617953034099,5.6037886708412525,6.470055568561827,4.675842616915237,2.343932475149027,0.0005689701247095092,0.00013876667985161434,0.00046016411084976865,0.0,0.0
2081000107,2011-12,Eastern,2.8020596950089707,5.268101557640934,3.227101276075348,3.250706691847237,0.8776718390475571,5.274675184221331,4.122787310192494,3.5594454238100135,2.8300258218479217,3.5445912647733793,1.5059912726784788,5.049124865902974,5.143042563164735,4.40119575521296,2.3888583405856174,0.0004878531561829678,0.00010507606440863922,0.00041686362909864564,0.0,0.0
2081000109,2011-12,Eastern,0.9460661257917528,1.8022606487552562,1.0778361083072523,1.1556694640230438,0.2725905719334965,1.8295669421640686,1.0764188414509663,1.1853073134290304,0.93513248012875,1.2756960818024299,0.4269876476547057,1.7268854011272323,2.0489880031974157,1.5783798173873134,0.7475910183275274,0.0001489935065665487,3.633617149939301e-05,0.00013033971118679778,0.0,0.0
208100010902,2011-12,Central,5.029917007193951,8.542305245777069,5.092063848193696,4.638899321644104,1.28834534549871,8.508238471459203,6.3765817462992915,5.685423813375216,4.612452303862351,5.066139736853036,2.2933719446279883,10.012546524425579,7.581532976057983,6.066896492867218,3.7929989650193625,0.0006053926195723326,0.0002075631838533712,0.0006080217285959338,0.0,0.0
208100010903,2011-12,Eastern,2.2476258149979,4.3013971148153685,2.617976253536683,2.7329627266562344,0.6881463259706116,4.114462737971773,2.9633564245248505,3.0227592414137683,2.1956598928104722,3.0109121499702014,0.9587284983928214,4.113922531543113,4.800348004812901,3.712227012407944,1.954709444218222,0.00036049326866340894,8.694469394630973e-05,0.00031199400910031437,0.0,0.0
208100010905,2011-12,Central,4.3965040951616166,10.107821898989744,4.564698740332318,5.870099976508393,1.2639925780006236,7.520979374954089,5.7614519223570095,6.290563782082184,4.844491175723963,5.661329470416685,1.8480411807667643,12.40950000800502,11.067113945884241,9.040030467429867,3.580490425252901,0.0005187962142862922,0.00011947381698294283,0.00045036805498392023,0.0,0.0
2081000110,2011-12,Eastern,1.8477158366389255,3.6354149605282196,2.1344873364342662,2.3059237573846203,0.5384830771781282,3.5730339124050428,1.726212489753063,2.523554449880095,1.8154745481781667,2.5783875095175834,0.7605183626067928,3.374244888950231,4.262182259562511,3.5911872090349166,1.5481881329353673,0.00018326530961874457,4.827753507518581e-05,0.00015749089565371698,0.0,0.0
2081000111,2011-12,Eastern,2.313062631618287,5.0211129094957165,2.6800181008268176,2.920601440322311,0.632007482198375,4.016117963054478,2.3089797409050137,3.1165486185141553,2.36074713442196,3.1379999477641825,1.0781492406428312,4.432037563847698,4.979823058794892,4.177884925210042,2.0573189625824004,0.0003501094335402643,7.152422196391594e-05,0.0002457975170163541,0.0,0.0
2083000501,2011-12,Eastern,1.0891699183500125,1.9905497417184213,1.3684967641342385,1.4153612620920382,0.3853387461284714,2.6213173746458622,1.2088634227317625,1.4318825456313289,1.1145066901310139,1.5492469122787653,0.6660754068857784,1.8679916510497419,2.361305368749129,1.700719425136441,0.9638968577823324,0.000168636654142678,4.9341835841746525e-05,0.0001652121444775193,0.0,0.0
2083000502,2011-12,Eastern,1.1147375815020648,2.039073334410489,1.404686180652342,1.4620702592834796,0.38669410670808013,2.5019568253912525,1.2644137982650352,1.450847072816659,1.1038795276828273,1.6483914249160925,0.5931640351107318,1.8202524851418138,2.4775486691578577,1.7491585713906608,0.9863840117356064,0.000216740127013931,6.0503733539432016e-05,0.0002006413236329626,0.0,0.0
208300050203,2011-12,Eastern,3.7264891976128713,7.883967842534001,4.300199913727825,5.1527269536825155,1.2167980032286996,6.603677960128929,5.217413464786343,5.246891301729427,3.838460487645805,5.1460184159151785,1.6805577577550779,8.023512438621943,8.655625845591553,6.96458401694401,3.186968365248303,0.0008934924695418044,0.00020576278862892178,0.0007205758577844714,0.0,0.0
2083000503,2011-12,Eastern,2.4513456319542026,4.474331079716905,3.1371656738794975,3.228928631644966,0.832096570088713,5.572227453280123,2.498405055418648,3.297395458775819,2.403914805730952,3.5106704400184943,1.14407232081267,4.038555858387254,5.334107509251366,4.151148906766582,2.1703960696172055,0.00041508855313261635,0.00012488508772272094,0.0003751854205004706,0.0,0.0
2083000505,2011-12,Eastern,1.7800476511197239,3.8756079016219633,2.2540012628365576,2.7127474491254087,0.5909325043057362,3.229577339534756,2.1886048472004203,2.373000908029428,1.898718658509226,2.7977882693869636,0.9661202838892622,3.312799905430049,4.221137480704245,3.7858084455819725,1.668509582517212,0.0004622278768896484,0.00010166302277631564,0.00031979789655061606,0.0,0.0
2083000506,2011-12,Eastern,1.4583432357889634,2.850101609751135,1.7966840935837327,1.9117394313904457,0.4011332467813072,2.98486132458422,1.5608920565278985,2.0028040635997937,1.4615405277364093,2.1690586913737775,0.7532170722612302,2.390219588627322,3.469933676596182,2.31886035944123,1.2946338467841472,0.0001343529221553515,3.341089035647864e-05,0.00011545018251944669,0.0,0.0
2083000507,2011-12,Eastern,1.2742247596031893,2.6255443673951953,1.5819215162840894,1.747169043683155,0.35687526665495345,2.596600111134537,1.4708203362580445,1.730476405358746,1.332389521137942,1.8985336728149358,0.7269337787045939,2.243393513987963,2.930948335517397,1.9291916322907976,1.1623942194567511,0.00022200154826425113,5.014320684733086e-05,0.0001754782663372027,0.0,0.0
2083000508,2011-12,Eastern,1.494352301981275,3.147927881225557,1.7194635350294887,1.8024040687904779,0.4123665412924836,2.988656444768571,1.4448033623127494,2.1560513944436517,1.505874996875937,2.006896401999915,0.7461213772244754,2.971743254902338,3.2816596712308366,2.233306464184277,1.288221730432118,0.0001050049974340666,2.6449934311088204e-05,9.423370587456101e-05,0.0,0.0
2083000509,2011-12,Eastern,1.815489333834491,3.052781132039387,2.3123918197778095,2.4478544235548134,0.628373345008279,4.171655339666926,2.0472053891521464,2.266657245893156,1.7477629474802643,2.6972903515783844,0.8001323490937853,2.714176887551536,4.1103680939621485,3.3835926726367447,1.4953077687128993,0.000319947032226831,0.0001035868114239344,0.0003037141254804988,0.0,0.0
208300050903,2011-12,Eastern,3.6267388376541043,7.075324968921345,4.455039897888777,4.6746690095414705,1.1267689114299444,7.653803101082187,3.756838552888654,5.259398848296503,3.678218625832101,5.145971948702136,1.4422890384878226,6.892758641446898,8.476638691504721,6.558162898215913,3.2448069291339103,0.000537547763082209,0.00014102661175723958,0.0004817971736207477,0.0,0.0
208300050909,2011-12,Eastern,2.7661517403842883,5.045254574770835,3.272396671548843,3.6555731235245412,0.9313938819577452,5.754476195235309,3.82560951884998,3.7358692656276764,2.7648207163460174,3.8923670750394797,1.1483452940591303,4.992543030510013,6.382136642249116,5.203892962955217,2.337915684384372,0.00040673838401426296,9.69213664555372e-05,0.00039846861854366374,0.0,0.0
208300050912,2011-12,Eastern,3.5102113348287247,8.07598256258458,4.2937604338660496,4.81289661595855,0.9591017023995828,6.0399814571387545,3.3448410280759973,5.074059955323516,3.7376802677490013,5.237503255749612,1.5576157535700361,6.853141972018206,8.724968862998981,7.60398010977812,3.393430551865005,0.0003720688094957281,8.027511985695502e-05,0.00024048254364177922,0.0,0.0
2083000510,2011-12,Eastern,3.2626919986635414,5.985319155750666,4.349493030676074,4.537935165349471,1.0521928693853404,6.541431237868421,3.814375381483753,4.239616414842662,3.205933261704434,4.819080658435078,1.2966641471037226,5.3885948360981955,6.857975611987757,5.853132673793027,2.860997603251039,0.0012692415104712139,0.00035338510732377184,0.0010297311345088464,0.0,0.0
2083000701,2011-12,Eastern,2.213262116344002,3.4193531075227614,2.7409747366763484,2.638482323097,0.8384278972099892,4.97895872583657,2.5884541944350645,2.58823754603663,2.1535281653290053,3.0187422017077314,1.096169391680659,3.3632512248610764,4.016717489861501,3.3792003678707334,1.7025528418378688,0.0005561122656835575,0.00016683367970506726,0.0006195927054209392,0.0,0.0
2083000702,2011-12,Eastern,2.9177693655261523,5.387306435900709,3.57346380004705,4.04907628652537,1.1555580005871877,6.271626808581345,4.964762681827524,3.8189168520812697,3.035588826923513,4.121950485175686,1.5057050158271996,5.635024432455098,5.728516114784641,4.994837643159192,2.4119828810867103,0.000733240177868503,0.00018613019899738927,0.0007048339525257497,0.0,0.0
208300070203,2011-12,Eastern,1.1938833290745243,1.9888487814950795,1.5599917161667969,1.6584084625342406,0.42368182665207416,2.8472372366819676,1.568609810105009,1.5105910250727812,1.1983078190937264,1.8010065945032214,0.6319974589962193,1.7927144070168923,2.6969336931154637,2.2144979347160505,1.0320586744648397,0.00025549462140519834,6.893495926186215e-05,0.0002546642988138036,0.0,0.0
2083000703,2011-12,Eastern,2.8726216232110566,6.515430153203842,3.3985464871764224,3.6261043089479803,0.7877030113516852,4.0984006939261315,3.2542557960368814,4.00777862276824,2.9530247640868654,3.8664191148813774,1.3781064628420452,5.5800439820772185,6.271401700993508,6.430503838594217,2.8409509453781845,0.0005056533502057877,9.110871174879057e-05,0.0003113148550141971,0.0,0.0
2083000704,2011-12,Eastern,0.5630220996926179,0.965270342611897,0.6828520718629831,0.72766574343871,0.2194235861226737,1.4411756961038251,0.7328245785548296,0.6992629203370967,0.5633044504063465,0.8238129434943265,0.361961635673135,0.9115651346003484,1.282799953110845,0.900830049634822,0.4775134463425191,8.442141083101897e-05,2.2006940590416107e-05,9.932717397858988e-05,0.0,0.0
208300070403,2011-12,Eastern,1.4937620580274866,2.6911774557382953,1.7201395180201275,1.9586433350308516,0.49893476902031175,3.299032257980626,2.1559743531649347,1.8929537599426474,1.519312596504626,2.0510223026237435,0.6974571960919806,2.7592267396389514,3.229027833174014,2.5947676269918074,1.1897236311202748,0.0003107040971046963,7.031724302895759e-05,0.0003139348224230438,0.0,0.0
2083000705,2011-12,Eastern,2.316382945327247,4.79130563652174,2.9246120773880433,3.2374779139527052,0.6344428092542052,4.559875083265677,2.927522352166988,3.3884316848429887,2.354885406273332,3.489637964900333,1.2405508965656864,3.846855397104582,5.853469126815753,4.114938261395123,2.1960825375187305,0.00016891819156243014,3.8707005583534544e-05,0.00013394720501360446,0.0,0.0
2083000706,2011-12,Eastern,1.9191218161239643,3.130177663001393,2.2517992026368896,2.1108765497062216,0.5534321724521069,4.540743335873609,1.5015399467723334,2.395105544321754,1.7266844590528931,2.522294571446619,0.8065197639822609,2.679629424104262,3.928355562875395,3.390983837620629,1.4950662586085453,0.00013933401954375295,4.3255276320386594e-05,0.00014322057537482228,0.0,0.0
2083000708,2011-12,Eastern,2.1189044732605016,4.508464100049911,2.5025508406041985,2.890324163910888,0.643902481497568,3.7498105224810123,2.6781959483151416,2.990390967929393,2.143344791984463,3.0531429860498585,0.9843300003606433,4.159467624915668,5.145936918025946,4.2184972754777785,1.9395551712382937,0.000415690122701713,8.917369990271464e-05,0.00032483054604387886,0.0,0.0
2083000709,2011-12,Eastern,0.8066176953550408,1.3872162682620617,1.019281311568013,1.016147894528911,0.27963665218344635,1.8683424596338913,0.8470949837701942,1.0252235163104133,0.7869705553141371,1.1629930997366937,0.4313025163576595,1.287793497709307,1.7548154636853863,1.4014138005686705,0.6912403393279003,0.0001601705718403754,4.6675093109830755e-05,0.00015742950188650536,0.0,0.0
2083000710,2011-12,Eastern,1.4627002191511527,3.0152386141777985,1.7970790723606835,1.9540905004482538,0.41954536475143395,2.7079941063887234,1.532661014320812,1.9986571014158796,1.4497142532413232,2.138055502178526,0.7736970668202616,2.5818555365355906,3.654941981519112,3.301584525799578,1.3543824781666853,0.00013143882635966068,3.045114170897898e-05,0.00010263019116284548,0.0,0.0
2083000801,2011-12,Eastern,0.9486006084573128,1.667859774409458,1.1717349507821353,1.2174017398017387,0.3157992741862455,2.0872598201972865,1.160104781340799,1.201749189816473,0.9516260623938106,1.3423194818039785,0.5393469615604933,1.5434715665342846,2.0612699195622346,1.6274293591142392,0.8225435299787413,0.00014943627473828727,3.8983376018683634e-05,0.00014555939182636627,0.0,0.0
2083000802,2011-12,Eastern,2.83705583419071,5.7200275235163875,3.469390355376655,3.609628164312175,0.7644134175752121,5.618901832292481,2.9197365857122795,3.9268206943273474,2.8120342976306256,3.9605168271183864,1.318829916931117,4.950873752998213,6.4445147421628866,4.856765843758599,2.5002692354792506,0.0003950590194559786,9.449916744461947e-05,0.00031253453616415994,0.0,0.0
2083000803,2011-12,Eastern,1.7646965183939534,3.5170890426874766,2.145052947111935,2.4956166181638375,0.6401106834079219,3.741828853291913,2.0533342150795226,2.4008493077357684,1.8413457035180056,2.580191336084485,1.0119552218110408,3.2462824677524806,4.161722774025379,3.361761258058006,1.602958715207908,0.00028904414375902353,7.24933865376329e-05,0.0002521346560179483,0.0,0.0
2083000804,2011-12,Eastern,2.682485512214481,4.758051623970967,3.2000802131919395,3.41757341455703,0.8976635154932427,5.658893685248765,4.227395095628709,3.427417335214755,2.6805894963814922,3.5502403395899744,1.2776876957710466,4.800152262201747,5.344809613586901,4.254957928508173,2.186815416622771,0.00052992820088711,0.00014398049231649783,0.0004951372638096134,0.0,0.0
2083000805,2011-12,Eastern,1.632044814410744,2.6978780786670225,2.0031772927428197,2.07008703679829,0.5871813302434317,3.7648773321644615,2.232485117061977,2.0055233252814038,1.6172037112955384,2.278880469628404,0.7289305651978883,2.652203455278415,3.3534447455473875,2.686749489913641,1.2903937286908411,0.00041927638443905405,0.00011296038512799757,0.0004423043494352752,0.0,0.0
208300080502,2011-12,Eastern,1.4503398993926608,2.5569187936323132,1.7622069053806824,1.9093706910052661,0.540303886997788,3.1754329657129587,2.2701414900287875,1.876431936024569,1.4052713852046115,2.060564286757767,0.6315558809322332,2.575256097068051,3.127984516108934,2.248937365353988,1.196590018346892,0.0003997627529053491,0.00011791421120775363,0.0004019157695632859,0.0,0.0
2083000806,2011-12,Eastern,1.8907967276485953,3.7661659948810486,2.20758469108559,2.298564555647122,0.5395838723880798,3.695000388186294,1.9517589104453847,2.550143911596515,1.848627846744861,2.492284941549512,0.9120420300360228,3.4213135564452193,3.919634760182083,2.963815467226918,1.6356505311666825,0.00026408958561170335,6.36871991025008e-05,0.00021804653519595923,0.0,0.0
2083000807,2011-12,Eastern,1.2174282923066397,2.156522468787048,1.5539120542297775,1.6931308904582534,0.3822378422148212,2.8387607308616363,1.5695376991582723,1.5748958595241376,1.2028571276839028,1.8161129745987459,0.7270649664869181,1.769513922449999,2.8024460318511317,1.9189153607954346,1.063755948754262,0.0001446314353402643,4.064104348847049e-05,0.00013679223276839083,0.0,0.0
2083000808,2011-12,Eastern,1.8729133915799219,3.584121195226001,2.193182110890893,2.2107039991218334,0.5698968352606516,3.588140444840712,1.6644594786927867,2.3766265014996204,1.8218690778537199,2.504611746681641,0.9019579595346653,3.132333624755229,3.8677945288815665,3.261438062234195,1.6471208345116226,0.00020327672427191424,5.1169658178792207e-05,0.00016661646422405643,0.0,0.0
2083000809,2011-12,Eastern,1.5781172571151254,2.9248969688804802,1.8761299369228506,2.01337059207805,0.4695009928145934,3.2939425798059174,1.7693741787065391,2.0400799614596914,1.4879989145966652,2.232711652618651,0.7477122748688273,2.561938000744521,3.5954533241163302,2.6943204363431374,1.3360369530910121,0.00015096866685495547,4.0237516579110035e-05,0.000134638268190731,0.0,0.0
208300080903,2011-12,Northern,2.1301353783409946,4.531654801407374,2.3616815819750054,2.5276392262397973,0.6977890566989159,4.74592988910247,2.2299819707632396,3.2022379893566257,2.2758863600408765,2.939986266560005,1.3826053572030983,5.2528414455081895,5.531375335420645,6.187835667752303,1.7856701777292652,0.0007678137106606326,0.00018252306909523753,0.0006544361457145243,0.0,0.0
2083000810,2011-12,Eastern,1.2348664553361572,1.9113689264831306,1.5294266164843378,1.5187860112170064,0.5162480835895652,2.97184178246841,1.705391094691355,1.4608434894359252,1.1898956812075137,1.7344469996864929,0.612079002407652,1.903544077735691,2.448940473807134,1.8558292701515753,0.9650854865748346,0.0002979065699350641,0.0001011758162043614,0.00034661482881826177,0.0,0.0
2091000306,2011-12,Eastern,2.1491441589056235,5.250051343825693,2.6101416370504906,2.9921183988875053,0.5919542468906437,3.4775335555324536,2.1979837148488097,3.3578328233668664,2.288965726596197,3.259871632688673,1.0110184693032398,4.572668190716102,5.7279678768485285,5.003657948749556,2.204762270866536,0.00029983784602602534,6.189313335399606e-05,0.00019446705718663242,0.0,0.0
2091000308,2011-12,Eastern,8.207715846736761,16.928021731803998,10.128940801152234,10.710573213950637,2.4883275077265434,16.202137870914697,6.61314576416586,12.05901603802504,9.125428890031767,12.129081563129024,3.571813180437604,15.037977948068882,19.35167192555944,16.065238490951515,7.692829566835616,0.0015279186059718698,0.0003741841484012742,0.0012105080988618114,0.0,0.0
2091000312,2011-12,Eastern,1.5192352797517221,2.911681923815834,1.6871648397217751,1.770497497962155,0.517526900220912,3.0934423763980132,2.024243295034867,2.1713665864525598,1.4460596538790678,1.9651254178563922,0.5804169397313168,3.206939954550228,3.283864420432502,2.1859516601714524,1.2247057046658774,0.00019478899669954044,6.501206361926286e-05,0.00019979889097568307,0.0,0.0
2091000603,2011-12,Eastern,1.7771271523628003,3.660175081219293,2.215358520848126,2.423912409786353,0.5248972370238169,3.382250329856955,1.982900587613606,2.465952258956525,1.8566507361501412,2.6000842081428868,0.9133712511479652,3.256473122362595,4.109330633885635,3.232071104407481,1.6631959421088038,0.0003150284951651596,7.727114032352972e-05,0.0002401010981997636,0.0,0.0
2091000607,2011-12,Eastern,3.8959627477848966,8.52971545649965,4.79710800830119,5.4558318432176405,1.1901206876346075,6.960534107919713,5.051098065348656,5.763905484001412,4.1882327873315965,5.718719877766788,1.8041288774578734,7.619085662013531,9.347051148067711,7.528923116661333,3.7709906335401144,0.0005247374767841384,0.00012087011903811542,0.0003797527944014088,0.0,0.0
2091000609,2011-12,Eastern,4.701378045978339,10.051490372493449,5.249809890709554,5.2754848108872805,1.149118728558604,8.579561872800692,5.996343179378517,7.313596277272379,4.332549826516592,6.305229081111116,1.362419580017504,9.920151302305422,10.584648488567515,5.752274755447074,4.042793639058609,0.0006913519173425959,0.00019273299853975244,0.0005780400222787941,0.0,0.0
209100061003,2011-12,Eastern,2.8674397835942376,5.2329559338710645,3.316412953534168,3.804920431251084,1.0160010865100144,6.321738054319513,4.306704221165778,3.7885616673846743,2.871944814930488,3.91894577402625,1.2510205705033888,5.568500954753893,6.374240067275102,4.940901809993879,2.279044670199752,0.0005555827649900975,0.0001393297402826729,0.0005727439954451101,0.0,0.0
2091000611,2011-12,Eastern,4.216159116954916,8.498563942803726,4.942551422619297,5.6081255103482945,1.2954562723383793,8.154471217693747,4.782005422592545,5.869339523026048,4.532035220427699,5.9623882835663,1.771677297278006,8.395786008740046,9.748649335729565,8.005752581690516,3.4832214980968366,0.0008161069829413662,0.00019024115480727796,0.0007006426390957141,0.0,0.0
2093003301,2011-12,Eastern,1.2285521502570351,2.5371677256857548,1.445232995421356,1.4713328847530094,0.3585201374122005,2.260915707751711,1.1918629630135271,1.653930707952111,1.2500987983640295,1.633386912176991,0.6686796775982112,2.3033865551073505,2.588183805816478,2.1076140871439675,1.1136662183035624,0.0001744872767788369,3.769494158673243e-05,0.00013994090274084875,0.0,0.0
2093003303,2011-12,Eastern,2.381879137440199,4.4971677457463075,2.944609435183975,3.2143610023818385,0.7913820548519513,4.647569522665253,2.4457006537307953,2.990383888999277,2.326462025062971,3.4160088111467752,1.0904166962843092,4.029728025194595,5.2222722386063785,5.001720930846568,2.032457743879434,0.0004064930751364333,0.00010357220818544737,0.0003220526998437101,0.0,0.0
2093003305,2011-12,Eastern,2.963889542185603,4.652120378268198,3.678064940419249,3.4413113935129145,1.082978310942019,6.596982931921115,2.797293153668669,3.5441252932586567,2.81332963371922,3.942541179272316,1.3004423760747092,4.386614588886804,5.506140763132213,4.769156574226336,2.3639063682161194,0.0006331956271476294,0.00019712694052709216,0.0006562444152779223,0.0,0.0
2093003306,2011-12,Eastern,2.5472632631013243,4.512106751069236,3.13521579486258,3.086374357677112,0.8442487337478931,4.518256529804629,3.590090021443396,3.1645634922810006,2.475552413590404,3.3384816753389983,1.1165797470088823,4.347123493888043,4.711672124247032,4.2409378689475075,2.1673482273729574,0.0006040684603211043,0.0001544162141335299,0.0005080476804176961,0.0,0.0
209300330602,2011-12,Eastern,1.1501789013506534,1.9300514312591655,1.4584474399482108,1.6325075046323687,0.4916337559813625,2.937816509685438,2.0293764086837087,1.4612693898588387,1.1543673915357344,1.7167711890110027,0.6073054149884127,1.911489350110784,2.5749071149385294,1.890400232929409,0.9582509584861081,0.00023310727419034852,7.183251329669978e-05,0.0002601002851167509,0.0,0.0
209300330603,2011-12,Eastern,5.15284504175991,9.007077975852017,6.519014568559074,6.453380932355058,1.7214662424951468,10.657642418729251,4.843161097979344,6.6850802530875075,5.170369100086339,7.291889446875941,2.0448075845843317,8.155040501347008,10.549117242094084,9.214084126787293,4.395063191976866,0.001084792936795557,0.000317689360061556,0.0009732495732976602,0.0,0.0
2093003308,2011-12,Eastern,4.52274680250469,8.71833478235618,5.670879786274718,6.620377381581749,1.7579958605951729,8.789635690194487,6.067455585772032,6.122835392123532,4.772308551539234,6.8283753564498415,2.149181370745573,8.656864369786538,9.340962974914543,8.223227421280844,3.976038774962785,0.001351814316565142,0.0004646861713192676,0.0011498807017260402,0.0,0.0
2093003309,2011-12,Eastern,1.4505767917561443,3.1506465318138033,1.746984086670504,1.9049171594062093,0.3932950737647512,2.561602383775309,1.6079209990024035,1.920521151344024,1.4411786357982534,2.114384477231251,0.8016048117163609,2.4699191211641507,3.357742288183454,2.6110592454118264,1.370983618952327,0.0002528090941107137,4.995018391703618e-05,0.00017447039740211236,0.0,0.0
2093003310,2011-12,Eastern,1.6311331760105954,2.8154031796133725,1.9996633718023877,1.9824795774446284,0.49270892184908005,3.8418793049420428,1.7276711139789709,2.1412525683743953,1.5037023077223088,2.276430752325979,0.737299561747194,2.5228109290565333,3.6090916643286493,2.6521336310771644,1.3201297525829747,0.000203767748144313,6.0907685384447355e-05,0.00020013283748157118,0.0,0.0
2101000205,2011-12,Eastern,2.8280338405260177,6.722918714395206,3.2247998130072495,4.169704644742939,0.9329955001722562,5.576063279605854,4.418889306984488,4.136910256005139,3.4407289568540462,4.2312501068964234,2.033845918821899,6.4991245818491645,6.886789754199575,6.586296219376639,2.559749748987226,0.0007004254195044647,0.0001008612604086429,0.0005300237734789102,0.0,0.0
2101000206,2011-12,Eastern,3.476897953967424,8.33000556799701,3.9509341645266542,5.154895878548996,1.142696160226031,6.7814295596597605,5.41460400052565,5.1471599251281654,4.233768571994493,5.173062634613657,2.4101886421942726,8.098552940722294,8.464163871813433,8.190023411089836,3.1438333672385914,0.0008531868108239259,0.00012285890075864535,0.0006362596355452,0.0,0.0
2101000207,2011-12,Eastern,0.8370632032352375,1.3810407109513425,1.0449815470296628,0.977549427606769,0.2352909573280998,1.9703872400372646,0.7461526222080064,0.9827267291851326,0.7777592687252054,1.1699677548683625,0.48259778579811025,1.0893749368413008,1.7708253027243712,1.339781488867971,0.6737960016613059,0.0001356142292652827,3.413577346232287e-05,0.00012830026301045104,0.0,0.0
2101000211,2011-12,Eastern,2.1456687983940927,4.761537652646826,2.57983253528326,2.7140894555785784,0.5534552767160219,3.507374629675663,2.0515863672357413,2.9673579767617535,2.138745177286313,2.9773868185333656,1.0347459154872327,4.005597537215027,4.839656468111078,4.252950547067553,2.05070081774466,0.0004065867408794332,8.347145011432072e-05,0.0002613953129096373,0.0,0.0
2102100170601,2011-12,Central,1.2968519544677237,2.746291030436592,1.4084785361425398,1.5447703540079933,0.3334340738400084,2.415583019859901,1.303205375144391,1.6639912148790001,1.343459326558455,1.6564282228621214,0.6540123033442737,3.0112280210829843,2.9622912686163265,2.4084598150955943,1.108474917155162,0.00015776630128225622,3.535012559851384e-05,0.00014511307737710967,0.0,0.0
2102100250103,2011-12,Central,2.2420993821255157,4.559674633920084,2.3830362605242645,2.8547025841653975,0.6817199478346736,5.018489641878728,2.5170121897206816,2.9967149100276793,2.358715534174884,2.9121437552118676,0.9771820294858715,5.621131779989374,5.310514119727643,3.914544740605285,1.763714500336022,0.00028982162844713304,7.691420139558531e-05,0.00030753662049944617,0.0,0.0
2103000402,2011-12,Eastern,1.7386414184424097,3.142388522860652,2.1649957147594283,2.4741586119465584,0.6193032033150021,4.028707064429146,2.4346148851720053,2.330761468456059,1.7165027780583508,2.4916483846656985,0.7575444127007204,3.155058918428137,3.9733567738606066,3.116978170187528,1.3998346443179384,0.00027565859359889066,8.585616613132116e-05,0.0002715234114151432,0.0,0.0
2103000405,2011-12,Eastern,1.4962630621645625,2.9136776729778457,1.7830362692660418,1.9020073632539733,0.4157821121794212,2.930233395687649,1.5727333064396036,1.9471034610688362,1.437255084226098,2.121669297029527,0.6913557706670762,2.5895234795148325,3.3853570626588483,2.560288057780609,1.2858252765631002,0.0002339625954154787,5.804483598150786e-05,0.00018829409390940563,0.0,0.0
2103000406,2011-12,Eastern,1.5578897467552548,3.3782938117465826,1.90660570768614,1.924775217761643,0.42957988732499186,2.6397472768776566,1.4409002511639715,2.2456347055511845,1.6013236576866636,2.190983392750308,0.8023929531407283,2.9561340049734133,3.628537147249981,3.2131090452608637,1.5534193732554862,0.00020324703658493087,4.405643856609773e-05,0.0001460065816385789,0.0,0.0
2103000407,2011-12,Eastern,1.2596591754754287,2.258865903612243,1.4755345195090324,1.4756760245678227,0.38068704381411306,2.374898555077593,1.285641090605513,1.5311019254691847,1.198588285673946,1.6756668338152663,0.6173325584059103,2.0123648907488287,2.5993024122656876,2.3449947726697764,1.0763418637921212,0.00016359501682372302,3.7869216857343294e-05,0.0001432956624251152,0.0,0.0
2103000408,2011-12,Eastern,1.2260491185584663,2.078122485494915,1.5104258958228436,1.4452374251618088,0.3187391536768927,2.8223800583969267,1.1010474952664944,1.4895718571340972,1.1996856367550455,1.6480374758690388,0.594550769702973,1.7562153309566702,2.4605859109330077,1.9912755540076583,0.9434867701583136,0.00026613008533057247,6.666284948412724e-05,0.0002454319920189547,0.0,0.0
2103000409,2011-12,Eastern,0.8762446656018403,1.260375274838178,1.0911122287795563,0.9538535299238793,0.2798934756081377,2.080105092018952,0.8457889012335913,0.9412715548829067,0.8529712454890546,1.2085620557311496,0.46613364287197767,1.0397446267995274,1.651152702356542,1.3402802997251668,0.6584761688054658,0.00019147312515677335,4.840612714637529e-05,0.00021384389365310938,0.0,0.0
2103000410,2011-12,Eastern,2.1221628615598616,4.240006067410007,2.41695632294911,2.4283317179847157,0.605679991579503,3.9579795246646086,2.0319467900224004,2.8648721785354323,1.9654237730046857,2.7575487430912693,0.9229800271879125,3.8400513426683873,4.466473438339716,3.3675710012000906,1.8373035891630025,0.0002367452519335621,6.199955637931037e-05,0.00019445691615812684,0.0,0.0
2103000411,2011-12,Eastern,2.055322577598649,3.713062321942073,2.4441522412354337,2.5493198712954936,0.7077923058729585,4.375156660957408,1.9507410608639668,2.6674132651489115,2.0722299910874087,2.906869562536591,0.9700554637158535,3.460232312333735,4.579338728956825,3.601334030748961,1.7354954845620463,0.000317293349308296,9.292162372600098e-05,0.00030284574728614837,0.0,0.0
2103000602,2011-12,Eastern,1.192103002599656,2.2495182833377507,1.5703096577164546,1.8233466327372894,0.375928122542165,2.715566675885781,1.5389745857602999,1.57553741045323,1.2279996767947006,1.8775597010227407,0.6584774674223843,1.964173054679042,2.874057876509078,1.9820551509868236,1.0401459448221195,0.00022826542321180724,6.152756928591873e-05,0.00019946080180364837,0.0,0.0
2103000603,2011-12,Eastern,1.5197475482415066,2.8445006989264123,1.7487377567846425,1.9171523571578073,0.4774710258300765,3.3142322050175377,1.8192148857528723,2.035978358433415,1.5202326393831043,1.9769478621270378,0.7059380177088603,2.8851723939533898,3.126346582663402,2.396720377072669,1.2047041706921746,0.00018272632670363246,4.999116485288058e-05,0.00017815651142036925,0.0,0.0
2103000604,2011-12,Eastern,1.5418198275468116,2.9425479999804605,1.9273505755831741,2.02512661125741,0.46270004614171756,3.1912495417120827,1.5586853719052378,2.0580589795891537,1.5431095756713171,2.194465956556057,0.7819816147766087,2.7015245783039386,3.5092191425672516,2.8994444157538686,1.365312083244444,0.0002239422413294367,6.0008474847259236e-05,0.0001880949207515799,0.0,0.0
2103000606,2011-12,Eastern,2.9343594572674205,5.930933145444478,3.683370958652828,4.043021993631857,0.8318758108616633,5.986622788826723,3.2648893193454693,4.10076963864085,3.0212391133744014,4.417680616102578,1.3593426614571253,5.039869132432245,7.005064792785658,4.90852792659218,2.7181541351717597,0.0003670298476592199,9.0218845937575e-05,0.00028686474809253004,0.0,0.0
2103000607,2011-12,Eastern,1.7109949187041409,3.233800681244536,2.0152987069119233,2.1452791572596706,0.592681813034811,3.277128719349077,2.3460738250239697,2.490426547515274,1.6801032527677175,2.380944918138154,0.6302191276059739,3.3634502993573965,4.003554671939704,3.1576962046805415,1.4352620122992534,0.00021250390512721068,6.349202043434953e-05,0.0002072064767431042,0.0,0.0
2103000610,2011-12,Eastern,2.359131968298946,4.0973721348045755,2.9812268545654517,3.0566211545384863,0.7447166197255954,5.53932260634576,2.7249904592965644,3.183809154040096,2.323211919646068,3.390710406204887,0.9421953165374142,3.8418581321235155,5.196588021207528,3.8545877629897007,1.944266247007892,0.0004504671116468084,0.00013713924789484196,0.0004425022759853736,0.0,0.0
2103000703,2011-12,Eastern,2.644344983041267,5.767186009485899,3.309106332495671,3.863465547574446,0.8615067060733982,4.464540133515804,3.2600081378111683,3.6461495166884377,2.756674044474039,3.9711438034847992,1.299713561888997,5.064349868400087,6.242249574256502,6.157651764483164,2.5019873020576053,0.0005609999867680343,0.00011860904764754435,0.00038292163908538985,0.0,0.0
2103000704,2011-12,Eastern,1.1220291956506458,2.262915661022269,1.4085450262277028,1.5177385267165204,0.3271911740428793,2.2264449438012783,1.1042584795106782,1.519604595099833,1.134776121433041,1.6807874224001116,0.640213505428735,1.9680948904585884,2.8349037405286754,2.4149170457665257,1.0320344824842074,9.112392876981079e-05,2.2499300805219898e-05,7.674014081012333e-05,0.0,0.0
2103000705,2011-12,Eastern,1.8351307741004463,3.4793965324162017,2.22580962263967,2.419157930590992,0.5401055994843262,3.502056494490796,2.288698407878307,2.3974230324239114,1.803800077434593,2.5979728934056574,0.8719388161859953,3.090250958817645,4.170156466996451,3.523082078045402,1.6097244064524827,0.0002729780703251004,6.388302585615601e-05,0.00022397868326821108,0.0,0.0
2103000707,2011-12,Eastern,1.0442900852308428,1.7957061282896405,1.2718102988161617,1.3698248161803563,0.3557484740376103,2.4954118953854265,1.4042636695288866,1.3097654824084248,1.0503310525566183,1.4507968006651788,0.5860878033251141,1.6839853348266902,2.2130782526491024,1.6727748030395944,0.859333124766994,0.00013599384420327632,3.628232713667562e-05,0.0001415311555166573,0.0,0.0
2103000708,2011-12,Eastern,4.89892577809659,9.325074717183487,5.679722252823885,5.948605487256181,1.365452166416382,9.147806018600178,4.849919469611137,6.328944570025489,5.275117646161828,6.49848361948428,2.346434427670061,8.957468358498435,10.205545180505975,9.58767625393004,3.833299886580759,0.001045271428823947,0.00018814885718831045,0.0009045500789154511,0.0,0.0
2103000709,2011-12,Eastern,3.6534076397783806,5.915001096104011,4.515003783457811,4.542461530718287,1.4299718966189545,8.388068586477242,4.901431367676718,4.647818120667086,3.5391076730899296,5.006968091572128,1.4556667629149775,6.119176475789537,7.315739343050901,5.701330810466341,2.8496888664209057,0.0008288032614108385,0.00028148035293198287,0.0009238142122880396,0.0,0.0
210300070904,2011-12,Eastern,1.3382015115191117,2.7654128355021648,1.6481214889352649,1.7961787550027615,0.44436035581838557,2.6549556833480703,1.1723091844322,1.8279712162022477,1.4333911359365934,1.9419445550219663,0.8001102231837104,2.5318257410078195,3.08616020046733,2.7142922578536868,1.2774890745831053,0.00028150810191169976,6.381453757162325e-05,0.00022164293951847615,0.0,0.0
210300070905,2011-12,Eastern,1.7948181652328317,3.471377208148114,2.178646865732639,2.0713502499928906,0.4963912068858794,3.693885391816422,1.5762069436940314,2.473292322655997,1.7506343837908216,2.4842929633899944,0.8911952349451098,2.9941394713938436,3.9198876731670476,2.7941928445922306,1.6548911717913652,0.000165811882083651,4.223510204017526e-05,0.00014319448400499534,0.0,0.0
2103000710,2011-12,Eastern,2.481218262572146,3.8513603871469675,3.07144859094086,2.963983445211445,0.9351048263575319,5.554026713659873,2.894271755354008,2.9231949298204833,2.4159760709137763,3.375829676112413,1.201965991096164,3.804042557879614,4.507817739139108,3.8113215800190843,1.9085218415020997,0.000620517248104722,0.0001861551744314166,0.0006880264116298771,0.0,0.0
2103300030402,2011-12,Central,2.196223834053028,4.240177520207578,2.6589639877397095,2.819205400469896,0.5986809826118848,5.147812869537098,1.9540998226352242,2.8580772883066277,2.110507967298863,3.032458776881208,0.9888947976654273,4.257785343566026,5.4223215463665255,4.194429264231625,1.7799909969496233,0.00016463472611244695,4.830548187713532e-05,0.0001579574120629695,0.0,0.0
2103300030410,2011-12,Central,1.4898115754029257,3.273120871065665,1.6912208700255384,1.9312452929706194,0.4242151082681965,2.935659584928422,1.66207574742845,2.046325406988324,1.5914586132495903,2.0093649809271965,0.7811173123504603,3.582861143012364,3.6767343060486275,2.883908589440978,1.3177167332510265,0.00013778280508661795,3.460703945091282e-05,0.00013101318239505322,0.0,0.0
2103300051102,2011-12,Central,2.290642915720156,6.568403461260845,2.465176960559019,3.2941208055478595,0.555904349075299,3.154384938786821,2.399091844993554,3.2212866789541965,2.6699555218640625,3.1333768511971476,1.3136034528482572,6.54822190922766,6.1542400937977515,6.9781114775429005,2.2166172267907425,0.00044149813112592687,6.103660798975948e-05,0.00025974217527131594,0.0,0.0
2104300060303,2011-12,Central,1.9629547436076344,4.1150000259249015,2.0544790409322773,2.5553394668615215,0.5770460771156177,3.855871647388942,2.5624431027019523,2.597019647377184,2.100821344175127,2.574988883409322,0.8851102514626141,5.07784639069755,4.886827287436547,3.9457241090730726,1.5670722381828124,0.00021794234019231954,5.135936295515726e-05,0.00022459232316946257,0.0,0.0
2104300061103,2011-12,Central,1.8284358907808687,3.458918956877884,1.8774525887750997,2.3244731685791336,0.77330710434713,4.382520773304134,3.2041185005250106,2.3830909751142713,1.9244666503052599,2.369603470366347,0.9824995517399092,4.918347887497146,4.4391677155595275,2.652661810263987,1.3804760084175183,0.00024288621045988654,0.00010929879470694894,0.0003419382428429197,0.0,0.0
2104300080608,2011-12,Central,1.4278992629644083,2.858559972528536,1.523410776972099,1.8145615565060698,0.439133387829204,3.263822351080682,1.6087588018488501,1.839060990540247,1.4991267361173795,1.8674862983007874,0.6822172069173689,3.523674156425056,3.3918529971009614,2.500945865239403,1.1207733129068564,0.0001917095280071443,5.0876759355742144e-05,0.000211445967081359,0.0,0.0
210430008070202,2011-12,Central,1.3339339113982458,2.84923541386259,1.4194076833319866,1.7296034262378133,0.36458897494034564,2.7893724174314456,1.3960166295563998,1.6821340416320634,1.4790709501725787,1.7280127049106007,0.6972446513582369,3.383702616295057,3.0868882422346378,2.5129341130243805,1.0606024624460724,0.00022097241567945922,4.469105036213782e-05,0.00021252619712083562,0.0,0.0
2105300080810,2011-12,Central,1.5925544991883631,3.279696276670245,1.7174501791081789,2.1872466766920087,0.5184226758115192,3.5521092300762973,2.0468077556730475,2.0821267654157056,1.715943879601625,2.252746534924133,0.7922065949142657,4.03659645868464,4.175819635982707,2.989145601702323,1.2880127868607723,0.00020121660010616587,5.9133041663852826e-05,0.00022520340026809587,0.0,0.0
2105300080812,2011-12,Central,1.9388697557694605,4.23855632719911,2.2343530379687366,2.739420893426423,0.5353765732243815,4.0801067384500636,1.760925354331251,2.578246122386256,2.0315094714938264,2.8155268257228196,0.908459197899338,4.44483293755398,5.2754180483028446,4.502344781077522,1.6468960475766945,0.0001424214877527953,3.6559742732418585e-05,0.00012721456518340933,0.0,0.0
2105300120203,2011-12,Central,1.705223969132541,3.7247180625040475,1.8849443848453244,2.328389183258452,0.5671184423951064,3.6921220637359657,1.687731493576451,2.3435749232742595,1.8840032629843222,2.4198861738334307,0.8836217963323235,4.414925010944076,4.4771616627576165,3.1664046175238303,1.4745662802653174,0.00023598076029486542,8.010925810009906e-05,0.00023370130108947513,0.0,0.0
210530015130103,2011-12,Central,2.0479474978256826,4.238519837806312,2.099817605554503,2.6366770225409986,0.6295892441697665,4.200372138256157,3.0806718399435975,2.6533387065057616,2.2140305911254377,2.5930822038992143,0.9927776666704748,5.552190332455506,4.845895775204545,3.47808616741618,1.5310866482157226,0.00030094536595551096,7.63938236656297e-05,0.00032107770440276335,0.0,0.0
2105300190609,2011-12,Central,2.3080617276469426,5.25490169303778,2.461449152718452,3.316542371243627,0.7742509539635635,4.634631714733443,2.945182621973804,3.245412368051828,2.648461659284556,3.3282969532505287,1.1994626305705638,6.549273337417014,6.377678331853449,4.403333445256088,1.943791101179363,0.0003357052695734201,0.00011539868641586318,0.0003286320943085107,0.0,0.0
2105300300505,2011-12,Central,2.583071785996719,5.848157703674961,2.6894023798200126,3.436334936705036,0.74950268149665,4.5264698771907925,3.398786150268402,3.552813493498542,2.8439457891052586,3.3549084812950873,1.191415925775659,7.200696300349846,6.538619477776496,5.3476204361484125,2.10466244187425,0.0003208287404028827,7.38837970637344e-05,0.0002916410020446911,0.0,0.0
2105300330706,2011-12,Central,2.415209170668114,5.82831917949032,2.7059434354228493,3.4083675472009713,0.6741896206415583,4.774529802096147,2.4303242331373633,3.4632523141237264,2.739204393965785,3.4841646333359444,1.222394353363123,6.227311534016657,6.383749214513322,4.9775322495443755,2.1962672926199156,0.00029824572683880436,6.29112080050603e-05,0.0002491848232340676,0.0,0.0
210530033120204,2011-12,Central,2.98802533914533,7.422355219720584,3.363742801641015,4.514092704402209,0.7400477763518369,5.1162240787129125,3.19780549471233,4.148660855683716,3.150610292946503,4.350448775596959,1.3025261102734627,7.512897498214547,8.448931430520176,7.92907479182921,2.6162085310639642,0.00041882271534752753,8.603722447061612e-05,0.0002805825665028833,0.0,0.0
2107100010609,2011-12,Central,1.6265693452085637,3.3789466386637224,1.8678849032694937,2.2180143788303974,0.45908891741261715,3.4269441138248973,1.8229773055764162,2.1254100296973877,1.6684054525938607,2.2667110367130454,0.785804576291832,3.581348736631767,4.0729399123559595,3.118252445968482,1.3609752085744873,0.00012480550532414534,3.43158512824102e-05,0.00012066319478841452,0.0,0.0
2107300200304,2011-12,Central,1.2789488975858743,2.9290585620932426,1.3786124653284615,1.603921628310089,0.3319278054004558,2.508197457773829,1.1121104223328184,1.7381565399654855,1.320502231729501,1.6793948059525605,0.5929665033060445,3.2001169140754246,3.1493897791583723,2.392336099150472,1.058457721676159,0.00010665815365193632,2.591509132741204e-05,9.871987560404747e-05,0.0,0.0
2108300160809,2011-12,Central,2.4628521818130378,5.09670831045709,2.6715000545712786,3.4106387759021066,0.7583525247877718,5.295554529699453,3.5193813936197658,3.356350683059169,2.5835386377118703,3.349978563743319,1.0505604759895704,6.17078037398114,6.189759971028828,4.547105806488043,1.9724711233742271,0.0003213381094395882,8.567787895034892e-05,0.000326400870851415,0.0,0.0
210830020020505,2011-12,Central,2.351168744769539,5.3056596579566655,2.4506390295007754,3.1249783206868242,0.6834215025383689,4.138861072362439,3.096516553841682,3.2104586959695918,2.5881965897986747,3.059250482301234,1.1025818175999165,6.532632736551015,5.956761764882165,4.869230080782174,1.9160266738233949,0.00029423246418162414,6.775892847336159e-05,0.0002700670018524286,0.0,0.0
210830020090105,2011-12,Central,1.21070254971897,2.3230646695741073,1.3366465144129842,1.5083151748616355,0.3815076981021929,2.9090936872314668,1.3491341250577424,1.5321525660972934,1.274483759021432,1.6068616598573349,0.5971755162186136,2.71335208854769,2.955536944145508,2.1828312036904998,0.9330539061192978,0.0001003813493105128,2.8477752358743304e-05,0.0001227823353603583,0.0,0.0
2108300230402,2011-12,Central,5.081624971640153,12.079520915503712,5.177471229977322,6.713476130507751,1.338015033936856,8.405048766191868,6.5193963363679215,7.358934668729626,5.718142108395318,6.349919230836455,2.0120545797887988,14.741263916526421,12.357663111140118,10.391316217656511,4.020831374838667,0.0006242573168527903,0.00012536314969584724,0.0005082133443547996,0.0,0.0
2108300230403,2011-12,Central,5.429040675048535,10.62175163925097,5.470485037196587,7.057626703744675,2.2944447938764156,12.29825991945485,9.463357674781665,7.634949832982414,5.739881103563172,6.886578840897577,2.4097675342312326,15.150000354773601,13.015153964481003,7.957785236025937,4.086028989879703,0.0006674772528081689,0.000300364763763676,0.0008453285978493838,0.0,0.0
2108300330205,2011-12,Central,1.2538251418829551,2.43019685718934,1.4123329007880643,1.5955695377748749,0.3621077624738661,2.8661267605554728,1.4201803218936306,1.5721632623146917,1.2812736843060206,1.6913130090397324,0.6410519660614203,2.717536345227327,2.987583248640385,2.2999894512922126,1.011162054212938,0.00010717857351010007,2.852841441960017e-05,0.00011776290108299784,0.0,0.0
2109300040606,2011-12,Western,2.7340403958917503,5.789521138781817,3.764237874508637,4.326283477744553,1.0408709036613146,6.225530256982131,2.8762986028803716,3.8428446192994703,3.2864505863466684,4.3793714278998515,1.6049565761024127,5.527357185674215,7.304536848736924,6.12815673168457,2.5881145479198717,0.00028824918815963335,6.14781471621718e-05,0.00027653107380801894,0.0,0.0
210930004090707,2011-12,Central,1.9500054721876285,3.819688259658849,2.147253532151926,2.5188715322617212,0.5624913411346425,4.252255157535187,2.557567933428775,2.4883525037012277,2.0251086141153487,2.602805985035383,0.9050049414843694,4.356817240273926,4.591566765664349,3.6075781237539126,1.5491527506917635,0.00016471460502463596,4.2114529693798965e-05,0.00017365454613090965,0.0,0.0
2109300040911,2011-12,Central,2.6874021746080876,5.161648739444787,3.1871943988327947,3.650976737497237,0.8035347998573955,6.047905099377462,3.1773572281785314,3.644870461630659,2.790081736955424,3.8186961925264904,1.1707706109837746,5.677966492384682,6.810338718667963,5.154971145179567,2.307062972578757,0.00021535739551005752,6.609021868197873e-05,0.00021679892539200267,0.0,0.0
2110300050204,2011-12,Central,1.001611544947877,2.1841472297340356,1.1196802627585511,1.5108734189142539,0.29012201597992615,2.141544810402644,1.3075679803946276,1.3035930824342583,1.1217880140624301,1.446752095707399,0.5138689255405396,2.5379896178325723,2.618204323920023,1.9179510015733512,0.8098414044959532,9.912490863649999e-05,2.3686242703256686e-05,9.832680308180542e-05,0.0,0.0
2111000304,2011-12,Eastern,4.579286770783319,10.100072842328476,5.479074895341456,5.859688488775183,1.3074672827463714,7.030178681518043,5.006909640036764,6.322019909967477,4.738009691525623,6.386158094146618,2.2381621821457354,8.395719980976954,9.610985277261973,8.569633245857796,4.579283552794196,0.0010849586522843437,0.00025980184595363054,0.0006736717126984384,0.0,0.0
2111000305,2011-12,Eastern,2.5234626086930967,5.559799132836554,3.004126818217201,3.2538711169831225,0.7160977441255718,4.898145752607968,2.476210900927644,3.80990626072298,2.6698444729040887,3.5086324039365877,1.1503395012172946,5.3657638485296655,5.960619051951958,4.56010447521334,2.2413667650919695,0.0003637216329882459,8.220001454534952e-05,0.00029808356844555765,0.0,0.0
2111000307,2011-12,Eastern,1.6152030892103515,3.1950910815674063,1.9715903472053622,1.9995744438779621,0.4810175719015966,3.3374372676314383,1.4002735598073497,2.149254860831433,1.6158187926819711,2.2579476398006126,0.8444921183608314,2.8311036402503964,3.5312398633309727,2.7234330508147337,1.4586810339924645,0.00019904427116557356,5.202741345317962e-05,0.00016361555961968738,0.0,0.0
211100030706,2011-12,Northern,1.590866340695001,2.713881175299652,1.893112114883493,1.8452623299910913,0.513857344803437,3.9372250932545105,1.8095115061529141,2.0901101412092364,1.6402895950200662,2.361904603554901,0.9863172020496742,2.9911349012302697,4.149767132431992,4.595368900924609,1.2172458736517935,0.0007768782082437381,0.00022370690011106178,0.0007421781317084911,0.0,0.0
2111000308,2011-12,Eastern,2.0147090005016848,4.138680052591229,2.4025982939786212,2.5948639784709346,0.5724671786603868,3.5701380691918496,1.9012703632023595,2.590304702438547,2.0647161599874377,2.849983232292977,0.9520325053195167,3.5534928943278397,4.361283316613104,3.8181097795049204,1.8082361665704776,0.0003400302222184254,7.804308112362656e-05,0.00023903874151274588,0.0,0.0
2111000311,2011-12,Eastern,1.77268232219045,3.7065665031869677,2.0913158645393484,2.2634363943330325,0.48292906285263737,3.1257734508582593,1.5193748365904889,2.312780790029962,1.7566348663628275,2.5270124754902956,0.8928083054620762,2.9965944394738364,4.3116260969261555,4.319393670528485,1.5790290062459116,0.00018823933943255033,3.694932346283458e-05,0.00013771222774564668,0.0,0.0
2111300051016,2011-12,Central,2.094972702216112,3.844812825686568,2.368438976596911,2.6801044551347526,0.6683177952118654,5.332163566278872,2.341291358176747,2.724404329983362,2.134761710616409,2.8578023050006953,0.9194017303440967,4.503938721589329,5.213531866426887,3.8618509522739264,1.6279998529163322,0.00021412948546063547,6.633359060465338e-05,0.00025151786771709375,0.0,0.0
2112300060503,2011-12,Central,4.092173217800151,7.953382382453713,4.134062941121929,5.294648140735703,1.7283008883252715,9.395842610998528,7.136990854995589,5.646351713490334,4.321608392938534,5.214107012252192,1.906871777619411,11.360150888104588,9.846021927856487,6.000742265130673,3.0820415410978184,0.0005165185660903007,0.00023243335474063532,0.0006683445104862648,0.0,0.0
2113000401,2011-12,Eastern,2.5540090992099405,5.150950381822957,3.1719057153875228,3.663986353425755,0.9328838656798606,4.803066460266835,3.813137699018564,3.4285837701756514,2.6652316798586617,3.7240686906319316,1.3482420616882793,4.913363565917673,5.371139048733266,4.739113786332546,2.287519952199559,0.0007222761640232014,0.0001663333074825215,0.0005876168347594112,0.0,0.0
2113000402,2011-12,Eastern,2.9200154703857346,4.693393188093052,3.602861259753945,3.628105004509036,1.1599641388848727,6.765394331416513,3.9399568579856004,3.6607356564089923,2.824703274191474,4.019954408349906,1.2168675400328304,4.831377240589381,5.833733232032374,4.53838118660288,2.276973739391526,0.0006751187188440824,0.00022928560262629213,0.000757472294279462,0.0,0.0
2113000403,2011-12,Eastern,6.117240425891268,10.70070386348698,7.12143656953841,7.480844794533834,2.209031003541128,13.301961085232366,7.097494639484499,8.318366049117035,6.189377759601308,8.221030915610594,2.513600773004062,11.28831747728837,13.344166296543655,9.860582126982992,4.79764125679208,0.0009913376428091552,0.00029740129284274656,0.001086183763493817,0.0,0.0
2113000404,2011-12,Eastern,0.6799312064654439,1.2371977636243021,0.8566401063622037,0.8839483066763405,0.21865518985537716,1.6426685707936541,0.7782066271575907,0.9068356052045027,0.6654416664819393,0.9860021302637724,0.423043502996933,1.1297169320731644,1.5599863938084735,0.9894585751276833,0.5725082988772607,7.67801694358464e-05,2.470040662068682e-05,7.965700304689275e-05,0.0,0.0
2113000405,2011-12,Eastern,1.1319796017535089,2.1759670564911957,1.4297895020869882,1.6490403625566037,0.3564289634859228,2.4193509300167975,1.431476949019787,1.5653657243192562,1.1426063613885582,1.7798506347324878,0.600147157020221,1.868436757609914,2.9306049168703794,2.1074315098542793,0.9993370763038458,0.00015491882008331363,4.517461705384341e-05,0.00013840131516074203,0.0,0.0
2113000406,2011-12,Eastern,1.539549177870732,2.5930435634835574,1.8219129183525422,1.6877420002975383,0.4303064072896844,2.9402672381597466,1.270586434418317,1.7544866598299023,1.4007561954070593,2.0214283777792197,0.7286615171845675,2.1393991206065275,3.0998581216739693,2.8091959095952315,1.25369334389604,0.0001901992543056664,4.924336858050815e-05,0.0001631327781684626,0.0,0.0
2113000407,2011-12,Eastern,5.0769155947185,8.703229457633041,6.371051037948884,6.453750339286557,1.6486220043840483,9.981946733155771,5.306310033217045,6.344545870261887,4.991956789668525,7.103915437982042,2.052733794379997,8.118305341014942,10.297652715778927,9.534972471763401,4.060310582412379,0.0011333469275237255,0.00031571807266732354,0.0010234890651904145,0.0,0.0
2113000408,2011-12,Eastern,2.1685846285138495,3.9709358107115356,2.6941252666490243,2.8081407320668608,0.7517236598344145,4.455720525075612,2.4334476179277065,2.9434263901821622,2.1605922111075566,3.198417210811335,0.8764192746493652,3.6733698791268123,4.973648167780044,3.878576242921379,1.8923510725398967,0.0003459733944833203,0.00010737105346034078,0.0003131323910109163,0.0,0.0
2113000409,2011-12,Eastern,1.240291311507746,2.37766412194369,1.5217976143522651,1.5582186126768816,0.3972576005284387,2.549577476297832,1.2970632949421501,1.6632069851107654,1.236057506138084,1.7319882493783738,0.7026294016154551,2.1226727588975303,2.751074099073751,2.1502649340314086,1.1298862586739604,0.000145644060535596,3.8462339930175004e-05,0.00012987625497802856,0.0,0.0
2113000410,2011-12,Eastern,1.2699741925960983,2.1573010231186998,1.5666575276233017,1.4755372564911657,0.37358633329956115,3.0543748213817623,1.2434327730256867,1.6325416317709158,1.195406168743849,1.752521511232969,0.7056630239062416,1.8328227192698965,2.688811702498388,1.8276963364927619,1.0922781714113423,0.00012950121824572636,3.6032443602259184e-05,0.00013012142011164894,0.0,0.0
2113000602,2011-12,Eastern,2.8893555545393688,4.869597487031747,3.3478237459823266,3.1640445978212757,0.8972902475983077,5.894120545509891,2.366727927773554,3.5406809816433875,3.0952484182558995,3.9213583946148476,1.7152585611867563,4.5677827148626715,5.815108662077557,4.768728527333366,2.281391778628768,0.0005554597147400424,0.00011997929838384915,0.0005932709780514621,0.0,0.0
2113000604,2011-12,Eastern,1.9181273790919302,3.9376953137797672,2.288216496709447,2.4288889286262036,0.5208709559398712,3.7032945800810726,2.0234221723155663,2.619699508041676,1.8464648937800991,2.7444744784908077,0.895943752193117,3.3963411856512327,4.479516023561961,3.1813142336440134,1.711489482543857,0.00023814906887790858,5.7247372326420335e-05,0.0001856804516173536,0.0,0.0
2113000605,2011-12,Eastern,3.4772159220513204,5.464453019430726,4.305401295882565,4.173692196951351,1.2896552969798052,7.673147915191584,4.025622337322895,4.187024068585738,3.3936143356827593,4.6980467175101,1.5782653868051713,5.452013385316273,6.339062654562189,5.422163223777887,2.675228063908241,0.0008533345059356001,0.0002560003517806801,0.0009346150715623901,0.0,0.0
2113000606,2011-12,Eastern,3.19789367563046,6.54776006646116,3.9140657519657207,3.908880068620733,0.9885772545110194,6.209271181517992,3.0459463977536303,4.611691494479934,3.3136784986743164,4.353474373259333,1.5134562296627665,6.092334299822167,6.919822462271301,5.467694696395302,3.04830583485604,0.0004177173370974745,0.0001036070560517358,0.00033659271888651974,0.0,0.0
2113000607,2011-12,Eastern,1.4614878996684544,2.8126541020708635,1.8300635699540944,1.9413939255901762,0.43994965142104214,3.3248777998961123,1.5741347432882502,2.0077849286911675,1.4757555617828826,2.0552110649577973,0.7958783880437758,2.603446052461739,3.2300370333309667,2.273885995688859,1.2644827179961413,0.00020422948478541418,5.604901363175124e-05,0.00018550146640740052,0.0,0.0
2113000608,2011-12,Eastern,0.8727765742367866,1.6349834264146414,1.091282470463147,1.1808963194182365,0.28600674789086067,1.9726655602692702,0.9307008098093617,1.1273129737587801,0.8663702172118357,1.2928363762191353,0.5641828042641257,1.3759271788577803,2.039168645978408,1.5142814677861436,0.7834043494247613,0.0001345909989433498,3.364774973583745e-05,0.00012420320542896125,0.0,0.0
2113000609,2011-12,Eastern,1.444889921004641,2.450785705252511,1.715313597022354,1.8123806138441994,0.46248716584533384,3.3395751738205792,1.716666316371407,1.7513355082231952,1.4617675849367362,2.0172506896194093,0.7416754960360052,2.2795006342575754,3.093941267492069,2.575584849036738,1.1508689547040025,0.0002729170499404937,5.813133163732517e-05,0.0002878933736228573,0.0,0.0
2113000610,2011-12,Eastern,1.6226435313483083,3.22488678821533,2.014132127058428,2.1387175508233387,0.5138357595957156,3.0538669857628666,1.5451980499140259,2.120979527807998,1.6063109240773084,2.3700811705990343,0.807135570965205,2.71498262148619,3.6921093628339294,3.311136939599017,1.4976122416147577,0.0002333373462884984,5.711673182393984e-05,0.0001775885586633978,0.0,0.0
2113000701,2011-12,Eastern,1.8751426786760197,3.783115191195521,2.218762338244954,2.2985295498229474,0.49937381702064393,3.488271843323781,1.613016042834711,2.406749685222985,1.7545061722057862,2.5709263705912515,0.897327131178261,3.1739817552196263,4.223100485900107,3.721304331646822,1.6392287964450183,0.00020041757843048544,4.699056217437935e-05,0.00014798625046602204,0.0,0.0
2113000702,2011-12,Eastern,0.914050283566013,1.700508478514382,1.1463099954058307,1.1983567793241552,0.28228133002014766,1.9379848843494307,0.9315943308901359,1.1744842174533234,0.9129644649195563,1.314202449685145,0.525710928140805,1.5364495386552188,2.0754895891538245,1.7044063150340398,0.8037295793649452,0.00013662125609165517,3.6609588084440535e-05,0.00011982678188812898,0.0,0.0
2113000703,2011-12,Eastern,2.9879998755810684,6.426034904652951,3.5436377122468143,4.099531098794784,1.0816799908959667,6.401663194096102,2.9916704012569397,4.323097041697311,3.3730255308028982,4.311671259744913,1.7922351497015188,6.187277300336648,6.861753303034162,5.729909368199681,2.820789817765592,0.0006144886169895342,0.000129987976670863,0.0005049290666773345,0.0,0.0
2113000704,2011-12,Eastern,1.3744696896391972,2.7730228529396075,1.6245794473332238,1.8811323906418138,0.4368879805687084,2.8298374276131772,1.6593574475997774,1.8369309624139816,1.4987057256032106,2.032462536660626,0.7013163893079298,2.588222362501341,3.2201117148698755,2.457979635304183,1.178644671012971,0.0002229855368281012,4.817486038189201e-05,0.00019657344611064302,0.0,0.0
2113000705,2011-12,Eastern,2.544599398429507,4.76620102581589,2.9340842948691734,2.9474108985737892,0.8008028748984629,4.812660741986619,3.752927098102122,3.2127364788586785,2.5692769324330236,3.227213477437676,1.3938677505542583,4.55566185423233,4.670008592405397,3.984036031438027,2.1710617017092573,0.0004455131054456991,9.595666886522749e-05,0.0003832544312713202,0.0,0.0
2113000706,2011-12,Eastern,1.2653930895165821,2.5910979051337755,1.5935569958709344,1.8944935625484354,0.4198651635265145,2.499425572190627,1.7239053738553878,1.7210939455573824,1.3239252772078787,1.934751042987926,0.6429832203907971,2.411171949404516,3.0955972460268995,2.4846289753957413,1.1234614337867797,0.00024073948735405226,5.9261790982094155e-05,0.00019461835265404865,0.0,0.0
2113000707,2011-12,Eastern,0.8457737226931571,1.504149165309894,1.0013168809993804,0.959545682676283,0.21375679992387905,1.7596845633067335,0.8137931365766659,1.0975162584264002,0.8085120693128075,1.1429746504876017,0.4683713175950206,1.252123417520806,1.7746274126333612,1.3030094356848891,0.7153833737792848,8.912770267822312e-05,2.1051517349580313e-05,8.367098187485803e-05,0.0,0.0
2113000708,2011-12,Eastern,2.024348640221779,4.348308481200909,2.388144464052268,2.6706670014954517,0.6712708072462531,3.6694262278329477,1.9335365755949632,2.744168466011241,2.132699656851757,2.836936886422149,1.2019967114267418,3.8142255981036333,4.542338328510234,4.051957755208332,1.9250983013347098,0.00038647654996330414,7.697458256530539e-05,0.0002889607444883302,0.0,0.0
2113000709,2011-12,Eastern,3.67489562294691,8.072581130541733,4.382261272544646,4.956224233938271,1.1346008413193573,6.539779157783953,3.9608739955892647,5.473851138550435,3.8132400358647214,5.2035378600301785,1.5762269047705955,7.783627571019375,8.833869289574741,7.216909662723418,3.4165526047242594,0.0006897601229247542,0.00016374557540020426,0.0005232451955237033,0.0,0.0
211300070903,2011-12,Eastern,3.522936591835788,5.965103523789768,4.480737556667987,4.618620762551453,1.201861771243871,8.022053496179298,4.002798690152868,4.509835678516065,3.5280018806158924,4.900731437510032,1.4546797742714932,5.707666337505426,7.280553539010178,6.401471734942859,2.8325222713466784,0.0007882527876906742,0.00022362388868181084,0.0007684189119179035,0.0,0.0
211300070905,2011-12,Eastern,4.786963766848183,10.446180473963937,5.6254762398637554,5.87945274553706,1.273777839267323,6.988869292945926,5.567160654626294,6.601250190362744,4.831631002748708,6.2199323010999406,2.092944877471629,9.20730921680305,9.827009751710282,9.45914978598201,4.50011184859127,0.0009594080967145775,0.00018051580913793443,0.0006106347601766687,0.0,0.0
211300070906,2011-12,Eastern,2.307748787989358,4.496537167563057,2.713002125130991,2.967498500326185,0.6972050297672925,4.385129231017743,2.6977212941089914,3.153407232253248,2.3441097596592884,3.2336226617060855,1.02180609193307,4.221471016234659,5.333604491878345,4.421398701946681,1.9731059431915507,0.00038087047548095626,8.457877877300565e-05,0.00033535744229281744,0.0,0.0
2113000710,2011-12,Eastern,1.1540878211670207,2.3817272143389396,1.3532062501935123,1.577969991385989,0.32019639918474974,2.348823454048156,1.3311754992792717,1.528823353419324,1.1586488046719605,1.6566903207389663,0.6200252939285332,2.0813474081143117,2.7506184974603083,2.0169165462593788,0.9607103307868622,0.00013346921299129584,2.8430135239953287e-05,0.00011219388371671065,0.0,0.0
2113000901,2011-12,Eastern,2.089591155510607,4.019890925345804,2.5026617728379517,2.789313146264713,0.6313432558601763,4.276157742252008,2.2675528038297807,2.6918224073636288,2.249010821910105,3.0510038317419674,1.0543770456017714,3.6498056892823385,4.76066989827815,4.155901617866653,1.755731596137799,0.00043152288268953544,8.681225051754183e-05,0.00037830682290759105,0.0,0.0
2113000902,2011-12,Eastern,0.8542539359401351,1.6669049970580163,1.008692370101071,1.1407028389856113,0.26753520911343887,1.7190637455476405,0.962962669885121,1.104960929665939,0.8725759591866606,1.2187625768218115,0.4491013652210624,1.6102133375584886,1.9876107050023761,1.7188974696213721,0.7216598870926495,0.00014693830293855808,3.300700831148461e-05,0.00013008192665444905,0.0,0.0
2113000903,2011-12,Eastern,2.1501816827708455,4.321780347395948,2.652711080241017,2.832303479924816,0.624905701231088,4.177609439725627,2.4576105341286403,2.948112431010808,2.1567618832957898,3.021048923134592,1.063939691727579,3.8789910062774546,4.694410951878952,3.497827819747706,1.9565965829109306,0.0004868107160906935,0.0001222727149899927,0.00038067754216603906,0.0,0.0
2113000905,2011-12,Eastern,1.1949141285398508,2.4125618522461556,1.5091920509417385,1.649092504223938,0.37911976168169964,2.4230173438720493,1.3678047650065457,1.684899166437616,1.2416409081165853,1.7764193482844441,0.6212588469391426,2.2447780089442118,2.863095673762514,2.2205135071005695,1.0807509276053087,0.00017401046786198756,4.504839523330642e-05,0.00014767410336085718,0.0,0.0
211300090503,2011-12,Eastern,1.6217587121094212,3.012140719149315,1.8962227898379185,2.1924113444663464,0.5469287106453461,3.3917619651871926,2.1492818043812103,2.059329850102628,1.6079112135066116,2.2979737213237263,0.7669888211931751,2.9950229760022826,3.756609593934355,3.097577753803231,1.3116903024056772,0.0002994294409824391,7.283418834707977e-05,0.00028184085363797086,0.0,0.0
211300090504,2011-12,Eastern,1.3916539675825215,2.6184028727764703,1.6434767063002305,1.8441123614703894,0.4593426964010637,2.7994316517403415,1.8641408547802727,1.8432609618541544,1.3841266982140925,1.999564719136543,0.6782189171370107,2.4648983081790914,3.255893031345133,2.596694838188555,1.2118349356306062,0.00023573781218623864,5.399581172980885e-05,0.00022031747187119098,0.0,0.0
2113000906,2011-12,Eastern,2.8347074993368317,5.452802086249506,3.3017529001788963,3.201376605185331,0.6658440101122076,5.016727486272472,2.544342807481862,3.843355493308971,2.6804783953816473,3.7641904239829587,1.1312676762239564,4.446005113478637,6.104960617041692,5.1538190434392925,2.451930373968617,0.00027916803131047585,5.8931924229728586e-05,0.00021945813529735422,0.0,0.0
2113000907,2011-12,Eastern,1.5922950341871973,3.9649297257895784,1.880430263298823,2.2385516017111367,0.45145540034169507,2.5696093800602715,1.5168251614957364,2.33935836487388,1.6973234673761324,2.392258521900394,0.8586243277538009,3.267852294497518,4.333320704093128,4.556028496699729,1.5859472654619797,0.00010569126510746394,1.83020424670035e-05,7.321606464784492e-05,0.0,0.0
2113000908,2011-12,Eastern,1.7635004897518123,3.395982387978432,2.2322006025420302,2.4444229261168195,0.5810387355707426,3.7500228664003603,2.1056789812675913,2.367085324141128,1.7653453502420227,2.6722762419581594,0.8415524239768767,3.0472840194472948,4.145160431613219,3.042425720133244,1.576096188803747,0.0003497505551593713,9.263195396547706e-05,0.00029833616035506604,0.0,0.0
2113000909,2011-12,Eastern,3.178326822620922,5.999911040440032,3.9795779906568964,4.213421566227202,0.9377360027565682,6.5403227789328815,4.010184084677074,4.414751965184327,2.9912019862177583,4.67236948377342,1.2048153319814165,5.398359016162796,7.573626059481968,5.42863483190302,2.7172597183061735,0.0007029067895872469,0.00021247224626224961,0.0006045207011367094,0.0,0.0
2113000910,2011-12,Eastern,2.521317839084311,4.513468855263195,3.1234852692368906,3.226732213064973,0.91008620394362,5.7835770315030155,3.1419823700703886,3.4963852858030156,2.464208787680488,3.6222059100358277,0.9425107880887732,4.555953618351292,5.677852275658741,3.9203567083996016,2.0867099889892486,0.0005202825088558022,0.00018432866028034135,0.0005296905466491712,0.0,0.0
2113300120904,2011-12,Central,7.101553377890034,18.351154972083236,7.406768149914855,9.771499945915487,1.6228020562379966,10.683352850462212,6.9962870619173385,9.873766024542004,8.177407924319452,9.34249193694106,3.2322912087853064,19.5959042530594,17.97092219127764,18.278902567268126,5.700479623996775,0.0011524714650336875,0.000182749046598199,0.0007179628673871324,0.0,0.0
2113300210803,2011-12,Central,2.2954877751734033,4.590552878999815,2.3696559267107475,2.9553730173792774,0.7017756691649896,5.023740815388094,3.23920988934995,2.9769619724613205,2.4269576808479276,2.942088589491988,1.0108106757069486,5.898179411154174,5.417052504443484,4.001019509536002,1.725210326411213,0.00029938103482174736,7.507915013889133e-05,0.000333247512487172,0.0,0.0
2113300210804,2011-12,Central,3.621905278273245,8.285956818837514,3.7617196697401583,4.830897007124974,1.0446654284774939,6.248284240227836,4.752271099542854,5.109987952472249,3.989835993251784,4.676913868738408,1.5745840055482239,10.189404755530061,9.136933134419396,7.472988516315227,2.949874395088602,0.00043618576866824967,0.00010044941975555127,0.0003844546488452782,0.0,0.0
211530004040208,2011-12,Central,1.7673585576304953,3.501603098131628,1.935784506662287,2.2298639238903584,0.5831654104472177,4.070737692264674,1.6910221906376222,2.2901412898172913,1.8364732727459978,2.315993144408034,0.8760954738278263,4.015920176504498,4.147055120182515,3.2541381890061616,1.4554000542855414,0.0001440084048426029,4.1268080193701125e-05,0.00015963806660252927,0.0,0.0
2115300040703,2011-12,Central,1.6203381542947537,3.4540725989166967,1.757296160089039,2.1660850222363717,0.47536713628606525,3.488811548089149,1.7536111509681913,2.156322046709023,1.7559258308710013,2.21386246602892,0.7631652881857244,4.10997464259314,4.037576420062994,2.9828297984865326,1.3214191604443164,0.00021833753978413688,5.619710541034887e-05,0.0002162693080581328,0.0,0.0
2116300110803,2011-12,Central,2.1941476597302065,5.025464242727233,2.4448062520000513,3.0501765411209347,0.580172116312723,4.008874458434768,2.1587541419941267,2.9456674095651514,2.249067444534794,3.0295974576747775,1.0012769784196227,5.242492127486251,5.660567671415559,4.889847207350521,1.898862273495882,0.0002871719399536334,6.614832769202243e-05,0.00022296346183130436,0.0,0.0
2121000304,2011-12,Eastern,0.9228929622571177,1.7486859981820138,1.1493830442890725,1.320125994943811,0.3223899939702389,2.0153621031546396,1.1848859957123157,1.1991636850971052,0.9392962491379633,1.3870994901219722,0.46404618935628594,1.6571434002889287,2.1367448932829074,1.5851019594653546,0.7789626730444219,0.00015802245824642427,4.503640060023092e-05,0.0001442985513202507,0.0,0.0
2121000306,2011-12,Eastern,1.0786909764166006,1.8309017128963094,1.4155901733225542,1.4688692690436977,0.3875687921687301,2.8301376449486355,1.1899826497062715,1.4027343585329783,1.048379409738954,1.5903870500249637,0.5956632474877372,1.672718790021138,2.4309451906876345,1.8215004938907233,0.904278620388157,0.00015674305634517778,5.388757630553192e-05,0.00016309699810792666,0.0,0.0
2121000307,2011-12,Eastern,2.581774401152163,5.374468988179636,3.022875506002568,3.178468833217414,0.7785325178731552,4.349349256108406,3.409159241642814,3.42284522290305,2.636401552849948,3.416546725499468,1.4019677361112577,4.798755187494198,5.14715212205024,4.51373790278253,2.3824939201242095,0.000507541550802365,0.00010108711385275318,0.0003724035741065589,0.0,0.0
2121000309,2011-12,Eastern,1.325225534176025,2.3549770365761558,1.6240667018860449,1.7178313392720546,0.49853546741808674,2.9058664404032153,1.8420493381129688,1.749237227277967,1.2866685374272022,1.93501709978363,0.5743720512254451,2.28926905805058,2.986679365885666,2.0424790038984564,1.1022875994624897,0.0003090600801276378,0.00010409957788730315,0.00030862959661095,0.0,0.0
2123000802,2011-12,Eastern,1.8965650217936068,3.5107961586297813,2.328424382638715,2.4731150267019473,0.6767883850370221,4.351870823637593,2.3979777833778813,2.5421279336307716,1.9502403308394105,2.6399857226769523,1.0246264943492573,3.4057582267721087,4.047573361558139,3.016841947456358,1.662319399825726,0.0002927246633107387,8.322992292641154e-05,0.0002796512055243706,0.0,0.0
2123000803,2011-12,Eastern,1.634882541934616,3.765473306090239,2.013654051109028,2.2212750833856165,0.4840766993708018,2.8749483671500062,1.6737294912756657,2.3387203319486543,1.7845191189816314,2.459512478989941,0.9265845779751795,3.161185264448241,3.917080265236778,3.124765361755542,1.6555690952362938,0.0002509362710531781,5.312491077548137e-05,0.00017079036728544127,0.0,0.0
2123000804,2011-12,Eastern,3.3743803110977733,9.477570404439005,4.03694551361503,5.4774427527171765,1.031095635128601,5.448308266328659,3.9253026587891235,5.2390514999595075,4.1077810754533,5.451772559514974,2.067508875213889,7.8250634177814975,9.274767295981375,9.416474214886183,3.5430275690595043,0.0008954098678059156,0.00013674245718755498,0.0004895258786916654,0.0,0.0
2123000806,2011-12,Eastern,1.6484313964023614,2.9764864086664584,2.0587931758240137,2.278182122398942,0.5668841022662909,4.041625923121503,2.011836960186779,2.246665701351827,1.6248923283759755,2.418385493578812,0.850119830139674,2.755964970457254,3.9121150616605975,2.807866695325209,1.4163650153432616,0.00019790976834559732,5.9281021942528e-05,0.0001997727898504573,0.0,0.0
2123000807,2011-12,Eastern,2.38553127631361,4.660919801141798,2.8440794683087844,3.0375119233183554,0.7949369816128907,5.172174238105007,3.196638288501208,3.4582432123065865,2.350047999628598,3.266921681387397,1.018835464263274,4.753472482110255,5.351530993856524,3.478589472272749,2.0323551630854637,0.0003188252261298478,0.00010051255929333493,0.0003071202064692954,0.0,0.0
2123000808,2011-12,Eastern,3.8781365915448758,9.350487596900487,4.521865215839865,5.567510138557609,1.0258477687394132,5.817520258937378,4.227578984119475,5.385988598483322,4.259229112320697,5.437711791447891,1.8167353808908355,8.463761421450132,9.345407339445066,10.95376938376304,3.4065397337375636,0.0008473191772693727,0.00012673054168696544,0.0004993489512512882,0.0,0.0
2123000809,2011-12,Eastern,2.6405525920190134,4.545480132144972,3.0526844018236674,3.2622830925127446,1.0326536958448629,6.104560815161006,3.5478202788432363,3.516242764408194,2.5891512143997253,3.596881558350966,1.1112022142477942,4.89703802163378,5.876921322604527,4.123009822693085,2.0545792671941885,0.0004196814385921288,0.0001425333187671381,0.000483581271760524,0.0,0.0
212300080905,2011-12,Eastern,1.6939099513297666,2.9787553447135244,2.125152653613659,2.1653093642495342,0.5389791176057516,4.023011097039923,1.8783022790458046,2.215774639715854,1.6867292310929602,2.3724447353582914,0.849444612832715,2.7945994725382235,3.605011476426882,2.6390362818535102,1.4515145682892658,0.00030396724568566527,8.559832343129348e-05,0.00029383297889521196,0.0,0.0
2123000810,2011-12,Eastern,1.725332886336519,4.603587991409078,2.0910818003795386,2.700765347240388,0.4866030696957021,2.704846813120467,1.722333625884631,2.4545417459634167,1.9135611355581184,2.778233884584757,1.0061701127906912,3.5256341937309252,4.92867472335345,5.471499106249439,1.7559239759597662,0.0002781828803027923,4.491099634316197e-05,0.00015058086278421073,0.0,0.0
2123000902,2011-12,Eastern,1.3043083268948674,2.7304716422282684,1.6291173485817068,2.0840624692719043,0.45116188138808483,2.7427125516437982,1.8758872928769823,1.8485304091316614,1.4491051031197548,2.05460712865145,0.7102408652182565,2.6316265466590183,3.3972927394793917,2.6246811788650133,1.1682530618766522,0.00017383263940878437,4.388843866261387e-05,0.00015126737405382612,0.0,0.0
2123000904,2011-12,Eastern,2.4135506849988295,4.1256211884382,3.1167533853692677,3.3099452107849667,0.8097429095860735,5.3727547996062635,2.5246421254216522,3.0068833981347685,2.372771408031096,3.6166725261548227,1.0761724303716929,3.5474394001920038,5.415035159579406,4.730992155064625,2.031629630942618,0.00045002003141322947,0.0001365578026357386,0.0004024051549192708,0.0,0.0
2123000905,2011-12,Eastern,2.2251772081861723,4.785339201085539,2.6624218061461997,2.9258173811583643,0.6195362429766494,3.953353914498685,2.5197260454421926,3.009889132025847,2.243485965850477,3.217304910488053,1.0997332840804837,3.93797823367635,5.118202170453754,4.052780433131666,2.081830524051161,0.000357865849909226,7.286623994733753e-05,0.0002527809774957092,0.0,0.0
2123000906,2011-12,Eastern,1.9313264711144102,3.690874785607877,2.4278847416770932,2.8560600268613623,0.6550644908763547,4.211287720483761,2.7262880891062418,2.578815005563423,2.0138750244631765,2.9064088738286573,1.0044260660464661,3.3831036795583955,4.61532131950834,3.5758154508672253,1.6915870445159795,0.00024887158897077846,6.951240933321742e-05,0.00021824129612812228,0.0,0.0
2123000909,2011-12,Eastern,1.6716051644210699,3.5620823768010497,2.0123656434157784,2.275171205759537,0.47416547093393885,3.0423946916793008,1.8074173864654328,2.1834696735854964,1.6979763601160427,2.5017203901247687,0.8593538370993294,2.8892282395410276,3.986279554315549,3.240390348595784,1.5413148526107372,0.00022457645409485643,4.672063157185396e-05,0.00015982730873414684,0.0,0.0
2123000910,2011-12,Eastern,5.302644361880275,10.57134353635172,6.456362924397046,7.279776534914929,1.594859162207556,10.044768236426675,6.5891188555118765,7.317521694111481,5.388728169066002,7.419982741898606,2.1661087497432474,9.773864689955724,12.229553180169384,10.530454616965182,4.565794924190446,0.0006212426069624643,0.00015573616037552188,0.00047840921690900547,0.0,0.0
212300091004,2011-12,Central,1.8752134343419389,4.086644656172417,2.222423862121152,2.055803399196033,0.36242709800556305,3.7921964355792888,1.4368005677393443,2.5558566020563744,1.7444774820680735,2.4573325992827018,0.883959198994228,3.6391519897591738,4.509520346633895,2.7224818613618598,1.5722751227784793,0.0002823566859963154,6.539879124179364e-05,0.000216728763723167,0.0,0.0
212300091101,2011-12,Eastern,2.253373863888506,4.737077164613465,2.7408519756308536,3.2042470702942314,0.7776099633180995,4.341936385527395,2.540684756190028,3.2065264530391464,2.3706703179934947,3.308832624180405,1.2108534899856043,4.301471478264638,5.544348167983847,4.830646912392528,2.1370821505096766,0.0003027226468689364,7.122885808680857e-05,0.00024277979413083077,0.0,0.0
2123001103,2011-12,Eastern,1.3328317651366366,2.4561563058395515,1.5722022815161067,1.5500009554900478,0.4107722548927729,2.7059160185476276,1.2971070872481734,1.68082481058188,1.2852107156566932,1.8039912190716665,0.6957761481924402,2.0976131387828523,2.728190550831647,2.0518467538168945,1.1814336083983519,0.00016010273296175742,3.930579685122282e-05,0.00014291535321433175,0.0,0.0
2123001106,2011-12,Eastern,1.4810572995850628,3.2195917797509566,1.8473017538155772,2.1179566314002547,0.5123569708567354,3.212178389525555,1.3557552439088605,2.0998262008308948,1.6675112412155013,2.285362224772051,0.9412507028889044,2.9002353667649947,3.598932382809153,2.8259900080873352,1.4480604583910497,0.00028919033910972266,6.816629421872033e-05,0.0002289040448758942,0.0,0.0
212300110703,2011-12,Eastern,1.6535866126475591,2.986916129715954,2.0758494365720876,2.2801811672815444,0.555350376736783,3.8232062239226443,2.236400497902398,2.164645152018283,1.739092440250862,2.4234752982578085,0.8920964228679756,2.721638989330719,3.7580723539631395,2.8027283441262028,1.402214277626915,0.0002219551463272098,6.0384855986079134e-05,0.00021416292369236023,0.0,0.0
2123001108,2011-12,Eastern,3.1624950355159474,6.405815112407091,3.836334005542316,4.028355930784334,0.8400150092924792,6.477377951260716,2.9639380561109654,4.429231810198408,3.298891469830188,4.391201278570515,1.3782770523677015,5.929413039659903,6.991673353819725,5.557461569570635,2.732521457741621,0.0007062051004354683,0.00015055757425464614,0.000585490958112988,0.0,0.0
2123001109,2011-12,Eastern,1.6315989881857358,3.0520088692018774,2.0128852610383827,2.1410918745556713,0.6114687165501599,3.6834392968325913,1.9279366576533528,2.226213972960868,1.6259017302647973,2.350397063793037,0.7342948923635799,3.0299401857706836,3.623098153217604,2.5912958407239017,1.403330317238704,0.00029005249084272536,9.364551847207989e-05,0.00027989409334679176,0.0,0.0
2123001110,2011-12,Eastern,2.65871386836927,5.0038348081621615,3.551318823371633,3.9449124142539134,0.7745924761555559,5.655331697007911,3.014854735643338,3.6175431006496006,2.7238772960661137,4.120848629929808,1.1915888506691046,4.254400386692323,6.529513288885658,5.3739872242290785,2.3511340201122417,0.0005070174538735015,0.0001343034460572121,0.0004112046837502683,0.0,0.0
212300111005,2011-12,Central,1.7892784080966695,4.471568655005121,2.0251895830871436,2.479192185702159,0.43380904142204724,3.2723840182743253,1.6863684670186652,2.6342444646668564,1.917406893536941,2.5832094976585536,0.8130188134874827,4.682281154948383,5.111436526257868,3.924516380664044,1.5903809614419853,9.489309484549229e-05,2.141000843246325e-05,7.944720693843861e-05,0.0,0.0
2123001301,2011-12,Eastern,3.2212441953858173,4.869981048664487,3.675638571442996,3.0354068823786853,0.9852862499301717,5.687961823471189,4.4227722987355085,3.5463094654498772,2.784940799035165,3.502776276890831,1.6832489888547655,4.69395800933375,4.589918103419903,3.79387588155508,2.5765905824276203,0.0006021809074795601,0.00020646202542156348,0.0005758237715581996,0.0,0.0
2123001302,2011-12,Eastern,2.2744418795701677,4.139532933777072,3.0639198188925247,3.4956139901860572,0.8790376646908413,5.38194489680045,3.2120475251576965,3.1548660852930075,2.395440810815132,3.517553892048887,1.1511826928873008,3.92079136007482,5.511224407927672,4.427848315642232,2.043667304454686,0.0003844297255331374,0.00011826967720115922,0.0003649109799638386,0.0,0.0
2123001303,2011-12,Eastern,2.0867131033717894,4.086437307504066,2.3205016102212888,2.328986369900903,0.5678866521442654,4.01333198644094,1.960425317315325,2.779424299526311,1.9901028808394892,2.610989490692221,0.8699952094358065,3.8599900640071865,4.232998074888785,3.2705429502826076,1.6763862604033402,0.00022818810003158934,5.537587380926386e-05,0.00019836673805976253,0.0,0.0
212300130804,2011-12,Eastern,1.8813580418369773,3.8927873103076944,2.219677607653538,2.53358625503757,0.5412954332092649,3.568599804642677,1.7878244170954305,2.5295032974414373,1.8528412956592553,2.6503905661738987,0.9030836267718917,3.4401655335468893,4.511327351967538,4.278701470982449,1.6392588742905052,0.00017928876789074572,4.000999344801151e-05,0.0001390626795461372,0.0,0.0
2123001309,2011-12,Eastern,2.025292915222873,3.8846524660506754,2.4055076905712998,2.4506714070731084,0.5538835004056886,3.783834069485879,1.8389480715731001,2.6748528551110047,1.897338017882507,2.8273317129168056,0.9005359538209995,3.311635082210362,4.7910560018389035,4.576290190129615,1.7946911313250773,0.0001230050438419849,2.8254363703020037e-05,0.0001021234614604402,0.0,0.0
2123001310,2011-12,Eastern,4.929566235485715,9.4611457463691,6.186075038481724,6.653980224710579,1.5221621236075806,10.868960035430323,4.806679421886879,7.102414498451828,5.059056871586116,7.329521323087471,1.9070877062068106,8.628624643158702,11.849153315831641,8.840624773962277,4.365266017938646,0.0006341421562003019,0.00019495162326751855,0.0005585737523592001,0.0,0.0
2143000202,2011-12,Eastern,0.9675141538250372,1.7928031389926165,1.2061402799453782,1.2210902932965202,0.287551944596756,2.060033813981764,0.9454424961600879,1.2847446494815604,0.9535229978007818,1.408545752466197,0.5681067866582844,1.5489465047874083,2.2899374403695494,1.8125383040762408,0.8700950917393644,6.993109895885971e-05,1.8078778424023393e-05,6.750089063179833e-05,0.0,0.0
2143000203,2011-12,Eastern,0.7147659734441908,1.0987964295531722,0.9146857774417324,0.9286439587870918,0.23872686865729353,1.811468345523428,0.8130728476012449,0.8214962843511192,0.6589347708881136,1.0653901549331803,0.4401193955295698,0.8765549891408253,1.6154700898842336,1.3209749762411969,0.5860910877499711,9.285613949126483e-05,2.5166124168939388e-05,9.707395391460481e-05,0.0,0.0
2143000204,2011-12,Eastern,1.85672460541813,3.512787845500553,2.239214407253296,2.085733070569491,0.5493801112934604,3.8515781193714,1.7044808361288086,2.480132758388761,1.8288441011131824,2.447171842304549,0.9085003547029666,3.2028645827480506,3.691428146870829,2.5469003210012238,1.6615051023330636,0.00022808568134664292,6.353815408942197e-05,0.00019852467423083124,0.0,0.0
2143000205,2011-12,Eastern,1.438862064564833,2.598918311027088,1.6826561646169544,1.7256069265515699,0.4660621997569055,3.102072320606205,1.5393261253424217,1.82678041130095,1.4186859322136973,1.8693794368989771,0.723131982039142,2.4809358222633033,2.8592149584345377,2.300940835936538,1.1871594162831305,0.00017937820920339032,4.670602428314691e-05,0.00017099713565161124,0.0,0.0
2143000206,2011-12,Eastern,1.311259857361499,2.4270797203858034,1.5944361320347198,1.7116861292532675,0.4150763850305627,2.5922582621039005,1.7841144970729215,1.6929612826031972,1.3100197308254193,1.8485703067236965,0.6941925080509497,2.2008117384702777,2.8842910204617085,2.3284136079095457,1.1555182184218873,0.0002230298638730796,5.309683999882963e-05,0.00019719837381418636,0.0,0.0
2143000207,2011-12,Eastern,1.3424845251211606,2.4182570054219137,1.5867973346731807,1.5697076541086212,0.36256685341438044,2.8711360899139513,1.4179489942022423,1.7299399504125048,1.2230086018591912,1.8653103309394774,0.689237168367802,1.9610975610103882,2.9171057703485967,1.8909835124463672,1.1499256915170633,0.00012849629877119826,3.342504968035843e-05,0.00011670186724289531,0.0,0.0
2143000208,2011-12,Eastern,2.698483419289582,5.2631628749877635,3.344370852884447,3.8597978825811596,0.9608535687898418,5.260239668106716,3.6991206740389906,3.5067692899020475,2.7947728820642954,3.943183647021382,1.340759679939201,5.07179719647417,5.778475306577834,5.353279486586781,2.2937089255012792,0.0006261356362978415,0.0001514225977577433,0.0005142101698121823,0.0,0.0
214300020802,2011-12,Eastern,2.6910784793959084,5.396203988429027,3.3245537987880227,3.984997131321537,1.0585696500071486,6.462977814885456,3.3513445701162676,3.883366949710127,2.9625636873573358,4.031444606844721,1.4960933393026556,5.393866033500297,6.536293250099223,5.0352364560395735,2.442029078040815,0.0004680792611691293,0.00012585149946528476,0.00043699975828464176,0.0,0.0
214300020804,2011-12,Eastern,1.7850303049185892,3.2130708117437425,2.069865491318562,2.3675335067537002,0.6499570474256339,4.018230253220406,2.7147776274337287,2.293382567268894,1.789462535043382,2.467723159509038,0.8573438626742836,3.3885543971562093,3.964624736331269,3.0435727186924604,1.4223014838447543,0.00035929400918060394,9.010420073982333e-05,0.00037859451492522827,0.0,0.0
214300020806,2011-12,Central,0.8666059828994868,1.6338351875790402,0.9586785776730962,1.1324386971889577,0.26754742901461726,2.0464106395619654,1.054257774459268,1.0856834584518547,0.8905126213585283,1.1977493151683687,0.4495696583514282,1.9383221522345557,2.184943051576474,1.7161916300738698,0.6972107374610454,8.606379389902317e-05,2.3220857228698407e-05,0.00010210946283800522,0.0,0.0
214300020807,2011-12,Eastern,1.8865879338645506,3.846914451961937,2.1917214044153583,2.5986327490503927,0.6652852949199606,3.392325179574548,2.692971133411285,2.561425522781675,1.974146827350695,2.6538379861540813,0.9644447945394048,3.931550907354413,4.455439925373289,3.822420637526545,1.6329671785641897,0.00036670039650431004,8.444760168460252e-05,0.00031266025117941324,0.0,0.0
214300020808,2011-12,Eastern,1.3910978618291712,3.2511718840571326,1.661822429117979,2.0586492910286807,0.46491379861764126,2.3624425598290806,1.651245262737949,2.007869390892416,1.5171797731981596,2.1702838261134896,0.7550424550990251,2.919040038689074,3.831857321908338,3.6113151883667456,1.3563496279045244,0.00015953588744330483,3.3391232255575435e-05,0.00011797915678444573,0.0,0.0
2143000210,2011-12,Eastern,1.5401902033059598,2.964505696059571,1.8539030098152673,1.9090585356714196,0.46278294560965827,3.0625871784114964,1.6351134191916026,1.983437707843569,1.5511832992040682,2.04345321283124,0.7142809376400006,2.850433723243792,3.059278922016858,2.547259065202071,1.2748357808427158,0.00032552796683696573,7.688000918915573e-05,0.00027090678542313935,0.0,0.0
2143000301,2011-12,Eastern,1.4255853655272979,2.649859180671684,1.8921368461589163,2.1197874223961297,0.4672018931686623,3.2104321994480403,1.6162543036704584,1.8401227501874529,1.5318460156306244,2.2467135393456332,0.7476676110348632,2.314024171247791,3.273841920394724,2.603664854779668,1.246476345903365,0.00039070175822189816,0.00010412899538324695,0.0003359740303719166,0.0,0.0
2143000308,2011-12,Eastern,0.9803549836514305,1.9539894906368043,1.1865771137027055,1.2608432966621954,0.3075739053731751,1.9233911751930959,1.14626551886402,1.3286132253971858,0.9762837083663972,1.4048696806425578,0.5501689348691438,1.7198000990640845,2.261999687777948,1.6495274398997883,0.889295745321976,0.00011455026369211062,2.9989761278583768e-05,0.00010024748276140319,0.0,0.0
2143000309,2011-12,Eastern,1.236461909045474,2.275694300317394,1.6024744328252165,1.8792919761442841,0.44980503034188724,2.8409655763684336,1.9275810689806014,1.6647759492523082,1.3121182009006713,1.9080983743108781,0.7340253989164521,2.08122339168028,3.041031421057242,2.318322381328952,1.1027597556740503,0.00013787048752417468,4.06594102429078e-05,0.00013417991213040387,0.0,0.0
2143000310,2011-12,Eastern,0.9207782034880977,1.7861877309588685,1.093833122143919,1.1713902791463087,0.28846970456041576,1.8545985881578566,1.0315398564990794,1.22616927711023,0.8992916199906852,1.3426893249723233,0.4755404469934953,1.633353538735957,2.200047649932455,1.593028153663287,0.8056187846713528,7.981801075579304e-05,2.098308530178065e-05,7.462751032508108e-05,0.0,0.0
2151000101,2011-12,Eastern,3.723058763405841,7.828945065248415,4.526769880503264,5.078009518006862,1.0132404697009607,7.210660044413636,3.6498929807750837,5.232371492893785,3.8298359952120604,5.320248879940288,1.5405448798047114,7.065205429742275,8.622744424928113,6.8875131222393335,3.2728747441733654,0.00038868523231906193,9.384352355648583e-05,0.0002902889909286725,0.0,0.0
2151000104,2011-12,Eastern,1.4550412721442918,2.8048597468319607,1.8538606425259085,1.8883826750931967,0.4690817577973258,3.272215942015528,1.4577996151504662,2.0367334614417594,1.49532296074639,2.0871501497012157,0.8215902879055956,2.607589300894333,3.3351104422763496,2.461771074968953,1.337947658155158,0.00017736526504107111,5.029888274437286e-05,0.00016211533308117592,0.0,0.0
2151000105,2011-12,Eastern,2.7262752283927063,4.188643242194019,3.30066703511713,3.4329954224412655,1.3091896500405515,6.171288300258739,4.855014810322068,3.2469863792190536,2.5287477555661337,3.567591581914692,1.4011795004348135,4.7740077297136825,4.424856214016839,3.6438719584498656,2.041435010170519,0.0007444347559625655,0.0003349956401831545,0.0008952134084829878,0.0,0.0
2151000106,2011-12,Eastern,1.664309847501892,3.1000776629016085,2.166068830012369,2.6101018118869934,0.6145011760185347,3.82427365990195,2.50898985656853,2.2498196649897126,1.7068043989661164,2.631889887484219,0.7791960409350105,2.9262559632872005,4.143468910095613,2.9906357187231336,1.4333532326042895,0.0002696906988212289,8.705615757949268e-05,0.000250745011318801,0.0,0.0
2151000109,2011-12,Eastern,1.728162119091438,3.3694102380464597,2.1413466804280112,2.322060217125099,0.5358867738645832,3.724196810816684,2.1111937001298107,2.3970405367918186,1.7666473176812996,2.567298221897749,0.8691838508838498,3.026721188028297,4.019782204011308,2.574060626332574,1.558196929029054,0.00023400587595933842,6.334774452745404e-05,0.00020634866515712496,0.0,0.0
2151000110,2011-12,Eastern,3.8386758022047225,6.823930713449216,4.59124227332678,5.608133790631941,1.8577702864475512,9.831871294578377,7.445266897385649,5.440399614008122,3.92056295244041,5.579437176005527,1.7566439109061989,7.774926087866201,9.343469472944765,6.283996697315088,3.160007356448127,0.0006761197061376234,0.00029700972805331315,0.00078858555827524,0.0,0.0
2153000202,2011-12,Eastern,1.8539393042773031,3.5417522091837528,2.2762489087671325,2.573256590595528,0.5671165663270317,3.9660764029783317,1.953676242016286,2.4100232334761094,1.893633537722347,2.7805866508495756,0.9084561296673066,3.141595834866713,4.389044705933373,3.716304877435461,1.622964334024053,0.00033294227256213966,7.468292260682858e-05,0.0002836731912730325,0.0,0.0
2153000203,2011-12,Eastern,1.4564286187277449,2.4636503634344997,1.811719052802367,1.7853379796626199,0.44399036251576524,3.506833935893332,1.4936251832428862,1.8586036478649977,1.3855833803789306,2.0418795531692195,0.7676249851696509,2.147843291066233,3.18290303068542,2.345536043086679,1.2366946492197912,0.0001447956388961737,3.993557137297694e-05,0.000144759507849548,0.0,0.0
2153000204,2011-12,Eastern,1.5543614746472996,2.918854484021775,1.929148243131523,2.024763957107169,0.5245485789172273,3.5697610831169104,1.417893052667344,2.101347046002032,1.6061942555540054,2.30083331436618,0.8086735540838332,2.6908687459316134,3.6240828233252995,2.6805363760095324,1.370338776529649,0.0002792124408221517,8.321981190738158e-05,0.0002608188910723185,0.0,0.0
2153000206,2011-12,Eastern,1.5123584819558342,2.9408610398606982,1.7855877445701647,1.9090172582798575,0.4366490987721412,3.001194049257331,1.6004467221880125,1.9262400722904525,1.5002824523610778,2.0703815003983617,0.7486543691246925,2.685755404753575,3.2883281976417806,2.756633529054555,1.2746981332246614,0.00020825717750607716,4.520704584888016e-05,0.00017272968051438274,0.0,0.0
2153000207,2011-12,Eastern,1.982144986613322,2.9908413177604176,2.445332159189094,2.120521934946002,0.684693732877028,4.304670162002044,2.024096941554059,2.2699354369486557,1.8122070635272018,2.525988263156421,0.8774381113038965,2.724510687312788,3.448809578836568,2.802549128178857,1.583415810697544,0.0003958628831395698,0.00012584894643093787,0.0004046328071957661,0.0,0.0
2153000209,2011-12,Eastern,1.6868803831100774,3.3819542533903486,2.1536240091716987,2.5362273848841332,0.5839693231719892,3.3764131456062456,2.3094292447020344,2.3206751472650176,1.735578658870766,2.63071894846005,0.8250469777104731,3.080076887954185,4.237100779018554,3.4047465348950303,1.5329947381660423,0.0002846351534621352,7.696491341243693e-05,0.0002323400861236786,0.0,0.0
2153000211,2011-12,Eastern,1.7515432262539787,3.4377574001853737,2.1056905640795054,2.443957808636257,0.662235929542782,3.65073438403322,2.7514572344584094,2.3926147437730534,1.8324186204062334,2.526746712335417,0.7701213580267826,3.6124717108127733,3.9018393309395507,2.8784282333611966,1.4709241483436948,0.0004072090922394341,0.00011198250036584438,0.000378362865528654,0.0,0.0
2153000401,2011-12,Eastern,1.7034843509706625,2.8561841094688645,2.1700409258764632,2.2959018270948452,0.5915092528855327,3.9249482324201326,1.9232597824825992,2.117077963180187,1.6388907725784834,2.5338757434452535,0.7612595273292574,2.532457178653932,3.854407772920311,3.1682533635230623,1.4022208047977585,0.00030119534614126163,9.751572097840849e-05,0.00028680672523402715,0.0,0.0
2153000402,2011-12,Eastern,7.082626479762104,12.635392814164932,7.9880847719412955,9.529995220347375,3.4156899835611805,16.156193836048875,13.049377399714356,10.049433953639193,7.076067563270378,9.48727684187078,3.1413001303107415,15.194585981473052,16.06600962047739,10.44691867133691,5.604598091177885,0.0012954780990767397,0.0005829651445845329,0.0015325991561651534,0.0,0.0
2153000404,2011-12,Eastern,1.9489545879415355,3.9582600957240306,2.327697188383008,2.6894274140089474,0.5971292759041689,3.818637503766065,1.8843880635697037,2.52175982506185,1.9696023284042048,2.897018281468558,0.9725505676395185,3.369721744055567,4.7573757027854535,4.3953930721074155,1.7269630201683976,0.00023077464745891653,5.0083008597467e-05,0.00018025892890580268,0.0,0.0
2153000405,2011-12,Eastern,5.2577276268964965,8.949317945627024,6.1553734990994355,5.7915407521732325,1.7165834936110398,10.720923181717989,3.820965358185923,6.656099568228866,5.211228299849413,6.72851903679028,2.3969614736781475,8.33656537542656,10.300770711401011,8.819009183750145,4.335030831272396,0.0008193144529326616,0.00021428224153623455,0.0007947259023599568,0.0,0.0
2153000406,2011-12,Eastern,3.6097952951521832,7.255881212906645,4.363884408826481,4.681326255115072,1.0759331819639795,7.419885174006258,3.819673112351997,5.115310045832959,3.756011199451765,4.948916568372679,1.5531668403239045,6.927301799583888,7.800436016769867,5.930693890242003,3.155397261072213,0.00047923205952059934,0.00012146053922332431,0.00039988611933581343,0.0,0.0
215300040603,2011-12,Central,3.076296553595771,6.239086166501083,3.2247667255067696,3.3730076774509814,0.8004063436549655,5.812878048977334,2.532683928826656,3.9685445517659814,3.040150321930573,3.6620738046932955,1.2425080083603957,6.760303864916838,6.452322818476857,5.343974289664522,2.4770558976241355,0.00020907272561772883,5.416884254641156e-05,0.00019459079099259536,0.0,0.0
2153000408,2011-12,Eastern,1.561444405729712,2.6526359141163214,1.9293802428779965,1.9307603840020173,0.4974445875534738,3.228611798517463,1.5232788616438315,1.8299997764550482,1.5155634390861477,2.152388047110142,0.7287662675433012,2.379123419911706,3.132817028098407,2.9320919734408446,1.2460272395732306,0.0003560203346256329,8.920736793744551e-05,0.0003170573651138498,0.0,0.0
2153000409,2011-12,Eastern,4.80305460073189,8.977241384925225,5.896064967690333,6.687091380877167,1.8519263377145112,10.127770980431675,8.076855473240817,6.47827114893643,5.013147529316719,6.713151139726669,2.248861759755671,9.461855133245903,9.465270252403428,8.346442234543506,3.9659166394762053,0.0011572383321435337,0.000293760499697974,0.0010930254082948056,0.0,0.0
2153000410,2011-12,Eastern,4.714960680208834,8.925446624777475,5.583401580838198,5.513159615681686,1.425258892168552,8.501417759936894,3.60471629530845,6.2189911376424325,4.702298689470051,6.2898767104977225,2.170483022384965,7.780005229874551,9.918659135670513,8.717517205045654,4.198964326661731,0.0008359173055070238,0.0001977065826302919,0.0006866858253234245,0.0,0.0
2153000411,2011-12,Eastern,1.6718537755936473,3.3620601761532334,1.994065450366197,2.241499395680793,0.5260246402672183,3.2786484960406366,2.448685534792017,2.231534836562046,1.7470166354317984,2.3071677580963126,0.8965466475693213,3.198898488230621,3.590986335593556,2.8269601561599895,1.446532447589318,0.0003166597522162448,6.972324819440253e-05,0.0002635975639828007,0.0,0.0
2153000601,2011-12,Eastern,4.856112049448655,8.35971788384276,5.593621489950541,5.391587583206752,1.4938697833822983,9.6416678056228,3.9484853020925166,6.14478074258515,5.2155928780505345,6.511557404584914,2.632289984692867,7.9630271529352346,9.788505948617996,8.235531047007694,3.8350458995414467,0.0009122783251537685,0.000197052118233214,0.0009462483976415092,0.0,0.0
2153000603,2011-12,Eastern,2.584256011654873,5.678390086974261,3.0445643539819693,3.2745950012143266,0.6865206650334982,3.8780037240951266,2.7828140060494753,3.435301765561522,2.590778094528766,3.4887841597449807,1.223058280025052,4.832231648955177,5.6146001681286055,5.595448953833,2.398688770039529,0.0004893431580615143,9.256862411401051e-05,0.00030506247199241584,0.0,0.0
2153000604,2011-12,Eastern,5.172306438030998,8.22119961720342,6.425762325279198,6.227930704172134,1.8792808758301331,11.23636269659502,5.937846498269006,6.386472151108064,5.063424260113276,6.937195034488448,2.1755457797851494,8.264791031685979,9.472191566630451,8.162587387194776,3.984501731579028,0.0012295567027315458,0.00036886701081946375,0.001331420921877706,0.0,0.0
2153000605,2011-12,Eastern,1.856554836107891,3.6682806374250823,2.1670900397410633,2.4406715515380237,0.6613181140382088,3.771700555171769,2.2680852591992244,2.6201858712307717,1.8763974388174622,2.583481606098279,0.8249107423361555,3.86066483487416,4.338318539767143,3.3388200365745986,1.5838802517165766,0.0003027888826984842,8.761804282810468e-05,0.0002838689877254185,0.0,0.0
2153000607,2011-12,Eastern,2.6309816748579036,4.634931379211256,3.2825378809118986,3.514777719958063,0.978902257066495,6.5293856849855,2.6747174421486744,3.5273773421120276,2.7487173116489645,3.8540680795479005,1.3628495595221162,4.4198494069033245,6.046216463097857,4.686009596496418,2.257063630471132,0.0004742624459000067,0.00014362098597537937,0.0004865795443559594,0.0,0.0
215300060703,2011-12,Eastern,2.3790330511333737,4.574204299495684,2.7815352736290206,3.20944354350363,0.8220374000580047,4.677630970224601,3.326315011525828,3.225044263025531,2.4193801985869396,3.3369645688049494,1.0718733411276673,4.649252155018562,5.546751660801616,4.647134924650237,2.018148463920996,0.0003949568899830619,9.307385727059859e-05,0.0003687909806811313,0.0,0.0
215300060705,2011-12,Eastern,1.512324349786071,3.2235198093449804,1.8442861253073402,2.0487730404271796,0.40788213853240396,2.777317404910045,1.5129033712910214,2.027794287221328,1.5016068701644196,2.2416993254296647,0.8023463940202479,2.5877163775439214,3.7016740614928465,3.000763873004281,1.4030866344116846,0.00014596442258564443,3.3183590870139076e-05,0.00010587278695392522,0.0,0.0
2153000608,2011-12,Eastern,1.1259567238715331,2.036097724372832,1.3502597165738217,1.3553365275913158,0.32189389625694237,2.558596593575557,1.1635792014565356,1.4780176619793755,1.0033020641989945,1.5627446428106346,0.5379100191040088,1.8375674039892853,2.569499315770239,1.8620882283982267,0.8877982343672238,0.00013370553162360524,4.053199124817374e-05,0.00012694122056790147,0.0,0.0
2153000609,2011-12,Eastern,1.6791435215287878,3.4603253902784075,2.015797622256117,2.1707892372372743,0.46911563928386,2.973120762530873,1.9747203353228278,2.1963498281218685,1.6977022275289082,2.3827730938135665,0.860065272858794,2.9144355160821327,3.6406478087302183,2.8586413510611206,1.5437365470683448,0.0003995834607398985,8.173298060588834e-05,0.0002915112345549274,0.0,0.0
2153000610,2011-12,Eastern,1.6989734171661799,2.833545591779412,2.1918410980757206,2.3043140282631094,0.5465642365214489,3.845023110179863,1.8610132208223078,2.0469699326376825,1.696334786314805,2.576477183737142,0.8174059565640437,2.3581969402210525,3.8312332326020893,3.2640176975974433,1.3848714082383347,0.0003506243170645849,9.660057715044686e-05,0.0003234788589500622,0.0,0.0
2153000701,2011-12,Eastern,1.6306325255550973,3.108007257666505,1.976532012278214,2.0819957854024826,0.43122131173877165,3.0748776887322076,1.3354672636297713,1.9719872286648379,1.672239480057085,2.4558168670069533,0.832037696407172,2.391179711007282,3.9606765268167075,3.775474722669974,1.366009282142747,0.0002460528031571349,5.12097396570787e-05,0.00018947460317980457,0.0,0.0
2153000702,2011-12,Eastern,3.39707281859726,7.064288010906957,4.099016471843726,4.511626015688475,0.9049760050110426,6.169703467508758,3.2450325134779874,4.7415608462135275,3.3898804963365805,4.841422002903482,1.463858596781443,6.031658903006274,8.19941005690508,7.426477771179943,3.0315809125585216,0.00048229906854029545,0.000105763679822634,0.0003514882792385019,0.0,0.0
2153000703,2011-12,Eastern,3.1347002656502325,6.340299061460425,3.6178002152404884,4.324297887097976,1.010654947907116,5.822355819351457,4.044219769515525,4.199883139269987,3.199571006658484,4.362535673860271,1.3968184992576516,6.469336913971228,7.367059546094156,6.251262114040448,2.5390842151438155,0.0006281278045055698,0.00015190437721206127,0.000515882871625795,0.0,0.0
2153000704,2011-12,Eastern,1.8767499858371086,3.4816645252627856,2.228353558429698,2.2789239614752246,0.5347900625062466,3.6160151379354053,2.3501933910624317,2.390522553183094,1.8089691559797576,2.557506887451689,0.8909113388090933,3.03667645622724,3.9019500441928163,2.9189012499904505,1.638927176329142,0.0003965226153058796,8.528559044288474e-05,0.00033734934254621684,0.0,0.0
2153000705,2011-12,Eastern,1.554399972166749,2.8300110554894755,1.8301484861294273,2.052750857636011,0.5228436441106357,3.3617278321511717,2.1705132534288625,2.009946796001364,1.5323535660743832,2.2022895492868555,0.7429557830779423,2.7329018800892135,3.516753472224203,2.6420271382197633,1.29939033278242,0.0003143354151394066,7.490273639778121e-05,0.00031009495919584744,0.0,0.0
2153000706,2011-12,Eastern,2.4499742624330385,3.8171349574811084,3.031225049107152,2.7682839330484157,0.8759155504533899,5.529020067932935,2.09300903825082,2.900883862961879,2.273126405299582,3.2287248796628076,1.064123517969525,3.470316914220152,4.580336864421868,4.03989558448089,1.9758737563492397,0.0004551585111094385,0.00014469964606912,0.00046164021655795644,0.0,0.0
2153000707,2011-12,Eastern,4.530171604201715,7.176177870869432,5.619603273577803,5.450634166164789,1.657686408878971,9.89133191607677,5.214976243391468,5.5475061683134355,4.430113928737127,6.090109684842924,1.9544017559380082,7.199715612978967,8.283197656495805,7.125707703733131,3.487860540345461,0.0010896695930456164,0.000326900877913685,0.0011840596215017456,0.0,0.0
2153000709,2011-12,Eastern,2.285899801859747,4.746255694490992,2.77659935348748,2.9255217515301495,0.5887770157151018,4.206444480198618,2.301153159425803,3.0880406011540997,2.2680843334198966,3.2715026626307315,1.0539274466580015,3.971619032514431,5.131135101473115,3.8519943723186403,2.10400074944689,0.0004527265471055138,9.9179784804043e-05,0.0003232720196323115,0.0,0.0
2153000710,2011-12,Eastern,1.7113807462052117,3.283197120100406,2.047059712418337,2.0859561491036964,0.501147235943819,3.7056725874328182,1.9688043995777704,2.4085668170899566,1.6448677718325317,2.397670411857173,0.7989908828299431,3.0200187926681914,3.8240099526609113,2.331011184830399,1.4862289371475896,0.00019792451802147845,5.7220173159534574e-05,0.00018361343289597228,0.0,0.0
2163000302,2011-12,Eastern,1.0863871135235394,1.9183121938326675,1.334857125060229,1.301852654832334,0.3224524189996374,2.4280093522246404,1.1347931939024622,1.3741266077904501,1.0573608124049743,1.5095199728290458,0.598788063600233,1.690682173636529,2.2676133509558904,1.590667246612006,0.9459816444648518,0.00021407177612511267,5.2924242591945444e-05,0.00019961821411408701,0.0,0.0
2163000307,2011-12,Eastern,1.272704435678368,2.4745882691006322,1.6715004727422706,1.8172004094313514,0.4099389240293479,2.5215369563865258,1.756766848475148,1.742058988626694,1.3142820954184387,1.9555701434399997,0.720217152410394,2.0942755669802118,3.0660329886436988,2.3359448709227872,1.2006348365185173,0.00019354879760005435,5.065889890236164e-05,0.0001576221157650425,0.0,0.0
2163000308,2011-12,Eastern,1.478104577212749,2.7860760727871567,1.8350712979995984,1.9765254409142967,0.47413328445625763,3.331352123870692,1.538500474661342,2.040436670868108,1.5189639533616588,2.1389085140985986,0.7371339911511309,2.6784211974186274,3.501055377266024,2.789033062221125,1.2582330058257918,0.00022642172611324067,6.250183064584248e-05,0.0002143577544452565,0.0,0.0
2163000310,2011-12,Eastern,1.2086133789047706,2.2851988125890914,1.4964699344545722,1.765856499658208,0.37719590670482367,2.5528717560321583,1.6284190031730812,1.6118493379282484,1.1841195749950808,1.838534766767193,0.6283314246526875,2.027238191261739,3.072053426682573,2.4646357788662585,1.0491339106183566,0.00018020010452872795,4.67185456185591e-05,0.00015846686151021108,0.0,0.0
2173000907,2011-12,Eastern,1.1688393648553692,2.1919200011223006,1.4007616239891716,1.4515156742592672,0.3361273533027729,2.2278404264955447,1.1699459181734735,1.450210683243231,1.1255085743728692,1.6331046314614137,0.5937198622619588,1.920345762024361,2.608040475372666,2.366638108718246,1.012115390841247,0.00015865394562096394,3.5963534315199854e-05,0.00013035093083307265,0.0,0.0
2173000908,2011-12,Eastern,1.9946095905321417,4.418815444395924,2.4050169268488677,2.6532593645482905,0.5328425761630007,3.832037731534225,2.0048651870205108,2.947865640334871,2.0320828651064553,2.8664272808858704,0.8488166626784487,4.288792804565187,4.744848851154055,3.431754226039453,1.7326199558453623,0.00028846206482773115,7.165111085877407e-05,0.00022338443690985958,0.0,0.0
217300090803,2011-12,Northern,4.7612292839849015,11.213193454749568,4.949910778506904,5.671827637141168,1.3390684337546537,8.283754079845863,6.1877858394656515,6.923394140801396,5.593418437630924,6.08301452487768,3.4892505135462075,13.341987131243704,11.588389514640168,15.969301506770723,3.7062211838618926,0.0032170342247764636,0.00046325292836781073,0.0022376948238842006,0.0,0.0
2173000909,2011-12,Eastern,2.0804133644133747,3.5279945798155525,2.6239003123058673,2.6080073085432702,0.7333249871043225,4.448655015024366,1.9935294876848666,2.5426943294018716,2.0734716973977663,2.9870138360902,0.9918192426840264,3.120949582827835,4.211488265309484,3.6215069671460807,1.7637372891929044,0.0004683820301996984,0.0001371690231299117,0.0004334498490286015,0.0,0.0
2173000912,2011-12,Eastern,1.417376074967436,2.7148233670720106,1.661478467901185,1.7262000585705952,0.3732364019375375,2.732520914212797,1.3541801721947122,1.797338498124653,1.3696561123457334,1.9353398119109713,0.6765409128033906,2.3631189236489654,3.2014100820137474,2.862254858306361,1.1731714422137607,0.0001326250164856061,2.7960716693287172e-05,0.00011093018048714304,0.0,0.0
2183003702,2011-12,Eastern,2.327155200540577,4.512787215489052,2.8231422679930414,2.8436357904289977,0.6710048803867786,4.620036256779201,2.0862931859104985,3.0692182674161,2.3060671714645538,3.130840813291031,1.0880926366856185,4.167509705715453,4.827325665453407,3.9485483069495655,2.0399472569985737,0.00043715093803856997,0.00011155864847347921,0.00034737453734838536,0.0,0.0
2183003703,2011-12,Eastern,2.049693093421629,4.610435991825044,2.503149690402173,2.8802600326151984,0.5674417195982088,3.4386340447855535,1.789235041249328,2.7255202843486783,2.2364148626144824,3.2069217610981706,1.1598516792787001,3.5308848143369813,5.261652994204732,5.102689071358914,1.9377978729262784,0.00045140532062188705,8.744937023117739e-05,0.00028994887198081123,0.0,0.0
2183003704,2011-12,Eastern,2.56835138203149,4.52957430593133,3.2768627247055537,3.2539675308472247,0.8670923275965623,5.384274711973368,2.511725915692206,3.290571801105132,2.544065818240108,3.67181247744509,1.2239402683714427,4.042745490143807,5.290539284008129,4.328978251982088,2.2392448008312416,0.0007152220826419021,0.00020180301527918617,0.0006456313112017753,0.0,0.0
2183003705,2011-12,Eastern,1.5914499547507024,2.909521353462524,1.9434078145662446,1.9232460795897504,0.5244625729368675,3.6498804420545126,1.64529099080251,2.0958249127503303,1.5943778779066073,2.1802103046525327,0.857209887170631,2.71659608457142,3.318732015900455,2.4072758898998687,1.4082040584721534,0.00023997737877527907,6.221152699772179e-05,0.00023023017993404102,0.0,0.0
2183003706,2011-12,Eastern,1.3363242828555675,2.0771264290789957,1.7185125624499125,1.7907884474704467,0.554777571719683,3.423675269919092,1.893293920759718,1.5989663082934444,1.3319584082971925,1.9741381824413504,0.723007109228481,1.9831658860752441,2.7666086536733316,2.1825579951318854,1.0674554747996212,0.00033012279561788464,0.00011024855627238789,0.00037602973892210477,0.0,0.0
2183003708,2011-12,Eastern,2.424748212452207,4.992351226162769,2.809049736066085,3.3444896659018957,0.8433075577666193,4.308326769536847,3.4377849663246645,3.3432624326849782,2.5355290162771795,3.3877652778586125,1.1812718046237056,5.1324881072747495,5.726031545340909,4.942731876799876,2.095015920244042,0.00046363687526568487,0.00010677114762342535,0.00038904443166051827,0.0,0.0
2183003709,2011-12,Eastern,2.448671561080762,4.208372721234456,3.2338367865861986,3.381449195027916,0.7988068889344917,5.709309860892093,2.3014306700814697,3.112248335815509,2.306447116619114,3.69158186579745,1.0834684675438213,3.6342948912435182,5.688623089347883,4.999317621483514,2.119265824282705,0.0004111560412727995,0.00013842253389517581,0.0003580708318529627,0.0,0.0
2183003710,2011-12,Eastern,4.9743981787536,9.153522743385963,5.8883586927810505,6.153474830234097,1.3870907203605403,9.658676251177878,4.570522247527498,6.557066470928511,4.856377944183274,6.9284518352415,1.845807112804797,8.286414999508208,11.715000528068988,10.440565902126327,3.9231769984776617,0.0006259549675041888,0.0001564887418760472,0.0005407916672504507,0.0,0.0
2193000301,2011-12,Eastern,1.8998309452749016,3.9648700078770625,2.284043012040433,2.4706185055177854,0.6327616252234879,3.7723479151728503,1.662329970602144,2.6138852067467306,1.9733318412161147,2.6769897702161747,1.0870730722516295,3.5265446770546403,4.257044358987165,3.519924400427645,1.8060966051105607,0.0003351124439628955,7.677415315870194e-05,0.00026522238187663103,0.0,0.0
2193000302,2011-12,Eastern,1.6245844382030707,2.7749643306280194,2.033741793581163,2.1007096088468455,0.5162992274331772,3.18902275866291,1.6345020047860825,1.87019682354966,1.5546277933472346,2.378345070719985,0.7884722206697111,2.3614427332183965,3.492335078496019,3.345143056696257,1.3111895972989838,0.0003527911222596366,9.328036452966663e-05,0.000298234740623863,0.0,0.0
2193000303,2011-12,Eastern,1.652126623096729,3.425220709256179,1.9826741240481005,2.1014662193829747,0.48359431868687414,2.9507318333282857,1.602608511123314,2.1789972516587306,1.6549217965370218,2.3234658521322635,0.8578754743996215,2.9701851057176207,3.8076363954762678,3.5262571472400253,1.5148861407967138,0.0001910121133319186,4.2176032323288595e-05,0.00014215245657133425,0.0,0.0
2193000304,2011-12,Eastern,1.157817529022294,2.2193890212077347,1.4470041390758248,1.643013074728141,0.38174607199160776,2.3742701714095626,1.5944679490828177,1.5256859651365537,1.1700402317970124,1.7201022860647817,0.6723304991574823,1.9607407476534435,2.8069558857816594,2.3090250824013814,1.0346014626786235,0.00013641420617593376,3.5390478017341305e-05,0.00012018470213288272,0.0,0.0
2193000306,2011-12,Eastern,1.6543382481726618,3.209417201350397,1.9992485971951701,2.1840254432950674,0.46083946229546485,3.0096592995161076,1.8958289403915394,2.1756251814262755,1.5999426338244838,2.3839573331250694,0.7764433915816039,2.7482690103432383,3.9822815462917496,3.6955102751797684,1.47327068484071,0.00018067070290832664,4.0348831342186004e-05,0.0001412153361387039,0.0,0.0
2193000307,2011-12,Eastern,1.1896618723555574,2.2194880279996005,1.5479788972219666,1.7526329805968202,0.43782731073548875,2.597594326547941,1.467858897511521,1.5495468970093549,1.2209975100907287,1.8371180871308748,0.674488807898643,2.022120199378821,2.855253349397592,2.4712056808120644,1.0650476334839403,0.00020651437055848953,5.677947311178888e-05,0.00018244368665568873,0.0,0.0
2193000308,2011-12,Eastern,0.9939808624354192,1.9453731778267802,1.1962331615855055,1.2421073890931842,0.2878472090680979,1.8920950916065122,1.0094887479772783,1.2624353321210182,0.9578387130835239,1.4162966383580058,0.5659500727832787,1.624374265614379,2.30539055323867,1.9763652655139052,0.894658889538969,0.00011122795451160093,2.436694879764453e-05,9.213227741628366e-05,0.0,0.0
2193000309,2011-12,Eastern,2.5747470691311847,5.097216038460996,2.941233339190881,3.03933667438001,0.8309805344212211,5.027207018424042,2.9264891791480983,3.439964435143149,2.6446280473727413,3.2901055449341783,1.2841719058678465,4.884834727672601,5.075399078718787,4.164052274202527,2.2269515333070093,0.00030918110198960633,6.65928527362229e-05,0.000267938777777799,0.0,0.0
2193000310,2011-12,Eastern,0.9673813457441259,1.8518340987902009,1.2033326364894386,1.2688030174416833,0.29471273239504153,2.0431096836390616,0.9764904912729359,1.2362013611670606,0.9583467978489302,1.4026517204330693,0.5780580955133052,1.563888741286904,2.18954140901544,1.641002151685771,0.8611731925527413,0.00012146915749397564,3.191045471370776e-05,0.00010453698321162296,0.0,0.0
2201300041005,2011-12,Eastern,2.0335064177352637,3.67600708035187,2.3550796053223393,2.6983751742195734,0.7350522104717777,4.550304549533536,3.0817233080311843,2.6330668746067083,2.037928763117431,2.801875609984452,0.9511575679555686,3.8887483024254044,4.517104648319008,3.4801525570282323,1.6189252808448253,0.0004056161164022607,0.00010172091669150444,0.00042455656260066064,0.0,0.0
2201300060303,2011-12,Eastern,2.0268440335590054,4.458320226891847,2.37503625731257,2.8526438603714643,0.6626659410801437,3.3784675220292417,2.6626999695174725,2.850105208933781,2.1208363796550067,2.8981507104625934,1.0212625845878927,4.284940896185297,4.938927451019359,4.343569374448867,1.8526639091871155,0.00043154765275433426,9.247449701878592e-05,0.0003231048989239692,0.0,0.0
2202300050903,2011-12,Eastern,1.419119842267812,2.966057017800483,1.718307107077278,1.9421902248056873,0.3886454372600627,2.727822869341636,1.310746811462006,1.8347499356004002,1.5467004359815648,2.066436335508924,0.7421004039393027,2.639689855688557,3.2711820523461426,3.0030102138276282,1.2057284105676325,0.00031743377884063787,6.159380204109625e-05,0.00023687221102033137,0.0,0.0
2203000102,2011-12,Eastern,1.5198657825561255,2.867622233226527,1.7947357098997712,2.013887085680783,0.4986714100748545,3.047228294730733,2.0322592834271807,2.02433173885392,1.5118180251258078,2.1807754512184583,0.7258893428984894,2.7038499140671464,3.5578751206531645,2.8377486892462835,1.3242637873148533,0.00025573693458795515,5.8576616302269055e-05,0.0002376563223786819,0.0,0.0
2203000103,2011-12,Eastern,2.141379607990455,4.119886162817077,2.7154167868484946,2.8519454731534597,0.6338010184340913,4.54933065705907,2.258669391806447,2.9754685364193154,2.179038600915575,3.154188299884931,1.0535655497750511,3.6431544399596607,5.1003170898318535,3.8414377141412,1.9573641601800646,0.00021012150327436184,5.431765191892712e-05,0.00018081779183272328,0.0,0.0
2203000104,2011-12,Eastern,1.3356922102582185,2.179065041063224,1.6541161276748015,1.6160985447252612,0.4623050889671441,3.3345116987014296,1.1172741493608296,1.6426543105324678,1.2809675912376253,1.8618777565782345,0.7091032221514948,1.9182364824290405,2.852166020144683,2.3421291763130374,1.1116272778201755,0.00017566545025355564,5.562739258029262e-05,0.00018276721380094596,0.0,0.0
2203000107,2011-12,Eastern,1.3923283826235477,2.659342310270083,1.739718891852608,1.9002678709333922,0.4392653553306703,3.0877809209492866,1.5657742266025576,1.9375409064840419,1.3985813752802974,2.0642689151147735,0.7104258203534338,2.4797307465849947,3.3653939927878525,2.5164792835323953,1.2388814875592753,0.00022446598104724423,6.089812588701361e-05,0.0002054541756089159,0.0,0.0
2203000110,2011-12,Eastern,5.177360966588935,10.897111244411269,6.150532303542975,6.381482558289865,1.3900600332306092,10.029223233799096,5.7196554375733815,8.138677384034281,5.083923875433448,7.256894113207016,1.695434837840114,10.51883790509838,12.316352652530025,7.590734282452546,4.5968137942443,0.00035375205562394304,0.0001052587796780694,0.00029925676774456727,0.0,0.0
2203300080311,2011-12,Eastern,0.7856820556590759,1.3739627073492158,0.9578176086417455,1.0027849793064405,0.2947089796055289,1.963685382440282,0.806600799765154,1.0036744158760909,0.7673325051658029,1.110176949322139,0.4567831362811386,1.2962784819039201,1.7485962296822886,1.3203782553903722,0.659976036518424,9.03592809022406e-05,2.8677182307395305e-05,9.898575832515145e-05,0.0,0.0
220330033050102,2011-12,Eastern,1.191239698928857,2.715330110755886,1.4663819609127948,1.703536272057334,0.3486337218108842,2.1453102086916567,1.3384313258617897,1.7099061165677336,1.296366424118464,1.7924733371399506,0.6029895001144114,2.5609671033861536,2.936022801336688,2.3386109531553974,1.0941265554857313,0.0002139219569005191,4.5945437478633826e-05,0.00015563371958717066,0.0,0.0
2204100090702,2011-12,Eastern,2.9195527124262965,5.425209971546906,3.4678283808762744,3.812323635496003,1.0010905206221836,6.588156372260325,3.4665922202665604,3.9779194822129322,2.9346237164133364,4.042493062431305,1.2507437462570246,5.5580609690762985,6.505623578789225,4.960023167741082,2.4301408320401903,0.0005550113385114115,0.0001472914706049515,0.0005478024990040816,0.0,0.0
2205300090607,2011-12,Eastern,0.6666490585819078,1.1470467358665677,0.8210563449326259,0.83552962579712,0.1991000166075379,1.4917545333013698,0.8365274227914283,0.8877211518149375,0.662832848817176,0.9450651886163355,0.40044285317757755,1.015022028094143,1.445600350084549,0.9597822871574108,0.5559780527218944,6.84673750494262e-05,1.896731335828699e-05,7.084731003293751e-05,0.0,0.0
2205300090611,2011-12,Eastern,1.97742712584819,3.4384990705032172,2.5103089688639946,2.754481671411411,0.8101484263844296,4.740497735686777,2.646704467719834,2.549839643062042,1.997920411021352,2.859515702545147,1.0005156784454643,3.3545144763234025,4.20370935796016,3.4260171449890864,1.6765608554006506,0.0003856832104924527,0.00011915884264468314,0.0003880678063265295,0.0,0.0
220530013070302,2011-12,Eastern,2.357384690295583,4.490335333635035,2.9645766430067613,3.385366888514835,0.9517726906140253,4.555721838054939,3.3626955089600696,3.2053349483166977,2.415748631631717,3.5895882595156405,1.0739681737988558,4.399189738178208,5.427641992543248,4.484259790363061,2.1436096908233577,0.0005269595294619625,0.00017583924976749806,0.0004611474808587857,0.0,0.0
220530013070304,2011-12,Eastern,1.196349049019262,2.3783900983944024,1.515449026440617,1.6426841241154428,0.3451184404695899,2.587654098339255,1.2604642902218008,1.689606495655683,1.1743377467369132,1.7880952130725902,0.6590242351645909,2.0870724617177894,2.9341370765546038,2.110346749516618,1.0796717612993063,0.00018184120059443643,5.0885603458525424e-05,0.00015458415735119442,0.0,0.0
2205300300802,2011-12,Eastern,1.281720872479628,2.229695548369986,1.5374908202583433,1.572020944384719,0.37470904277957773,2.7149106798100426,1.3501013173627667,1.5436266032105395,1.2077005855126648,1.7772759641626703,0.6287082252918039,1.9606048073847584,2.7502006381851354,2.2977282123883316,1.0630341243330776,0.00019157614510204016,4.555774182304614e-05,0.00017207692447803,0.0,0.0
2207300061006,2011-12,Eastern,2.087754393923445,3.540979499730479,2.633107261767689,2.617280028161992,0.7357756315713846,4.463725804264779,2.000401640281281,2.5522700500366238,2.080830982247842,2.997353263863075,0.9946073163107372,3.1328777280831597,4.226511279995573,3.634905660993872,1.7699785901673248,0.00046996250822790966,0.0001376318774096021,0.0004348432163953384,0.0,0.0
2208300050203,2011-12,Eastern,3.517249249651727,7.9075213875458745,4.182182399475787,4.448648503314853,0.9869385469697224,4.901319859914753,3.9791123954496963,4.993966162712705,3.659227152085727,4.73001841126762,1.602438844586474,6.883881965228944,7.8117560826753385,8.55181122283495,3.5103510639688835,0.00046395644378959997,8.359575563776577e-05,0.0002903011038812397,0.0,0.0
2208300050904,2011-12,Eastern,1.7426114690876575,3.626256289518677,2.107661720071596,2.53647581971626,0.6037044111903009,3.12233678326051,2.3953242060928734,2.522226243532334,1.836654132561234,2.5993072142798854,0.8497280008346365,3.5383270181082267,4.575614891747006,4.26224651565653,1.6161799396623218,0.0002061934177260211,4.988550428855348e-05,0.00017160216961492513,0.0,0.0
220830007040303,2011-12,Eastern,5.020336645335675,11.513989180110435,6.081737581789877,6.984409183922847,1.480794003571484,8.066962470092632,4.475768830893253,7.359562879861235,5.804046910998613,7.741788050001937,2.5530043883717553,9.582630999735057,12.842543674183132,12.992044259902089,4.936597519298351,0.0009189458598466085,0.0001777598891784729,0.0006184682008289877,0.0,0.0
2210300041003,2011-12,Eastern,3.163436128691579,5.955870450791903,3.711446278193124,3.8089591705775288,0.9092223665553687,5.789497902156897,4.030418014577022,4.06492559154455,3.078365092124726,4.128564162202546,1.3905628156605103,5.519031756086117,6.285809685679583,5.131364282959762,2.694981318308582,0.00066027910593653,0.00014206825025273699,0.0005495961547930785,0.0,0.0
2211100030303,2011-12,Eastern,3.2383519177443105,5.342605322641662,4.001101768114268,3.6172755819682525,0.9824835259049951,7.173905874689352,3.520396722904087,4.155928591179597,3.0938903857157305,4.168323876541586,1.3645216421773638,4.970016615253032,6.219780670188202,4.490058374812795,2.685325850526118,0.00046143843048006083,0.00014612216965201926,0.00045265400348296417,0.0,0.0
2211100030305,2011-12,Eastern,1.2027653552865303,2.1776724138544608,1.663356228409889,2.1593445544446723,0.42582598046593556,3.10535420380613,1.7445448693369965,1.575673522868651,1.2774903084450617,1.9782619073795173,0.7526688200311225,1.8808923391273773,3.1394557849318643,2.4237259425614655,1.0338762496236626,0.0001427240705886268,4.2400170320971926e-05,0.00013797133733929682,0.0,0.0
221110003070606,2011-12,Northern,2.2366468851214747,4.25955827536373,2.4420955908994144,2.647710789845108,0.7347177086487108,5.298865993546963,2.90412963600683,3.035791587222411,2.381902143999237,3.0491054765644767,1.400950093081006,5.285640103672113,5.684413326984472,6.793786010488783,1.7250855908554346,0.0010582012957635783,0.00022433867470187857,0.0010555530683082105,0.0,0.0
221110003070607,2011-12,Northern,4.7200465283156365,9.152478691020521,4.912721620596322,5.725235905268794,2.3080237170610416,11.375425125561014,8.413066862407836,7.159783346030638,5.03587315189488,6.227542207985801,2.8829504192766158,13.213119513235783,12.245878100336347,10.89494379244889,3.6287791511168814,0.0021108233148784844,0.0009498704916953179,0.0024559637553561624,0.0,0.0
2211100030707,2011-12,Eastern,0.911369011219026,1.5988324100545277,1.1215226408737768,1.0995660562579814,0.27150854627738186,2.1153925522727017,0.9119448427979473,1.1559265464507449,0.8606247716745465,1.280937455869215,0.4968585332349542,1.4093988015016248,1.9590791044151217,1.4279738790644936,0.759567766106844,0.00014478282000744924,3.858262649312685e-05,0.0001372262685751868,0.0,0.0
2211300040703,2011-12,Eastern,1.996178474733836,4.387896164603037,2.3395831734977746,2.809519366894228,0.6532303630825268,3.329667961466766,2.6233573174655,2.804118397467873,2.088794295093058,2.855371652642004,1.0089236469051865,4.215520615770836,4.864006511293915,4.277037420278626,1.8246519277077868,0.00042544199348204504,9.116614146043823e-05,0.0003188318363985306,0.0,0.0
2211300060504,2011-12,Eastern,1.0833983649995167,2.0069089335325776,1.380315318227117,1.716679492787305,0.4481462314006474,2.5250756520965125,1.7119667861255325,1.4750230629868917,1.1387690985917567,1.758996404889239,0.619026072544521,1.922677382965482,2.9074292694037767,2.2061199779041782,0.9714891127863274,0.00015802229087392712,5.5385263713165636e-05,0.0001584881329240645,0.0,0.0
2211300060807,2011-12,Eastern,2.23709357157591,4.385924499312757,2.7299104163758607,2.779769110762636,0.7008234669137237,4.166500203559913,2.541645339545109,3.0443002635714986,2.184694287929672,3.1431058665223417,0.9399969518642154,3.970736871141316,4.927184595005062,3.768309663286996,2.0134214713481358,0.00030776297833474275,8.274029819552129e-05,0.0002469086348478053,0.0,0.0
2212300091005,2011-12,Eastern,2.9874279008324454,4.933453463856483,3.7970137317764316,3.6818680175689407,1.0946977679858265,6.909854476967889,2.9254024115542183,3.758435876044639,2.962620795485004,4.169893338174666,1.3753789605735314,4.688935115079651,5.86882657099979,4.852148270178338,2.479484684070989,0.0007532656955166808,0.00023237536078674968,0.0007666528912991566,0.0,0.0
221230011100502,2011-12,Central,5.086551955759811,9.732895360345518,5.2418629465811275,5.957651901514368,1.842068968651381,10.94158428433047,4.90879361337374,6.86773479862079,5.076842819384986,6.1669916261356645,2.0174079708995487,12.292715485423889,11.249163059038404,7.850772304042505,3.9711031539512023,0.0005125145454931482,0.00020317540910621233,0.0005726468416869572,0.0,0.0
221230011100503,2011-12,Central,2.053987541199298,4.364267647714841,2.4265257963380567,3.195242518459836,0.6231827759542329,4.426321207236483,2.456493643077546,2.8354609069578505,2.2286162203668143,3.073645971266207,0.9164158599209421,4.889333733840032,5.691725504843488,4.310876603811473,1.7476427868732747,0.0001591179255203783,4.713068211203456e-05,0.00015047410500690654,0.0,0.0
2213000601,2011-12,Eastern,1.499066951603796,2.794717502159815,1.8991370993856733,2.1009369886271263,0.5004559498773326,3.287527091649793,1.8573509291620005,2.01250365142269,1.5212644112799216,2.201360640517166,0.8149115549189727,2.5661651081032484,3.5939057893456017,2.905160239857696,1.3230779692302514,0.00015785787659892717,4.442706706676393e-05,0.00014533668912269446,0.0,0.0
2213000602,2011-12,Eastern,2.649455842039045,6.064163638908934,3.192361200493521,3.384411371293165,0.7131177984451899,4.408488313858602,2.6049851266245883,3.818055703026618,2.6871487334887036,3.7270441232551286,1.2916061480950818,5.089623538267816,6.16653903764031,5.281224428416204,2.609225611803495,0.0003803896720861419,7.809324393821457e-05,0.0002483060147004749,0.0,0.0
2213000603,2011-12,Eastern,2.3290989452580377,3.9490418076647056,3.1290808560027448,3.406105294686799,0.8362920081008443,5.882098278255995,3.003667969714332,3.102589017657548,2.354855672605214,3.6019848301379462,1.047494892012279,3.5997792637091957,5.4959003180101025,4.081423267027465,1.9722746348588878,0.0004836471112698026,0.00016858556449975975,0.0004860553095769061,0.0,0.0
2213000604,2011-12,Eastern,2.712698667608178,4.645031032993842,3.4215807689055553,3.695435791537623,0.9839240412278943,6.323628932738595,3.9382066607644974,3.5352228042845493,2.745532413336445,3.8501568236686508,1.1279508386493649,4.711913507178181,5.8414303881726655,4.6807025619801665,2.1467487513266548,0.000674630240769987,0.00020238907223099606,0.0006962527251781622,0.0,0.0
2213000607,2011-12,Eastern,2.592734902908687,4.331917771069095,3.012025529478062,2.896463701882577,0.9032407727787711,5.785926291834099,2.190896294009198,3.2749990553868513,2.428580311824791,3.351749857088769,1.0989813119434695,4.165579090729705,5.263415980914634,4.269799169408985,2.0809339449127067,0.0003270254764483011,0.00010396481564699723,0.0003404452799658963,0.0,0.0
2213000608,2011-12,Eastern,1.6536440735103133,2.9440739894900245,2.090930983564534,2.2657650662754816,0.4970768129548811,3.726525407254099,2.0226410210417396,2.140013476561254,1.614437208048442,2.4015070061115775,0.8293871094347443,2.601768104431546,3.7587292645652686,2.8219538109850313,1.4103473043435597,0.0002676282101623202,7.342674935363978e-05,0.00024172379555784495,0.0,0.0
2213000609,2011-12,Eastern,2.3291676893828384,4.318852614763264,2.984171241130834,3.5430507211032425,0.8962405284232015,5.174546357709667,3.5830130970066785,3.0603750069881017,2.412867513224348,3.5371025909957763,1.1575585330922158,4.189039474290507,5.3582159409582735,4.559493780484774,1.9853076544443027,0.0004853897849905524,0.00013752710574732317,0.00044039071437310535,0.0,0.0
2213000610,2011-12,Eastern,1.7858759247991125,3.282803192676679,2.240650528678461,2.338574567830075,0.5801858110892762,3.6520796376534226,1.7172226614507726,2.3517458866598706,1.7426641569948975,2.6022716741820404,0.842957309784312,2.8437291228838864,4.165362346052602,3.9275423355260273,1.5959952150652454,0.0001518064818882654,4.1650054251203244e-05,0.00013144521782602905,0.0,0.0
221430002080802,2011-12,Eastern,1.9239678268339762,4.451298345263048,2.3163733392252035,2.897489536141183,0.7004209980885241,3.1424080536185346,2.3353550720480323,2.850119899319411,2.107678109034929,3.034978305698671,1.036077663590049,4.049943498004966,5.31029544079134,4.8692317109055265,1.9705195696520474,0.0003036946631598097,7.628179628896165e-05,0.00021853585844759587,0.0,0.0
221430002080806,2011-12,Eastern,1.3703967295135524,2.5142510149546866,1.6298990893983003,1.6672123087682753,0.399379994543242,2.6706371983047124,1.7254663957457907,1.7088905702784618,1.3197684852734644,1.874858489198655,0.7023141518622598,2.1751730168170336,2.839428624720498,2.1283227014157715,1.1924500108148914,0.00029603713088029187,6.367279072006277e-05,0.00025614748337402204,0.0,0.0
2215300020903,2011-12,Eastern,1.6861938615378804,3.296459985927786,1.9515742704547598,2.2273162059970093,0.5721765353183104,3.2869415274004337,2.3635502183939527,2.3305197929535764,1.6722475205789413,2.3756613284293593,0.7454584584931581,3.3190145732105765,3.980791071612762,3.036951546294964,1.445528082350692,0.00027953852124122446,7.176948548465047e-05,0.0002592776175440818,0.0,0.0
221530004060305,2011-12,Central,2.260927796854938,5.557028498777968,2.2981960369958743,2.638094229569389,0.5107040428673737,3.8651443502988667,2.026438761953528,3.2560906121944404,2.528395011485951,2.676404547542042,0.9608435773145728,6.19993895574194,5.160127059986957,3.967345147434341,1.8097498864669714,0.00019952537055531374,3.921071765263075e-05,0.00016274809184510096,0.0,0.0
2222300221005,2011-12,Eastern,2.858860648415855,5.204844401234708,3.5228943831383455,4.219379022519711,1.1118530185110396,6.832262481982004,4.318720150589092,3.9509220686462596,2.932207861322396,4.374999246287148,1.2840453097566464,5.1729028203362075,7.140302419408634,5.129058195755642,2.4646960308381956,0.00046847051271064013,0.00015169521363963585,0.0004797308255404595,0.0,0.0
2223002203,2011-12,Eastern,1.6736890979798225,2.84795089038066,2.112796807325149,1.9759692506026196,0.5058480584138502,3.394467532599977,1.6613444838145548,2.0175724091856955,1.566121924039439,2.307052152402916,0.795695786423498,2.4059369216334003,3.343255358013133,2.676871710659986,1.421328983656666,0.00038765180780867117,0.00010928003398782727,0.0003317820833219179,0.0,0.0
2223002205,2011-12,Eastern,2.8761478613397733,5.71961663517716,3.3484472074542477,3.406250296295622,0.7914087757015634,4.577202595523772,3.5670688896321763,3.6342701533908754,2.8210524894179523,3.6339777978474372,1.41150862502315,5.16167935342715,5.411306677536521,4.880826371352456,2.509968833303646,0.0007084274648688426,0.00014109758636391887,0.0005045651432616006,0.0,0.0
2223002206,2011-12,Eastern,1.1265581298669736,2.0582680354573037,1.4223645793238633,1.5622778824570063,0.33768163074420127,2.6105969658177095,1.3639745092739055,1.5365820733533526,1.1395711450454444,1.6723333379829872,0.608957444280587,1.8861463198907675,2.6679665700101274,1.9373457033066013,0.9716373816810692,0.00017855142121413558,4.691239570116619e-05,0.00016986487643104402,0.0,0.0
2223002207,2011-12,Eastern,0.8909849071734162,1.5010114316074585,1.0839540137425137,1.1432373333437047,0.3043492745321605,2.055987981917925,1.1417088925834171,1.125234932054202,0.8481723664475609,1.2648450324642644,0.48524916223563797,1.3651810342523019,2.0383628371200517,1.595300450746916,0.7407793964638927,7.218836794477932e-05,2.1158659570021524e-05,7.926616793297929e-05,0.0,0.0
2223002208,2011-12,Eastern,1.4841114097633206,2.934704621749989,1.8070362443827626,1.8329634479198962,0.43104152212430413,2.814349117863473,1.3424293947713728,1.955626523729981,1.4845080193061722,2.0431378669151403,0.763245851671124,2.650429383760517,3.2283918630318587,2.7840313481291683,1.3432880765166935,0.00023931337223551805,5.788496300592287e-05,0.00018652180525178958,0.0,0.0
2223002209,2011-12,Eastern,1.8612534838101493,4.347637733003314,2.1557677240022572,2.4428033845122505,0.4907553681899647,3.1476058650659207,2.151785615232138,2.6467354954998177,1.888077011173845,2.605076291568274,0.8788837080804895,3.847402199780563,4.278618157264437,3.1297034825237766,1.687358358440008,0.00034616611969714604,7.110737172122903e-05,0.0002347234921165323,0.0,0.0
2223002210,2011-12,Eastern,2.331897846079193,3.8047965555767664,2.9986122102678032,3.1847396085757462,0.6712026994579013,5.404976316108467,2.712844833023628,2.9080139656865613,2.1628576640926225,3.506483195985952,0.987044674798595,3.0084586914338485,5.52008221549194,4.405783957781515,1.8817125043760237,0.00036666703735849877,0.00010470045837616357,0.0003354279417791751,0.0,0.0
222300221007,2011-12,Eastern,1.1742495880412038,2.243930308005401,1.4161923501508151,1.4344087182656262,0.3523635346957374,2.230696825093607,1.2690202416385323,1.5163603926873204,1.167615235703989,1.6161529558666319,0.6392448662014961,1.9911208208661775,2.495050911180544,2.0189791555877545,1.064409331479301,0.0002142408952575849,4.8004183999624825e-05,0.00017928460822672947,0.0,0.0
222300221018,2011-12,Eastern,1.7281614175281501,3.287032574309907,2.037939960282267,2.2768984152445575,0.6320470938561026,3.805264669687026,1.991777528980296,2.3073963051798603,1.7763595106852317,2.397359728712691,0.882126756260535,3.4065834020606096,3.8211161300495533,2.908813274542223,1.4502998370585833,0.00038181298923572647,0.00010481847157320416,0.0003643954921643597,0.0,0.0
222300221020,2011-12,Eastern,3.3810580023355774,7.379741258235475,4.072321350168683,4.2213872475504415,0.9979151233735962,5.807684519090959,3.5145629440299433,4.902431125194553,3.50788316952857,4.625142870603439,1.6251325555699272,6.569292166060839,7.410679600800612,6.19412909053295,3.321167946082308,0.0005024237307010529,0.00010871774004665641,0.0003592954691683025,0.0,0.0
222300221023,2011-12,Eastern,1.2783323735945005,2.6758048558703935,1.5582024412832114,1.7380197043780152,0.39751020516041363,2.2556432439534877,1.57577204194162,1.740495282411666,1.3061871073264804,1.8673995446589802,0.719492864450144,2.3087695959534136,3.125449509785552,2.867979617300551,1.212297988957553,0.00013896574781852532,3.060007360904614e-05,0.00010870559017227636,0.0,0.0
2223002601,2011-12,Eastern,1.3319850429367988,2.6368140341646744,1.5972626640218195,1.7722686525202986,0.43209727599794384,2.6569414655636905,1.522796900180337,1.8169625094111552,1.3465369859642558,1.9206522480719752,0.6795897635221426,2.4888288479232314,3.1442346744777274,2.500763263477777,1.1912626779552964,0.00024284111209124513,5.819117934966559e-05,0.00021281699554854297,0.0,0.0
2223002602,2011-12,Eastern,3.6356012070021837,8.698501563915919,4.316539257419296,4.704519020325197,1.0108564159764546,5.426102135399411,4.270582918732542,5.321029639084032,3.7879085260853436,5.014560018844927,1.7836925219756152,7.2816437052029235,8.145547065408753,7.5966106461709995,3.714301805305038,0.0006329991271151716,0.0001140538967775084,0.0003846286441057583,0.0,0.0
222300260301,2011-12,Eastern,1.9088496795788432,3.7731636669071,2.40187265430307,2.6551508254439455,0.5600767182578358,3.5384329427900623,2.0449561225457016,2.410791351055835,1.9717211143655131,2.850875224730134,0.9106346182256445,3.199838768538919,4.25928075952061,3.8497299893533588,1.6492368463324605,0.0005597316742317547,0.00012251637504643556,0.00041424097490416984,0.0,0.0
2223002604,2011-12,Eastern,1.1849241999396558,2.0914355567016862,1.476557180332678,1.4778937472788891,0.3528453321623219,2.565961716236825,1.192958843120808,1.4425245611644724,1.1821366644204065,1.7296734642963953,0.6247996199639035,1.6402645808107912,2.5350262755843462,1.8858376205029315,1.0066819232097206,0.00021327925792240604,4.9860131861631186e-05,0.00018832599866249437,0.0,0.0
2223002606,2011-12,Eastern,1.2965967251034443,2.435189842195049,1.560475781609108,1.5988065767652795,0.37317266547328465,2.546082030144154,1.3492949685344582,1.6189779413700556,1.254893205432485,1.7825325931944702,0.6740267899541611,2.1337525068912466,2.7377626817879466,2.190245546962413,1.1243050680389461,0.00025336161729723857,5.825753237235887e-05,0.0002084566297307883,0.0,0.0
2223002607,2011-12,Eastern,3.005206626500444,5.711990686773428,3.4177378888316525,4.013370906060908,1.080705477332956,6.163580215704871,4.811653092010694,4.006741315718946,3.0747256737737003,4.0423600085529765,1.4182524812711814,6.293077826319979,6.649372034345266,5.1313411014232795,2.362261558650527,0.0006555812294824364,0.00016641677363784925,0.0006335585558696183,0.0,0.0
2223002608,2011-12,Eastern,0.773196948345681,1.3871391932854158,0.9814647487900462,1.133700223163948,0.3126931947166968,1.799384602364952,1.2110903431875522,0.9832783539382765,0.7761953599743019,1.1992828507767628,0.4153492162894335,1.328176694932793,1.8507003111328297,1.3440877884813291,0.6560393592943005,0.00014119079251181688,4.5292887894879866e-05,0.0001411604555601942,0.0,0.0
2223002609,2011-12,Eastern,1.6269598741249565,3.1863613885551283,1.9749895775361876,2.143587567331833,0.4564005667136993,3.0279059790005096,1.9688647699328046,2.1437773194157406,1.588635216256118,2.324232283141611,0.8030917958680864,2.7250904820709576,3.7469672017188542,3.0917515508886484,1.4574231120630736,0.00026021712527144895,5.875144437357109e-05,0.00020282615936051938,0.0,0.0
2223002610,2011-12,Eastern,1.644911811610184,3.0893478842911963,2.03636269459236,2.0159781459173014,0.5107704110670345,3.6215024200811134,1.7614683170049072,2.226914992243859,1.6264722882485043,2.302263302761004,0.792233811226887,2.8699888969256944,3.5677199903032135,2.3966723708887496,1.420579308486463,0.0002044075024455988,5.566964102917845e-05,0.00018697624790402575,0.0,0.0
2233001101,2011-12,Eastern,1.0526805769272374,1.7473298833052597,1.3159199208046013,1.4122240741768168,0.4258030566563806,2.605285200154154,1.6625671213660362,1.2764485112113442,1.0496847640741176,1.5439848550985702,0.5945664499205019,1.6538551113220634,2.2259100146544837,1.7367227728443326,0.8834507973489096,0.0002278010462851691,5.6822283455401735e-05,0.00025238049233738496,0.0,0.0
2233001102,2011-12,Eastern,2.298079446391873,3.832325269426803,2.956196394590178,2.8555339891840013,0.740252522193346,5.389911591218152,2.127186798162874,2.919968573317191,2.1691670748569623,3.260941562688471,1.0351284720091032,3.2902981816914574,4.871698883247105,3.9194206503899105,1.9497294403690988,0.0004287843729839076,0.0001364126867986232,0.0004045687371110716,0.0,0.0
2233001103,2011-12,Eastern,1.8828777140881772,4.056101004005367,2.310544871728547,2.658754706202199,0.5714144985180241,3.4054925076663736,2.2866368200319243,2.6117886105544,1.9710212738817567,2.8067955615975064,0.9894198895700534,3.494143508493715,4.605126356923439,3.894117049154828,1.7799700069169502,0.00024015616083383992,5.438985261772961e-05,0.00017556078995270026,0.0,0.0
2233001104,2011-12,Eastern,2.179240382579371,3.8190997685637766,2.750022146389961,3.224878393388426,0.7196735888129712,5.003429830181866,2.5611265594011496,2.755633252469128,2.1634944013611412,3.3802284735297046,1.0592246224694446,3.350247477541464,5.635835608165751,4.944639831288985,1.7892434116424343,0.0002954179909282137,8.61973042023418e-05,0.0002695219498544204,0.0,0.0
2233001105,2011-12,Eastern,2.254823708739252,4.724177960278572,2.734155484931062,3.0975631371399985,0.6586267965939749,4.026917421635023,2.649894311814961,3.0689378366233395,2.2582114640177626,3.2590658172974716,1.0940920169530814,4.085859101728899,5.485637258101299,4.9730970927283495,2.0550531594628065,0.0002534404531475101,5.7398439607805895e-05,0.00018495062229785544,0.0,0.0
2233001106,2011-12,Eastern,3.441944340439403,5.829082556019282,4.301528267978256,4.364212058716582,1.1413062322524983,6.870552123383038,3.625628552232748,4.188442327318229,3.367269498287346,4.847955392013279,1.5002842943730326,5.394139199577974,6.949481072501492,6.400421697388991,2.7459730013494683,0.0007928892385740052,0.00022087628788847288,0.0007247242267728572,0.0,0.0
223300110603,2011-12,Eastern,1.024234936881275,1.7896415497630913,1.2376177118076286,1.2301330766344056,0.3153363408689343,2.2193331172697883,1.1740099108080202,1.2605321236873206,0.9939508859607853,1.4074540089203853,0.5638600671448907,1.5874995201923812,2.101155877038171,1.533225177705391,0.8793801060388893,0.00020599795375060098,4.8745505098738464e-05,0.00019471350478970982,0.0,0.0
223300110608,2011-12,Eastern,3.4545304207951193,5.828230951502478,3.982073251267807,3.750899416008696,1.1453392350367748,7.624483596002728,2.707212634119635,4.443227435137949,3.1647704530537584,4.372662592203081,1.331235331003755,5.556515445521124,6.9110440606199175,5.81368473821862,2.773672549727636,0.0003641593352767384,0.00011734023025583793,0.00036830082800481153,0.0,0.0
2233001107,2011-12,Eastern,2.3983873461824885,5.156413107110737,2.95607202291378,3.113215318143724,0.6952549450081666,4.506992091466601,2.2246795483211885,3.4216875986702258,2.509371023780481,3.4577839002524424,1.1774993189433889,4.572603893342863,5.62114432416431,4.561427891641116,2.2949992950511318,0.0002854904282661293,6.766301210465435e-05,0.0002111843511605759,0.0,0.0
2233001108,2011-12,Eastern,2.703301489051357,4.903264207670783,3.338967576433001,3.6308545798450287,0.9269593074605476,6.049332800991478,2.6257504641490943,3.567540222323415,2.8100708667334025,3.992004161123544,1.3265241580151355,4.410972301702877,6.26763530902145,5.148072421750977,2.3397089470245587,0.0004203178286412756,0.00012109156491808178,0.0003884565738628447,0.0,0.0
2233001109,2011-12,Eastern,0.7698592132820646,1.2989007936058736,0.9651214236209513,1.0678104382735656,0.2778862468464256,1.9978458140041175,0.9846382314447586,0.9481660657500576,0.7798340706959664,1.149155861649178,0.4757178856843076,1.1981425349562433,1.7579069953130575,1.3448942516241278,0.6455840396829153,0.00014934744671124724,3.8496841846442856e-05,0.00016182487612412252,0.0,0.0
2233001110,2011-12,Eastern,1.417310843792987,2.747686174192655,1.8503834124130591,2.084520641632516,0.5182619286252493,3.0110413997801504,1.8091686932942717,1.9304293391053138,1.4783042907368764,2.1782185229430784,0.8061636626999804,2.4951975133666364,3.359026133572731,2.7237657339555454,1.3169555425564667,0.0002930813705297956,7.876132849717575e-05,0.00025168953656572445,0.0,0.0
2233001402,2011-12,Eastern,1.1611906585884058,2.1115234873751834,1.4198636345369702,1.4282582341684775,0.3363366397207216,2.4712964450299775,1.270862306331716,1.5197674121148192,1.0972042416909298,1.6328422173481036,0.6653965752737043,1.7267874175651603,2.5933737833709434,1.8899411071732957,1.0280198209667757,0.00011216573461290467,2.9293283369888046e-05,0.00010333475076347303,0.0,0.0
2233001403,2011-12,Eastern,1.036913483526045,1.830080552370604,1.3220642785396786,1.401471808221622,0.3594743217382803,2.441304642384385,1.0957487763908456,1.3125407372935154,1.004493863433847,1.5342768947153644,0.5479521991229606,1.636026644848596,2.349796101037773,1.8443350732822914,0.8781490294669975,0.00014417996152134906,4.5098150754933596e-05,0.00013741640392608552,0.0,0.0
2233001407,2011-12,Eastern,1.457264177815687,2.810920523027932,1.7705099254566228,1.817753320977464,0.41533983730329893,2.9398902181631272,1.5151050448455716,1.8968489080641127,1.452236379068732,2.044633713450695,0.7840928107619418,2.3392376501544954,3.1795253638838776,2.349413755401197,1.2774726615520788,0.00020311165917822024,4.883789479409863e-05,0.00016956203634686278,0.0,0.0
2233001408,2011-12,Eastern,2.4723055394195086,5.5011706832702005,2.920681575772246,3.1446049916781234,0.7425719227097347,3.863686953088473,3.0685213415486188,3.423235385508913,2.5740298770141674,3.3671562365757515,1.3306814888642462,4.7642970944091605,5.308720392116321,5.005843301580384,2.4301145575934306,0.00041336642422954616,7.777626100486234e-05,0.000280149490131983,0.0,0.0
2233001410,2011-12,Eastern,2.158416471572879,4.428423119717225,2.6691752964770714,2.8317079388175306,0.6329964987897445,3.9171033235053607,2.4107743227418976,3.061949997480672,2.2137019299296057,3.0589515102377023,1.0432290844745937,4.007780752687728,5.000593247228151,4.217393281238167,2.0398721830618443,0.0003128639861171322,7.490876623206178e-05,0.0002394428122343227,0.0,0.0
2233001803,2011-12,Eastern,3.7570186924872746,7.285047264873408,4.450754933177064,4.4707752112840735,1.207788005534637,7.560265970809622,4.03947856221433,5.128083926331558,3.8418557066010366,4.890715206279657,1.8077751306082939,6.990410134962922,7.38968501586764,5.848985928451607,3.3580384643687817,0.0006097200185275957,0.00015012917437330422,0.0005184784656053154,0.0,0.0
2233001804,2011-12,Eastern,2.165245643992629,3.507702459801619,2.642648785334144,2.539087678157187,0.7392358448283182,4.81118483984355,2.0331710372662046,2.630294270927902,1.9706803623721882,2.9372586266610834,0.8691465145760353,3.2133492745205388,4.443534172511973,3.879199595630179,1.7242796183513518,0.0003441202134653045,0.00011174453085604119,0.00033629162831414004,0.0,0.0
2233001805,2011-12,Eastern,2.5647745551468533,5.171525750364451,3.1456402126737517,3.609802033215036,0.8017744138615854,5.1897682732586565,2.609993151398221,3.4665842228186468,2.820706132234657,4.04081300953598,1.3073895469296481,4.39774062014788,6.36143977609295,5.343277803459716,2.3260237809763384,0.00048426750966652386,0.00010688475749068277,0.00040090072061132087,0.0,0.0
2233001807,2011-12,Eastern,2.2096658764058126,5.0893540043689125,2.6614110002255,2.951249138554657,0.6248122337841451,3.8448811044384463,1.9116230481152785,3.171738343007404,2.2484498825142882,3.205796616681116,1.1510444372429247,4.212930622163631,5.456287884252292,4.95944615889773,2.1853717950810796,0.0003004690638857097,6.168570185733114e-05,0.00019940539728376496,0.0,0.0
223300180704,2011-12,Eastern,1.716240970668216,3.3137746515890765,2.1621821220454747,2.586691934048718,0.6442249480955183,3.783925056740898,2.7477947327231322,2.320389176989683,1.8359589727499552,2.5865384064168757,0.8282020653699851,3.336751727454278,3.938633817361388,3.0245140777346213,1.4626311936400436,0.00040494625992758835,0.00011016920306853507,0.0003725862105043688,0.0,0.0
2233001808,2011-12,Eastern,1.8094330394534255,3.002193442860275,2.221422786722644,2.296796687707063,0.6467848177521456,4.156266012037415,2.4681386517667403,2.238669313388917,1.7936114012736373,2.5212788380976434,0.7910606772686353,2.960573425591443,3.722134855743139,2.9909388918506723,1.4304972158885605,0.0004617368557161491,0.00012439997811770036,0.0004853224096031807,0.0,0.0
2233001809,2011-12,Eastern,1.3156224894872626,2.6003164806488757,1.5105712394995123,1.6239276415708084,0.36808438402490773,2.580130391012395,1.3482847270852703,1.7058699589074948,1.2984479113373353,1.718402569433203,0.647768484399562,2.419103491136635,2.712873273093661,2.196838593515534,1.0818326026703167,0.00017490346371768634,3.999956044409139e-05,0.000146730225140548,0.0,0.0
2233001810,2011-12,Eastern,2.1182592529721123,4.274073611872428,2.5279484262502154,2.7192698900323413,0.595761070429598,4.2095591589488475,1.8334715132734238,2.809903415464343,2.2666727322661475,2.9329262258713356,1.0114372133067675,3.9457931441533223,4.569242102286885,4.126582574528256,1.7880703895902852,0.0004302550987600256,9.138161389593464e-05,0.0003444403105395224,0.0,0.0
2233002201,2011-12,Eastern,0.7559289650365236,1.4097166279767508,0.8577581372173523,0.9440378104665529,0.22720761697675906,1.5856370750551523,0.8964253232559971,0.9587607293277705,0.7366958486346654,1.0241356599316034,0.3795855859266587,1.3631348277706221,1.6293061186484448,1.188515446810062,0.6003037285984649,8.267488835948661e-05,2.1082096531669084e-05,8.025189094840457e-05,0.0,0.0
2233002202,2011-12,Eastern,1.1679731328078686,1.9957772507545497,1.5508714550719525,1.5606590002982872,0.38592120020754345,2.746452685024296,1.1129479515760348,1.4883456586621877,1.1643082661284079,1.7764905970578828,0.6410040227933336,1.6751101679140885,2.673892442337539,2.1816087066574514,1.0277916226508306,0.00020086720874889992,6.147380863199696e-05,0.0001860071934309549,0.0,0.0
2233002203,2011-12,Eastern,2.015110675212397,3.9152734520940036,2.4581911760132042,2.6829278641134295,0.5924194576096269,4.096768740568437,2.205818713037725,2.665471972235509,2.0122697389110353,2.95176116995267,0.9877104194914575,3.2893499328042273,4.61688083606746,3.411325557591505,1.8096670833603559,0.00022712377833119523,5.608849403910614e-05,0.00018534629461986862,0.0,0.0
2233002205,2011-12,Eastern,2.1602155786977657,4.9119132529719725,2.5796489527897846,2.910356215336259,0.6194157752166173,3.599578387208054,2.413721281171215,2.926973746767565,2.276393106217393,3.12681519449548,1.1472908108356432,4.084599246410178,4.93809719552863,4.361333450826346,2.0555283033196408,0.0003842928346631508,7.606969601103427e-05,0.0002480948235214433,0.0,0.0
2233002206,2011-12,Eastern,5.059098640300623,8.721864254669473,5.8261091254455915,5.622165264834958,1.555093854513611,10.024054277690388,4.111315051710768,6.417670084089218,5.434838814240662,6.777676119954571,2.723035161064583,8.315634495443117,10.199419782563306,8.595111610771834,3.9956269345353976,0.000948016131070668,0.00020477148431126426,0.000981426717166951,0.0,0.0
2233002208,2011-12,Eastern,1.7279970515602632,3.3574474114059063,2.1004582167140247,2.2996415370332772,0.5187453659382895,3.440205888215144,2.209288855017448,2.2693985576737195,1.6927905296577928,2.476693284649282,0.900469537144699,2.880276702765811,3.9475332707550144,3.032458470636,1.5356058585343122,0.0002560141888938243,5.991309495729536e-05,0.0002115007113549336,0.0,0.0
2233002209,2011-12,Eastern,2.2536723455104433,4.392983127874285,2.8985670927975793,3.196613526090601,0.680414949632158,4.538358741532618,2.4623926484873997,2.9651249720692143,2.2844072211161643,3.4340603320712018,1.0281496933397296,3.7929974193816265,5.1668422428559415,4.251744469877702,2.031687143707412,0.0006224164901114024,0.00014979799855293081,0.00048360089081070335,0.0,0.0
2233002210,2011-12,Eastern,1.9433516740156145,3.7819564098441885,2.5522513027600886,3.035849437837043,0.6844728844567362,4.29368499178121,2.9981885539266266,2.7083905184205297,2.010477820758531,3.0688488607174413,0.969900103482911,3.4255214271626104,4.779838781679028,3.3205395496821626,1.750963149779634,0.00042814717614321604,0.00012738748248136822,0.00037436934454920063,0.0,0.0
2233002603,2011-12,Eastern,2.305256267467924,3.967428007973115,2.7782193439407146,2.6395054515165484,0.7802883429941282,5.174201194296287,1.6867816621109635,2.9105118395077705,2.2869791763635585,3.0988384838765026,1.17957584209032,3.5887600028620903,4.709206582118607,3.8953519006764625,1.9832335188475834,0.00037903000680673804,0.00010619991700151056,0.0003669563741727497,0.0,0.0
2233002604,2011-12,Eastern,2.1537127728692753,4.589492278780781,2.632255200873816,3.167244438263806,0.6951402565481537,4.062866357946583,3.0291408837151246,2.8829496511506045,2.415632979170778,3.1449965171190546,1.0558905178977174,4.511716652705386,4.667666601339745,4.343660805816547,1.839612120436148,0.0006619055398403672,0.00012736667206019188,0.0005055342073090413,0.0,0.0
2233002605,2011-12,Eastern,4.399067978438138,7.545290537818227,5.0706976312548395,4.872752274619725,1.3557938594084453,8.778177848413463,3.5816223217437786,5.532790731152163,4.722193423269999,5.911689907563468,2.425676594656812,7.170053376276333,8.863825177437194,7.426691484685036,3.4736472321604914,0.0008311134354135164,0.00017952050204931956,0.0008662580838585518,0.0,0.0
2233002607,2011-12,Eastern,2.9952955890246353,4.682822806530691,3.707227520960964,3.588492292991196,1.1189805715605012,6.650952885198365,3.4791444512856815,3.5721928900683046,2.9201923884093888,4.059136281781173,1.3991598230000162,4.653320028169716,5.451942091989564,4.642222238198747,2.3040213592826504,0.0007419155027476597,0.00022257465082429792,0.0008167380991885966,0.0,0.0
2233002609,2011-12,Eastern,4.282648083710494,7.614523359178359,5.0754975450431,4.9037044688728155,1.2552993305502935,8.58329149777902,4.443410346039941,5.67580717481349,4.27596680630786,5.695218076193256,1.6474477405806012,7.098212015085426,8.82933533257278,6.653368661461659,3.4784348971524808,0.0006141618374994819,0.00016645181618593914,0.0005760654260179554,0.0,0.0
2233002902,2011-12,Eastern,2.28222243071914,4.904645345783545,2.7064749622059434,2.799571578357738,0.6394795736359682,4.080331105308555,2.210473787507587,3.3400287784466625,2.2689763701506007,3.1935927150248666,1.0018884163836022,4.415735811076928,5.407146011991518,4.253473559179689,2.1360534668461133,0.00018357409661516882,4.5179783498212234e-05,0.0001434312467559645,0.0,0.0
2233002903,2011-12,Eastern,2.0046533008224436,4.248781015498948,2.389978042359525,2.714466286908142,0.6681745885518214,3.601332454863497,2.183296700351499,2.8821213441501694,2.101860370328377,2.870462022049965,0.9688360664923672,4.138202514786943,4.886232897756864,4.351968608409828,1.8626474367830808,0.00030688593589783873,7.285317385810036e-05,0.0002456016433178217,0.0,0.0
2233002905,2011-12,Eastern,2.28311853120001,3.90670542876983,2.74785002620922,2.714270744744881,0.7076627468006245,5.107229683557308,2.64060271845216,2.894395060725903,2.2236353107526594,3.0572023607649155,1.0227839182470433,3.6714176386151784,4.594644369878666,3.4806382668188065,1.914290514495037,0.0004021690136527859,9.898043200095263e-05,0.00039367421341605935,0.0,0.0
2233002906,2011-12,Eastern,2.3438749441296713,4.997638810146003,2.8102277270828973,2.9372426445438,0.6328097331749011,3.9131903941284265,2.2548196012209525,3.187016857852923,2.3456268449212563,3.2079006102065355,1.1045119759897155,4.350752597877841,5.16337841171538,4.64087732368354,2.184317713574345,0.0004136875581415392,8.842952717030444e-05,0.00028056841118628644,0.0,0.0
2233002908,2011-12,Eastern,4.212124047764066,8.624263574692353,4.990665950850266,5.262869820715087,1.2340998771525624,6.872332138401059,3.631790657099025,5.659686775799218,4.531718879390052,5.964860535689984,2.286830661646281,7.363620522783748,9.464733898378002,8.86385406106993,3.8464552667973804,0.0009689490826798539,0.00018699017385049812,0.0007483276703150798,0.0,0.0
2233002909,2011-12,Eastern,1.8276907763923291,3.4508356826589504,2.2164223927056144,2.4815359570533957,0.734375990991201,3.8861904672292353,3.039703728112846,2.4956738502822233,1.8137255703840474,2.613543352183098,0.8163957671420964,3.5910120820383846,4.057160142432151,2.8681334631205453,1.5484432175686214,0.00041102328968505264,0.00012783795230361872,0.00040369989004920056,0.0,0.0
2233002910,2011-12,Eastern,1.4367211822561605,2.5566431663788602,1.7710423366652372,1.8560354539756343,0.46863274140765454,3.0088143843738826,1.5245971226254011,1.77285496282975,1.4173805186913477,2.0555386129222137,0.6425694603312765,2.331339869495016,3.0898499894852463,2.644932840662754,1.1748194499103912,0.0003071068208807923,8.308336314900005e-05,0.00027237714395111613,0.0,0.0
2243001302,2011-12,Eastern,1.143657571525085,2.2469174469686055,1.4116532001589477,1.5148451037464081,0.32421285948116446,2.2820187822105225,1.1606495991698245,1.5553275420584076,1.1273969115157305,1.6774255125908402,0.5732899066543945,2.057714527494157,2.825654779976397,2.3388198241271296,1.00519788049452,0.00011127841647179496,2.9682004393627312e-05,9.446505915981021e-05,0.0,0.0
2243001303,2011-12,Eastern,2.650388240184431,4.124638477602854,3.2804076204826966,3.169503852872304,0.9958359080157727,5.915847292547067,3.0869869960982976,3.13589546420538,2.581803086911785,3.6009230490590083,1.2676397984289738,4.0830837113022564,4.818236095728735,4.084540694223099,2.0386187752841853,0.0006607716668222946,0.0001982315000466884,0.0007307428900741388,0.0,0.0
2243001305,2011-12,Eastern,0.6760415717102521,1.1341445999550661,0.8303509714960565,0.8006036451142261,0.21842689228536244,1.3829738762828454,0.8387095635121788,0.7809980089285863,0.6418340548816848,0.9281155775051034,0.34994222524549856,0.9980964669136441,1.3487431955132496,1.0176790289233166,0.5473908629613802,0.0001693504062096237,4.5002738340776804e-05,0.00015605879784765984,0.0,0.0
2243001306,2011-12,Eastern,0.9313034711502448,1.9073923058270743,1.1405040727071891,1.2493973757979158,0.30451659925773195,1.8660242311483264,0.9283259947776173,1.2818627356114203,0.959521854299669,1.357542079444935,0.5364804164086705,1.7785204065363696,2.2140555184233324,1.7467479996910462,0.8566952810332913,0.00018499437094382325,4.679014534410518e-05,0.00015496077074677038,0.0,0.0
2243001307,2011-12,Eastern,1.7701823814444415,3.899241605917228,2.074566715542407,2.171915332941565,0.42606218189706113,2.8242880765948666,1.5909186928938406,2.345178700737314,1.6690503505651262,2.417931916797132,0.8384611471368246,3.102987345357976,4.008151245597396,3.7058703435621863,1.6414419564052003,0.00027351711592879155,5.4553960280879185e-05,0.00017053240312006797,0.0,0.0
2243001309,2011-12,Eastern,1.7625308857253708,3.569524356006783,2.058718515988906,2.303929176740048,0.5272285229000698,3.6375392587121596,2.035757414092918,2.554157749785623,1.7469354019084327,2.362052708029645,0.7964284124216259,3.610418672926378,4.096078053095518,3.0755774747396583,1.435728906709236,0.00011371605747442532,3.0791068974900035e-05,0.00010855050111156209,0.0,0.0
2243001310,2011-12,Eastern,1.2101715909886868,2.365807644115783,1.4148545575332612,1.397394479236463,0.3141908057067289,2.7002798357046505,1.3233697812908172,1.817595613005284,1.1462149888016087,1.6099926432849305,0.5628700451014315,2.318411309191941,2.5883800273797117,1.357118214580796,0.9369530011328157,0.00013965406760919392,4.4189432832060435e-05,0.0001399473044433846,0.0,0.0
224300131003,2011-12,Eastern,1.6903522298394091,3.3237166532240434,2.047135623507747,2.337917939268504,0.5345143634752652,3.4272232404304988,2.07882580027035,2.3833841263663396,1.7646236789287912,2.431971644086824,0.7880493680453875,3.2927131401499894,4.056715095468648,3.441043150108544,1.4713483588525875,0.00023476976003743638,5.6698457557047045e-05,0.00021032069195632417,0.0,0.0
224300131004,2011-12,Central,4.049846075073387,7.868963025203622,4.091824912696211,5.238897877948598,1.7103960276325485,9.303451555765799,7.063392755498845,5.583965576740112,4.276730445617033,5.161110071043211,1.8905506710678899,11.23983565220001,9.745444431196471,5.938514832597622,3.050250590688669,0.0005116285039430665,0.00023023282677437994,0.0006625859017004986,0.0,0.0
224300131006,2011-12,Eastern,3.7301912334376737,8.195598241941836,4.452576429123097,5.574937964124834,1.2455606672084587,7.571639229823692,4.814787159423343,5.389163759198026,4.21174751336097,5.720031110374047,1.9177736701576502,7.69133402141052,9.42675739575067,8.09088235153219,3.4093079271198556,0.0006654325714664633,0.00012975935143596035,0.0005424487936725109,0.0,0.0
2302300050203,2011-12,Northern,2.1970896105827142,4.898736062494326,2.3654837489339555,2.555060219598574,0.624649937183246,4.1920999122458555,2.510109126920412,3.176043145617205,2.43939236644338,2.977167881634573,1.3575745418173821,5.5854883625166725,5.457548617673875,6.569008188628911,1.8116740944848335,0.0008092098503929902,0.0001636979559739948,0.0006071303179206682,0.0,0.0
2302300051007,2011-12,Northern,2.4602963963995035,5.935440542410421,2.661522740105736,2.85238561337667,0.6067312610506372,4.122726842628762,2.2896674931621943,3.5575826905476617,2.514864447636697,3.585098813277679,1.473658480774825,5.846306921642775,7.097577589365888,10.297961273151255,2.167027399805725,0.0006172763988039538,0.00011787824453545728,0.00034681481090880764,0.0,0.0
2302300080102,2011-12,Northern,1.9305120118343722,3.8963497557747155,2.067391075930011,2.269528274967604,0.6346157228795172,4.023609046470099,2.5360484051086165,2.7346088196855853,2.025982510409833,2.658884940650328,1.142844503761059,4.860027979399337,5.160509822187842,6.10627566808214,1.5398696436803947,0.0007493655105723949,0.00017659228220456028,0.000677100219500407,0.0,0.0
230230010040203,2011-12,Northern,3.0172785576728085,7.111761585350763,3.273395375838376,3.901097413365052,1.0402390293759216,5.537353631299335,3.533083405274472,4.743134340128824,3.3934689764005976,4.540926957702642,1.9272779692408726,8.395629173022781,9.196919518951708,10.820072034411242,2.7222813485914408,0.001275898588914928,0.00036316992967608643,0.0009283204291867592,0.0,0.0
2302300100406,2011-12,Central,3.102754040514955,6.136258545821182,3.328851706238673,3.4481698336641533,0.7396657030019425,5.386213763602579,2.4303034114335222,3.746236183300724,2.94091184536633,3.8031119856530866,1.2472746806342687,6.34513659161549,6.7174711131417615,6.176574690870789,2.4885498462552933,0.0002715520736691644,7.637402071945249e-05,0.00022340987241118256,0.0,0.0
2302300160112,2011-12,Northern,3.52946238157384,7.479151603859622,4.072085542910287,4.515237546004778,1.1721638974508073,7.411590678303996,3.9454882314374577,5.2465555978581335,3.836507606522886,5.047376968694039,1.949769569965973,8.712682458237099,9.109330344968,11.651502005641643,2.874021405463585,0.001532485608024805,0.0003858579834491027,0.0012101034286005185,0.0,0.0
2302300351202,2011-12,Northern,3.033600930145879,7.054928043497714,3.2343998601118265,3.722688129849918,0.943440602736159,5.172624896469987,3.7134746379078436,4.636642336975159,3.2799544759333683,4.225392657737721,1.727542921954628,8.375578840167332,8.577500975783591,11.324569926709781,2.617641286708747,0.001084564839062556,0.00023240675122769062,0.0007778289057351916,0.0,0.0
2303100021106,2011-12,Northern,2.3474424887106475,4.751426077611315,2.690567751008502,2.874349234644654,0.8201030014620143,5.015001791019485,2.8195915021904523,3.4132357357005993,2.5265576440792534,3.2600792463887855,1.4036808379522356,5.715965404699615,5.892828168899172,7.461672262574581,1.915167822548109,0.0009645915427311367,0.000243054193079486,0.0008204448190876526,0.0,0.0
230410004030404,2011-12,Northern,2.0291128424321943,3.805561199110393,2.3298610506447797,2.324118361285383,0.7385236190854072,5.321911849055001,1.8739606829759343,2.9336873367587186,2.0182039856893517,2.8598612950770375,1.326967805551239,4.356236766678324,5.311255859639425,5.939816793582728,1.656452417249106,0.0004873675885767391,0.0001542585486779587,0.0004572045654621626,0.0,0.0
2304100041003,2011-12,Northern,1.610093117289703,3.0742984318204902,1.850831436675681,1.814848926178718,0.4359848889656336,3.1425850491643295,1.4596252908729395,2.0449012325459024,1.5835800475011084,2.4271330993220275,1.0349968264066902,3.087780191988973,4.368083788577326,6.013790234043121,1.2792926811555383,0.0008755588547971535,0.0002099325898650464,0.0006064502942010879,0.0,0.0
2304100070802,2011-12,Northern,3.748309779188832,7.5459143504997455,4.072895528236789,4.343777935142992,1.0903729151487802,7.5304229268190985,4.004336562854577,5.371034110686625,3.8591021442229674,5.2039371645270105,1.8221420619738953,8.750911931303198,10.147939905185732,12.896815389853124,2.9088840295306984,0.0011204164130434878,0.0002547342306919575,0.0009443741377173022,0.0,0.0
2304300140608,2011-12,Northern,1.1135918948281858,2.2779486628616494,1.2626850134286927,1.3273169600397898,0.3771101144220311,2.492774755414467,1.2055128850647248,1.5824142041501101,1.2009581556256184,1.6140201373376275,0.8860300445108846,2.626751272855539,3.0268066742446016,3.3976923802248993,0.9451691912581857,0.000647923904745241,0.0001609392978828613,0.000526011014293977,0.0,0.0
2305100010207,2011-12,Northern,0.9237673879351119,1.6668111753334585,1.0376712351887327,1.0385501771984753,0.2850270104811297,2.2391168653805194,1.0999043763463665,1.229748827476267,0.9025858505921784,1.3003045283426042,0.637837492349785,1.932859422350108,2.4444130615321984,2.6602095515050252,0.705593861898313,0.00023333353385805787,6.363641832492487e-05,0.0002158229632266791,0.0,0.0
2306300060209,2011-12,Northern,1.419607958251078,2.651845179971494,1.555445527465769,1.6394865605280535,0.4307239410648329,3.2104869667504765,1.6381219849074393,1.8284770152623944,1.4555512077647255,2.0035483428996965,0.9324280119727114,3.110234941104302,3.7800267889005554,4.7863217040162125,1.092756130086189,0.0006124711560245516,0.00012861894276515584,0.0005500663644564094,0.0,0.0
230710005030603,2011-12,Northern,3.054790241459604,6.3565315076672615,3.241002308204492,3.166392501675407,0.7855380793226482,5.228868263711308,3.2805709375685512,4.094306085087777,3.12390779325658,3.781150006716662,1.803302832366231,7.131393455889835,6.707031514692965,8.877885670378278,2.38604631749208,0.0014421522796994753,0.00030461787948754223,0.0010071836105678916,0.0,0.0
230710007040303,2011-12,Northern,1.6382476505409305,2.968122667329337,1.8262885809187817,1.633069492977095,0.5497670028675957,3.895004329889002,1.2004910938794273,2.185882337899814,1.7823788767610964,2.23910520533079,1.2736651124834089,3.33346544229438,3.9498379303288704,4.4013848994844205,1.3404520916392224,0.0007664889517450099,0.00019751830679582945,0.0007309994783005531,0.0,0.0
2307300220102,2011-12,Northern,1.1959603662701197,2.17826096319355,1.3134410349003809,1.32982579106645,0.4049129357066732,3.011831894507235,1.3842960527994743,1.6094136159154746,1.2192238619261007,1.651018801724121,0.7760674026644228,2.68305816560199,3.047252282284536,3.315874509877648,0.9292440967567224,0.0005235081180386098,0.00013646789290618132,0.0005325520976082906,0.0,0.0
2308300040103,2011-12,Northern,1.21922061461164,3.122887173605,1.332321906807109,1.487351791435815,0.3362590273934865,1.8269596897954712,1.274407537538314,1.7503601248482548,1.3987343810502628,1.7638455935812163,1.019808972975557,3.169563719654259,3.534673715798692,6.060429988121871,1.1724486527791231,0.0006309957912312601,8.723444118404517e-05,0.0003408847701014023,0.0,0.0
2308300040405,2011-12,Northern,1.7442767274210118,3.4299656826022824,1.9092092212338234,2.10862448585132,0.6310171506412958,4.108398472212022,2.237258293562461,2.475560574145466,1.8594378373204918,2.5522223581026973,1.1512344764939866,4.281685502103347,4.892669093754444,5.125906384656876,1.4089780982797904,0.0007650634331630185,0.0002248349681132136,0.0007398083342194526,0.0,0.0
2309300010302,2011-12,Northern,2.9116847838659576,6.69243495123828,3.16229213673007,3.1297793285490303,0.7978856391533344,4.968191457853994,2.757548598149893,4.385839570507414,3.053545579341169,3.7712441931593674,1.7490950344976077,7.318598856156404,6.944673625222467,8.607580404788653,2.600141468491468,0.0013287353909235788,0.0002875204732460685,0.0009014820070047996,0.0,0.0
2309300010303,2011-12,Northern,0.9819036247516333,1.9982670584619227,1.0983173181362094,1.1031674854658031,0.3273774672706043,2.232848621732625,1.0157265116194827,1.4218862203561604,0.9866994241159521,1.3924620442883588,0.7433067527877673,2.2607040481807186,2.6572519435533484,2.766557450307915,0.8197888094552058,0.0003421969052155959,9.553283822668799e-05,0.00029446870908738846,0.0,0.0
230930001090308,2011-12,Northern,2.521606906528717,5.4995509976139285,2.700070967491534,3.0105951343466417,0.7810229582516488,4.813940255248077,3.1390267575723407,3.753253183208921,2.6413342216117157,3.496911535659462,1.4312733789428578,6.565008462948231,6.895521789538004,8.214640422181942,2.1027219758930955,0.0010495277695117674,0.00023499741926568096,0.0008510922182027338,0.0,0.0
2309300020710,2011-12,Northern,1.194321023786486,2.4716264353342607,1.310717829534945,1.4471800311157292,0.39817191604072105,2.4688547519314774,1.6284089317241717,1.7196013577329674,1.2524711591734041,1.7282741574664908,0.8125261751880027,2.979601316615151,3.4116621747097344,3.904764585953001,0.9893014557020646,0.0005164196608080097,0.00013235966096339743,0.00042678933619693087,0.0,0.0
2310300100405,2011-12,Northern,1.2096708809173553,2.8693962754452182,1.314261119947795,1.3179076876812115,0.2966334554570037,1.8716892838654142,1.1795684615282205,1.6993749997605905,1.228817777599357,1.6706584543613903,0.8444726162990394,2.836484418415496,3.2378940756735317,4.813194633522633,1.1109751026285208,0.0004806902594384762,8.487712622952115e-05,0.00027075798405787154,0.0,0.0
2315300160303,2011-12,Northern,2.305775724271909,5.0856602995879365,2.4455660207754377,2.7453675644362345,0.6835139501026611,4.197666378295305,2.6385959698311052,3.321876363933545,2.413648399421926,3.2418412155995293,1.336743659766817,5.995031956287405,6.5261664420338,8.479113293977592,1.8692584244703339,0.0008943921980925203,0.00020054670421146718,0.0006488228124788754,0.0,0.0
231730009100411,2011-12,Northern,3.445748803805077,7.416335957466152,3.9005132428248404,4.295771882988093,1.1931513353104124,7.91940327511655,3.84557255551379,5.503652524797172,3.607781532826635,4.964479821018082,1.9753614499401202,8.668718083180298,9.586924007547411,9.856485571429126,2.9138922874680846,0.0009561594933967009,0.0002888572900366566,0.0008239228161227799,0.0,0.0
231730009100504,2011-12,Northern,1.3647181469866378,2.873655597655399,1.4561390877679963,1.5894182449588938,0.4460944102340947,2.624492058689686,1.8113343294494904,1.926993637285194,1.4707741315602834,1.8803354696291659,0.9307448502631467,3.554910591689564,3.683232244387886,4.361668897280687,1.111728477616323,0.0006150161896971848,0.00014163235903814838,0.0005064311363421848,0.0,0.0
2317300110305,2011-12,Northern,1.3858452903935259,2.6510481605304776,1.5832723495695824,1.548721026432133,0.46965716356759885,3.320049337184872,1.4105090502917506,1.936631601785945,1.375354410004114,1.9720847242966961,0.8924492488692306,3.1374137953278907,3.570012863750459,4.002244922815464,1.0976107019979786,0.0006302563220592744,0.00019011578066513275,0.000560296921596202,0.0,0.0
2318300030106,2011-12,Northern,7.146467754748144,15.170103329773902,7.7774393394302175,7.952999330213378,1.970623240658617,12.710128554196746,5.5141755245017094,10.221747102333156,7.998789252002286,9.941007107922662,4.191397179322199,16.233276320134447,18.96300483665539,25.363355034379605,5.669747365090731,0.002956521553288422,0.0006208695261905686,0.0022097297607486673,0.0,0.0
2320300211001,2011-12,Northern,1.4559125876877523,3.2992158613808065,1.6110215926895008,1.9399201957100514,0.5432030407470494,3.4719687549424436,2.407048411040924,2.2517456006090555,1.7798761801575709,2.153998714388641,1.2139914948051558,4.090435144502416,4.173322368272153,4.582445318173307,1.240870862722452,0.0005460580095840313,0.00011262446447670644,0.0004787312078634139,0.0,0.0
2320300241005,2011-12,Northern,2.3661736854505353,4.808295786920144,2.5398561725566555,2.794881517008911,0.7532992590668213,5.212368620961065,3.0663518383991883,3.274692667677039,2.5908171711150825,3.1679384022397095,1.5939996973469988,6.001978414247922,5.972527329345404,7.268979695517793,1.8229652209782987,0.0012671184595237576,0.0002470880996071327,0.001175305784282747,0.0,0.0
2321300280802,2011-12,Northern,1.3626652374197699,2.5805002455504393,1.455657217838011,1.5542142828291494,0.47071790461897245,3.239501349341688,1.9401736871692823,1.8479381698513053,1.4278905549371284,1.8412571418223738,0.8826293525361327,3.3507582278525767,3.4765173785073644,3.743176409976647,1.0302800611572906,0.0006493477439943917,0.00016284423892359354,0.0006638967380671051,0.0,0.0
2401300030408,2011-12,Western,1.0532816894895172,1.9629707816291673,1.5130527393408888,1.8802194871381133,0.5087380390054003,2.686121910102434,1.990259271986572,1.3860280727462035,1.152765112559184,1.8215128845353132,0.5781042391659993,1.9435225445815705,2.8747939637360806,2.0410148849349445,0.9694362820492983,0.00012081218390847355,3.811832699181148e-05,0.00013788405058718384,0.0,0.0
2402300070804,2011-12,Western,1.5039217408867593,3.365060325198034,2.112710431616317,2.693571516637975,0.5986095754636849,3.2206624210175465,1.8121234399208168,2.066213835614681,1.7978479496886495,2.641562581223505,0.9246246357133369,2.9936897150340203,4.323692309285304,3.541789121286734,1.5357570149310156,0.00013843630655532572,3.0406545904116186e-05,0.00012715225589956562,0.0,0.0
2402300160906,2011-12,Western,2.4451750616284795,5.721477816224993,3.4562959773421835,4.480888153059029,0.9449022464541724,5.096350088141225,3.481430790438767,3.685930510396323,2.851254008308424,4.092851057854475,1.1280189854521283,5.765557869012722,6.808196113719334,4.749393389920318,2.333852811756701,0.0003604243683573041,9.557110655036502e-05,0.0003060346106381611,0.0,0.0
2402300301008,2011-12,Western,2.7900680996825913,5.7401952342595415,3.8658683728241754,4.549211790893961,1.0491947633447942,5.876414320179794,3.6865142818661805,3.906780975118638,3.0933760216363755,4.3129398620669885,1.400781141964241,5.678612763527688,7.175293450162173,6.060090307596235,2.6450690323502024,0.00027768749375429113,7.379490483627816e-05,0.00025112653467685017,0.0,0.0
2402300301009,2011-12,Western,6.313845145224398,17.451074455196864,8.433806051569377,11.680733589141449,2.0636910484233835,9.527318775239225,8.514986800158704,9.501974492420048,7.680117384475708,10.075926548235625,3.6032640503423425,15.804336757595243,17.63468612569747,19.637565845473585,6.466882915448202,0.0012872345860872293,0.00018066450331048832,0.0007563776109700415,0.0,0.0
2403100020903,2011-12,Western,2.1803482557231346,4.312075408085709,2.893266720906288,3.6364162193800347,0.9297711708382094,5.133802915535832,3.8036442751782222,2.942372830936378,2.398695085747253,3.438843366647461,1.0943420105861252,4.699660859056644,5.772206901307788,4.472451023862024,1.9088731306123843,0.00027000139049363105,6.771128620973091e-05,0.0002986124254795947,0.0,0.0
2403300060102,2011-12,Western,1.4111241178876033,3.238980025282323,2.037313206164505,2.5482476986284968,0.4807485667265242,2.965508204322661,1.8156931705816375,2.009433891655383,1.601697723351739,2.3689647519083836,0.920871900626543,2.8229170323523416,3.796555478003962,2.6355130841115213,1.3720543770239244,0.0001882682102558823,4.219324534580794e-05,0.00015419662366051592,0.0,0.0
240430010030403,2011-12,Western,4.904045957069249,9.67941638106933,6.644411980320144,7.769767957943777,2.15976879888933,11.447293529570496,8.039852188072352,7.116187703829464,5.396347503238916,7.478264438270861,1.9223602051052184,10.680253091667398,12.620612341388416,9.561871894302751,4.1757664346361,0.0005549259773665142,0.00016828733444049722,0.0005946445613456844,0.0,0.0
2405100050603,2011-12,Western,3.7886483471865326,8.397943609754796,4.9756802863717615,6.645374992979481,1.7474035149498341,8.646177515429383,7.452314366923175,5.709167739733858,4.504848085760933,6.112280742139628,2.0263000431872853,9.457552414881787,10.702902990629294,8.057760770978112,3.4873317482589172,0.00040486845743937686,0.00010277430073461106,0.0004189601976417341,0.0,0.0
2410300260803,2011-12,Western,2.478212064205657,5.998880929005499,3.1909383790276538,3.86261928851513,0.8349198673109018,4.807905657664575,2.656189111088252,3.835167296938659,2.810071041852234,3.639679263631054,1.1635737769561572,6.176708626639923,6.5722102225972705,5.429885911552836,2.2985137404639593,0.00019429203618358818,4.389127323424431e-05,0.00016713587110038587,0.0,0.0
2410300290303,2011-12,Western,1.3278896215878881,2.5831396282230585,1.8250855436709228,1.9790281781675108,0.5045181999017161,2.754467029634439,1.3722404946793494,1.645687932588255,1.4612213292266785,2.001403085744559,0.8434935655119864,2.4175596123825396,3.1509643719910305,2.6488789604570413,1.235119646427074,0.00017291778956892052,3.72438315994598e-05,0.00016864248673402867,0.0,0.0
2411100021110,2011-12,Western,3.2867710163918398,6.625981792295906,4.314583863077452,5.4986984421609915,1.384162074005734,7.617033962836726,5.673166887959025,4.565869278448597,3.6257908486595225,5.117481714204917,1.5339531923381282,7.326150746681367,8.683693661555276,6.83557615900898,2.857311144445443,0.0003992451577871755,0.00010012319972631511,0.0004285194769653362,0.0,0.0
2413300030103,2011-12,Western,1.733483932416068,3.3876391863633017,2.312015394321827,2.6866799992870143,0.6602854567315891,3.7256354967881435,2.384182979880371,2.3136200331849968,1.9251609842412944,2.7237334016486807,0.8727721589132111,3.3986227862910483,4.715175275071348,4.018383096830375,1.5442313123956735,0.00016663607179853547,3.843489843418359e-05,0.00017510610421304627,0.0,0.0
2417300140909,2011-12,Western,7.064990558390103,16.921699252805187,9.149568440567633,11.891287508417355,2.3181195983070375,12.506833920079162,11.034338345815835,10.057087899311332,8.558865360241473,10.624031879287497,4.138990155924022,17.28119365668533,17.97822038799963,18.18315019722125,6.2170004964320755,0.0012392133991935537,0.0001784467294838717,0.0009161353468002495,0.0,0.0
2417300170704,2011-12,Western,7.49806217504188,21.26558360516939,9.878063609602039,14.077195592874993,2.522523108203654,12.487149245685965,11.12600096261819,12.04950216829495,9.538642753848663,12.03396530040182,3.9662749287103165,20.29175790488557,21.378273189169146,22.193761191614335,7.489330481038191,0.0011443511315767175,0.00016237414704804777,0.0007270875352461612,0.0,0.0
2417300170706,2011-12,Western,1.50171354970276,3.3840055396253685,2.092434751167981,2.8025713127406515,0.639730234354609,3.293813579303511,2.320323818792175,2.1293982039100494,1.8091238514128887,2.6912624256164617,0.8729680636194759,3.2522129262407153,4.534142892082451,3.4004781900327097,1.5001103064361099,0.00014835688191946193,3.523475945587221e-05,0.00014319470135077154,0.0,0.0
2418300230206,2011-12,Western,5.983653829015217,13.817249465347176,7.812149878801051,10.282552141368637,2.352486796825525,10.939056721574536,9.471710461990272,9.036749444976184,6.862663934010855,9.247072756736218,2.6911917168628543,14.875516403522568,16.84939404526725,14.851432641853716,5.565749600248136,0.0006654239542426148,0.00015324078614300878,0.0005597658667069118,0.0,0.0
2419300350905,2011-12,Western,2.5712207533993334,5.984178235062188,3.416072702815015,4.397877879821053,0.9938763531869308,4.4644756505679135,3.7986505870452176,3.7514506353682684,2.945233301265758,4.113940692278206,1.3026481460327466,6.037557448631104,7.633378927796882,7.263683425250874,2.5505346128856554,0.00025138999379869576,5.3869284385434806e-05,0.00020732136171718374,0.0,0.0
30104300061104,2011-12,Central,4.186147164353203,9.865875515138264,4.2099921390268955,5.346281217010164,1.0072896262354174,6.969468634183873,5.330149220070605,5.47020584251814,4.827215183891915,5.172467540343176,2.329015772904495,11.622553503186348,9.480084469097836,8.782248385180736,3.1800308619636093,0.000786127772548043,0.00011320239924691819,0.0006106552846025086,0.0,0.0
30104300080602,2011-12,Central,1.0961797233891444,2.1542140586844827,1.2803110071020831,1.3924060988827043,0.3048559719375789,2.5895829165347806,0.8719904776549358,1.383644595965268,1.0472081086385359,1.5243505922414176,0.562364954181465,2.239888044210237,2.816422822876119,2.377466645629346,0.8975797170573532,6.531134984676641e-05,1.8758027223431746e-05,7.043262642618575e-05,0.0,0.0
30105300190602,2011-12,Central,1.7551375044128172,3.6667553615355293,1.8381554390495813,2.281972565385667,0.5172378829247113,3.464712090450854,2.2933312925950644,2.302017890011732,1.8775596870092213,2.3062002104664776,0.808323628987489,4.5258277406198895,4.373233343647166,3.530182842372802,1.4009844331631718,0.0001966589841839863,4.634381799417709e-05,0.00020513699601044976,0.0,0.0
30106300070605,2011-12,Central,1.5569317539701517,3.292658248331578,1.6416032191223107,2.0490438020033035,0.4522994504647239,3.116007319653221,2.047954624155542,2.017257882767236,1.6374260468364359,2.0540813628799097,0.7400477635859734,3.973478993323003,3.8062496136104227,2.881260706997573,1.2381676733124227,0.0002306149959148062,5.434574698812031e-05,0.00023289707935575109,0.0,0.0
3010730012030203,2011-12,Central,3.5041591589381524,7.44570871891956,3.911957779505346,4.707982242541899,1.0111858209113131,6.032380187420311,4.549138517898968,4.580666979536443,3.7627783754804103,4.54708715177925,1.5440068958940971,8.951948216081632,7.636239963687111,7.227995466273889,2.8100149625460604,0.0006269976850665609,0.00014439158307549433,0.0005300972296567267,0.0,0.0
3010730016100203,2011-12,Central,4.256809846168066,8.406237243766675,4.328563635768579,4.563309392637109,1.009279169029395,7.194254562469776,5.362233018600044,5.1817859278121965,4.312840733325203,4.684778053918536,1.8626650688929127,9.78382523741412,7.700216030760397,6.460167173449931,3.1792658087386276,0.000588394965341704,0.000126731223304367,0.00051193552729528,0.0,0.0
3010830020020503,2011-12,Central,1.6296865023682954,3.7441439148249533,1.7038468686454062,1.9609327719252532,0.4040645433192071,2.7238839027116235,2.0113147310498025,2.1228901070607256,1.8332732195476982,2.002787850251046,0.8501227059451438,4.201163813433837,3.59356817888588,3.1546352131762947,1.3612104621379255,0.00017604865624337135,3.17464789947063e-05,0.00015277970790164276,0.0,0.0
301101000102050,2011-12,Central,2.6878423053578873,5.617308373868455,2.740564261274696,3.4708236138441744,0.8232849181255265,5.433714984322324,4.030589107941577,3.555690122179592,2.9064108971764497,3.382094845807245,1.242066511720788,7.368147375435244,6.342066505304718,4.573619855960222,2.0064226832655647,0.00038732188172750073,9.832016997698097e-05,0.0004031420901745112,0.0,0.0
30110300050207,2011-12,Central,1.3260288985567952,2.6504100583336183,1.4539535671387798,1.56856037882784,0.37053948884265675,2.9339932512274776,1.3164626222801676,1.7508499443924657,1.3070455443619904,1.7294573246358722,0.6295895243016775,2.90425239142869,3.0625519814469713,2.0979173782797,1.0836448371571457,9.134548455919454e-05,2.638405804010678e-05,9.988493026656314e-05,0.0,0.0
30110300050208,2011-12,Central,2.212037989250442,4.75659850409606,2.5848476348114415,3.445932276400619,0.6676022279092044,4.830924425609841,2.8822521202850955,3.0130092456451094,2.389981478198749,3.360906705111275,1.0677969032030996,5.11238999422128,6.191634955349035,4.890201782550994,1.898805858991049,0.00020040060256358168,5.0193621071195604e-05,0.00018575904766461284,0.0,0.0
30110300050802,2011-12,Central,6.132359047423594,10.46174206171524,6.197037509622288,5.680197460874531,1.570896936759991,10.278367034836169,7.7729269781531745,7.0257423766686875,5.6297962523565035,6.161210777475055,2.6969462425314537,12.253026003044331,9.220824390222695,7.400351115110014,4.6220549779562505,0.0007257176621550863,0.00024881748416745816,0.0007163508840362851,0.0,0.0
30113300141003,2011-12,Central,4.177237269205348,8.24529822299552,4.248343975988784,4.477105563631125,0.9906273234341297,7.0658690412737775,5.262591058589669,5.077917174218458,4.232056365094134,4.598396680738689,1.8341279013562555,9.597363500658092,7.557888681566912,6.339995551088184,3.120093011449433,0.000578428146743173,0.0001245845239139142,0.0005039784440135048,0.0,0.0
30113300141004,2011-12,Central,3.563120607950159,8.147787792174668,3.700905215969646,4.752003865259116,1.0279961106501714,6.151366622682638,4.675689609538927,5.020996613870723,3.9249835877136943,4.602175879755685,1.5534506509990549,10.020577635801326,8.990219552080992,7.353465883653449,2.9020324917240576,0.00042980662659675286,9.898036421626467e-05,0.00037934836554038393,0.0,0.0
3013000301,2011-12,Northern,0.8533441586147437,1.4570838749423196,0.9747140010701965,0.857919268412343,0.2411919848281582,2.0266052905919545,0.648381423639548,1.0822490034192982,0.7914950534789941,1.1515041550472433,0.6319356371676644,1.4223061716778838,2.009126069086713,2.3104232131136713,0.6587047299288792,0.00015814655479763824,4.427156548975801e-05,0.0001394194317836156,0.0,0.0
3013000302,2011-12,Northern,1.1371742583609608,1.9010408945104469,1.2859190146427328,1.1845817063962103,0.41517333926775635,2.974715819389872,1.2955328268219544,1.490064869860268,1.0925277024559616,1.5716799410771856,0.6799051658371082,2.342336000452151,2.77237344809699,2.914425243079012,0.8330515467287553,0.0005979619022674373,0.0002137160132178063,0.0006431701427689407,0.0,0.0
3013000303,2011-12,Northern,1.6579241915146743,3.186278709064313,1.768979401513051,1.8217873465218453,0.5410359011956181,3.5507794691072574,1.7655583052680008,2.278738586581782,1.6692930038736151,2.23055864208891,0.9622922716119766,3.8573463164979684,4.2172260972318805,5.080551997733279,1.3175614313545114,0.000539003917207427,0.00013629628869752023,0.0004920004039539184,0.0,0.0
3013000304,2011-12,Northern,2.3351794109455097,5.767167062299054,2.602913490127099,2.9418871834259126,0.6466410950677278,4.388216463458493,2.1291881911948805,3.5131822504087302,2.8252116368507636,3.6007600771846753,1.6512913511382867,5.9496101439965665,6.99710487597409,9.291005280146303,2.033109220369425,0.0009184048797178935,0.00017047890579763398,0.0005898892969745992,0.0,0.0
3013000305,2011-12,Northern,1.2353678314505685,2.435367211202157,1.3613178864084305,1.3350172031572185,0.421338992405471,3.065024890182607,1.4386771486742689,1.8351121604380722,1.234944884142273,1.6597831331153818,0.7902660472467523,3.019085926632505,3.113123172516879,2.9507298509972535,0.9690118997877938,0.00036911637634926133,0.00012292591249062556,0.0003673065859203636,0.0,0.0
3013000306,2011-12,Northern,1.7112223326174116,3.934383356760227,1.9222419866200144,2.0942493136949833,0.5403609521637945,3.572416857810349,1.7145727905741652,2.5878094438884673,1.929732019335805,2.5297855827744438,1.306368094320067,4.322390383668093,4.813006866286126,5.509698030533802,1.5424877078728758,0.0007707649832282454,0.000162583238649708,0.0005798873564508054,0.0,0.0
3013000308,2011-12,Northern,3.282144598107373,6.334900534236434,3.754470118721114,3.753161193697149,1.0098148475906448,6.991671637570462,3.0767722045173893,4.58061886132243,3.3108535254509657,4.750276872866823,1.6649485448053836,7.059674050029196,8.494731562700371,10.478312282124119,2.5876832015154796,0.0013959953323373893,0.0004123223326955279,0.0011406216696670936,0.0,0.0
3013000309,2011-12,Northern,1.490550819501648,3.2734256938100965,1.6155579172054402,1.5473336574642038,0.4020776787777714,2.7574445961030603,1.2462027649099192,2.111537005126265,1.4863316207950898,1.98487450926012,1.0197120449679455,3.356223636568416,3.6527830049047414,4.264062297721555,1.2939743958191217,0.00043834248882174267,0.00010105998556326705,0.0003033963239314956,0.0,0.0
3013000310,2011-12,Northern,2.3388964808712767,4.343616559191021,2.6226921288206633,2.6868052363873653,0.6921069219506867,5.435445504668006,2.2210081654235405,3.19483050091657,2.2535307373421802,3.520754037768377,1.2953974282617458,4.770157590283253,6.8530178403959425,8.214825236792732,1.80372126412323,0.0006691293237448624,0.00019453038071757853,0.0005515878216296534,0.0,0.0
30201300040603,2011-12,Eastern,2.1209748655743246,4.1917496927929365,2.709991943466222,3.2254659027367523,0.7445953090736804,4.432273448644737,3.0048538619115432,2.899160989321442,2.176911809967371,3.290063825777159,0.9900812796627154,3.881044721252141,5.175261503684241,3.951181857993934,1.8811541463662782,0.0004272468193552933,0.00012124571900623187,0.00035811479229615965,0.0,0.0
30201300040606,2011-12,Eastern,1.9169417682257068,3.5578518866521924,2.331924137461421,2.3846303285289756,0.5954682753685132,3.9216076517377676,1.5017416875212413,2.42019603936287,1.9748418615638403,2.7649832598550237,1.0584868075324214,3.070956555650863,4.338078451161375,3.7810690859968012,1.6686851079785086,0.00035332832457621755,8.652938561050225e-05,0.00030057091226190345,0.0,0.0
30201300041003,2011-12,Eastern,2.807333706182805,6.177353989281242,3.274866938195809,3.4352834827241203,0.6629446681326413,4.50891766054607,2.5173145284690666,3.750838062002582,2.6347599020567216,3.774821689449594,1.2017617083155894,5.001697953767333,6.14408418326999,5.370334248422597,2.5563092345095693,0.0005088823338114906,0.00010471038081409401,0.0003137867023412718,0.0,0.0
30201300060403,2011-12,Eastern,3.241865073020975,6.257966536346372,3.8367034156196147,4.004844257058022,0.9172428313870397,5.7218086054475705,2.6385861932706263,4.093441986178323,3.4458791145306202,4.63933620366536,1.7236274126951578,5.3955099161371,7.42067407984663,6.964793926525431,2.700285920657838,0.0006122025937101466,0.0001285625446791308,0.0004888356843975706,0.0,0.0
30201300080915,2011-12,Eastern,1.3221731683387488,2.8920782768752193,1.6407120361896805,1.680696168708509,0.34273403572783095,2.4203952534360735,1.3042577304401928,1.9004814269985113,1.3222452771500801,1.9332597921131354,0.767402629213095,2.31268505667814,3.1935829449083855,2.3559706345342675,1.3001536668383251,0.000145129190166949,3.275829873809382e-05,0.00010616381432379102,0.0,0.0
30204300120913,2011-12,Eastern,4.483070491902043,8.690238778751507,5.699837184068701,6.608513811440649,1.475623161800983,9.500097672196627,5.7190979775627415,6.412569116998897,4.6471071366014245,6.846604523068879,2.0501582468648416,7.7553284440284935,11.374319205141587,8.766131831779543,4.05045390430349,0.0008335777788277513,0.00023116022438080495,0.0007218089965881824,0.0,0.0
30208300050203,2011-12,Eastern,3.4995620050122582,7.808693731971007,4.2571461373876245,4.906008885302134,0.9676547080808833,6.4664434869218494,4.127599077075503,5.726108181290507,3.763916303584697,4.996389730839485,1.4086185213520943,7.672655493782614,8.808837960443025,6.510019105273569,3.1242550704900904,0.0002833583186440598,6.822557303145721e-05,0.00023517252725280936,0.0,0.0
3021000201,2011-12,Northern,2.5254129621805554,5.815389448188981,2.7093360352467837,2.7887433931334957,0.7110346138621588,4.820440721961544,2.2425642318765884,3.8159975860473017,2.7200686336745146,3.319062675686916,1.4964046982467516,6.531292862600935,6.100927568288836,7.210769620326899,2.114608447267605,0.0008116733035208991,0.0001837135557522749,0.0005915474227174632,0.0,0.0
3021000203,2011-12,Northern,2.5496909960263325,5.026831849206823,2.706472603776234,2.9963472335237107,0.8799933011186547,5.855998486593874,3.6259243797840917,3.626091437538997,2.6871370575628455,3.405011507586883,1.4564445242557493,6.564798382755415,6.492073387023335,7.106867842971376,1.9324871544682447,0.0011714420383699107,0.00029377569868495416,0.0011749919543730942,0.0,0.0
3021000205,2011-12,Northern,1.1984229750918243,2.8522370486899864,1.324270728740671,1.490227119054263,0.3430615489061884,2.244539604784615,1.3424076037515609,1.7595895556090273,1.3316215805352027,1.7338757964460716,0.7818448010293496,3.282707495167864,3.2304891294573452,3.828220853793568,0.9871799527484011,0.0006984934912852581,0.00014869375241552144,0.0004818600707457373,0.0,0.0
3021000207,2011-12,Northern,2.4203843103546347,5.409761778981329,2.589933546226229,2.711303258463009,0.749658847461669,4.762180881898921,2.5120658218985366,3.6804052470490163,2.628210756426776,3.2573584306054832,1.4292818358073587,6.284547556928994,5.948456462931894,6.294917747421494,2.0468729865812016,0.0007420622755878759,0.000199589163778808,0.0005886474154639379,0.0,0.0
3021000210,2011-12,Northern,2.3429140675134366,4.700716051711915,2.6356252739918036,2.7783124678939277,0.7084249212811566,5.115623340550951,2.7023696102886046,3.385766736726377,2.496335344803047,3.237215447126527,1.1918072127172465,5.647373916140244,5.981088433655875,6.978201191407259,1.732069929785036,0.00125509419295906,0.0003337409558550228,0.0011208517256742184,0.0,0.0
3021000211,2011-12,Northern,1.1046636361481224,1.827398184126838,1.2382288365451504,1.1916913280053998,0.37609047061441103,2.9457413214274517,1.1555792481466174,1.4490160299986252,1.0388694930350686,1.5713290231980275,0.6764970267416809,2.100119904803592,2.908354243594209,3.1591098249619125,0.8183700981082505,0.0002688461837140543,9.387024313713409e-05,0.0002768391563222381,0.0,0.0
3021000212,2011-12,Northern,3.8339122158479393,9.114527446165678,3.9448608767577777,4.3129698930253655,1.0276084534754333,6.619067468757809,3.6963062350537688,5.793676106973975,4.117502475465938,4.814275072197228,1.9500087579879253,10.382889930005973,9.012103822133646,11.919624140380847,3.0400592038934326,0.0011854708177276507,0.00023420277130717002,0.0008240150499535453,0.0,0.0
3021000213,2011-12,Northern,2.2383863026243134,4.922552064196626,2.449183940751901,2.455063241681601,0.6095812015133742,4.215845866497495,2.019521699858568,3.200611035669927,2.382742180656698,3.0264721646783475,1.4002410718706009,5.416223719885306,5.473084560073118,6.753629689822252,1.8796981298085138,0.0010430065340590875,0.00024217754455207576,0.000722038582415311,0.0,0.0
30210300060311,2011-12,Eastern,2.250919276931097,4.694884158625409,2.801672656385503,3.3522408603225453,0.8403002957527603,4.792187641325107,2.6981420619671628,3.285011208366084,2.479787094146278,3.4183834082055444,1.2697470012231358,4.504711646883883,5.699132799254316,4.75607205276633,2.136594087166676,0.00033002869448922324,8.197658086589228e-05,0.0002833869863248362,0.0,0.0
30211230006050302,2011-12,Central,2.9416314911415244,6.642836616550436,3.150918990464164,3.6367424521656546,0.7130245542063606,4.872428726555798,2.7312421511919176,3.85553834874304,3.407806809098787,3.8080101538611846,1.4673311868458416,7.233079133527484,7.1650135867561655,6.877314775132278,2.406609945315616,0.0003737101440001866,6.438924778381592e-05,0.000310454561568896,0.0,0.0
30211300070503,2011-12,Eastern,4.08814666631971,8.593447430769947,4.791146453096193,6.066093311895456,1.601166144732826,8.107992200285906,5.571708077077601,5.995552403944537,4.466484879967645,6.2251076630420235,1.9988633520729941,8.917521756739735,10.524239399041045,7.643457001769715,3.6608894582051974,0.0008622859796737298,0.0002964108055128446,0.0007513177447710336,0.0,0.0
30212300111003,2011-12,Eastern,2.4685888600719443,4.586754669357184,2.78644358473173,3.2487141674238837,0.9476528801638952,5.316675440491697,4.128801561987933,3.3368453442939745,2.4544398665107514,3.3154645735277626,1.0489831105239547,5.208079782521809,5.510870165349211,3.946861907038088,1.9238818708076943,0.0004765133086882262,0.00014565123774998613,0.0004984782040126693,0.0,0.0
30218300370504,2011-12,Eastern,1.4247141749889198,2.672684294128453,1.911869879907697,2.2791374644046205,0.5049741212826382,3.348847143833578,1.884431377226923,1.8990007165843257,1.482509368465655,2.3051960260413566,0.752545274788148,2.4006505127163784,3.561911142822594,2.6119964664134674,1.257823827551585,0.0002443291480923311,7.564430424938572e-05,0.00021927286156055303,0.0,0.0
30223300260910,2011-12,Eastern,1.2993738174772724,2.375754156344338,1.6046153562826313,1.7579064286930854,0.40409435414253025,2.9571097313744685,1.6271851415275225,1.7284497218626955,1.2741753337594492,1.9178798388289524,0.6725540373070815,2.1309174158401913,3.04245045572577,2.111381893043823,1.1263854143557153,0.00025793771201742914,6.715143536642819e-05,0.00024287986874646804,0.0,0.0
3023000301,2011-12,Northern,1.3254744974829649,2.4545902635797954,1.5083866680231026,1.511984002328971,0.45327963755135336,3.003360314973301,1.4656274077064853,1.7926399662433028,1.4211234316187162,1.9571020715044218,1.0375874551202775,2.765910532644774,3.660464283236284,4.069746385661623,1.07961611490468,0.0006367380094007008,0.0001664501850300587,0.0005800761496494828,0.0,0.0
3023000302,2011-12,Northern,1.5034902773404826,3.034336755053457,1.7902568025285777,1.7428364469508042,0.4564736494728007,3.151799073443332,1.3544873966131246,2.084663611449048,1.6233548633899597,2.26573457717015,1.0945910966113925,3.1834323736816375,3.92868863134668,4.607467239869981,1.281946165096392,0.0010470344289829452,0.00027322248785503864,0.0007893997956773084,0.0,0.0
3023000303,2011-12,Northern,1.4645160901158325,2.557449925009866,1.7157825630854673,1.5414678557357118,0.48223203619327515,3.451807428827818,1.2090733954960011,1.89609914033226,1.4769303991644198,2.062942878268483,0.9778486788400572,2.808956465595373,3.4739708393343585,4.182251378042475,1.1595373498075017,0.000774415539251506,0.00023232466177545177,0.000691819244739888,0.0,0.0
302300030303,2011-12,Northern,2.094637074365489,4.554360972903615,2.2182040031639922,2.4904847894242588,0.683849227516816,3.9322057611214576,2.77759003628028,3.059435897548129,2.2656706871718715,2.8605735067894704,1.315429184026588,5.66862639433037,5.6493320334223975,6.772555490406425,1.7091404201434868,0.0009274680264740469,0.00021358703514236352,0.000749373220818196,0.0,0.0
302300030307,2011-12,Northern,2.2560631137869556,4.764761193189244,2.505336222938702,2.536586004975549,0.6348695996407898,4.378528911485794,2.3059286787964712,3.2803978401197407,2.269245115471565,3.1201792716889054,1.33998054653115,5.26722999982573,5.914816764712972,7.182902017703375,1.907145572856601,0.0008045378965256454,0.0001973394840534602,0.0005849894877352936,0.0,0.0
3023000304,2011-12,Northern,1.3145770729324586,2.1496349260128556,1.5288466486173453,1.3386035049872587,0.46726076075215617,3.2861013834750152,1.1997462524019513,1.6462521969255093,1.3213554488363353,1.8018137229044582,0.9249583892381587,2.501992082385778,2.939216847734658,3.4097357252017164,0.9972965753895517,0.0008016723832602701,0.00024730836728878143,0.000813123378317781,0.0,0.0
3023000305,2011-12,Northern,1.3865398413755834,2.814419782992501,1.5423753317598898,1.5592785529845072,0.4228483982600034,2.902778248648221,1.6767908084671581,1.9268866066258092,1.4830091688072562,1.9265504871048682,1.0020229411950021,3.1342409908146283,3.4637768891515264,3.713981056143849,1.1805238618290967,0.000522856829311181,0.00011525078908569008,0.000441468120915544,0.0,0.0
3023000306,2011-12,Northern,1.9660718704607463,4.090932938216552,2.0965198147191537,2.3050786606206692,0.6343787676662125,4.091803468083311,2.5884174607588317,2.8284689149807525,2.057438125636102,2.6812564057607093,1.1990534430291186,5.052994506079765,5.1689432160430835,5.728774527339366,1.5672048659668245,0.0010121813566570214,0.00023852634429417515,0.0009013767701987106,0.0,0.0
3023000307,2011-12,Northern,4.248628668762478,7.414514797793372,4.80985907933676,4.691605490343537,1.575530050734709,10.08351531626648,5.318822367137575,5.853897435449654,4.26124632952314,5.653529243018373,2.100119550070263,9.48566962818922,9.730771496693896,10.845906560414857,3.0773649488913026,0.0022252501764165322,0.0007557453429339167,0.0024245861058894693,0.0,0.0
3023000308,2011-12,Northern,1.4881636020105142,3.1721033726987606,1.7147693668774877,1.8972178812085247,0.4950496146342737,3.43574513856166,1.6773369303193268,2.22743777311754,1.6641624774660015,2.2790329727592407,1.0712296652466273,3.6638394017840694,4.279545715506495,4.3757440981891484,1.2755128511575364,0.0004973282075389245,0.00013268879635567208,0.00041579398077337367,0.0,0.0
3023000309,2011-12,Northern,1.785257199150376,3.677015752907342,2.0375910712023377,2.168085043310292,0.5792554083243464,3.6265354776587744,2.4105981255556643,2.6455945014771363,1.8737560973530574,2.5721998900037613,1.2023867871515819,4.157715005448294,4.983313822920989,5.870041714212706,1.5617216824588984,0.00042970891877788797,0.00010901706184639864,0.0003432283839494715,0.0,0.0
3023000310,2011-12,Northern,2.1728141697685146,4.633990568125939,2.4230156774368337,2.552486472172346,0.6571773087609866,4.461164075933789,2.196207159324468,3.1541552250824973,2.3264238918996742,3.0864869322840036,1.3899646587183516,5.111057746953796,5.677447538237858,6.545501770027739,1.8410237290837423,0.0005975719843065482,0.0001543214248131859,0.00044851584129566044,0.0,0.0
302300050202,2011-12,Northern,2.147492558411748,4.677488818407421,2.273505522957144,2.556357157413016,0.7010846651347921,4.025822160333552,2.8475876422015958,3.1427391305296757,2.323368681268189,2.9312892218804207,1.3422586814910946,5.823246741503055,5.791539380142941,6.946941865274123,1.7524522596437453,0.0009495938071831355,0.00021868239128076359,0.0007665220529746263,0.0,0.0
302300050205,2011-12,Northern,1.7452754108737998,3.3240746640213827,1.9192135262369854,2.114217711263448,0.6080360531731294,4.026447383445952,2.4799481876113596,2.4604987551842186,1.8070112003654786,2.48619632940939,1.0388886693855495,4.165394461329872,4.8148596884360915,5.498920418918698,1.3806689437676645,0.0006173124727234807,0.00016459306182134087,0.0005881862571334673,0.0,0.0
3023000503,2011-12,Northern,1.127186454607013,2.4998950940490943,1.2786669153857488,1.2845928736124679,0.3003994146547384,2.173787394152191,1.0362536070071964,1.5888436906268995,1.1898210227210353,1.6792623828267927,0.8671142453026491,2.5590167043214676,3.178587091336733,3.6719581262094807,0.9956407032672322,0.000278376360591522,5.961133131519273e-05,0.0001892109077255494,0.0,0.0
3023000504,2011-12,Northern,1.3749327371556106,2.8085367589023513,1.5815763003174492,1.690903784606826,0.39959221208187445,2.830557439386786,1.3135970580753338,1.8897426622073092,1.4943121606232515,2.2046021095440635,0.9884204064271089,2.8874040520879327,4.293922785127493,5.580953076214665,1.170251986731047,0.0004500383409452088,0.0001061791226398862,0.00032046925144625367,0.0,0.0
3023000505,2011-12,Northern,2.4893256361983904,5.522007324988065,2.754251508381917,2.958179103827759,0.7392825968027581,4.750785892183612,3.0818642793844773,3.712241658945584,2.718461329530822,3.4305728229324677,1.5863010561216577,6.3105428953119675,6.268032963046388,7.116581590710867,2.121243434417441,0.0013127091568013699,0.000319086505565984,0.0009679341769832584,0.0,0.0
3023000506,2011-12,Northern,1.4305121245871864,2.2988343793486936,1.6800662788748661,1.5352361839906343,0.4337196452426082,3.470647788100427,1.316372111208872,1.7425032623702796,1.3811749874499755,2.080671483703849,0.8889840641282597,2.402618962041936,3.638650613532548,4.543070208953882,1.057087057372227,0.0005808580598188693,0.00016492219912714329,0.000522818155356745,0.0,0.0
3023000507,2011-12,Northern,1.8246309988685219,3.6197999956904208,2.0499378792729277,2.1765875117491875,0.6030280157306052,4.093900172088427,2.108571052879897,2.628132981715999,1.9306363456313815,2.7111133067354602,1.18533803539653,4.17755659970576,5.20870955611085,5.583971992855545,1.4759922448216583,0.0007819311683741099,0.00022580699252908854,0.000685930030406836,0.0,0.0
3023000508,2011-12,Northern,0.8519743046501809,1.5644787255288917,0.9614826073820243,0.8935840847418784,0.2670158291667448,1.9450042976575788,0.84947705452518,1.1247056309257364,0.852548072004433,1.16193329812666,0.6621028106167769,1.6945749127289564,2.0625752513452675,2.183278246198899,0.7011275117981455,0.0002270781219957108,6.039697653719784e-05,0.000204350992347849,0.0,0.0
3023000509,2011-12,Northern,1.9668088067638936,3.9607247724052583,2.0997779270186627,2.1845379654647035,0.6274107659230012,4.333535523535483,2.2826534395856064,2.8864805938829683,1.9496750451991438,2.654282293120749,1.0672868395300132,4.780443090889251,5.011834216045312,5.189125878693471,1.5383213681686319,0.0004465845149766553,0.00013863536682318778,0.00040248412884419355,0.0,0.0
3023000510,2011-12,Northern,1.2003056954049403,2.230599238717802,1.2675118027001888,1.1576305596629926,0.3943001179543809,2.6740118124026995,1.1546906077576735,1.618882444538028,1.1684069654144194,1.4840094627586626,0.7536901935632655,2.647413433090324,2.6392801588594375,2.8025807597710797,0.9433863950478854,0.000309455326845405,9.28365980536215e-05,0.0002988713115310167,0.0,0.0
302300051003,2011-12,Northern,4.085016982408334,8.585505891154808,4.404511577722337,4.946015949879619,1.2401319400394528,7.970889313923154,4.819313528985698,5.987240269591044,4.195844412085509,5.709914682597672,1.9921192544274922,10.222800587890745,11.321992525187747,14.377690676418782,3.261137005966897,0.0013141661320590918,0.00030326910739825197,0.001060456975011615,0.0,0.0
302300051004,2011-12,Northern,2.0780094518604013,4.567351522878695,2.273831817253276,2.454144077440486,0.6409149387919474,4.344008619000963,2.199633270956573,3.135020911397736,2.2196752399293285,2.9454359456053374,1.2718914609937368,5.350178809671829,5.590807048535739,6.079874032446287,1.7474010986615327,0.0010469160715216059,0.0002568821842159496,0.0008530272710633965,0.0,0.0
302300051008,2011-12,Central,1.8214461876071708,4.381884816071802,1.9971070168680505,2.4367249451299866,0.49638725766555347,3.2354467411841226,1.6246238612227708,2.460016589502231,2.0341659767044553,2.44171108593615,1.0249162627966684,4.710926282030875,4.441512479181325,3.7789684191934803,1.6450673291975928,0.0003541583572220839,6.943561153005588e-05,0.00027139516505130895,0.0,0.0
3023000801,2011-12,Northern,2.0087998100633637,4.641804102588817,2.3212522384176957,2.6357066429301117,0.6300660109959655,3.9025555031344523,2.2222987863014403,2.9362237156664044,2.3104529392732855,3.122544536719779,1.3947247256319177,5.13161820879569,5.571249751124917,7.320613966173626,1.7400789899256373,0.001142611149086853,0.00026081341446547733,0.0007653263968530343,0.0,0.0
302300080103,2011-12,Northern,2.174075867299039,5.110100445360503,2.3085000397720616,2.6245052414344836,0.6664211998571308,3.7610279014281365,2.6673205527554296,3.2943838028787527,2.34016253666324,3.014619187216155,1.3633177821181055,6.009675285128643,6.052138321053373,7.505883388930451,1.8709357751411735,0.0010595599734051218,0.0002270485657296689,0.0007568645362601113,0.0,0.0
3023000803,2011-12,Northern,1.8917742564978728,3.6762973377148414,2.1028850088184776,1.9681843963680512,0.5768783845202903,4.287774509267617,1.7780819179304461,2.653793718758641,1.9368637291990178,2.460194427271866,1.1909361346459937,4.292221674598651,4.344685298782242,4.769122247324915,1.5388613579556722,0.0008598054522191846,0.00022289521777638647,0.000768000400483124,0.0,0.0
3023000805,2011-12,Northern,2.056850561221101,4.317057315516393,2.3271504280422164,2.5045650565391084,0.6545767013628522,3.8827290795426115,2.447271647938325,2.8658989201553338,2.1748494039630093,2.9879741240494715,1.338163637994596,4.920269105218167,5.362014312116162,7.575349955129133,1.713575716169074,0.0009296079625795237,0.00020844302253716126,0.0006731758082448919,0.0,0.0
3023000806,2011-12,Northern,1.2816811778284365,2.739183716172476,1.4390990077411807,1.4270850380112872,0.38178105073485874,2.690415147983315,0.9959756632561912,1.8340389619809248,1.333136989561687,1.8699047289564796,0.9388705506859806,2.903255940488398,3.5750273210488146,4.4748615148106605,1.1266403494432724,0.0003294983323123547,7.809315984118178e-05,0.00023993999742421722,0.0,0.0
3023000807,2011-12,Northern,1.427639808184385,2.9973471785505104,1.568941977574959,1.803438413763528,0.4910015740407808,3.2854880377939706,2.0034061405392496,2.100184594892158,1.6051550903279357,2.05153978080401,0.9582403863714463,3.7289834285342764,3.9026887876822793,4.1775347929331055,1.1556432085067314,0.0005498365196425954,0.00013429635347022686,0.0004999179049875153,0.0,0.0
3023000809,2011-12,Northern,1.0347207088977326,2.548262025996251,1.1091041023140005,1.1412088449785822,0.2655231152374342,1.8020126005539048,1.0423426840503038,1.5814685744512025,1.1094246411126303,1.3967908459765777,0.7510769985210769,2.7499983839583004,2.713545893220264,3.072944231528021,0.918018767366571,0.0003461750655585643,6.462561685835153e-05,0.0002346649177459981,0.0,0.0
3023000811,2011-12,Northern,1.9021244913757835,4.1585648347732125,2.194113602852254,2.240721340536495,0.5569047296470401,3.967578208076684,1.803837762940666,2.8618192762382137,2.037545038428535,2.7857349310252473,1.2935724643248159,4.546625461570439,5.278586652009209,5.891682650892688,1.66588393670714,0.0004729833418365677,0.00012100031415536152,0.0003491062279454705,0.0,0.0
3023001002,2011-12,Northern,1.9550069666087526,4.4400487827641815,2.1431741226185084,2.1153057563310416,0.535745292493157,3.623706084128406,1.6718509646680217,2.9043738098329426,2.0138126959641767,2.68634979504174,1.2643661222084719,4.665325470397379,5.069690067706165,6.102774589591598,1.7395096077834673,0.0005038175117444416,0.00011543826289021126,0.0003447359602732638,0.0,0.0
3023001004,2011-12,Northern,2.126833760000107,3.552966856714658,2.4682266637888426,2.37411856036933,0.6178371417088949,4.890119526914923,2.0557451013895602,2.662294793173669,1.9543421942213364,3.161286828231558,1.219299635320226,3.621142739942073,5.719653884005232,7.306330117989423,1.6343085528425,0.0007915596389182411,0.00021538627369955187,0.000650360527100587,0.0,0.0
3023001006,2011-12,Northern,1.851259660264903,3.3297214759965947,2.0873760758953677,1.8612552339147546,0.6057240207404109,4.500197536812542,1.6616835552508011,2.5128184057475873,1.8183328005684645,2.4352386142174622,1.2132073960648786,3.8270669216982434,4.249915132426451,4.550976917213143,1.5247491755898326,0.0007481891118207271,0.00022613178379656302,0.0007096676162100324,0.0,0.0
3023001007,2011-12,Northern,3.6262567024937953,6.654795802236154,3.8992366574424526,3.5693671485619083,1.1167125343913331,7.562027609746245,2.8295729582048397,4.869802033819659,4.171919115590314,4.783484812963564,2.6632799738823243,7.694731009912679,8.412156634991419,9.612492721447097,2.7690509749715604,0.00163884915045524,0.0003539914164983319,0.0016554613430314392,0.0,0.0
3023001008,2011-12,Northern,3.1370576468534264,6.909737929154018,3.538013146061765,3.91483951616258,1.08272618542526,5.978587643640073,4.35171550664295,4.682386064071998,3.4398417033004476,4.367998230370356,2.064883273883444,8.258067280596551,7.520624434387107,9.498450911195297,2.645101627468059,0.0020848834676967156,0.00048012876538243866,0.0016365290226943697,0.0,0.0
3023001009,2011-12,Northern,1.1805118900988998,2.225110457722157,1.3381430453316092,1.3911220178349235,0.3989705329784619,2.787054827361352,1.323474287518285,1.6162960109703846,1.2350658966094215,1.7170545550962089,0.8444718586755557,2.6172159226811385,3.2402109800116996,3.8619337740534743,0.9706431023143202,0.00046148374670229315,0.00011431248771524692,0.0004144766212786787,0.0,0.0
3023001010,2011-12,Northern,1.2576479682985586,2.5115205913457785,1.4275446867708996,1.3599289115101456,0.38810741314170044,2.808079328716871,1.2456929310903655,1.79274798590057,1.2870320164008693,1.7078923468691394,0.9104871801319002,2.8579553481520525,3.079385317679745,3.25863935461719,1.0473479428613508,0.0006242979574931408,0.00017233945833236368,0.0005208493599767515,0.0,0.0
3023001304,2011-12,Northern,1.5862464022345002,3.043188295973812,1.8312226686894661,1.8660241494325598,0.5500417289627508,3.7410578612364507,1.9806353828474046,2.29074420059533,1.658165018642077,2.245965555512945,1.103668128096811,3.5715359600019263,4.203631320469472,4.588526287364321,1.3236418607800378,0.00042463467938796485,0.00012357716556467936,0.00038430061358674783,0.0,0.0
3023001305,2011-12,Northern,1.7615167400933713,4.6759909718666375,1.943140091214476,2.2376675863938003,0.5188022419259197,3.320342093610576,1.70537748766094,2.813733099379845,2.0743025568290863,2.6186486314717365,1.3688197311168953,4.956684989937094,5.177095838634569,6.339731992022377,1.6208348519356586,0.0006684244800994801,0.00012156432336573164,0.0004204334088037202,0.0,0.0
3023001306,2011-12,Northern,1.6458608899258815,3.0366716165693615,1.8026680819937735,1.846123936829873,0.5292044571777835,3.84527551389008,1.6760403923489047,2.16933508151547,1.6538965294872545,2.3007042173079686,1.0636635333202888,3.447003609282049,4.3007742150583566,5.279570107383946,1.3108310080153502,0.00045287256293773126,0.00010361175303575366,0.0004152051618232476,0.0,0.0
3023001307,2011-12,Northern,2.1108907624244306,4.214852264161824,2.3107597429337345,2.4029441412803294,0.6949634402720984,4.617264331084831,2.193946096450976,3.0096402697881643,2.3364009810692408,3.0454004483435217,1.3685541014654965,5.01152505912849,5.750334017507998,6.206004064040393,1.6754117542360385,0.0009184112715809859,0.0002558431399404175,0.0008374287589242949,0.0,0.0
3023001310,2011-12,Northern,2.58150466295427,5.106645710808333,2.9507911283444352,3.006073976628371,0.8185967521539147,5.6636592638105805,2.81996496772859,3.7373948524503215,2.663416514834332,3.611918557202313,1.4028926982799481,5.936425868793551,6.499517379301235,7.369696031631904,2.0266774706836466,0.0014124412206693647,0.00040105659261019096,0.0012350377913896027,0.0,0.0
3023001312,2011-12,Northern,2.1155285175125162,4.438920590062409,2.2631521762978597,2.1774451524481333,0.5719411577734183,3.4702981992010082,2.4685521300648374,2.856155064513807,2.209864768388086,2.613632503535895,1.3944432495571144,4.9827834973029,4.616775121790222,6.218541897377218,1.7707427526919954,0.000961399291254788,0.00019148201651547647,0.0006773717534906974,0.0,0.0
3023001313,2011-12,Northern,1.7521455711997462,3.7525318354467725,1.8919855807543522,1.806458224791328,0.5129684598223849,3.3549701571850643,1.499342870964259,2.508348978423555,1.8072136415891837,2.2690371367807054,1.1688428246697113,4.045819070108082,4.057118684765948,4.617951499613657,1.5184341372681245,0.0005444100730153921,0.0001335762534138694,0.0004106071123462984,0.0,0.0
3023001601,2011-12,Northern,1.2391941379339793,2.318830402913111,1.2984958026566311,1.2413806417774527,0.38517677669104816,2.7326931022631267,1.5588800762919615,1.6797665353986844,1.2629717409653094,1.5548849485310088,0.7120696776672747,2.917759028454595,2.8275782201743622,2.8632501931848,0.9066783814845925,0.000498280008756737,0.00014298469816497673,0.0005010469007734837,0.0,0.0
3023001602,2011-12,Northern,1.4924452174879566,3.1366104549455334,1.6762429118026896,1.7303124323146846,0.4335061072433603,2.9848262947474353,1.803073141673888,2.129506181993037,1.5760656149839665,2.094534996348277,1.0442140130355981,3.466338947423147,3.8189182594046573,4.127549082678717,1.2724717757336195,0.0007807383715594665,0.00018271038958487515,0.000601062260396954,0.0,0.0
3023001603,2011-12,Northern,1.773303990478041,3.343341415589084,1.9800202026067542,2.0498676832154574,0.6237966398449922,4.42121005045185,2.3531844594859956,2.5769248663773903,1.6967008779162889,2.51016571018848,0.926606043558951,4.217720997459403,4.752909897418069,4.930976366399299,1.332876920389864,0.0006385983356510172,0.00022216782433573203,0.0006308193205187969,0.0,0.0
3023001604,2011-12,Northern,1.4056707425682693,2.6873174970772356,1.5974655015292525,1.5877033820041766,0.4455733622503297,3.0875223206897395,1.6568769011028992,1.9797117989929907,1.4019058252968206,1.9719720550740591,0.996521826587231,2.9421489703407255,3.6862979659575523,4.016060526482583,1.1865330871737882,0.0003479657504682662,9.102846541067291e-05,0.0003004980069572221,0.0,0.0
3023001605,2011-12,Northern,1.2210681148224796,2.6223627575765636,1.3723562450886078,1.3550619761152696,0.34927285167143424,2.555673494773474,1.1925266612452703,1.7903207245261545,1.2341892645367298,1.722770705474618,0.8883369985363871,2.8348998763673534,3.2331026895490758,3.2359875565212906,1.0271631316138776,0.0003416942724011502,9.149972147980592e-05,0.00026339198926973224,0.0,0.0
3023001607,2011-12,Northern,1.2905510016366546,2.5937415234457117,1.4145145311030005,1.5171941362012424,0.38177632068614226,2.6603363741446624,1.5484442634737388,1.8015145861072073,1.2651970903344634,1.8925817172193178,0.8214768420955557,2.915374468961375,3.7501773200695667,4.482319491874198,1.0589812362466922,0.00047066516166057256,0.00011237334309543083,0.00037068330614002356,0.0,0.0
3023001608,2011-12,Northern,1.3351799207209412,2.455445849867714,1.5104217586482933,1.4801628640792164,0.42685735952787285,3.191876577552845,1.5085878566434414,1.8006654603738317,1.3435378053481557,1.860588859078512,0.9304355074391134,2.8092574233323404,3.409337771695095,3.765682265231574,1.0693254024962393,0.0003935236872543683,0.00010474674616623625,0.0003578219902593709,0.0,0.0
3023001609,2011-12,Northern,1.6912273041652726,2.6613051938426513,2.0270074939721767,2.0144246561697052,0.6732861417770589,4.7878294604317855,2.409135035129113,2.1832441708317223,1.6997585160904214,2.4998005214771424,1.0985726823331885,3.2073161992324555,4.338315796648389,4.8646965582043835,1.2544051521236912,0.0008907838856086093,0.00031509818043170206,0.0009734605169964927,0.0,0.0
3023001808,2011-12,Northern,2.1261383820237927,4.783975699118289,2.264920654214348,2.53855194610118,0.6106315384135155,3.693012005364316,2.3344295422583365,3.079655518835365,2.2029842037659497,3.055095145520059,1.2155539946515121,5.436588258726984,6.257726534870216,8.748579683201406,1.7949874008759625,0.0006760158033537595,0.0001429261898782058,0.0004589977472706814,0.0,0.0
3023001812,2011-12,Northern,1.8891985393614825,3.9598019124943225,2.1233600067579386,2.2434466016213057,0.5578743157759303,3.769222578289228,2.202177415962792,2.7232013339903207,1.9750687142030952,2.73282114719316,1.2364500946398296,4.301565257814828,5.18742037645503,6.08142233123544,1.630321465715279,0.000497649089468255,0.00011479276677167225,0.000376615453584143,0.0,0.0
3023003501,2011-12,Northern,1.632962310662645,3.069361780175178,1.8711216201828356,1.9502865945766634,0.5648595353074176,3.900397561640746,2.408311718202401,2.3058421331260925,1.7001334781035424,2.300223621755119,1.146856536875573,3.5904515806056114,4.239310689426114,4.404575460209308,1.3367407736659274,0.000547451340086814,0.00015011635066609772,0.0005142714240359539,0.0,0.0
3023003503,2011-12,Northern,1.961517969933811,4.302282926202627,2.1104788718859155,2.0910153332930546,0.5593284680414408,3.724031925350629,1.9139949886046306,2.9397120131107695,2.060474433657683,2.59957330164232,1.1684397883407907,4.7907156818859615,4.891645397291226,5.345415514700829,1.6407841614714636,0.0004957861385557788,0.00012044638332854262,0.0003959451209175332,0.0,0.0
3023003504,2011-12,Northern,2.0015049435443713,3.676840233688555,2.190982511383034,2.10007107266922,0.7056312452987771,4.924072138340033,1.8482226987418973,2.787502349665113,2.065410650496258,2.727056125569437,1.253692653832845,4.448904947261197,5.0426868874329465,5.2945506096756905,1.5518469825775982,0.0008169502231151562,0.00025202143675344917,0.0008324639142240101,0.0,0.0
3023003505,2011-12,Northern,0.7130132969873533,1.1682044006333618,0.8818742488194354,0.8129370325301702,0.22320433735336562,1.8209775481291575,0.7535870237078207,0.8921365004984356,0.7221845487839584,1.0666501528048224,0.6145058813469161,1.1866877291879216,1.8294302038018282,1.9307407199129878,0.5618891910978727,0.0003553612626436383,9.660046371562759e-05,0.0003227516177465315,0.0,0.0
3023003506,2011-12,Northern,1.584696638221606,2.511242290533825,1.8118288562434615,1.5972123752528258,0.561746768950914,3.774374564730559,1.7141675258391704,1.9269879640530565,1.5993909238823822,2.10666321958095,1.079707992469207,3.0697109238630524,3.300825904329953,3.8857747905317357,1.1324801813792567,0.0009468121208627551,0.00028404363625882654,0.0010318868217382973,0.0,0.0
3023003507,2011-12,Northern,3.1239454770229504,5.188346601380894,3.5553832183986303,3.173354572812273,1.0937031254040104,7.214158338393876,2.747086759471686,4.001686428315214,3.0594047697864233,4.052046959972413,1.738690494052299,6.118291454388141,6.656975948523584,8.239188249186899,2.31759627305086,0.0015543990928168182,0.00048391669870712263,0.001566976664719943,0.0,0.0
3023003508,2011-12,Northern,1.5759116258536159,2.6338604891296042,1.8420776986730947,1.8703420876091381,0.49485970054901846,3.908940154755179,1.8710536438986731,2.0382908833430347,1.4753939440894905,2.4225360124467517,0.8909257116865819,2.9201799993958013,4.508470031805895,5.200426458195691,1.1700457023433735,0.0005573551874708987,0.00018206936124049355,0.0004965001712006896,0.0,0.0
3023003510,2011-12,Northern,2.0665374593568973,4.723383229522271,2.2224542513901206,2.392529805091542,0.638735401081502,3.9033032067922044,2.110477358538491,3.166824840559983,2.1800415071087955,2.865604517433291,1.2714469751373267,5.503457815395921,5.6299527786627435,6.640704364687933,1.7866488055791556,0.0009403237835308831,0.00022322812508191134,0.0007037750918859574,0.0,0.0
3023003511,2011-12,Northern,4.108687661213987,7.903399784932559,4.280540475691209,4.944641163567122,2.0030394556802316,9.983145990694563,7.314242286659609,6.171927773892823,4.375737277964428,5.4350283923262355,2.572619913684201,11.40613280255766,10.667201999001032,9.46090298723934,3.1557503718215383,0.0018557729447835816,0.0008350978251526117,0.0021668460827669466,0.0,0.0
3023003512,2011-12,Northern,4.591721753038758,9.46988242970045,4.9906246819666995,4.983667363025611,1.253544181600723,8.36143467495069,3.5287144818848355,6.338682353212532,5.0909714443788,6.431798968691139,2.905447369969642,10.108276351924992,12.17770458034981,16.171384262776293,3.6194495651729888,0.001958860657718518,0.0004113607381208888,0.0014804301707875295,0.0,0.0
302300351203,2011-12,Northern,1.8436639240470583,4.273473310703327,1.989570198423707,1.9634150631582212,0.4770202403045062,2.8888569745587085,2.038638830371031,2.612143705051378,1.9251106378058729,2.345762963424466,1.3030245867089794,4.506991935021839,4.21883103573919,5.425452267656001,1.6276097717586806,0.0012327930711659209,0.00023195409701379696,0.0007713298683222176,0.0,0.0
30302300051008,2011-12,Northern,3.9667516394376907,7.614319983034033,4.134033379633472,4.76422463302446,1.9323825639870302,9.658452406230383,7.059417362237111,5.943838934228828,4.222674355991748,5.250815977576491,2.499539956227891,10.987335419902447,10.30045405131298,9.127616710599407,3.046008971763608,0.0017958580213629073,0.0008081361096133084,0.002098873481332101,0.0,0.0
3030230010040204,2011-12,Northern,3.270620342930922,7.348495722218499,3.5072213420602623,4.212916413585839,1.2330970837016435,6.821457851617963,4.180099608801061,5.129191000936142,3.7460143314289165,4.837276596319876,2.149146441520666,9.323924844540006,9.590723298094549,9.80131602258457,2.770454479295392,0.0016498661904067128,0.0005671415029523076,0.0013997595148878873,0.0,0.0
30302300131004,2011-12,Northern,2.10591181797982,4.580612472011195,2.22999887467888,2.5045301068864987,0.6875255894089671,3.9521856901152392,2.792521047303695,3.077192849717916,2.2779770016311898,2.8756605613219985,1.3211620667520774,5.7015953482037425,5.679668443832365,6.809757955893198,1.7183788159738547,0.0009321929965239359,0.00021467515065177776,0.000753035849670896,0.0,0.0
30303100021103,2011-12,Northern,3.3033190173402587,7.831759440345603,3.5821398978498853,4.288130942539645,1.1383118624531043,6.033813073478398,3.868668563271361,5.228859594403839,3.719505258299891,4.963782761905516,2.0728487379939895,9.24909187219927,10.06635893073928,11.853098527682448,2.9829317037319267,0.0013887814697977135,0.0003953007496863974,0.0010072243286110073,0.0,0.0
30305100010204,2011-12,Northern,1.9727651474271486,3.5622841144432855,2.2245058422599393,2.2149259637802494,0.745440732146345,4.909515378565759,2.2184287774748084,2.746717395213897,1.9343381263328232,2.6849342250695214,1.1219251856418073,4.34485727705573,4.7734192308962555,5.405662185011823,1.5258099631643607,0.0006906312846316996,0.00023117973527671628,0.000686085345146881,0.0,0.0
30307100050303,2011-12,Northern,2.020810418978687,4.956951215770404,2.1974482760514196,2.2968691060885953,0.5314102475833252,3.1935990026662844,2.1165272027738,2.9911703544323647,2.2369605224890146,2.746339179452109,1.3737655740906796,5.207155427755668,5.079121716711573,6.828330745351997,1.8520946899063315,0.0010408255985428375,0.0001968920828104032,0.0006206182269311071,0.0,0.0
30307100050309,2011-12,Northern,3.5070930618432614,7.367049627532441,3.6467401168621634,4.162171077253088,1.2240751302068498,7.3637456548945375,5.31307111816285,5.191337048110211,3.8057290538417985,4.568190572022106,2.051241746334038,9.82419307056481,8.854052793440793,9.507964714789,2.652764057288071,0.0017750339377045946,0.0004505855380327048,0.0016540702754639918,0.0,0.0
30307100050310,2011-12,Northern,3.9260318077377985,9.386724416574197,4.2698917313830504,5.081335955298533,1.2764953630371407,7.642808470059273,4.979578995553225,6.174876730860206,4.482838408084089,5.567542975836467,2.5914840928150986,10.819135615388666,10.935962302533797,13.457973088197555,3.4514098339494574,0.001786324979699394,0.00033040977242750617,0.0013956805698341099,0.0,0.0
30307300120702,2011-12,Northern,3.837989518665995,10.35509010821884,4.079734421500985,4.827758428213475,1.054682191964599,5.7427576217327,4.2895513859405465,5.905746962292659,4.473104537939294,5.21173181182952,2.827942388616698,11.07075720685833,10.275302964214452,15.58641763031543,3.452038777529602,0.0030555123949909,0.00042884384491100356,0.0016996238793947885,0.0,0.0
30307300120706,2011-12,Northern,2.2853462851436657,4.228656498538951,2.4046465287847263,2.657102033098056,1.1011300745088146,5.755421193792446,4.050360332358198,3.289042665314477,2.416443085693323,3.059515200997155,1.5943338967183922,6.066640190128793,5.948118838798593,5.175120291985025,1.7485789489839554,0.001062922694991353,0.0004783152127461089,0.0012649448189811072,0.0,0.0
30307300180809,2011-12,Northern,1.5645123380769277,3.6281763750684886,1.7000905907563166,1.7905085965509242,0.44536365010920054,2.7448463202966162,1.3473205356221247,2.237736283341583,1.6410484274376949,2.238697528445392,1.130563423576751,3.6804636076209305,4.41966191306045,6.28470294164766,1.4256743243612529,0.000499345435847499,9.446074639548387e-05,0.00031278783314224885,0.0,0.0
30307300180810,2011-12,Northern,3.2036241852112397,6.692577780648422,3.33358520833544,3.7858996213334697,1.1173569277909279,6.762206947052241,4.852918422097091,4.710503369010145,3.4737438025598566,4.180632863867954,1.9050498330964196,8.922105116074857,8.09130303838074,8.67275482046868,2.4226819176541494,0.0016324771257045935,0.0004143980396019353,0.0015244776396091662,0.0,0.0
30309300010304,2011-12,Northern,1.156630978109266,2.2645574220265834,1.2745486582076173,1.2021576147516677,0.31981126290807727,2.3573853666148317,1.1260885955015825,1.5320879710250501,1.147503979485559,1.5504394074356924,0.8013890379545053,2.487374129848596,2.808432989512984,3.286272809311974,0.9407131552247602,0.0005292526908312357,0.00012169544897199706,0.00041640430546606915,0.0,0.0
3031000202,2011-12,Northern,0.7498091926501633,1.387311965198132,0.7716871887950312,0.7928037937959642,0.22496853702668576,1.7722854199892961,0.8674294603976326,1.0076747614712616,0.6731122368639486,1.0424527847486362,0.4151166157137949,1.694424978900828,2.0665911757118787,2.2933131102314186,0.5378810184665443,0.00013877561738153364,4.150575629612332e-05,0.00013376146272504994,0.0,0.0
3031000205,2011-12,Northern,1.9771742099837215,3.4815789860337127,2.172886873197269,2.064219348449544,0.599675519094551,4.6854689284186675,1.944928022267233,2.671445901090043,1.799465273970001,2.6805108014906147,1.0046169748654388,3.9455502636945323,4.8355008633767085,5.686752448441141,1.4658038012592562,0.0006338967736299568,0.00018997114547911296,0.0005924480687351449,0.0,0.0
3031000206,2011-12,Northern,3.416197522912714,7.593412815667889,3.6762282514224363,3.576704068989658,0.900895242971351,6.060466094195653,2.8467958523067636,5.076715878528337,3.3802082790851014,4.455167335157996,1.7941641984521552,8.163911905561008,8.334906693914606,10.52307210507279,2.940006790345844,0.0010911135096255049,0.000253906917334237,0.0007475403728133462,0.0,0.0
3031000207,2011-12,Northern,2.4158657549663567,5.521400114203941,2.6304165476423056,2.660658682350348,0.6322114468217798,4.299801409559915,2.1877091817334113,3.540535984982647,2.4282701067784083,3.3618824834145156,1.4656942148443002,5.70835644657138,6.50599452509305,8.592640760502524,2.119245389395055,0.0006528261662931365,0.00013820772776556008,0.0004161404691977526,0.0,0.0
3031000210,2011-12,Northern,2.052233335590267,4.331449093265647,2.3456812750244933,2.4171763002223674,0.6505797059124051,4.177720609069523,2.0860023786902224,2.9405415599571523,2.126846159127835,2.948103777503676,1.364253134999615,4.828912325012581,5.284754887669089,6.560342460983714,1.7318493136277295,0.0011537855222110345,0.0002828532374395472,0.0008589139807296954,0.0,0.0
3031000211,2011-12,Northern,3.330477664263383,6.474283329098358,3.8787019708806296,4.235834708996391,1.2031709280753768,7.065523408019719,4.8678498293617025,4.777712389375127,3.5276900234015236,4.7355250546369465,1.875522963444697,8.042476143287466,8.424664493227349,10.79193812083572,2.667942557613657,0.0018526703660887562,0.000509335422188388,0.0016099765449102414,0.0,0.0
303100021105,2011-12,Northern,3.4951758387647303,8.494791283203796,3.6966724646360656,4.30020697072497,1.0685127150635285,5.89293444782416,4.291878793932333,5.5032668691621005,3.7815605381776387,4.804781667080644,1.9968945538279328,10.017468286486888,9.72007948186121,12.067208693621437,3.022101580911132,0.001647192125042158,0.0003529697410804624,0.0011600162807160574,0.0,0.0
303100021110,2011-12,Northern,2.16301698442059,4.223313115542901,2.2973856438525764,2.522526553812109,0.7465902045373599,5.012066465134374,3.076522684731451,3.038809851954611,2.275966720316806,2.896998653713832,1.2765241331827162,5.511835180689846,5.510846405479606,6.013507458326644,1.6382473213021738,0.0010056243538434375,0.0002521917324872996,0.001013010348295887,0.0,0.0
3031000213,2011-12,Northern,1.40015677874068,2.5528565858984593,1.6575031519503993,1.7519754227988584,0.4611774002815522,3.3550215032443167,1.664125033885247,1.8754564731511423,1.4784986592528626,1.9980395726834672,0.8789515931577306,2.974880626679692,3.5463626528187606,4.617779047500033,1.047877616753377,0.0007690586911494675,0.00020187790642673518,0.0006886772963467677,0.0,0.0
3031000214,2011-12,Northern,1.1946480554913166,2.361814558053232,1.4525248911527728,1.378513092421723,0.40528061235584434,2.8909137420863846,1.2730115895931298,1.7471909141004298,1.2383042812851102,1.758490039121341,0.8175787231083327,2.7818600278965024,3.0835718675985535,3.0109797612683717,0.9762718185798026,0.0007948802458571919,0.00025930883544921684,0.0007094535090113192,0.0,0.0
30311100010603,2011-12,Northern,5.787746405722412,11.6916725595065,6.072374690538422,5.837393501441603,1.5718881504584359,10.006695335807567,7.424855371177727,7.954045185756915,5.946682864873217,6.590213756487485,3.193637286778978,13.827656360915375,11.204049877387767,13.970921149908857,4.426910646468717,0.0028322840745448135,0.000610030416055806,0.0022279516470342597,0.0,0.0
30311100010608,2011-12,Northern,0.8704922707972008,1.5410731788967884,0.9628377168954865,1.0167558996038004,0.3196821404884857,2.2918265506621984,1.3329683452020218,1.1519127392873412,0.9006742877211571,1.2358936812228816,0.6125525699694304,1.9737946548948635,2.317694697414899,2.4255008510980005,0.6609171097104374,0.00038800848147249763,0.00010968701303164837,0.00041297843164532977,0.0,0.0
30311100011017,2011-12,Northern,17.62740511517673,35.12342121000725,19.131980478206028,19.064843155617073,5.708946402222211,33.749084043262414,14.041640142334147,26.450816492616593,20.811035089884736,22.711204228781185,10.01505440014242,40.55658519837034,40.90214798564551,48.22573196005617,13.730844391644695,0.006983474444879279,0.001508430480093924,0.00682794997716969,0.0,0.0
30320300211007,2011-12,Northern,4.069136015318961,9.776669773180005,4.399360121616709,4.673090823175112,1.0940573924200487,6.482804105372556,4.387361776157322,6.132003550270653,4.554280699181394,5.386918471344905,2.389222399967635,10.672484089413285,9.82344180713101,13.345061371826935,3.595224059210543,0.001830879124183088,0.0003633445684590149,0.0011530762425963441,0.0,0.0
30321300300703,2011-12,Northern,2.618537696291623,5.285216067472479,2.854546909049859,3.2247044475392825,0.9446736810853188,6.037887539280166,3.3590669869544874,3.833400970488287,2.8051750631312253,3.8057819753930784,1.5867508629751135,6.622589624155976,7.337408060327042,7.749421246603194,2.1226116330852514,0.0011236817566623275,0.000330224842774235,0.001072037375670099,0.0,0.0
30321300300708,2011-12,Northern,1.1682186935295862,2.1876722788017213,1.2519505247060887,1.322364365063253,0.403786485344991,2.80152146370038,1.6642096812872185,1.565382334199827,1.2226013518508352,1.5834628086179523,0.7808604431375087,2.832700680600406,2.9815002054123436,3.191376894081092,0.882799184589246,0.0005596898130767659,0.0001403597109356577,0.0005756923385851444,0.0,0.0
3033000601,2011-12,Northern,0.8169514943064312,1.6157621174250423,0.9213096588186835,0.8437634852514704,0.22250606005703363,1.689313017059547,0.6915218038956584,1.0901210469269054,0.8177538793659883,1.1233033847484915,0.6480176115195093,1.6438104262856927,2.0664417081194606,2.3240138391933347,0.6755930871881163,0.0004125916219584947,8.90894620155402e-05,0.00032251533116443013,0.0,0.0
3033000602,2011-12,Northern,0.9085517728011331,1.958641093721444,1.0049511787093919,1.0455294244987638,0.26540459443269515,1.8923090574428933,0.9137315213001993,1.2609211915551914,0.9763827152052583,1.2927936147627748,0.7173038122292414,2.1630482630551775,2.463242998590792,2.955511554158219,0.7598815862839225,0.00039853082629304903,7.790135837428824e-05,0.00030413764832233305,0.0,0.0
3033000604,2011-12,Northern,0.6173225732803432,1.3475926390469437,0.678081957215556,0.7634889867960444,0.2008580641576974,1.3595136812509891,0.8652634731893938,0.8840805579529646,0.7259457556890211,0.8838577758899637,0.48759268162481023,1.6714281581534032,1.666860198593028,1.77673687455276,0.4986804274606271,0.0002937594268870519,6.5121005694873e-05,0.0002515871037916226,0.0,0.0
3033000606,2011-12,Northern,2.709786252416989,5.747479132590706,3.0452846911531886,3.205051817682614,0.8637294918103339,5.328807376957255,3.351689163378263,4.004031140802599,2.8892902639010005,3.836625202949114,1.7901080864308612,6.464232578517484,6.966944292514779,7.7789045548759175,2.385034829629588,0.001306309423571678,0.00038608085717849384,0.0009844425725749767,0.0,0.0
3033000607,2011-12,Northern,2.9669577203988475,5.776977024933363,3.122013220518175,2.89751655672605,0.8042733222560845,5.324584166496655,3.8040862198601033,3.8870705810692523,3.0321436418176253,3.419539150401635,1.860894791477692,6.826137930766523,5.761659353531314,7.098765474039986,2.2668846097249076,0.001530333820769029,0.0003296103613964063,0.0012235083781927236,0.0,0.0
3033000608,2011-12,Northern,1.206305252192424,2.4499132029533257,1.3767217110335208,1.4498294855743505,0.34077199957174836,2.3880994927527723,1.2108751460691471,1.5505274780621332,1.2226953917740564,1.8685253424781414,0.8316793164668795,2.555294566883067,3.4351901900670425,4.897469208183825,0.9711775335359573,0.0005119475000734987,0.00011470216140887249,0.0003372098737904823,0.0,0.0
3033000609,2011-12,Northern,2.3141026483328675,4.876814980841513,2.5022675943736576,2.654785667881533,0.7401071580591462,4.983683472527618,2.5376746028061046,3.444488598159618,2.3974638898824088,3.1644966205723577,1.3519920349022896,5.879349596714391,6.027633711597975,6.546221881626523,1.8896441535957518,0.0011404701979358875,0.00028642542815132953,0.0010010623316717329,0.0,0.0
3033000610,2011-12,Northern,1.5550248390652754,3.2210955256075384,1.7462320197381656,1.7230930650666165,0.4597225025911915,3.298732611439189,1.468928523449115,2.2265780721775177,1.5786332044301628,2.1691519798103327,1.0805531201391876,3.4883065009489287,4.017420381162651,4.435567623771642,1.3117926893947167,0.00044609059391760705,0.0001171898611063042,0.00034486012011573886,0.0,0.0
3033000902,2011-12,Northern,1.008753395151046,1.7028223369813291,1.1727140152912865,1.1167776174519242,0.37207077983803,2.6207279607030163,1.3915357981007668,1.337933905826151,0.9887526075107826,1.3883783342338376,0.6797399668688092,2.0489684467459566,2.4271562209463706,2.511974521261143,0.7717387371313281,0.00037481290934161555,0.00012998099057901896,0.0003866539919482559,0.0,0.0
3033000903,2011-12,Northern,2.1994922139084703,4.276252145267972,2.298711152847621,2.203806995618466,0.6383208237590471,4.576304611973908,2.572851939199001,3.159408646341334,2.105602427781901,2.8022252222851547,1.0240235210095503,5.173250356426801,5.1716689593648875,5.014336631962847,1.6395057524974876,0.0005966390151239906,0.00019611265018858127,0.0005567733076356341,0.0,0.0
3033000904,2011-12,Northern,2.2580605721475204,4.487272418169331,2.4092479533163105,2.369754295527875,0.6481056092595455,4.599586138816763,2.6111889273593656,3.186001325587092,2.32290870907658,2.885902491640582,1.2427430068943364,5.306851919252708,5.262875826866741,5.5971778229038565,1.7443299936528285,0.0009761147530234132,0.0002388088232664233,0.0008851726027967233,0.0,0.0
3033000905,2011-12,Northern,2.6722404458394315,4.467279013754208,3.1180123099680546,3.0844090982824897,0.9135531624855633,6.440398681714708,3.0951738081441653,3.4566423557499912,2.6323417786596655,3.878792709308532,1.5154940140357365,5.206646937202536,6.799790795822961,8.401946491974991,1.978639586679039,0.0013151916671132993,0.00041021454379010057,0.0012465745875106622,0.0,0.0
3033000907,2011-12,Northern,1.9411066900270841,3.396329132514059,2.117121598168454,1.8333389662376987,0.5875063674624553,4.201253434372717,1.5059862269059479,2.4828347746452026,2.2123588539303696,2.591378209465979,1.5948701046123568,3.8718521988783734,4.497158433641584,4.978128708648297,1.4718295687322007,0.0008874155106578194,0.00019168175030208898,0.0009196866782133457,0.0,0.0
303300090702,2011-12,Northern,1.8963473373728144,4.259684272014449,2.09135010781365,2.2048745945135613,0.5916895963291933,3.9236929779996728,1.7383558721765242,2.9191065413809714,2.0441715469929345,2.7078003642985515,1.1793431776549608,4.97181164136497,5.199390432847796,5.987228275893082,1.6334294366354252,0.0007704650019616493,0.00019976673774759705,0.0005962744347840971,0.0,0.0
3033000908,2011-12,Northern,3.4607764415880746,7.540024407121989,3.748945049344525,3.8756630734827486,1.2205600465436148,7.5675662856397095,2.8224634772738444,5.296477351342567,3.7896272254629753,4.594828108179565,2.2530769998856637,8.693317459605359,8.50260040759687,9.920087127027442,3.027620606165456,0.0012555784626039502,0.000309156583716633,0.0010330801720125243,0.0,0.0
3033000909,2011-12,Northern,1.504973502490351,2.5838914037316605,1.6656240504991815,1.5710519109791676,0.4888114573422084,3.7444119048012765,1.4980218000519938,1.9144185042382365,1.589972161116776,2.0681090535421593,1.092836782005775,3.043885033167846,3.7394505892766134,4.188274519373897,1.1292649208642118,0.0006350599974649336,0.00014669885941439966,0.0006992370475731643,0.0,0.0
3033000910,2011-12,Northern,2.3643942702111627,4.4359055383701245,2.602178728415357,2.5494419639451738,0.869794925815494,5.470215750658855,2.4213383971255404,3.322079098810555,2.329045576023292,3.0936317082384543,1.2836790574329897,5.437891929939394,5.425861032113452,6.252826656422008,1.8385580269542934,0.0008792295733793311,0.0002800509011504536,0.0008484820528912698,0.0,0.0
3033001501,2011-12,Northern,2.6906351788602434,4.699791962947002,3.1458509029577653,3.3179176241171207,0.9288091595108325,6.52021792356543,3.1412545195090775,3.599228195969885,2.588608522071955,3.9900086228113,1.5019567941305725,5.316598411665108,7.361465737644322,9.32251461503161,2.079407173202003,0.0008258707961210289,0.0002502143204089454,0.0007146175846226861,0.0,0.0
3033001502,2011-12,Northern,4.226687065772545,7.0708052818991405,4.455316579144622,3.609327887556312,1.246047471121224,7.5646830069873925,5.481893354280092,5.173819023070877,3.9284642195531094,4.434847715957757,2.7048212235027034,8.357734424103281,6.86872934298506,7.928728890408146,3.2713868777003072,0.0018579656440718434,0.0006370167922532034,0.001671611277067519,0.0,0.0
3033001504,2011-12,Northern,2.777426071440909,6.131626754497221,3.0689702713539577,3.1881669159420394,0.8136862949342625,5.37052614628849,2.2795268429612507,4.041965638869012,3.407437482926196,4.159556615873554,2.1251240208895386,6.56702827255596,7.693016688699641,9.608571333446475,2.3701335329158275,0.0014571810714713797,0.00030600802500898975,0.0011108802466218868,0.0,0.0
3033001505,2011-12,Northern,1.247960961502653,2.2864567302889065,1.471458277147723,1.4986659707156247,0.4924053342302316,3.262178602393308,1.5920071474337874,1.724370147688468,1.3214164916617566,1.8141634027574576,0.9370968264813498,2.790101120489826,3.1478551921651645,3.4687441342736154,1.0046200383978157,0.0006745247395305497,0.000206887811900788,0.0006547057304740236,0.0,0.0
3033001507,2011-12,Northern,1.7785429815037195,3.500247987066282,1.9771773081231172,1.8728420907917176,0.4986941783505116,3.7093070536184896,1.6050530911447982,2.4654455850430996,1.763713694054179,2.413821172188098,1.075133877999548,3.903947238907003,4.444057466455262,5.39125627646782,1.4669402175482211,0.0005826084728502827,0.00014146069035033844,0.00046508362022076275,0.0,0.0
3033001508,2011-12,Northern,3.122745442804994,6.193931778947337,3.444828477658514,3.5190193966135848,0.9592177554933645,6.613145539198907,3.416129020203724,4.491584977923083,3.115815822158554,4.220581831234621,1.7539285053099283,6.927450399485597,7.824032461404435,8.840795276531967,2.566931344264054,0.0008084953760365003,0.00020721329331870733,0.0006750139991604212,0.0,0.0
3033001509,2011-12,Northern,2.1745803815036298,4.424907467047211,2.372994718754791,2.2775296573993615,0.627574204987345,4.497909962495195,1.990214411838852,3.0895143427780485,2.145274985678139,2.8831229716857396,1.3293582152430554,4.839962567007227,5.2882995480769965,5.988851383847726,1.8135176248622724,0.0006179273963123126,0.00015086986339819504,0.0004970549948435224,0.0,0.0
3033001511,2011-12,Northern,2.212437423435835,4.852232086370728,2.419769502197982,2.506708797591027,0.6871240078051587,4.4266938193446785,2.0408941290334006,3.390049094157454,2.2933997312583783,3.1018019203542537,1.2685383386668396,5.653863346217867,6.0747817857432524,7.3753733423500885,1.911377718795789,0.0007113181190383189,0.00017991184275442256,0.0005532825866261286,0.0,0.0
3033001512,2011-12,Northern,2.623682903671987,4.927146927714965,2.8787187677167485,2.811934946796146,0.7272629323528108,5.7163625335561505,2.1193975100899514,3.482068232266498,2.5362853395813802,3.6386694571696525,1.4062940026932471,5.3166268833934245,6.811213509185865,9.207469107550462,2.008641503201396,0.0007867829554460586,0.00018230336772530627,0.0006367082458480136,0.0,0.0
3033001513,2011-12,Northern,2.2832034035564908,5.44721353589714,2.4469439856832254,2.7181470080120618,0.5907031395872883,3.842381763460853,2.2660249553275693,3.1664209196996804,2.5900520996086414,3.180259979016339,1.6949095202600617,5.893345506677331,6.238384736685867,9.161192028334087,1.8389130024448257,0.0014246381091519585,0.00022590690016552486,0.0008479437309644822,0.0,0.0
3033003301,2011-12,Northern,1.0329477398588658,2.009118176711482,1.16371735524399,1.1664903810166067,0.33058735612285656,2.1969045534641176,1.3606232272705767,1.420495518296303,1.0733172810349276,1.448895907135583,0.7868953392602599,2.268474471873071,2.6866935311328484,3.025968385226794,0.8760057689163419,0.0003177223138023414,7.564032263240391e-05,0.00027593061983857714,0.0,0.0
3033003302,2011-12,Northern,1.278306640286356,2.7974797891391954,1.3800916341451592,1.488974668089635,0.3803276403864826,2.3972827461713435,1.5250298180229869,1.8465143348316673,1.322116044140736,1.805920541772271,0.8523585324982667,3.1918513641235937,3.558156731677575,4.237337635406543,1.0923470052880677,0.0006007950269759632,0.00012888233930215804,0.00045998953083554664,0.0,0.0
3033003303,2011-12,Northern,1.5594908013510063,3.0102854209753627,1.7606539466829214,1.6765016946850846,0.4574274875844193,3.5133333613269606,1.4205749860623542,2.148851158338175,1.58746945798222,2.144513825528408,1.0364876559731484,3.2783936086388796,3.935765606396568,4.4124328454737265,1.2425897000261674,0.0003917793822535577,0.00010307528985480507,0.00033115151701309213,0.0,0.0
3033003304,2011-12,Northern,3.862437169504773,7.119611049676797,4.149452765336734,3.8174666385417666,1.1918057613720503,8.024594497298562,3.015905776532604,5.2123084595666525,4.4480446152126945,5.089137918203314,2.805706568413641,8.239711202975855,8.96099985335536,10.266538084446843,2.9515415036055694,0.0017412964228583554,0.00037612002733740477,0.0017553554406647565,0.0,0.0
3033003306,2011-12,Northern,1.7082291442919018,3.5858526439624816,1.9110432268968027,2.0336445118500106,0.5671629261105512,3.708262875166343,2.3336191745300536,2.4919101127950403,1.9182067715132078,2.408177174778738,1.2471000725625137,4.218299278878008,4.348837394206608,4.719585829243739,1.4470393040791854,0.0006580654141077666,0.0001707836431851109,0.0005454985615301149,0.0,0.0
3033003307,2011-12,Northern,1.610695454833437,3.4111816966608495,1.7230398423006612,1.6670347479443606,0.46157247458777584,3.1790399746593225,1.5007280570192154,2.3532166272828445,1.5665357075957753,2.144528923842592,0.9693760747196842,3.816666776600037,4.090870230759959,4.638563807480057,1.343559020348394,0.0003718031314862935,9.685913388811121e-05,0.0002943420894576795,0.0,0.0
3033003308,2011-12,Northern,0.8714549705099222,1.8365613600305066,1.0139662358420936,1.121159294678456,0.270829376170309,1.8239388282260556,1.0323819507847682,1.226638036157176,0.9190624129169122,1.3861619269046768,0.7392565242263591,1.906031910372238,2.765123945145144,3.346971084231813,0.7653954438345517,0.0002713435919306693,6.23065305526686e-05,0.000194119991317232,0.0,0.0
3033003309,2011-12,Northern,2.0788514464645123,3.4399546460794777,2.396690642611181,2.1803642481683903,0.7190691101034317,5.444817985237719,1.94498854042366,2.758157478064552,1.9274254893534049,2.8631425378099715,1.1232260051844334,3.9576946074178445,5.046750128582791,5.878514033698054,1.5498541462505178,0.0007797429864281976,0.0002736254057878767,0.0007857925416613934,0.0,0.0
3033003311,2011-12,Northern,1.226202434290136,2.469325198804258,1.3403741049199582,1.2841981426473845,0.35797022274800044,2.6262413518796883,1.183135024918756,1.7235275515483106,1.2111860082362758,1.6684593105362873,0.8227658881181618,2.7460970074351225,3.0781242016173396,3.2139489678418562,1.0052435831943534,0.0003305697918045772,8.65545164932103e-05,0.0002772052259127187,0.0,0.0
30401300030902,2011-12,Western,2.8038771279305292,5.612567482582582,3.69539164761968,4.686583203197693,1.1865253735076948,6.537629686823101,4.859495784530672,3.851679952591027,3.0896769632547,4.387368885412912,1.3456081093673027,6.174101831684148,7.414555608000252,5.80380551845748,2.4442343558766746,0.00034352414652837195,8.614941487156828e-05,0.00037268414935731544,0.0,0.0
30407300030910,2011-12,Western,1.983077446711584,4.020742828412712,2.654941874954085,3.318852686507102,0.8492698361670715,4.409319947322919,3.7125703245633885,2.6791318652689804,2.234580169042676,3.119187319622843,1.0863784235655978,4.433372165826268,5.2714470995633755,3.93974872146847,1.7393373710616793,0.0002718048211114529,6.899660843598421e-05,0.00028775262146924836,0.0,0.0
30407300050703,2011-12,Western,3.492061200619953,7.945768879416861,4.731009125805507,6.5525414932817005,1.6311975869752349,7.401560434305969,5.498395758466534,5.242271581181537,4.209077833822177,6.112635473321626,1.9132204472119578,8.410192922249637,10.73657525046524,7.834559104833735,3.4335313112241566,0.0004622908696872473,0.00015891248645499126,0.0004305984397876181,0.0,0.0
3041000202,2011-12,Northern,4.122953869622577,8.382576244809515,4.4007530344914105,4.742694655434447,1.331642006464282,9.458121741201271,5.1703090873446955,6.398779126812294,4.278014411738285,5.439019520300555,1.8151841744024406,10.738127813329932,10.664236140109608,10.896438981636116,2.97616710965095,0.0013563883930082159,0.00040691651790246473,0.0013959366994068354,0.0,0.0
3041000203,2011-12,Northern,1.714500093349442,3.8692072309126972,1.9356664876106962,1.9424700057139797,0.5162877767111536,3.6420596388049287,1.8013041548909037,2.7116432133381623,1.7869179771905028,2.3964713103175277,1.1798223932274705,4.373103348772139,4.516592959033482,4.256304162978532,1.479181065931995,0.0006239215797998446,0.00017367671204314962,0.0004997137746389083,0.0,0.0
3041000204,2011-12,Northern,1.385069739365657,2.600631056057008,1.5829433622682911,1.537187586127441,0.4311246993484417,3.117235168728593,1.3783257687617572,1.862899281427222,1.3971653634735448,1.9989335579993603,0.9820580125059187,2.869397751023031,3.6154274803715016,4.102663281459137,1.1481576232321393,0.0005227358339624448,0.00016314416753505332,0.00042023584373730065,0.0,0.0
3041000206,2011-12,Northern,3.948230923189778,8.019894524326112,4.432931334070929,4.891624520336209,1.4906000887154107,8.58868795725824,6.265032639184377,5.778031097060406,4.366915180602407,5.336457970133389,2.4829678343920993,10.366755094609296,8.817913395859563,10.88642158435341,3.0949703814205978,0.0023069402721915574,0.0005856079152486262,0.002136679444261399,0.0,0.0
3041000207,2011-12,Northern,2.938575990294464,5.228746241753505,3.1834477130316854,2.7640427825822154,0.8040083863791365,5.853190414819512,2.3060994490431383,3.752058161124001,2.7997567654454327,3.6743981449668546,1.609194394230412,5.662839792043304,6.454335571896741,8.027943904217137,2.248636884000081,0.0008966305384836494,0.00024123631154441045,0.0007515794714098404,0.0,0.0
304100020707,2011-12,Eastern,3.2399000684613077,6.506276949153152,3.979792517705429,4.342349151456697,0.8801622792861226,6.168135662805972,3.382348375786613,4.389869875616904,3.1741366751909488,4.572578552306338,1.3661231084185885,5.791739930614407,7.41483732123383,6.149601885071854,2.8354666096346204,0.000528161287241881,0.00013258934601758239,0.0003917285574142995,0.0,0.0
304100020709,2011-12,Northern,1.8159003673368794,3.331574242559258,2.0111553707481646,1.9220480283008512,0.5600019398554508,4.197135605427744,1.9887093225581167,2.4392401838849267,1.852627750325493,2.3714098323609933,1.1198040397807538,3.9358683418384666,4.1677984647909305,4.622924988463194,1.4384752361106647,0.0007797574999474635,0.0001919111905210505,0.0007423362886051965,0.0,0.0
3041000208,2011-12,Northern,1.3385065240802039,2.317150530734946,1.5110435853061588,1.3618215243930596,0.463708047724422,3.003661343726795,1.487083152703881,1.7359433673249507,1.2876852449090483,1.7711550922043955,0.8075735768693443,2.7525690234796123,2.9445388187709827,3.196066714853928,1.0453957765214477,0.0006529697661408196,0.000238927573519709,0.0006142104882493303,0.0,0.0
3041000209,2011-12,Northern,1.9139577538515136,3.9642388912418096,1.996079886740575,2.270116804010148,0.7438782699839671,4.526363410087903,3.174106102276879,2.8983484997708713,2.0487015918886,2.6031712854733273,1.155964677279964,5.371625222045533,5.116895365098554,4.905850073674598,1.483655914650874,0.0006827986005537708,0.00020870447790511483,0.0007065787323128262,0.0,0.0
3041000210,2011-12,Northern,1.784907580941352,3.37285288516469,1.8566240270934589,1.8831863283284775,0.58515021851342,3.993582164678185,2.5712189280446984,2.48830328109924,1.7801710411451455,2.254334799963073,0.9412952799799009,4.370624806233674,4.114383434928425,4.126238222821758,1.3359411449543421,0.0006994408790099156,0.0002064110854904262,0.000714053353852361,0.0,0.0
3041000401,2011-12,Northern,1.8759036759677534,3.371675186598524,2.0360749131719578,1.9122271133325517,0.5779766610330759,4.27267253425751,1.539481673006455,2.436469508724565,1.8910160436371655,2.4290751936266575,1.114151319742639,3.831572734660963,4.329184494822879,5.4841055737051825,1.430640062464577,0.0006375277067976258,0.00015319233731302172,0.0005982405960545388,0.0,0.0
3041000402,2011-12,Northern,2.1948865641130038,4.005392254740845,2.507367589200986,2.487515076546326,0.7647964747646014,5.020758104486286,2.5566788478485347,2.991143521379833,2.2835988561192595,3.119945798835587,1.2730840566462553,4.8553591156963805,5.400326854975375,6.110580229436785,1.6746462782130445,0.0012595949116283483,0.0003988717220156436,0.0012117543209251833,0.0,0.0
3041000403,2011-12,Northern,0.8872628244898433,1.4957097157039245,1.017137917828086,0.9169727861163426,0.28257586329046597,2.016600307722785,1.00947107718363,1.0703000788494785,0.9332183713306383,1.1920415700915394,0.6494554570870905,1.7783232113463636,1.9300001600230503,2.346431918047626,0.6425601676326609,0.0006210348152301779,0.0001484661355159644,0.0006034868390204747,0.0,0.0
304100040304,2011-12,Northern,3.1970224331835118,6.661855638188296,3.435345317675031,3.4634885283215016,0.9026448603400646,5.92815290284357,3.8689754159532184,4.524238297450946,3.302099326020896,4.042186756766003,1.8340280106004851,7.691535631833257,7.243088118790275,8.525586497750245,2.6023568681506117,0.0016067667536788244,0.00034571825642679626,0.001296287871378246,0.0,0.0
3041000406,2011-12,Northern,1.525195934467518,3.006112886553314,1.7453574202258,1.7894874453158767,0.4938005193737536,3.71860049844848,1.7227905550259532,2.268380393588598,1.5115515726597801,2.1981584442547124,1.0383147332520344,3.3809678485309087,4.22356468333224,4.163183389668849,1.206170363365601,0.0003901908947841804,0.00011811901236663963,0.00035686141139718746,0.0,0.0
3041000408,2011-12,Northern,2.024847491344979,3.268317195743543,2.3078152243085674,2.069768894149281,0.7182213127804893,4.762602604954042,2.1896111787535464,2.5104325854881115,2.0505993108363576,2.680272467990185,1.3142339355109676,4.021211607850876,4.223025400601513,5.028219215837633,1.45020404431726,0.0012037470222651184,0.00036112410667953553,0.0013026444892939163,0.0,0.0
3041000409,2011-12,Northern,2.190258440540058,5.197588465415743,2.413574991220433,2.4803378977799495,0.6056817794945241,4.0397896321931075,2.045395729432758,3.3109523366661304,2.363534660379616,3.0505290068790516,1.4853263379652428,5.4989119998497165,5.6835413921879425,6.673384099892522,1.9559561008113513,0.000852122059995745,0.0001881510387946809,0.000561267471141042,0.0,0.0
3041000410,2011-12,Northern,3.613962406939969,5.985890823197878,3.819543309745388,3.056728424233395,1.0629486776220836,6.528987371473757,4.682406246125316,4.374405377536471,3.3527496469802553,3.803395867346257,2.3838302719968154,7.063023322292758,5.877192757333283,6.747117278847131,2.7948207234951226,0.0016000478397636187,0.0005485878307760978,0.0014476116119154679,0.0,0.0
304100041001,2011-12,Northern,1.5078854139799907,2.9514353111237064,1.6415391586921828,1.7054134785628146,0.4493561727031184,3.272093648507967,1.5239905489141732,2.0698420264322226,1.463049104748733,2.2129775193642973,0.9114732021629102,3.3156737967613017,4.387539113705623,5.49611656433317,1.2149028220535092,0.0003357395372638565,8.080298564745801e-05,0.0002745383092221813,0.0,0.0
3041000411,2011-12,Northern,3.8585430082385987,8.641887904152496,4.083460195782991,4.066268024233415,1.0183632781317449,6.131610809205909,4.507649630307314,5.527554691748017,4.024783431218303,4.675594971902718,2.3184186562045896,9.630133036031994,8.268102844950318,10.547918670556701,3.229416248870085,0.00223111824712275,0.00044437209901200005,0.0015205377507853664,0.0,0.0
3041000701,2011-12,Northern,2.1360717746194497,3.9039600967660704,2.4201330671135683,2.322369999524087,0.5830338558865296,4.151013898994364,1.9544805651157293,2.6786668501055027,2.0224977901530363,3.099009909850186,1.2536464484246632,4.043495468555204,5.542969435042529,7.7602352873564975,1.6375849509893072,0.0011245718172500625,0.0002770206236041209,0.0008243906462927948,0.0,0.0
304100070102,2011-12,Northern,4.165397297636464,8.118915946457337,4.592538343841534,4.367171407248888,1.4132322431734374,9.396044779096506,3.069318927468504,6.014308239192571,4.594354827873013,5.599706432053216,2.6975351117720083,9.26219911835281,10.06978082075175,11.513488139870562,3.455976101088113,0.001873435306729785,0.0004827698675034446,0.0017344003672409695,0.0,0.0
304100070105,2011-12,Northern,1.4419895794772029,2.6231918537095114,1.5400663835010595,1.3444959150171027,0.41963321527950537,2.8633522924192385,1.3403762525657101,1.8174580425194924,1.4262520074862262,1.7028372860473482,0.9574407443699182,3.027109418673489,2.883340021913273,3.410780809129994,1.1244248495959204,0.0006256284721085751,0.00015581690248741873,0.0005340123017676783,0.0,0.0
3041000702,2011-12,Northern,1.8810773397726475,3.687394541533346,2.036060369062373,2.1300236523715874,0.6429473864982881,4.4813128421092205,2.1163758936500696,2.678594288515436,1.9556408568280528,2.5512573488124657,1.1339815297773188,4.624700581481863,4.779457661647675,5.21267329806522,1.4740477760579738,0.0008663681142061557,0.00022992076877009513,0.0008408846815848967,0.0,0.0
3041000703,2011-12,Northern,2.0665254556367,4.51448697070555,2.264575618397495,2.362622678508147,0.5698065019769489,3.7925831798834073,2.389443636177634,2.972974640578047,2.0973299629060094,2.8282325161023927,1.3070751682508848,4.9376666185984375,5.310715664774186,6.366203442238198,1.738004141628567,0.0010323103894569374,0.0002377864840579555,0.0007156804648594811,0.0,0.0
3041000704,2011-12,Northern,1.8333890216687405,3.770541992885781,2.063726778953846,2.0487672405372135,0.5451690297869425,3.6268620443854154,2.28689601426782,2.667491541376441,1.9377697226175807,2.493441560441272,1.1987075649466088,4.196286048715868,4.501038709857587,4.6983298978130374,1.5841524014390105,0.0005037754970111665,0.00012427020150524622,0.0004086620138179597,0.0,0.0
3041000705,2011-12,Northern,1.1692247397028124,2.136499440742207,1.3412617717511268,1.2124729609325071,0.3518846582845217,2.8530543563065063,1.078636646651667,1.5767384004194447,1.1495912029070001,1.6159208749964737,0.8594011358055208,2.3617036667356546,2.933680219257996,3.120265807458825,0.9483381831334364,0.000334577765716329,8.684784556891944e-05,0.0003040589992580832,0.0,0.0
3041000706,2011-12,Northern,2.726877006318448,6.402188949860425,2.9188421322657283,2.993995184897867,0.6829465301242302,4.232531996713051,2.7566328744935222,3.9129691873743218,2.810809463439331,3.594906542722347,1.6235340519320534,6.694465457576459,6.77571224082735,9.659172447348626,2.37981926938383,0.0011885941861665063,0.00022484533937126047,0.0007059866393005381,0.0,0.0
3041000708,2011-12,Northern,7.129863536414586,14.117937631085285,7.423433585455303,8.845295774984233,3.5177336552753595,16.789210841641186,12.760572596120937,11.119838586490316,7.648941926364388,9.341106380286766,4.051959603645541,20.35610521706272,18.454843791848837,16.517150815253398,5.4981100879651725,0.0030751437457228145,0.0013838146855752666,0.0035465822012351426,0.0,0.0
304100070802,2011-12,Northern,1.519481857183725,2.539071731375604,1.650611501263068,1.5514164076838626,0.4725082221617375,3.6472871944362457,1.4078704139967502,1.9079312121865415,1.4230786055831357,2.09356547280073,0.874243691048902,2.8847504845311303,3.89530017220428,4.595807677555096,1.1238836431469277,0.00043691388855298427,0.00012213729157276604,0.00042819737974728023,0.0,0.0
304100070803,2011-12,Northern,3.1239330458485126,6.80441640344898,3.3085690526770724,3.5414867931221656,0.8234282828481422,5.825896219989961,3.0191797213561893,4.48193433755779,3.152382919513857,4.362054439870491,1.6116010780778973,7.547346448733617,8.695641300786587,11.190759912594894,2.416322140737454,0.00122061149117961,0.0002671724723182837,0.0008842446256724333,0.0,0.0
3041000710,2011-12,Northern,2.8195614472638124,6.631718691868412,2.9493667674778687,3.2812792748762423,0.7793760856928613,5.114450375184253,3.1381837927951652,4.2725882837824845,3.025955376428939,3.7957928896126027,1.5006913224848855,7.682265485714543,7.268164754203821,8.586423818704986,2.269278879923897,0.0008798936781485646,0.00019675400303044291,0.0006288460190464785,0.0,0.0
3041000711,2011-12,Northern,0.6591423115767073,1.1127744218862958,0.7995949973481239,0.7400709091173233,0.220822714421312,1.6845894672530992,0.7785054607581445,0.8490733495881201,0.6855434568015037,0.9376356059574984,0.570265995747864,1.2354967890844752,1.5996651366581744,1.6254812792666025,0.5248489706131481,0.00026939859678093956,7.49872382792306e-05,0.00025962297070241243,0.0,0.0
30415300090502,2011-12,Western,3.4740631041619965,7.1926819671659885,4.601637469402945,5.055181587648948,1.2786083473105692,6.8070858078147785,5.870309774303069,4.690523146415933,3.8976684447326866,5.0184842348728305,1.9566311529863138,7.109204804377656,7.632572474933309,6.621198392324072,3.2661002301368285,0.00037254978545980415,8.024149225288088e-05,0.00033767969276916605,0.0,0.0
3043000902,2011-12,Northern,2.3006957174874265,4.756492150652519,2.432755985339386,2.329851163245005,0.6200859139055649,4.335103451598253,1.880002844646013,3.170122009868696,2.1788999838825887,2.989843649325086,1.3189161562175948,5.008880541656407,5.554742129158242,7.026623980509139,1.890665267108148,0.0005369115729918819,0.00012892575193464105,0.00038634077091346093,0.0,0.0
3043000903,2011-12,Northern,1.7733501775523126,3.096439730042801,2.0015485956672787,1.7549870912485352,0.5870324287303227,4.437461429809001,1.4344392638012438,2.4030294272877173,1.6533653606741272,2.3339599620662717,1.1033426709749212,3.4809861379732543,4.1167061349758205,4.544387179276244,1.4254474377401891,0.0005011286502078434,0.00017718477275205895,0.00047014867923659957,0.0,0.0
3043000905,2011-12,Northern,1.5321482511135205,3.3672767698091772,1.6942796352378615,1.8498197952461115,0.45597147025303486,3.3085456896595797,1.572081130476002,2.234188661684589,1.6904414453855414,2.17217683813312,1.0446481498880777,3.8004315042894183,4.263149794372582,5.152079670442944,1.2201824648252368,0.0004163875549727026,8.651295483385546e-05,0.00032867618962986094,0.0,0.0
3043000906,2011-12,Northern,3.585673256796559,7.781551484478048,3.8976460643097597,3.8103966542569654,1.0258892421490569,6.420933411287068,3.4233302976243465,5.283872461620844,3.769066493096756,4.534018667101318,2.0489491369154935,8.818916641003938,8.181065376334479,10.195677310512618,3.080530900983606,0.0014729104627504614,0.0003374433134114803,0.0010826977279252434,0.0,0.0
3043000907,2011-12,Northern,2.9863370769219113,7.514411037406729,3.3431578942645053,4.1831374858072605,1.0202989416183845,5.945792091420418,3.8788016759228037,4.908690807507541,3.588365499822985,4.6094554897853,2.1655871844687407,8.555864068892696,9.1598519900311,10.667857656242202,2.75063985985461,0.0014253189271076555,0.00031224770310348123,0.0009940452856269544,0.0,0.0
3043000909,2011-12,Northern,1.8964868771700076,3.1745009604159815,2.1252134456411906,2.0268977954829186,0.5753109664630894,4.234772346423143,1.9785322945684645,2.3496877349703515,1.7496672717809731,2.717511887541692,1.0062128413077143,3.614852752530872,4.896288337151343,6.211258993315893,1.3633808404500898,0.0008215173339017228,0.00024645520017051685,0.0007255130937316699,0.0,0.0
3043000910,2011-12,Northern,3.842866005522212,7.535688228924043,4.279059231723162,4.360128389522966,1.3116422368194487,7.790520665683964,4.28615484313438,5.537068788971573,3.850482624388535,5.095100305146026,1.8285471000524736,9.292293272727902,9.105941809178557,11.428929418992109,3.0148188912626264,0.0017152794681487911,0.0004997270891457107,0.0015131240580532892,0.0,0.0
3043000911,2011-12,Northern,1.6042358135730173,3.6793843790744454,1.8221735563528942,1.8640710456376877,0.4515639119800902,3.1920636272797287,1.5569230858642182,2.412502787235481,1.8052191271288538,2.2273014615828983,1.1027543271569435,4.043511288719823,3.97162968991547,4.17510182169031,1.35366977099631,0.000999778014069275,0.00021611559797797376,0.0007554510539753803,0.0,0.0
3043001402,2011-12,Northern,1.0119568266639911,1.7960475621000926,1.193313250540899,1.139261700371937,0.3395376582191355,2.5610030875003638,1.1443912592828491,1.3859860605430405,1.0224440136275494,1.4495537917258434,0.7879582483545589,2.035913805780879,2.6826135788408396,2.847019685101666,0.8281306027428975,0.00024962675796722986,7.158414382883798e-05,0.00023949222461835574,0.0,0.0
3043001403,2011-12,Northern,0.9909015012397656,1.804086675036862,1.13413892583194,1.1262404172314884,0.36446245700229435,2.391240961834426,1.2563189799335333,1.3449777365486972,0.9854010881225792,1.4019943758514455,0.6914283441497165,2.149645843571921,2.5044136493017355,2.682431138088089,0.7828716727845518,0.0004542829308224628,0.00014202637083363028,0.00043284721333787757,0.0,0.0
3043001404,2011-12,Northern,2.617696890193139,4.787962351468383,2.852194113648744,2.6164565881301014,0.7565667933412429,5.330325033900042,1.8352822187670463,3.36822944705065,2.6216692727765034,3.5178652019039904,1.6097417190079146,5.1103704360684095,6.461088438760661,8.319322825074885,2.0425953998930004,0.0008999337988215774,0.00022314685011596256,0.0007369986666142422,0.0,0.0
3043001405,2011-12,Northern,1.6636320964445206,2.7258564425802607,1.8784400214273007,1.7542030224422438,0.6218720040734239,4.144240958662761,2.089111811725525,2.126592034267446,1.6452623503484283,2.250339258812792,0.991254964826741,3.4457398308208322,3.8018534179227594,4.173231594418959,1.1945371313652948,0.000924222700727251,0.00031388695496397203,0.0010256636828108192,0.0,0.0
3043001406,2011-12,Northern,2.0341910525619706,4.633092947742079,2.072969926563124,2.370633586291759,0.6118965542195282,3.945340406498789,2.7595605349181263,3.1552147731548987,2.2575450770359837,2.5852419732170113,1.0679453336309845,6.0033395479086815,4.8141894055526375,4.9963776315603825,1.55890544749754,0.0009907103140059516,0.00025400126135684503,0.0008558045326387774,0.0,0.0
3043001407,2011-12,Northern,1.0196867053631526,1.8681889888194463,1.2487788563924855,1.2096697871273772,0.35158521740799686,2.58075072583708,1.056210825313285,1.402089612050718,1.0356623026491023,1.5265861061751247,0.834516548018747,2.0313085796479253,2.719075321566286,2.866441056005017,0.8405858112344952,0.0004421509880815871,0.00013502504823240355,0.0003873120396673908,0.0,0.0
3043001408,2011-12,Northern,1.7649630088557422,3.098935470029848,1.8963259272592572,1.820924406475625,0.533817941123893,4.131673908355976,1.8073148295911676,2.3273407606776626,1.7166250440912019,2.4403274650784543,0.9385468773895054,3.6482792966659043,4.664093707221102,5.1525850255539885,1.2577231823556023,0.0005461988720964917,0.000157342515995978,0.0005437694053702607,0.0,0.0
304300140803,2011-12,Northern,3.735400952350679,9.845655263704458,3.993940284787116,4.66740882318457,0.9189268497440777,5.784548852333058,3.373796524051304,5.514533733202059,4.029411924580366,5.4094092003454906,2.2842887755306274,9.788479613205142,11.092845086124536,17.956792838458828,3.2210555991411036,0.0021171073463760594,0.0003398308840123933,0.0010643730668853327,0.0,0.0
3043001409,2011-12,Northern,1.6390537421294913,3.3777771872265774,1.905049396909839,1.9071984270698228,0.4679676528078931,3.4174149605272146,1.5602937953443559,2.295383331623576,1.5875897659567786,2.4375234546935185,1.1578914210407745,3.422015503293493,4.5472608242179415,5.277884278115093,1.3873477934231917,0.0006749393681654916,0.0001694652959030239,0.00047218012851719493,0.0,0.0
3043001410,2011-12,Northern,2.3252637076535425,4.652583003266612,2.5215963154632055,2.5574023815627562,0.6873840011118006,4.751117770243699,2.7683031871525468,3.1922216624375084,2.4083617552131655,3.080529963749971,1.4406329485600866,5.333076603214879,5.592988354324524,6.694967074270916,1.866407091462175,0.0007573249699803977,0.00016886300006319682,0.0006308459936090493,0.0,0.0
3051000101,2011-12,Northern,1.9115021398291034,4.356515816072685,2.0936630021773786,2.15169098774844,0.5439475179207579,3.364093338099477,2.2191950425477103,2.828989031904285,2.013763021326884,2.5998908529262983,1.30146464580235,4.662484270421945,4.881977408723505,5.912569532007841,1.7313675116150424,0.0006938341224564469,0.0001374791410762501,0.000494600517989524,0.0,0.0
3051000102,2011-12,Northern,2.939216959651531,6.19745715672655,3.141888463965304,3.1723095885930315,0.9751820108603975,6.336225872057145,3.3888340272805295,4.485653430531241,3.0775605037665965,3.739726604623944,1.6710162015984378,7.633737601042032,6.844946495917175,6.925196610689467,2.3878960476103805,0.001002165365779508,0.00028943134071393253,0.0009129631253526535,0.0,0.0
3051000106,2011-12,Northern,1.6710685198634214,3.801819450055272,1.8178189566791583,1.846823955159099,0.453833999264293,2.788983582666174,1.8046292066985938,2.35483085957627,1.8561382179324502,2.245675213112018,1.173992421079566,4.135642159836973,4.04495928712196,5.416940439926358,1.4702934815334985,0.0007958233521751686,0.00015793401576672157,0.0005176284873232588,0.0,0.0
3051000107,2011-12,Northern,1.1114649613295047,2.1087579637236087,1.194568588698467,1.0598219912709146,0.3230697963696295,2.4869924324202493,0.8762586940683821,1.5354352324817715,1.0188172121497967,1.4471610225709959,0.6942471784716826,2.3545141473563005,2.6947565223849876,3.0714728146064236,0.8797373541034308,0.00016924513606262284,4.945242899720098e-05,0.00015374199330972664,0.0,0.0
3051000108,2011-12,Northern,1.0554458510666296,2.0856100966722826,1.1860731029215759,1.1407030629387713,0.33829106499101175,2.193426434583428,0.9194268209796922,1.435265096409763,1.096129430002195,1.4314983107946857,0.7077187613563549,2.3410597739801733,2.500180174440995,3.2615860200799576,0.8715888572620196,0.0003520437644253745,8.73079783179543e-05,0.00028710557936653474,0.0,0.0
3051000109,2011-12,Northern,2.723706662831097,5.135669704121129,3.1132959915335237,3.126997359716831,0.8597375308701599,6.041005144771868,3.6065024421164815,3.8608646134975992,2.9055714284024274,3.5577283436527627,1.3888572037812175,6.311676851203528,6.231194730640123,6.88541174114668,2.048981332695512,0.001593576726464767,0.00043057217320826874,0.0015385469148328358,0.0,0.0
3051000110,2011-12,Northern,5.614111026480325,10.17473565406922,6.277302917627013,6.313644556219697,1.7385642971226318,12.357589480632026,6.348998704360222,7.826242924978204,5.21742049327251,7.868362258393355,2.20726319469648,12.141558220117645,14.734817032615302,17.669235586479406,4.052851501125676,0.0020596972120808248,0.0006676259928813707,0.0018782940375055076,0.0,0.0
3063000202,2011-12,Northern,1.1073964964657133,2.031487246355798,1.3015678734572171,1.305278858846277,0.3797842413242396,2.8070317505533935,1.3724910732332043,1.5278204211540087,1.1692700626524635,1.602804956657384,0.8670563562750083,2.3327979230728135,2.901956314079092,2.9577585438532443,0.907587237037415,0.0003462573733036408,9.895199935358355e-05,0.0003271285229041198,0.0,0.0
3063000601,2011-12,Northern,1.0380478602319116,1.9457427087980035,1.170065106880166,1.1077766456349727,0.31167397761522625,2.3948209946681973,0.872934216118176,1.3642443031394371,1.0981705541655014,1.445677186124993,0.7474791993436479,2.141370053112957,2.583822999959401,3.0812090781943824,0.827153514882922,0.0004281630171179018,0.00010059936375646277,0.00037572616561390096,0.0,0.0
3063000602,2011-12,Northern,1.46425261463079,2.804291864883732,1.605580097937846,1.5570159803965362,0.5003720314082392,3.5288084503954686,1.5914580810898236,2.098732214398794,1.4630022461482437,1.9288111240018908,0.9292723945033234,3.3873636911377183,3.531475645481312,3.599436806665232,1.1608638241244353,0.00040585016779463764,0.00012880402693692973,0.00039366060015222696,0.0,0.0
3063000603,2011-12,Northern,3.387934022472359,7.593099401183412,3.564801583609113,3.6686094469118258,0.9692186050473994,6.115941003928422,3.4297592959717167,5.179301034946138,3.3709426277799266,4.436877832992424,1.7236105351457158,8.56225489867022,8.532512900557029,9.95008797243209,2.8564865682695775,0.0007681058308812022,0.00019202645772030055,0.0005752471379422112,0.0,0.0
3063000609,2011-12,Northern,0.6471674817559386,1.4663956826916447,0.7289915654914644,0.6879554620752589,0.1673671485417381,1.116699308696356,0.5754928689671187,0.8960657112116485,0.6553464306865958,0.9198691149260589,0.5523218109270277,1.3951907957972454,1.770786256479373,2.281763765866797,0.5980210758659926,0.0001659843896149815,3.2220499160555236e-05,0.0001071816777412861,0.0,0.0
3063000610,2011-12,Northern,2.0266934871828535,3.739359473080952,2.2879862429831928,2.2419176204569915,0.5620410337257247,4.093558088045923,1.9676540828677103,2.550001914912943,2.0183246826841077,2.8575193567986026,1.1491400134787144,4.1395534945294425,5.053634818709731,7.193277210571535,1.4888334951952946,0.00111099162797554,0.0002539409435372663,0.0008620003106102516,0.0,0.0
3063000612,2011-12,Northern,1.072412753202696,1.6850472134364283,1.267545538941844,1.1628477831328188,0.3601387919963824,2.7774220920465464,1.0830257630169653,1.3063816916161384,1.0230160278681117,1.5815878107455492,0.7407883656015872,1.8612925154847435,2.7506362360001235,3.282842190131654,0.799605386502426,0.0005315835771885553,0.0001677594925413233,0.0005047698507344941,0.0,0.0
3063000701,2011-12,Northern,2.2318637612872387,4.2680016535458725,2.5529416794156243,2.760512254056753,0.7668915405644495,5.3575981179717385,2.8092180178422357,3.2385019542877376,2.3142577955583215,3.3557693250990352,1.3715470575027653,4.961852759707964,6.47480904432638,6.848793220380055,1.7808678567476897,0.0008556161998455694,0.0002665115425273032,0.0007827579302627471,0.0,0.0
3063000704,2011-12,Northern,0.8202085707712186,1.3585658267926972,0.96057757827252,0.8945221717974252,0.29062963010041803,2.3001377843415125,0.7805920463315492,1.065216698112752,0.7924536578053751,1.1766386557272175,0.664768337250843,1.494695515957556,2.139453532468734,2.350492026267331,0.6471804740065183,0.00019137784616657516,5.8056040646800603e-05,0.00019386125530397867,0.0,0.0
3063000706,2011-12,Northern,0.5943417801292994,1.0734743205102149,0.7382016066825421,0.707998765588491,0.20703821614115406,1.528325608842985,0.6381441071016505,0.7830599200492128,0.6366961013328357,0.9177590579067452,0.560939746454854,1.1782423988327617,1.599673383743417,1.6522218754167208,0.49328660927117496,0.0002933566450982096,8.207001380723722e-05,0.00026194997490441954,0.0,0.0
3063000708,2011-12,Northern,0.7054305782277625,1.4905145886294182,0.7815504618031008,0.767218564151676,0.20550450763541647,1.5615155629841149,0.6259903764044116,1.008982720399085,0.7239896065321652,0.9936718065416519,0.5596480171726217,1.6878519695841012,1.9231203309459295,2.1119741695747978,0.57273919266727,0.00012692192637578367,2.975870214499134e-05,0.00010854867964519316,0.0,0.0
3063000709,2011-12,Northern,1.0071613024445722,2.1224574473458526,1.1323574322560426,1.1155982408692369,0.28423864529911114,1.9568220957294422,0.9972158251263993,1.4045760549711497,1.0181835683223937,1.4337853360480646,0.7688150114209324,2.189147913397694,2.7150377116191953,3.2012936892151718,0.8766726010205103,0.0002638453960442933,6.147183310979608e-05,0.00019024683105352825,0.0,0.0
3063000710,2011-12,Northern,1.8743761628674631,3.5450797969415353,2.048079622301966,1.9973246536422709,0.6107834445213576,4.19159141663899,1.65590913614542,2.5734380341262426,1.9455054640890455,2.5931026631262375,1.1538917325657856,4.093705009311714,4.788384412971063,5.35288342624632,1.4760930497727696,0.0006742582113270902,0.00019746133331721927,0.0006172255765135605,0.0,0.0
3063000711,2011-12,Northern,0.5982214451374526,0.990314905719377,0.6969166796783292,0.6472247172440121,0.19529589530365893,1.5488476146873964,0.6607169567580802,0.748877416300228,0.6100659877584347,0.8354038816894949,0.4458299350040979,1.1357017585848854,1.4378814547111811,1.628719216318003,0.4486713534353191,0.00033183990867278974,9.01072982780729e-05,0.00033243251155414314,0.0,0.0
3071000201,2011-12,Northern,0.6906473795827933,1.2279811407883334,0.7753631896590634,0.7443060293358211,0.21717972529002327,1.6397796817952972,0.7035555306921433,0.9032401455361908,0.6521088457041763,1.005614085761675,0.5219534981676682,1.3446001115771287,1.9327718669349758,2.2085983737465034,0.5519506865641097,0.0001478754994772064,3.94444691685852e-05,0.00013607581883933302,0.0,0.0
3071000202,2011-12,Northern,1.697564914723573,3.324386875876501,1.8777085662645063,1.9139162182567404,0.48521280421947144,3.391073499593465,1.9991645424464306,2.3191375101510006,1.6903900381537285,2.3618749276187083,1.0442280608986223,3.707938787919425,4.439364698944818,5.443548639412193,1.3929881052168993,0.0005816469432609711,0.00013611850457893025,0.00045581868635737467,0.0,0.0
3071000203,2011-12,Northern,1.024329336682609,2.3244014041692216,1.1202075748662685,1.1582195300928726,0.2851023007371472,1.9705654508628405,1.0644136017031036,1.5215291046258528,1.075751628790111,1.425888070892997,0.7274210610965094,2.5651850963983995,2.7210106324683134,2.860141598541104,0.8699955589928405,0.0002725063818120709,6.421223116659738e-05,0.000202508084256985,0.0,0.0
3071000207,2011-12,Northern,2.2312125369627136,4.706067731337991,2.505509989483841,2.807078303314507,0.8755182337909262,5.587244116290643,2.6306749057627035,3.432084483092381,2.5349153596017775,3.2437509217911673,1.6390362917876955,5.757246953758609,6.1610682901206,6.626166516658074,1.9152911062292386,0.0009097934082138119,0.00024461426541597776,0.0008224771447538574,0.0,0.0
3071000208,2011-12,Northern,1.474769158141076,3.1190456975776226,1.6823155962913448,1.8385160630088715,0.42523252745131057,3.094065459380886,1.478429242644876,2.05134712587732,1.6665118613074614,2.263519697756134,1.0318662490096175,3.3818735764593892,4.289731036652182,5.3752522420034925,1.202832106712179,0.000658070361968775,0.00014596560688349958,0.0004817421644748805,0.0,0.0
3071000210,2011-12,Northern,2.0347343193111715,4.6213573063270825,2.1823956167853074,2.2918631301034735,0.5762556823210515,3.8460777345434627,2.148833755562636,3.0521414423801723,2.1032657399534487,2.6969785780959175,1.2753977468402613,5.130431664892311,5.086484344829579,5.769794381709184,1.7072496218183404,0.0007126107340591352,0.00016069253679157412,0.0005204644104684239,0.0,0.0
3071000211,2011-12,Northern,1.3973859888394367,2.630921081098287,1.5793174613249692,1.5689817766264176,0.4465719269798402,3.2211419184146703,1.585431990650832,1.974149572123619,1.4350746939920467,1.9404745683155322,0.8978643004466526,3.0175401411309744,3.634452088102945,3.8942598701074207,1.107156289625713,0.0002854925322190602,8.214063157595806e-05,0.0002668867133806897,0.0,0.0
3071000501,2011-12,Northern,1.7556985198855688,3.426776078704565,2.0116235690804425,2.024444708620011,0.6582871847428468,4.146523119311599,1.966598151494229,2.4778078686143163,1.8904246714691295,2.4353456801899402,1.256082223045314,4.1834824084450055,4.106547825640923,4.762211166176613,1.4351129940922758,0.001039144154077521,0.00028527448003448923,0.0009491602540959985,0.0,0.0
3071000503,2011-12,Northern,2.8492736686214393,6.903804724814509,3.1813018343792123,3.244780547212265,0.7426458471186365,5.285494711446824,2.419652407026271,4.449230933523978,3.07211989625371,4.009211394390803,1.7254599155573518,7.342139664957704,7.4145050120059475,8.339083042716512,2.541414188750899,0.0013267965860978474,0.0003092110687939899,0.0008622985503069257,0.0,0.0
307100050306,2011-12,Northern,2.8636710297021746,5.032746773788345,3.3461156717437657,2.9551212972082004,0.9628505920669556,7.0352115143796325,2.2493117274232843,3.8995812280155966,2.7851270340950225,3.8878348461422734,1.6053872551366146,5.669184292967425,6.644898602582139,7.947107228791624,2.2527231788926168,0.0014050026297432513,0.00044751935614044305,0.001323967491320443,0.0,0.0
307100050307,2011-12,Northern,2.258104386512576,4.252193366149979,2.559679337133189,2.6166471016219264,0.7697101121785473,5.235912349956708,2.358748511885515,3.1610233284653098,2.218322455721279,3.201219706461233,1.2490533812490239,4.935865335640257,5.793542160499821,6.8788162008193865,1.7782337421479457,0.0006965075267654671,0.00021622016265675806,0.0006122509130089337,0.0,0.0
3071000506,2011-12,Northern,3.2505229103268767,7.0109363228403145,3.4660454574896704,3.416488022526387,0.8765120901209374,5.209210213273033,3.7904379743018506,4.5336435914098985,3.4083418676420023,3.983968893302695,1.9688992241630776,7.892456866107064,7.085531525475659,9.623044939409274,2.7248680917846015,0.0014397689701459455,0.0002867589650083211,0.0009979972984714527,0.0,0.0
3071000507,2011-12,Northern,1.341328018731597,2.551175759305069,1.5183198553396138,1.5645531997146302,0.4452756520125563,3.033166002809119,1.9662990475759596,1.8597969911232588,1.3899876392337793,1.8587229364449716,0.9449057323720559,3.0325735114469587,3.379837704569072,3.6353850371898875,1.0789969960719217,0.0006419745499044007,0.00018197703776817655,0.0005675561531494986,0.0,0.0
307100050702,2011-12,Northern,2.733254372129491,6.336753431923099,2.9689411454536483,3.269125764696164,0.9773228213585782,6.04000123799406,2.595657966818644,4.296384486884463,3.252140800775205,3.822854518563885,2.1371479077862827,7.390975259580329,7.13693206972617,8.25699226707767,2.47173415221156,0.0013238027565634235,0.0002800351985038011,0.0010469781650916921,0.0,0.0
3071000508,2011-12,Northern,2.00682830770042,4.390907121430015,2.2856148084992167,2.5578113061778045,0.6140159714017726,4.246081493778115,2.1344712952057607,2.941913864762242,2.3783224947599604,3.04196894913133,1.386581258827591,4.952326484104799,5.709352850137626,6.88385646330454,1.665180727850037,0.0010145707439896386,0.00022827841739766867,0.0007794107079750976,0.0,0.0
3071000701,2011-12,Northern,1.612835856558943,3.57806635304798,1.793388700660146,1.7712221013493306,0.44049278488733734,3.072854675658683,1.5972808862553918,2.3546744814899823,1.7027214341793135,2.2073609047483664,1.116148874012717,3.8577975492358254,4.000375697849117,4.338692104218876,1.4134545018487292,0.0008978237021196436,0.000198719437828173,0.0006512799832869325,0.0,0.0
3071000702,2011-12,Northern,4.0591933339662285,7.582616063151929,4.622202026044864,4.478004545231783,1.3192260384624677,8.440676680634466,3.2824039992097425,5.496331352167341,3.9229074750716846,5.639627324978854,2.0686928584052193,8.344593316620468,9.70638803222637,13.125786169686819,3.2851332174196557,0.001661813440234233,0.0005307081631715777,0.001308009020881911,0.0,0.0
3071000703,2011-12,Northern,1.9214378164825265,4.079515240421271,2.1728573025461575,2.153198890116949,0.5339965413802248,3.9898193224158307,1.7164297745049986,2.7685721020334446,2.0340924070543926,2.7177678296421433,1.2282868135706442,4.489107602300299,4.903596621175822,5.5569085000465614,1.6267616977608355,0.0007813231984855195,0.00019020736881163874,0.000586454201088651,0.0,0.0
3071000704,2011-12,Northern,3.7628306594171574,7.348813031090752,4.447385238723839,4.528826306884744,1.3545943705737302,8.534391829858112,3.9773760071241306,5.602407998632269,3.8884209665328693,5.3215815540822895,2.065524264065574,8.561531546173715,9.654239975819879,11.600961197027331,3.157668316404476,0.0012784515173267777,0.00037630695992268233,0.0011156699567522418,0.0,0.0
307100070403,2011-12,Northern,10.259368874034728,20.615463963933404,10.727646112261155,12.967039156114975,5.099366325435043,23.708707776056265,18.435689964514445,16.367412593532872,11.061457988451497,13.371603873040828,5.482901364828739,29.615451187437074,26.492518364476773,23.737303375996255,7.935138599840122,0.0042513531193775055,0.0019131089037198777,0.004873479974451144,0.0,0.0
307100070405,2011-12,Northern,1.320720706185399,3.028920400603566,1.348468830959338,1.52074785701331,0.4107920976164488,2.634202623209622,1.6099526470423522,2.0969031791070556,1.4299614963140588,1.7528653841248976,0.733581514010373,3.8804531456760825,3.473505961779776,3.6626390330517644,1.065632585118273,0.00033604597921606813,8.266268640120024e-05,0.0003020188317377044,0.0,0.0
3071000714,2011-12,Northern,3.2338796497192592,6.083674788265876,3.6883107427398407,3.669330968274732,0.9730342213467676,7.0218067202744345,3.5699758294046777,4.6396698842414565,3.2700236563545095,4.387840414003241,1.7402860270987626,6.787298847264107,8.125349058973427,9.204912653783985,2.6035725057385455,0.00087687980447547,0.00022978476804025872,0.0007731652999840354,0.0,0.0
3073001201,2011-12,Northern,1.6440012645467383,3.2425433477106074,1.7826089423845808,1.7321627450154655,0.4820658128534813,3.6182604233055566,1.6357098206600462,2.403595096465562,1.5580984918509557,2.2407331338258984,0.9672136599448957,3.6659440391331026,4.2173480320010865,4.363667235923507,1.3240533279520021,0.00025933785895805106,7.471267717836556e-05,0.00023129567328433528,0.0,0.0
3073001204,2011-12,Northern,1.1824480365674155,2.500709649855543,1.270055970336382,1.415845183424705,0.39140092546118843,2.647661751336707,1.5736771283056064,1.6930991957161052,1.2913682429134814,1.6798617566911145,0.8275581438884122,3.026222146768457,3.276872390471287,3.6354541252355514,0.9531751640293394,0.0003381223006537761,7.377213832446026e-05,0.000304237219094857,0.0,0.0
3073001206,2011-12,Northern,2.71098425935026,6.124219539615227,3.0122424102561487,3.5999397376562228,0.8966012942917851,5.421549583074687,3.3862241307992873,4.112820331028211,3.0190903549835557,4.125711565054133,1.7998980818564798,6.98039460024227,8.381566748429593,10.894801017002226,2.3643594704342976,0.0008395560138194039,0.00018392335354291064,0.0006017121860185553,0.0,0.0
3073001207,2011-12,Northern,5.128774808240488,9.601993184563813,5.493144919905456,5.377325317869972,1.7902248942393084,11.557672123549859,4.579899531416382,7.349456317135786,5.17004709159356,6.593822552059396,2.5549451468694997,11.693411544877048,12.275302150574541,13.463501246485686,3.8905438713486378,0.001657414596902784,0.0005159875631867158,0.0016744167192737191,0.0,0.0
3073001208,2011-12,Northern,1.6361877375482026,3.223314520123065,1.7941510007786814,1.8271736134044603,0.5239892444642564,3.563390329254585,1.4850844407500199,2.259300118458883,1.6127965640929618,2.2898553224123215,1.0894355953813286,3.5188381067147536,4.347941013210817,5.281710011525592,1.3537450521492322,0.0004376707581816704,0.0001134795991341106,0.00035116179586491575,0.0,0.0
3073001209,2011-12,Northern,3.1518684399669357,6.93563398206921,3.4673879436284127,3.6609757218683305,0.9363994416870441,6.180426617361439,3.2345747857732405,4.742989585551577,3.287616606256713,4.350845619054885,1.8550058855416516,7.604330530159452,8.136417517998416,9.317128520325957,2.695720540161036,0.0009039992476948863,0.00022834908231793906,0.0006640463238234008,0.0,0.0
3073001210,2011-12,Northern,1.7013134384339732,3.418138719676509,1.8643432203533754,1.9050209038605308,0.5495940536519878,3.734821833045285,1.890742745415761,2.4759693521847685,1.758416005171533,2.336152442310763,0.8870651191337933,4.189430953340362,4.218340596778805,4.510081966958219,1.2989180643384806,0.0008362941325674927,0.00025626441633675313,0.0007687653631848529,0.0,0.0
3073001701,2011-12,Northern,1.1049232956363568,2.052401572434755,1.2360551403489994,1.1679875757573002,0.3630642886769148,2.7024121429212906,1.1481520699674825,1.5526017970031718,1.0613055774282407,1.4896469772221694,0.7665349852997887,2.355037329682849,2.7413802777393763,2.7840224996697507,0.8732995661183441,0.00026109889190818893,8.324749087693011e-05,0.00024989423711168474,0.0,0.0
3073001702,2011-12,Northern,1.249683846782399,2.398547110776859,1.3679247252794957,1.3449659974965857,0.37610201651415215,2.845403914488053,1.358487822966392,1.7504573430505022,1.2377238306373872,1.6796011693130362,0.8230704398989357,2.752167117185572,3.0854295355968704,3.1658990284785475,0.9926068320198137,0.0003340360814820538,8.686350533254255e-05,0.00030396560923673084,0.0,0.0
3073001703,2011-12,Northern,2.035964749742856,3.545298658483326,2.3830061407866174,2.342731781758416,0.7207403527797916,4.755083459239981,2.4976081049052503,2.7090229338781486,2.0571981210277714,2.9293019757626144,1.3050898844315026,4.126868885889056,5.072011474132574,5.882382021639314,1.5757742330595332,0.00125829672065361,0.000382344180391531,0.001200813528674526,0.0,0.0
307300170702,2011-12,Northern,1.701530227890609,3.7174973513652665,1.8238898792850315,1.995769700460787,0.5199788578625155,3.3142058643972354,2.1198542514555796,2.487259125495148,1.76970167776245,2.3535672856361636,1.0867766125887017,4.378841061231081,4.575631573584481,5.11119695088373,1.4109347453548393,0.0009619117110271291,0.0002153795032578948,0.0007790574984217304,0.0,0.0
307300170709,2011-12,Northern,2.192037589289859,5.053704370721912,2.385889698359797,2.793360638407541,0.7572138921860729,4.091205295699357,2.565949967908069,3.3612658611479063,2.4559176749605176,3.3176571464286013,1.4918729123052081,5.949558153270654,6.685489538417944,7.82679427681715,1.972158818107342,0.0009424656836674253,0.00026826206959810746,0.0006946261791660395,0.0,0.0
307300170804,2011-12,Northern,1.0092624033977935,2.0740118438767174,1.1064802776857243,1.1100492767447974,0.3168922803921635,2.117519706644486,0.9025587703067783,1.4225465358971565,1.0548708122478714,1.4154397538684458,0.6892722730399716,2.387975946934951,2.6649081712750706,3.148687811402847,0.8450427239358236,0.0003617281271637603,9.441859467731563e-05,0.00029267402951683297,0.0,0.0
3073001709,2011-12,Northern,1.218070699098747,2.624175697661384,1.3558712821259058,1.3757847121605387,0.34969340949003647,2.213532006217963,1.473710089804756,1.7319939128939588,1.2657994675597541,1.6779577553484613,0.8865998397825239,2.867621997635723,3.1376348010931223,3.7918832224637473,1.0652111453821416,0.0005831394320373072,0.00013022964983463433,0.00041234627262987664,0.0,0.0
3073001710,2011-12,Northern,1.1549744756770375,2.2679591549968237,1.311086611869925,1.2811697238091717,0.35348674025221116,2.5826478572323195,1.1667287568742148,1.6466565092645473,1.187092687394283,1.588924266210645,0.8535691093227975,2.512768088659745,2.9062871006822055,3.070014945082291,0.9613423153504088,0.00025563052099191895,6.649940180552856e-05,0.00022227120569167277,0.0,0.0
3073001714,2011-12,Northern,1.35956629102204,2.530947813475243,1.5581045300793508,1.5577661860122551,0.4499160965666575,3.1641796685212995,1.6452154691247471,1.8918509288530738,1.394562487438804,1.902412987237785,0.9206681815242302,2.9875355447352487,3.5040936309825734,3.9443724394258353,1.1039228014343072,0.00047711937170955145,0.00013885125839662666,0.00042604977809118194,0.0,0.0
3073001801,2011-12,Northern,1.0206880951855333,1.7834445349744423,1.1577284637968162,1.0717150613605264,0.311933154504983,2.4437474856397805,1.0491118936106105,1.3253188777611902,0.9769953204596841,1.4137632430211815,0.759301646494898,1.9252912823483965,2.569959532416228,2.773666468128601,0.8166808893676785,0.0002566706403872103,6.71581635633646e-05,0.0002360080920928922,0.0,0.0
3073001802,2011-12,Northern,2.1808946230746775,4.183350471145712,2.430430578141827,2.4964864319848514,0.701463710266921,4.876904929123225,2.5626359547564768,3.099949153769062,2.155015115889903,3.1570067382294016,1.0730116767495617,5.020338445385914,5.846644961350799,6.309594207183916,1.6570618859436332,0.0009540743157374397,0.0003132973766543214,0.0008610536719097277,0.0,0.0
3073001805,2011-12,Northern,0.9428167532639851,1.747027316397479,1.069606223387173,1.018457718863979,0.29415333787441095,2.1707927775216973,1.0750739883850242,1.260526852394433,0.9573145509824591,1.2885183584114608,0.7108317947346223,1.998045092130848,2.3049132982087333,2.4508027436063573,0.7630049862225551,0.00044926561134271654,0.00011719972469809997,0.00040252844020632114,0.0,0.0
3073001806,2011-12,Northern,4.251389235465356,12.521709441179576,4.5490275375467135,5.832896509009524,1.3094805194436694,6.838506281544328,5.2210932498980975,7.199666558734273,5.342010681061678,6.195656572360714,3.4112754409193164,13.277790756844164,12.412280946149085,18.245124305044143,4.168382870630093,0.0027299857930402354,0.0003831559007775769,0.001530675494905632,0.0,0.0
3073001808,2011-12,Northern,1.6422563194720676,3.5904989393815745,1.8075651535067028,1.8681676307129766,0.44443052215415596,2.942095652110493,1.8374858147407693,2.342301405690894,1.6567343058507955,2.2917377417593485,1.0700531739787764,3.840034392614318,4.3881712458042745,5.560007091427418,1.4144944859267699,0.0006766190039741554,0.0001489906084909978,0.00045196022646482124,0.0,0.0
307300180802,2011-12,Northern,1.703856383100493,3.593242577351856,1.8542540351314636,1.878127344350947,0.5556117507714883,3.652786061041752,1.5026355575542603,2.4135606044889637,1.9141444528009335,2.28583898707442,1.3388224626769119,4.200471319746689,4.164686877677126,4.93604237353889,1.43843589708129,0.00105562617793865,0.00022330553764086827,0.0008370530871810785,0.0,0.0
307300180803,2011-12,Central,1.7787879236566286,3.8169706794932883,1.9962511325393189,2.6472853385229245,0.5048396025467613,3.734275437574932,2.1352953231203413,2.2926212109147346,1.9454758363280886,2.6014067606942546,0.8623227241250395,4.3184990332315705,4.783774367381216,3.9989823955163883,1.4568118138437807,0.0002227255510526145,5.210186997837946e-05,0.00020352329643607056,0.0,0.0
3073001809,2011-12,Northern,1.5687538623891149,3.8751264976892457,1.7184044023338625,1.9632528267301212,0.3980801802349138,2.727081109600097,1.3936452661608114,2.1973201871944466,1.6836814469435322,2.5068879166583624,1.0943145791078561,3.706079821612299,5.21662498163516,8.551158059794162,1.3879241768204982,0.0004436098113998195,7.532996797355427e-05,0.00023498331791510748,0.0,0.0
3073001811,2011-12,Northern,0.4865995977580435,0.7340935835035809,0.5396489928430772,0.4876766972485669,0.16694176844937827,1.332483573592793,0.6249614294147975,0.593060330636141,0.42421003643066857,0.6808037308796872,0.32261581325461325,0.8650505072351553,1.260117955980151,1.293419948395123,0.3481626402907459,0.0001118153106976616,4.394962906588643e-05,0.0001255695104984411,0.0,0.0
3073002002,2011-12,Northern,0.8894868576783075,1.593200376521815,1.0103038234087796,0.9861690382410422,0.29458698326523336,2.1293793720257734,1.2225053496606975,1.1688739715658099,0.9117305025254961,1.237920981253724,0.7034740707089372,1.8187546127945358,2.230308039653909,2.310135064093477,0.7219823967685988,0.00030880253428589813,7.678779595879285e-05,0.00030048873764433116,0.0,0.0
3073002005,2011-12,Northern,1.4677717360195734,2.3834639104586715,1.7416859305931873,1.6226687513373326,0.5465636530366247,3.961673056692136,1.575745754938792,1.8907876380014086,1.4671426287699314,2.1093566890184308,0.9911680624112887,2.790893851478063,3.5928393869911264,4.077341877086049,1.1132799113663008,0.0008291789119881946,0.0002765992340736739,0.0008567369305661582,0.0,0.0
3073002006,2011-12,Northern,0.7130807800524351,1.1831162860392899,0.831449620329102,0.7742737021363999,0.21841045079556642,1.8269828146776774,0.6523482177748022,0.878374081832003,0.6741963929817492,1.063630074349447,0.5927905929138109,1.2282622368171408,1.9749216289772318,2.2953860525814402,0.5587571958724654,0.0001502698192975016,3.90608194882015e-05,0.00013697494511214175,0.0,0.0
3073002007,2011-12,Northern,2.7231283989230084,6.076837049281704,3.016357481481714,3.170833608113603,0.7339478704606319,5.0268788450703275,2.1681687420629174,3.8466648755023556,3.1372465679992003,4.137424397544985,1.8936170798384355,6.191836451324541,7.9348816701616895,10.81003590931283,2.2877278898172366,0.0012638794204520435,0.00026120174689342235,0.000846006309915023,0.0,0.0
3073002201,2011-12,Northern,1.5218064171444556,2.878073745589338,1.6962946177145146,1.7837038162693846,0.5181354270167271,3.622761767614758,1.8182556811341357,2.149125639577201,1.550111686296026,2.1750001311496225,0.9348696206540114,3.505579945005985,4.159309519673882,4.71120393041982,1.217474499524787,0.0005290063704549557,0.00014584266537246308,0.0004973373483529876,0.0,0.0
307300220105,2011-12,Northern,1.959476800134788,4.7084187675928355,2.091709323320354,2.371883571764493,0.5794888922097184,3.248419680206184,2.2777999525277997,2.983003973561411,2.095423609579527,2.7773776386898175,1.2191337843488639,5.335922374874747,5.673502609565513,7.588140223587445,1.753053905891677,0.0007871396160755752,0.00015955532758288687,0.0005238643466052927,0.0,0.0
3073002203,2011-12,Northern,1.741426925726844,3.489503099288723,1.961859186764057,1.8949372673789546,0.5194685758401014,3.300671550218085,2.1101424356842458,2.3569852861462195,1.7501013190050771,2.333158488793001,1.1285560928317895,3.906625969152756,3.9942197052250563,4.8451211639471925,1.4202940788711347,0.0009173486764593226,0.0002267960370470763,0.0006958269638122102,0.0,0.0
3073002204,2011-12,Northern,1.458964937468276,2.9925263487977714,1.5837800352067384,1.6029197526206242,0.44488755676801184,3.1367201709431005,1.7044058358600305,2.16654894550735,1.416132316330615,2.016416624337412,0.8636160991322478,3.5305540053961897,3.9356938992203556,4.135241321514981,1.172394583381724,0.0003347305265978868,9.765234163309503e-05,0.0002910105501989189,0.0,0.0
3073002205,2011-12,Northern,1.902650495744226,3.953954535506744,2.0836914109248954,2.037951281687721,0.5117721813358214,3.6105181469001097,1.8362961318691742,2.6683265912345595,1.8978664319157477,2.578927517202095,1.149679536562686,4.30341805170355,4.809545666781572,5.95445735283921,1.6056254367619214,0.00069419581806777,0.0001536495443185713,0.000511186731052717,0.0,0.0
3073002206,2011-12,Northern,3.3065365878921877,6.028108052134956,3.560792197957189,3.2350988607707487,1.0153651718350705,6.933104889420507,2.5776195730263907,4.408780406594166,3.7986274708337966,4.369219490326956,2.468133331110018,6.959657552327866,7.6692006253408636,8.728248605504087,2.5222457940906584,0.0014991043390787315,0.000323806537241006,0.001519075083416484,0.0,0.0
3073002209,2011-12,Northern,0.9132131187601749,1.514405073844832,1.0885906296926706,0.9847767898493355,0.27794762203445633,2.1856448547982366,0.821406657344367,1.1261425811250902,0.8646094268683113,1.353989436060606,0.6746298644364495,1.5385399663165182,2.3877653672696835,2.8198378390027443,0.709879504740629,0.0004154926592989629,0.00012159381363331719,0.000350000669301997,0.0,0.0
3073002210,2011-12,Northern,1.7998611643859492,4.026249201250422,1.9974771279511885,1.983107374469969,0.4901585920049803,3.409594093955283,1.7834755674219922,2.653022916300653,1.9022003005393067,2.4600607944256545,1.21221769270721,4.346825859883172,4.464347930303946,4.840277155126912,1.5810092295131026,0.0009956401232125644,0.0002203695949403749,0.0007199824099703123,0.0,0.0
3073002301,2011-12,Northern,2.2787397958730713,4.710766022741813,2.4521655669387328,2.4633901465297177,0.6122559711685966,4.209519169425748,2.5046676214532546,3.1133218665127838,2.2949030992434385,2.988395524793984,1.3499944019969023,5.24078075627254,5.463316814601464,6.786923210411436,1.8427474844390799,0.001047461215588694,0.00022283730187403706,0.0007853852893531587,0.0,0.0
3073002302,2011-12,Northern,1.336575554544348,2.7859879247790533,1.4755421995941598,1.4574796675878092,0.3821760636434812,2.5791337824231526,1.3546704265384526,1.8800283336365693,1.317037773834031,1.8528935509092215,0.9289763907765155,2.9383786383519763,3.5273717778694254,4.263525123394781,1.1498216735538414,0.00034722946202205826,8.215993484747555e-05,0.0002549867760533369,0.0,0.0
3073002304,2011-12,Northern,2.693217233458602,4.848140415391006,3.1946636378114026,3.2697226628816787,0.964691658370458,6.470527420948176,3.226081345725373,3.7005137038402234,2.871332813534347,3.9917214734606845,1.64342551229322,5.714398385550123,6.885531773787181,8.096077847322288,2.103616703319026,0.0015537050116842066,0.0004846079917395978,0.0014662580206793814,0.0,0.0
3073002305,2011-12,Northern,2.2408305605451324,3.643486949788791,2.5842931267620095,2.4229407310541133,0.7850971519714224,5.599008256173574,2.590228101517305,2.826604429532262,2.2432565005556353,3.0578301118916507,1.3419865369703738,4.4006527040233205,5.0961135006294995,6.082228760909106,1.638438984905646,0.0012507334778158782,0.0003488373840470848,0.0013672477370410717,0.0,0.0
307300230503,2011-12,Northern,3.4300306816353716,7.702173179253009,3.6221774152670925,4.17301549400034,1.11974902205347,6.26701131310501,4.547496896459836,5.201986343518022,3.727817109162111,4.640130016055824,1.9644458806595748,9.609047720688464,9.236174715114489,11.160827849562539,2.805390675271887,0.0014693230742361576,0.0003383710814112313,0.0011680593572736125,0.0,0.0
3073002306,2011-12,Northern,1.5618565818214638,2.9129177440227902,1.7164432756750334,1.7284518431099274,0.5260099596957909,3.6459473751164846,1.420339664590373,2.10080319805335,1.5479173674430275,2.174501359283612,1.0298790809578908,3.2813078051087077,4.070535993484553,4.95307960804705,1.255549084974863,0.0003880770410050885,0.00010659518723711198,0.00033671543632051804,0.0,0.0
3073002307,2011-12,Northern,1.987682685072894,4.2784855426931285,2.1477921966234392,2.1242080590573917,0.5437520712989765,3.6454471619797357,1.924662381080565,2.8451166302421287,1.9632378341909902,2.6840752547528925,1.2340651728610295,4.485635678561869,5.064949107900471,6.190031030929593,1.7318432776344717,0.0005142417824700104,0.00011076661231404203,0.00037109452118757577,0.0,0.0
3073002308,2011-12,Northern,1.1596024865731818,2.230999881437322,1.2615744568464837,1.2345710769520537,0.3610848786150569,2.540665822148908,1.2992336441359569,1.5940511686099263,1.1232287746139011,1.567480576839683,0.7595760503056622,2.5613628443150285,2.926705009382792,3.1571568394263734,0.9205296278996187,0.0003127111030659316,8.941290521795351e-05,0.00027442824993378884,0.0,0.0
3073002309,2011-12,Northern,0.9814726265800408,1.8353440170113737,1.1595566039931862,1.2004833724386754,0.301831711814699,2.1514282119170236,1.2023934073906426,1.2828073101357493,0.9379951463005715,1.5174930830548898,0.7671665257824108,1.8779248464176757,2.8515451815967183,3.4148589468677515,0.7983831260125618,0.0004569200137219949,0.000117220317656428,0.0003406622800164916,0.0,0.0
3073002310,2011-12,Northern,1.7879093143234621,3.5245845383510734,1.9553365837745804,1.76496853402455,0.541135884718242,3.8967351589550967,1.4233954662121866,2.5125358472547514,1.7904231164416877,2.247354386775433,1.124185565782381,4.042793284140081,3.9418442702785943,4.4432652113141895,1.4632426733198092,0.0007408400204180913,0.00020578889456058087,0.0006290831865431138,0.0,0.0
3073002501,2011-12,Northern,1.136858306457275,2.558297335603329,1.270143676426092,1.4051983949032456,0.32151277238265225,2.06799058743271,1.2480341137111064,1.6056741092388127,1.1832293805814604,1.7174258759072674,0.8540283374653143,2.661937988953343,3.4552326175446875,4.713860184326354,1.0041075090734661,0.0005427012833630597,0.0001073358282369498,0.00033978216113321767,0.0,0.0
3073002502,2011-12,Northern,2.1318665185042813,4.685367688837912,2.346810388308188,2.3327172966779117,0.592080025491408,4.120176972783728,2.1275347489211143,3.1313066430111625,2.161812559382701,2.909622131950135,1.38747235991424,5.001269464316577,5.436477806836389,6.1288839551578045,1.8482631691358669,0.0007824384391965062,0.0001731806883747906,0.0005740892020719504,0.0,0.0
3073002503,2011-12,Northern,1.0895573013637387,2.374128534433083,1.2093368057923173,1.2030616686886857,0.2973309070901556,1.9952053064903426,1.200386263885764,1.5080763452422858,1.15936942473139,1.4951520479108298,0.825891699919473,2.531394663126549,2.6973011842394086,3.097400253740733,0.9458954487237257,0.0006442675751034323,0.00013178200399842935,0.00045783855251036126,0.0,0.0
3073002505,2011-12,Northern,1.472369085566675,2.9819973629596315,1.6799092478758388,1.7028814073089762,0.46004746368745836,3.3189210456047573,1.275939619750936,2.104845887691168,1.5016283009579157,2.184474446459586,1.0350088944528604,3.2365639636564323,4.195786532621401,5.0735951058321715,1.2558422988878166,0.00033389240238924315,8.726044635943923e-05,0.0002614873908203976,0.0,0.0
3073002506,2011-12,Northern,2.911741890959082,5.8329977040558845,3.09101302023944,2.93006211198775,0.9082652787352926,5.800119165936053,2.8634848483029347,4.082433143975412,3.0079250149849113,3.520891855034061,1.8063048671106428,6.7495766497636005,6.121456622459551,7.074280415084223,2.3907147537267295,0.0009611594457390433,0.00023938310724066738,0.0008105707124219794,0.0,0.0
3073002508,2011-12,Northern,1.570248888351814,3.181116163512418,1.7451241893356342,1.7276401963955268,0.4767052830290144,3.1941631992217556,1.7313601871550728,2.2477072262156206,1.580881547923403,2.1499289402416655,1.0681689650417832,3.471909417173181,4.009229254252402,4.4778081578997435,1.3537724920897416,0.00042456596756993223,0.00010276910335409314,0.00034636405156767785,0.0,0.0
3073002509,2011-12,Northern,1.038872878347116,1.8065052344734656,1.2749377752455606,1.2406642354885304,0.35750575376639243,2.752084298472158,1.2683228778057754,1.4288680014693913,1.0571544735415295,1.5654128232220872,0.7958183690538404,2.0429976984334957,2.8028011943022237,2.706017754219958,0.8325781316514627,0.0003932796891699026,0.00012226311580411478,0.0003818757233216885,0.0,0.0
307300250903,2011-12,Northern,4.560779258520822,10.71451662687494,4.744069156537363,5.419279407074062,1.2809765314260801,7.955121760155398,5.9249765077306815,6.612297179482727,5.355511692041533,5.831700007130827,3.36711927489221,12.7461772171964,11.102414312665628,15.27136341858751,3.5494697666232047,0.003089426746342767,0.0004448774514733584,0.0021513467903320517,0.0,0.0
307300250904,2011-12,Northern,3.102031183228972,7.14035032365529,3.2531032848821924,3.7458066865099497,0.994123738357719,5.686979767541512,4.122929051651381,4.746486424045988,3.3539873516576533,4.162772210245983,1.8609363308929068,8.828329266981672,8.218921758957716,9.304706896916004,2.532994129998413,0.0017767548559700678,0.0004091696867482936,0.0014001037561195853,0.0,0.0
3073002510,2011-12,Northern,4.285023590466293,9.710370968913773,4.6182687361847,4.7553979945795195,1.1551421153453605,7.367599582270952,4.976095165244205,6.435528549460383,4.447539197047447,5.518269199593008,2.326913187648361,10.758970947718446,10.09629041423305,11.73863115340813,3.673292723258448,0.002286575762714642,0.00047035751429627654,0.0016724414878344417,0.0,0.0
3083000106,2011-12,Northern,1.7092558707961305,3.462226474357582,1.864049489455096,1.8795252965385705,0.4952505918889013,3.3021442826725225,1.953546465807337,2.331187841701869,1.7579642756190261,2.3286186362321057,1.105147856367703,3.8475218559171425,4.326565316289409,5.500740451018692,1.4269097656207923,0.00046636237299527286,9.921411060115779e-05,0.00036800249735781783,0.0,0.0
3083000107,2011-12,Northern,0.9869507144655729,2.0432724252303776,1.1198302594531708,1.0988254287109687,0.3032572980635936,1.9772757599931887,1.070090105861114,1.413561580805786,1.025760072366539,1.401220739185755,0.7664572120895446,2.231605438905322,2.6630382978118057,3.14981651721163,0.8774272315628882,0.00026245979518529737,6.284053235673346e-05,0.00020532714140947194,0.0,0.0
3083000109,2011-12,Northern,1.8624258857009084,4.3099503525902945,2.0236763755747385,2.2007391977738497,0.4834583783485326,3.4005401098313834,1.7390316653450912,2.620174505561053,2.1811383130732414,2.627780333800673,1.2183192293326688,4.727467709078645,4.971224453734927,7.008255027462068,1.4791458338211536,0.0010201586519235756,0.00017718545007093682,0.0006924360250121881,0.0,0.0
308300010901,2011-12,Northern,0.8572587969471541,1.3417540476858945,1.0270495777036193,1.0069413807739296,0.29347483659821433,2.203123763938024,1.0688286083642378,1.0628791182077786,0.8037027854327107,1.3056649701087186,0.6579626732744811,1.420623373738182,2.4069475711031503,2.8483376919846846,0.6694131479616938,0.0002353415463778607,6.850912940379773e-05,0.00021976622737481606,0.0,0.0
308300010903,2011-12,Northern,0.8930302990534655,1.4985124959053902,0.9949687732756418,0.944670922157709,0.28294585741637246,2.352725924328308,0.9149849456295839,1.1626001585519516,0.8216448603092796,1.2639710254095158,0.5817270541523546,1.7336363825725514,2.345152208383721,2.597760325480021,0.6704266955938257,0.00025162849954504573,7.526521095859209e-05,0.00025028303665926,0.0,0.0
3083000110,2011-12,Northern,2.7479632855197247,5.437656620127441,3.1886733300562002,3.2733715085701376,0.7880279117736693,5.800679836095853,2.7748847366825764,3.9894279357316065,2.6857750137656313,4.213510119075135,1.790251739938173,5.294005009928099,8.110994342111892,9.257431377334564,2.4466888613711806,0.0003973733743690546,9.366658110127716e-05,0.00029370443592837114,0.0,0.0
3083000111,2011-12,Northern,1.725680659299061,3.347259223930513,1.9369728810677178,2.043541576653465,0.531704371360735,3.887871213124967,1.9465633143990846,2.367686586504559,1.7954601880018097,2.524335995465559,1.168387499854391,3.6749389370705154,4.867434748110631,5.766860130050778,1.3793426635699633,0.0005618964323326885,0.00012619300652203633,0.00048022564867372056,0.0,0.0
3083000201,2011-12,Northern,3.3998415237592563,6.993210539008874,3.6651908156882915,3.345316430768332,0.9585445756082916,5.227455577142457,3.7955969407539074,4.605565506036791,3.35508992977307,4.05810016504342,2.3117491167783597,7.506128364302744,6.843275463314795,8.712031153621561,3.0406129251096266,0.0018701074952431924,0.00048364849014910147,0.0012834085269503442,0.0,0.0
3083000202,2011-12,Northern,0.5475558856393109,0.8899595244457666,0.6773303298628037,0.6199057694976287,0.1901821789723738,1.4570253722555118,0.575971455094462,0.6927051209412863,0.5448754595065127,0.829365538741403,0.5043587908008739,0.9508368992253649,1.4774642728207001,1.6155317489203502,0.43895713830560235,0.00017085050026788317,5.051911006615606e-05,0.00016318629123777948,0.0,0.0
3083000203,2011-12,Northern,0.5568944110400437,0.9160496649984121,0.6499234501754094,0.5706806769961086,0.17074089959591673,1.2602445413500063,0.5253290185856393,0.663839700631343,0.5266936454025877,0.8056914906048152,0.41467940741614384,0.9497240340750407,1.4108976619480336,1.6229287775917787,0.4257602108820499,0.00025981887150141247,7.535287437514978e-05,0.00022603247918131142,0.0,0.0
3083000204,2011-12,Northern,0.9307257593602251,1.5503610404159176,1.0609517746148667,1.0363956152041343,0.296452744910106,2.3546865873658693,0.9641672302039664,1.1594087442141552,0.9190669973136026,1.3487386815737374,0.6447682566743244,1.7243613982910777,2.4941446446145057,2.995938607854065,0.6941687093794325,0.0003051251232401005,8.301198205796851e-05,0.00028475569710968034,0.0,0.0
3083000206,2011-12,Northern,1.6237046340471741,3.3147386386746076,1.8600900388170953,1.971743494542264,0.5198921852984912,3.480395444998557,1.7001945619807362,2.3072427791645302,1.8085985822705632,2.4921740206334437,1.2325473150543884,3.598529024246305,4.725727538279402,5.443363312988471,1.3792763677905007,0.000802294946827721,0.00020057373670693025,0.0006391984453238488,0.0,0.0
3083000207,2011-12,Northern,0.9432461863747879,1.9593103237166183,1.0352145299257056,1.0659646788136916,0.2793801656082333,2.124520444184885,1.0301804486893626,1.3523257477073398,1.053839465671857,1.2733915063667576,0.6795793980099638,2.2831536949344264,2.3894731859368314,2.458872385256691,0.7311924493192069,0.0003935498071175863,8.978099476489669e-05,0.00035768570849832815,0.0,0.0
3083000208,2011-12,Northern,0.842404845946099,1.467402419455116,1.0123694144974555,0.9817639287354154,0.3067350178637172,2.41262351756452,0.8860314993827841,1.1415843845236358,0.8562635889513149,1.2603891443356512,0.7312422067684401,1.65462033991549,2.3335015633719998,2.4241746206550006,0.6820906412562849,0.00026722019078020823,7.949800675711196e-05,0.0002650062691009533,0.0,0.0
3083000210,2011-12,Northern,2.632163060487461,5.849772611091622,2.8094860832395305,2.822180267631727,0.6886598608784418,4.564428104859506,2.3330274749304496,3.7580734363800703,2.583112028266694,3.555370717215831,1.502641486314951,6.032378587976098,6.825836138747899,9.285115466518667,2.267646502704622,0.0006078555050420639,0.0001296847084061296,0.0003937054364521046,0.0,0.0
3083000212,2011-12,Northern,1.1826263552383343,2.2407655446642023,1.2992370113124745,1.276157845696007,0.35672485757719835,2.583950991083377,1.3094472341173347,1.617592063530003,1.1545827069839198,1.6278415830233837,0.7277613357241915,2.6365805932969466,3.0686212836029463,3.517896473298131,0.9310939284367711,0.0003640910071524676,0.00010355881939965396,0.0003130291051994858,0.0,0.0
3083000402,2011-12,Northern,0.6425053469127397,1.4475903379580526,0.7557874725461613,0.8017337909957496,0.19835300407990422,1.2947795202556893,0.6447868072429351,0.9355640087767412,0.7251751808090577,1.022093028289365,0.6029065371109146,1.5018271561197698,2.0085006643860615,2.4190675969173614,0.600769296676418,0.00019041799324738935,4.116890013052404e-05,0.0001338210537038174,0.0,0.0
3083000404,2011-12,Northern,2.095992848005279,4.107928944845603,2.3774161305680077,2.5353001441028176,0.6489237573531582,4.6402312717984815,2.0885165250551627,2.8913794450190964,2.271116923239916,3.2355778222978953,1.407413384025183,4.497327160507115,6.203953639750138,7.52655829129624,1.6915645114983224,0.0008257589953876756,0.00021413750219375318,0.0006593368582242731,0.0,0.0
3083000405,2011-12,Northern,1.497063523934606,2.7474517792563904,1.6799227533810626,1.7452680654885138,0.4807067662362992,3.5341021684851515,1.6509741531698936,2.01489818238793,1.5286624859806892,2.2580772982846997,0.9498200018278513,3.1456443703269006,4.340467489078904,4.892412550992031,1.1546870805318923,0.0005212229917123002,0.00015422488521898197,0.0004645029793615405,0.0,0.0
3083000406,2011-12,Northern,3.080358802093142,7.058589734926488,3.457102208549369,3.9479426885733497,1.112505693509854,6.727454107395729,3.500335281334473,4.957800281747376,3.46217476441256,4.4870048320142,2.1136675732583328,8.22723110176348,8.712575280419964,9.61336724090101,2.760425058155721,0.0013270943190402443,0.00032963998760726323,0.0010569015296764221,0.0,0.0
3083000407,2011-12,Northern,1.8285441485144909,4.336963638701183,2.028926025352472,2.242388064994302,0.516934721629819,3.5764092255964757,1.5616278097181568,2.670164777052623,2.022884844037073,2.8017850330124108,1.3214719001062596,4.491008820083032,5.511797832911106,7.390376478924759,1.606328134289932,0.0006730595684238677,0.0001375382596344425,0.0004174576559648807,0.0,0.0
3083000408,2011-12,Northern,2.966583847191707,6.02631618324726,3.4261067787652486,3.443101629472671,0.885415356805835,6.179356498450391,2.6656164055390703,4.2413414971069034,2.9378395107730864,4.357154800661126,1.6514870974364535,6.561820427567497,8.130487007635576,10.848218167418496,2.47798466968127,0.0010027142320939088,0.00025328436423993747,0.000729166982701826,0.0,0.0
3083000410,2011-12,Northern,1.1696846047888914,2.2413593690625424,1.3122549776220944,1.2844425008692304,0.35757873988758526,2.728069514717042,1.0127051305427932,1.5633987409120562,1.1874167225988008,1.6612868137370116,0.8340411022567822,2.5229431806421343,3.077651832219094,3.7325627207437435,0.9454779561335371,0.0005254712336267974,0.00012539654438821303,0.0004388920521209467,0.0,0.0
3083000411,2011-12,Northern,1.1077785651930097,2.0595114785822597,1.221599313043407,1.187678948084547,0.32897654038659097,2.404041017547771,1.3368168325403755,1.5019719350192846,1.121608089850986,1.5034561642262323,0.7112896868121533,2.3753488210007294,2.783163162792628,3.026783848395719,0.8685983124950363,0.000380055784840335,9.725947521948013e-05,0.0003483986307547835,0.0,0.0
3083000412,2011-12,Northern,0.6321496439941523,1.148568814666485,0.7320179433844867,0.6796410102773519,0.20857550156679344,1.52465243131546,0.7424037795847345,0.8326419426028807,0.6480567625900412,0.8849881858003641,0.5595953551619497,1.281715571239166,1.5892862898716362,1.6206779397558075,0.5198425865729677,0.00023198717534369522,6.051839356792048e-05,0.00021768998589192192,0.0,0.0
3093000103,2011-12,Northern,1.2932241766124997,2.282794813007632,1.4523501124784162,1.426870314829837,0.4436215991097693,3.2207975072890513,1.3100524920500691,1.7277795886085314,1.3113351179405157,1.8580545171214613,0.8433237521531473,2.6428887596568282,3.436468605428267,3.745597782073246,0.9994716121697891,0.00043119965663753336,0.00013691989097126874,0.00041926493047945355,0.0,0.0
3093000104,2011-12,Northern,0.7727098428786325,1.5399376700253786,0.9154070253512908,0.9916027226347198,0.2612141140587276,1.8979273677680584,0.9214111633284457,1.0808234863381392,0.8744347531936484,1.1826438310004652,0.6737566414503859,1.7652035238245234,2.1786718307811186,2.3072213915380733,0.6458250509552922,0.0002950937942753117,7.301955931338006e-05,0.0002568530550362021,0.0,0.0
3093000105,2011-12,Northern,2.271012443771507,4.455062613794411,2.5116637755406233,2.5815265364517304,0.7053096574629981,4.815014456208327,3.046086660433589,3.1986505764054933,2.3454558958292306,3.0303688374455704,1.3857250157847996,5.263011936736011,5.493919122282992,6.058712523734353,1.8341765780095192,0.0010613661056714263,0.0002647329449352468,0.0009299295739189226,0.0,0.0
3093000106,2011-12,Northern,0.8824965797572738,1.6595689929753927,1.0192444037528392,0.9104614993609916,0.27042019237896026,2.1010949033143222,0.7142092265329351,1.2042129202526242,0.88285850487205,1.205881656608837,0.7016781618244907,1.7830691349065688,2.1349314807457582,2.2402688880223462,0.7236248828413996,0.00018818991797272137,5.527256332065942e-05,0.0001664801634075968,0.0,0.0
3093000107,2011-12,Northern,1.2174080923372055,1.9609847925139692,1.3872068658012602,1.3003646594682727,0.45956060369883844,3.24616372039338,1.4960102954779742,1.5642749187213558,1.1721650424789571,1.6602053695237666,0.8449340796947683,2.3285766672201036,2.9247447749929303,3.106019789874322,0.9463614714719445,0.00039728434160293997,0.00015323824604684825,0.00041379577714447947,0.0,0.0
3093000108,2011-12,Northern,1.7325304313573722,3.0326226871946798,1.947599952166833,1.9581209840282956,0.6580784925618369,4.5652408158073134,2.0319006903865793,2.3482274130405316,1.900708288029063,2.5075144679261663,1.2828715931133778,3.712104382285661,4.608043059491497,4.823751117633894,1.3384784634899742,0.0007490212863897444,0.0002189446837139253,0.0008078575286105292,0.0,0.0
3093000109,2011-12,Northern,1.4017322694779746,2.761178720234018,1.525029474222051,1.4446782396053015,0.4469793233159952,3.2021976136888113,1.3618501859878516,2.0288735788822354,1.3586916942212468,1.8322300352931156,0.897337146762149,3.198307366842792,3.3713883057082854,3.443000446251542,1.1266290204876037,0.00035434800736211373,0.00010837293118562107,0.0003251135369696262,0.0,0.0
309300010903,2011-12,Northern,1.851004035994392,3.793669077556035,2.135167824456179,2.305235006887042,0.645782776237423,4.11714131424075,2.191573505356669,2.6689427155751533,2.0469463153928187,2.633314817269885,1.2037893150782741,4.533464960243197,4.62778530139357,5.5851971395443405,1.5074638268897667,0.0009580910878546361,0.0002465675593743549,0.0008116468072941951,0.0,0.0
3093000110,2011-12,Northern,1.357969316445245,2.345838530086118,1.5520261352917228,1.4617438122469986,0.4618364638806562,3.5139997044619533,1.4001791289263283,1.8295504863947039,1.3237641286789088,1.843006574643689,0.9368259472054368,2.65948537419657,3.306588735746803,3.556654691132067,1.075558376879973,0.00030251403749080786,9.210875171361912e-05,0.00030081169230962966,0.0,0.0
3093000113,2011-12,Northern,3.4348871350718775,8.672829154588069,3.7463472907229662,4.4214958615602935,1.0549411206667367,6.178009376787412,4.100112733257045,5.478059829631156,3.862489991894407,4.928693137299295,2.3198937424616743,9.470282217930166,9.78544912504943,12.300454536740773,3.1604992303638735,0.0017192575162365627,0.00030539442722623156,0.0011968219434882199,0.0,0.0
3093000201,2011-12,Northern,1.3036703678344965,2.848906970114266,1.4700483124507318,1.533907269486171,0.3885262023539379,2.526504900638493,1.3075887847557153,1.8271887895110865,1.3971517378920555,1.8490493942321642,0.8993359414762798,3.141874666622397,3.3071863550254204,4.176316539842782,1.0883855979089163,0.0007180196450139944,0.0001567319001243234,0.0005103615335575587,0.0,0.0
3093000203,2011-12,Northern,1.8092859853254517,3.699035220435823,1.937677628624551,1.977725443778963,0.5772453962454415,3.767637406801331,2.452141116516909,2.61103166333953,1.8648122075085412,2.3738092109689823,1.1223165767674748,4.443545990467233,4.367815923170742,4.479802863474768,1.472417057132527,0.0006524438974179489,0.00016498151305121298,0.0005919773522826097,0.0,0.0
3093000204,2011-12,Northern,3.0815471391790377,5.361168316058433,3.511654287259132,3.3264515886752326,0.9611758387534485,6.49799794356783,3.014899993437222,3.9293263356579224,3.0663543513123077,4.255809923949689,1.7444435668584508,6.18058112318142,7.165864466689898,9.416001888089381,2.2612755040273647,0.0016452127191378615,0.0004583092574741186,0.0014694114801199643,0.0,0.0
3093000205,2011-12,Northern,1.478384484765051,2.3275643716779943,1.667666812078453,1.3676069014746948,0.439480011817833,3.3185899695716183,1.225303079097882,1.7543619202522103,1.3261478002456892,1.8969347877542577,0.8442075645544018,2.515518817577384,3.1653541151428115,3.9413485102086527,1.0907854847729008,0.0005386768635085512,0.00016604270353203144,0.0004916122432112048,0.0,0.0
3093000206,2011-12,Northern,1.9962534210026186,3.912180694801512,2.182181769431789,2.130080125822318,0.5310519577270374,3.9254852991735403,1.8637195647820475,2.6765468456226644,1.9340132466453848,2.741066518223765,1.1262000047424712,4.268093080924489,5.134365168146668,6.800785677892377,1.6114959289566686,0.0005862709599187642,0.0001328953761756154,0.00043741934345286834,0.0,0.0
3093000207,2011-12,Northern,1.9079504629357902,4.485831467884924,2.0316101485091944,2.151325697536724,0.5384534442157234,3.543590022352579,1.9236661128062966,2.9765337481152234,1.996964805501905,2.6625724199721397,1.1036203142582617,5.049643550705533,5.10757924021799,5.285568779957374,1.638331918205284,0.00041161149312933797,0.00010629852046381756,0.00030407526793729004,0.0,0.0
309300020703,2011-12,Northern,3.6943615384649666,8.520315137581282,4.053822151531084,4.813225442281719,1.1375830174983388,6.994706160322572,4.425411339666768,5.607777172264176,4.009012378074834,5.383186039586307,2.2340791324647498,9.719056087603052,10.747686015619482,13.680099885892275,3.114471821360106,0.0019125961304746093,0.00041899657497510766,0.0013186168383278168,0.0,0.0
309300020706,2011-12,Northern,3.2824803476650892,7.805729501436489,3.510844756763758,3.632887445451501,0.8210005646735286,5.046235727338393,3.3206788475184283,4.782590743476721,3.393167817815562,4.315317922586422,1.8815445607193286,8.169146988106203,8.153043036340218,11.621731493061922,2.8712903880601495,0.0014121050647982834,0.0002671266999432955,0.0008334796032108054,0.0,0.0
3093000208,2011-12,Northern,1.6662732831911047,3.456923111630142,1.908960465730177,1.991223855777715,0.5560750169018914,3.596310916391613,1.9686258362934776,2.4589757339203344,1.7127756020940543,2.40511757249474,1.0892168041582693,3.953202185384057,4.393413508342428,4.634931601273923,1.3957221981955203,0.0008114808605045725,0.0002325404476857253,0.0006695288683592296,0.0,0.0
3101000102,2011-12,Northern,2.081694949432481,3.276068283117684,2.398252153560797,2.1230972441834726,0.7277279560150808,5.328292526226562,1.7690758148296952,2.612745076368921,1.9173318674690005,2.806160840722229,1.1573399841630856,3.648397510141195,4.782930595621433,6.035783262108822,1.550558260252259,0.0007200786502885762,0.00024331078604487678,0.0007157457762424364,0.0,0.0
3101000103,2011-12,Northern,1.768780738653906,4.034529511991647,1.9451493494882448,1.9186375490228067,0.5178065751506664,3.202073632888116,1.7420626468536593,2.6437127555416393,1.889118873634588,2.369140113356771,1.266117652130349,4.359747188100493,4.381285039290298,5.269517165701916,1.6218617606229164,0.0006473647063597849,0.00014008101839297867,0.00045509130499606857,0.0,0.0
3101000105,2011-12,Northern,1.2154860391236584,1.87973734621155,1.391792100589926,1.282539740947355,0.4114308788205568,3.133682023973151,1.299375326914378,1.4821083134653474,1.1092201343830526,1.7338982617815561,0.7158154590913303,2.1424829190235526,3.07437760655359,3.6423963440502223,0.8764395035280599,0.0004796910057202761,0.0001620933892955878,0.0004778208667822767,0.0,0.0
3101000107,2011-12,Northern,3.0059676729313014,6.270685051052437,3.292741279106074,3.1051461759671932,0.9067970974968171,6.284129684347304,2.6110889980653202,4.436783709109545,3.126988862832521,3.7860175269326595,1.775929846750364,7.288319049021282,6.675545671537609,7.4549225003373545,2.5079102099109636,0.0014469150067357285,0.0003822447107346626,0.001190464954693085,0.0,0.0
3101000108,2011-12,Northern,2.24825875385311,5.62548262745911,2.4830969024368437,2.751848194449563,0.5994744622619562,3.8867555424275295,2.054388449955531,3.3961773185867985,2.5642248418461615,3.384772478754653,1.547523775147923,5.601350149797314,6.785803256841967,9.652712723863916,2.0252294948892,0.0007730588157083134,0.000133798641180285,0.0004679799535495502,0.0,0.0
310100010805,2011-12,Central,1.1678204193983166,2.351944146143319,1.3206450252848316,1.3833273596031275,0.3338149215243521,2.7290368821466604,1.057275726328606,1.529244696447934,1.2081779752732438,1.5214414160397145,0.63497009599329,2.630730956743156,2.661047998960533,1.8808593732540595,0.9811908695862576,0.00011762218752808221,3.162483343915418e-05,0.00012665288917195977,0.0,0.0
310100010807,2011-12,Northern,1.9851297240363446,3.869937038892001,2.2065953029464347,2.069343670412376,0.6048129297997528,4.487800709808726,1.8659680115944217,2.795629684987106,2.033453059204982,2.5799351275016025,1.2354496244810516,4.519265567077614,4.558705058775319,5.005644803369285,1.6160518151475978,0.0008990642535716496,0.00023307263530091132,0.0008020195391169133,0.0,0.0
3101000109,2011-12,Northern,1.970783775436778,3.6502636244083577,2.2015822224873385,2.28100375518206,0.7610993824399851,4.948834730756419,2.6953052601372267,2.833236517771659,1.951439309203237,2.7075089577314966,1.0672012647908728,4.669895731448931,4.937919345000031,5.197214458621161,1.5010692261802194,0.0007499471551265916,0.00026287621332332113,0.0007758643166041161,0.0,0.0
3101000110,2011-12,Northern,2.8382269879708435,6.353970378223373,3.1421341324300327,3.3119653709883803,0.7652929822606386,5.228073686011987,2.2602325122143583,4.02330644532796,3.2722079063913165,4.309433997590508,1.9581823097083075,6.479223900478012,8.271464356260026,11.282846538869228,2.3856727279209813,0.0013154238291046491,0.0002718542580149608,0.0008791658583098398,0.0,0.0
310100011003,2011-12,Northern,1.8937467479662762,3.179787415388765,2.1610897451891993,1.9905529014956829,0.5899325095556377,4.087892013665764,1.8525146520783262,2.320084286856772,1.8671768560531488,2.634554880227593,1.180292983620671,3.6295978547737158,4.393205832493568,5.683350767954926,1.3815697633314887,0.0010300258357783573,0.0002869357685382566,0.0009316454841086291,0.0,0.0
3101000401,2011-12,Northern,1.9418724820259015,3.964945008017126,2.1509625703874846,2.2374359965648645,0.5376123432025041,3.9565906754559794,1.8170655529979458,2.650107528264693,1.9402744534301812,2.8240387514460172,1.1971246783071328,4.173177671675383,5.338046467464309,6.707378665795837,1.5868721444177019,0.0004042984103765117,0.00010003794000341891,0.00028702002952180945,0.0,0.0
3101000402,2011-12,Northern,2.052254591361001,4.931506345010918,2.1743108719529336,2.3725647101883545,0.6100815170289209,3.7303623964273203,1.9883416837543868,3.0852975623863568,2.3095185485281142,2.717874256153598,1.4401232333772398,5.518746469462893,5.159609701183442,6.558907687085791,1.7736561860865965,0.0009708585680360851,0.00017507285653109732,0.0006791363259671151,0.0,0.0
3101000404,2011-12,Northern,1.789454077478587,3.791741080848584,1.9640596852590229,1.8328966526768091,0.509931098432042,3.682384385662349,1.4581888725733605,2.601977289422161,1.7682510306222192,2.3688916153546273,1.1799281699593713,4.101968579010706,4.367322134574305,4.887738289967314,1.5200278482378276,0.0005412285761641956,0.00013854803371867884,0.0004138374940116943,0.0,0.0
3101000406,2011-12,Northern,1.7555889818782209,3.641155689559392,1.9802490677479316,2.082873461756432,0.6052167880353545,4.092850071280279,2.311168093187622,2.716040213990447,1.7781875087401116,2.5046125921957327,1.0020008039960526,4.516781382447632,4.706244357646375,4.465321729446366,1.4000753821540945,0.0007828680062717956,0.0002601417867954641,0.0007305681875657223,0.0,0.0
3101000408,2011-12,Northern,3.024828033129991,6.061402829484574,3.360031887195414,3.404319131606396,0.9158815818953794,6.4383754297714,3.2064843013674413,4.342584711012745,3.0809525085642293,4.054331114159516,1.6945337417944173,7.067893992503015,7.426759743335071,8.666024812491889,2.420645085029106,0.0012015634722258956,0.0003276991287888806,0.0009785642321907544,0.0,0.0
3101000409,2011-12,Northern,4.606111563058716,8.40948570974563,4.981238453478788,4.5434368890675865,1.5137616549172184,9.79531386020584,3.2091799401852144,6.242241209367899,4.79947616932122,5.813195920602576,2.7443914756180687,9.553730238544565,10.360219732869096,12.327638613915907,3.6238690102614,0.001695340149672604,0.0004433966545297579,0.0016000689132148875,0.0,0.0
3101000410,2011-12,Northern,1.4724833559671766,2.8145411337360016,1.6726957534102616,1.7166942125960756,0.48119533351583604,3.5916242921775434,1.4975593543551062,2.0564272606735554,1.5674164836340954,2.044082826804993,0.9649887317368275,3.3038335775178793,3.749659455408171,4.467615897936302,1.134349757598064,0.0006110687352201993,0.0001588312246889144,0.0005598940728116814,0.0,0.0
3103000601,2011-12,Northern,2.480266703185013,6.839454370043429,2.6872729725327833,3.2297831390156717,0.6920738994826372,4.067726084158354,2.567749441367853,3.847695316630468,2.912028379712834,3.703567187968616,1.947785433805445,6.902459258512193,7.516982522785511,11.289534628030802,2.309895323622811,0.0013549879441846471,0.00020692689192865088,0.00072465042774424,0.0,0.0
3103000602,2011-12,Northern,2.6669179801111462,5.523098600082218,2.9878663476885694,3.1442863174777553,0.8610640122579979,5.3801323118459035,2.812833764292518,3.88053522059721,2.7271409556031565,3.817463918389697,1.4284967568054479,6.384849370226817,7.071947096240854,8.842820822667633,2.199368657649677,0.000855709529214296,0.00023216235667872272,0.0006718842310510792,0.0,0.0
3103000603,2011-12,Northern,2.394376412891432,5.180170330304136,2.6327874650095846,2.6294547398267185,0.627089555727496,4.107536369645666,1.8983811436474833,3.267465758989766,2.570801364958914,3.459083999702243,1.6923682692777948,5.145659147968469,6.668822943014865,9.331591142077029,2.022296842257479,0.0011842629811633135,0.00022908254499878577,0.0007826585219977592,0.0,0.0
3103000604,2011-12,Northern,2.1031827846904476,4.4720539170895375,2.2615516701508724,2.241300722191828,0.5832522318366246,3.8635535154601097,2.4010714924463423,2.888144132942308,2.2308400553244523,2.7378859405484,1.4452400297292598,4.948737280468636,4.88668716599231,6.167577535972514,1.7304038973904452,0.0007988637303269509,0.0001687395838547743,0.0005756520260345838,0.0,0.0
3103000606,2011-12,Northern,2.013134571796576,4.398492135973914,2.3267982536155682,2.42470214655126,0.6305683704161524,3.9801435290410083,2.0330066367971646,2.941829696471659,2.1905598526500927,2.8990758357822304,1.3414700401361523,4.975081413612999,5.037176559171314,6.154886837003868,1.7281695706396984,0.0016939293603971995,0.0004152707711777069,0.0012439823701989828,0.0,0.0
3103000607,2011-12,Northern,6.1072955198763665,12.004677233428657,6.354354942986319,7.514123599602939,3.00320658978762,14.503999894077982,10.912935179208395,9.428464262670689,6.538235348132187,8.02148743419025,3.56492758954238,17.323756846247473,15.822610430864492,14.137869592637937,4.704023296067891,0.0026732257701689932,0.0012029515965760469,0.0030924208813544805,0.0,0.0
3103000609,2011-12,Northern,2.3903585597661547,4.108124260588404,2.6434042617436586,2.4962082626748003,0.8622522605966833,5.877989298811269,2.6560759217804777,3.2321081375861636,2.266593362141125,3.1744616011325233,1.1662514814089395,5.128003648808625,5.626578987360981,6.186016723547304,1.732774753619727,0.0010418844733833714,0.0003743066441414335,0.0011126739323206727,0.0,0.0
3103000701,2011-12,Northern,1.05116459487251,2.0972681690600616,1.1931338158556049,1.1442764449547218,0.3116001690561384,2.280240449114499,0.9898264661246112,1.4491795238371539,1.0601455531630042,1.4759490252338876,0.8016454860917809,2.2449556572119658,2.71421938445145,2.977643147059732,0.8792242201068827,0.0003044893365931281,7.999061973113483e-05,0.0002407400301551146,0.0,0.0
310300070103,2011-12,Northern,1.4033532301437346,2.7108899227208343,1.5393415776664967,1.5720356961060968,0.4485226360272437,3.2491165568696525,1.5856271039028098,1.9577309093591782,1.4241782486909216,1.9479209718711572,0.8966958590516808,3.2277316384021524,3.6428955617147674,3.912731327144039,1.1267805889779952,0.0006582818350945088,0.0001645704587736272,0.0006149276400787397,0.0,0.0
3103000702,2011-12,Northern,2.875172086775498,4.725694721829277,3.3050642898600344,2.9320858734591355,0.9172354804880506,6.674081750417755,2.740827185203606,3.6289270271728835,2.9584276410037336,3.832287746259447,1.6539959506157806,5.507937793028742,6.301964434141533,7.727698652447197,2.0484167351929945,0.0015672012578412842,0.00041873658607946817,0.001634386971539699,0.0,0.0
3103000703,2011-12,Northern,1.3449585015363212,2.7279503277680117,1.4762597330270262,1.4080912957602367,0.3706295856875688,2.6968320343720813,1.2218634970265587,1.798646533556552,1.350503867845868,1.8407006163357138,0.9383704881453,2.921804766404857,3.389646371264416,4.212873662572346,1.1047323065918717,0.0004256834616385741,9.884020102429906e-05,0.00031041343718359233,0.0,0.0
3103000708,2011-12,Northern,1.0834565929399647,2.2569748403976857,1.238232600875802,1.2890230860754741,0.33123718883160647,2.4392219869884566,1.1493215386247266,1.544661889984121,1.2102674292723543,1.5640968079045745,0.8492296037752388,2.5110372235693252,2.919093157316837,3.155480862807322,0.894076176682152,0.0004528476150421162,0.00010013715944035925,0.00037938000697432635,0.0,0.0
3103000709,2011-12,Northern,1.8829727707609603,3.9564727032892386,2.085900132476085,2.1798604935561916,0.6183589929649209,3.8847714798423274,2.671128904978955,2.75696622622545,2.0238385014631213,2.558387542904424,1.3422351924828386,4.616705446774213,4.670093487440748,5.114825030314379,1.5998866663307767,0.0007699339579025668,0.00019310240744823223,0.0006333008239491754,0.0,0.0
3103000710,2011-12,Northern,3.5742003766924197,6.114435050600405,4.099943695116707,4.125502558851554,1.4792595026845599,9.220937179328955,4.570549336463563,4.972940357297224,3.430083476425719,4.909016914634373,1.7709286438361254,7.772674314550447,8.631379111155997,9.552915209406867,2.707045508231034,0.0015995534268101559,0.0006683848247742438,0.0017060245261514713,0.0,0.0
310300071002,2011-12,Northern,1.9975261860520135,4.553450537401387,2.1490891195831487,2.3096914092265517,0.6176417888718868,3.780022410316731,2.0397959073200553,3.052162901095534,2.106455370257371,2.7715495464914537,1.2379367883704817,5.303805565638824,5.442161317588511,6.418908220996181,1.7261062954049595,0.000910875671776191,0.00021623729182922185,0.0006824802791831321,0.0,0.0
310300071003,2011-12,Northern,3.2123800995610106,8.275015997435029,3.4018736004544694,3.9593444199020738,0.9313572559602661,5.173761264235781,3.7483497035488362,5.184605913151381,3.4543051677890833,4.472500008343945,1.8708907211701278,9.329531554322038,9.137077803223468,11.499302087342675,2.894709026543336,0.0016558219245795377,0.000335639579306663,0.0010677121376164041,0.0,0.0
310300071007,2011-12,Northern,1.568712688801401,3.2691855747448275,1.7328938591623013,1.7716187356943616,0.4682537982358318,2.947007706777783,1.9907448016041962,2.219944580461043,1.6397484906872533,2.125953872775273,1.0629096430390081,3.7262684793497733,3.9368667285429346,4.751096646947264,1.3345059502301406,0.0006875945092402948,0.0001617869433506576,0.0005188209880234514,0.0,0.0
3103000802,2011-12,Northern,2.989986295790255,6.219247339734018,3.1134546955391538,3.5218939148452817,1.0422924170040044,6.336992456162599,4.529106416559839,4.373773619450556,3.240211155442703,3.907472034731955,1.800743069251212,8.28832318590551,7.554035842657209,8.084154223979105,2.2607641320862855,0.0015310358173702427,0.00038864755364013856,0.0014321989430066413,0.0,0.0
3103000803,2011-12,Northern,1.4338313306083932,2.9098783712442176,1.6007766193398305,1.5941635880244451,0.40238916261697605,2.9053014894469924,1.436483893118504,1.9883246951106854,1.400424085835574,2.0601076857675897,0.9661777094928815,3.088127100059217,3.9812503549314515,4.938238858552276,1.2024602459812805,0.0003472696317682884,8.352262965205038e-05,0.0002542343772837003,0.0,0.0
3103000804,2011-12,Northern,1.1801522400070996,2.2637050931879528,1.3269813175051648,1.2253211366005372,0.3806839090225649,2.817761169976884,1.1469640431484378,1.6343505904355473,1.2224246803723768,1.573696036946822,0.885965829101366,2.6067598406270163,2.798709361612566,2.9272775310111494,0.978981787916021,0.00042476340156808427,0.00011011529486303054,0.00039245629623838225,0.0,0.0
3103000805,2011-12,Northern,0.985083722221642,1.9756109392864878,1.0821924586984935,1.1667701352754654,0.30256285050273307,2.0251690955650186,1.206893570029364,1.3526922880512398,0.9894664483836157,1.4550587243306832,0.665220744240727,2.273683372201795,2.898723912699153,3.5129423784467226,0.8001848539133165,0.00037166317887200493,9.24592060461683e-05,0.00029084237465414704,0.0,0.0
3103000807,2011-12,Northern,2.126866875946854,3.9186379796974964,2.343090085425737,2.215916225276447,0.6395735015121462,4.712702711145218,1.9835439233071206,2.906115469408074,1.9596877780951003,2.937348289028448,1.0720503672898727,4.407712084689011,5.3484199752880714,6.166650484440093,1.615674119377856,0.0007751472761604419,0.0002434037340600421,0.0006779897446199656,0.0,0.0
3103000809,2011-12,Northern,1.8059928539126586,3.043270364701896,2.13704163403818,2.1132679806440775,0.6432375275425097,4.655981931511132,2.1180671498401145,2.3746448963809255,1.8301267745940792,2.558347722010325,1.0985741933487585,3.5761180043734764,4.466476325569889,5.4026852586758105,1.3500581124919473,0.0009229984003893248,0.0002795117797405408,0.0009134490145634483,0.0,0.0
3103000811,2011-12,Northern,2.481230078342993,5.7163471559580525,2.772158817829064,2.995400886444625,0.7074247354051919,4.5226193877866185,2.695199811942479,3.807020398797161,2.6963424286418762,3.5419742505872507,1.3598079389793507,6.424756397078759,6.849335423352646,8.523578673893072,2.081810377143392,0.0008724189239986705,0.00018942960700369537,0.0006286015229112741,0.0,0.0
3103000901,2011-12,Northern,2.015406923690137,3.279419000305899,2.360007773109671,2.2900114818995805,0.7798388859928636,5.30717267599958,2.618433320481847,2.613172424095425,2.0526681356278447,2.8596927064747764,1.2764175711206283,4.036850244780989,4.8190742157975475,5.503585619742578,1.4881981517396672,0.0011378649692381374,0.0003800039614248119,0.0012357965056656226,0.0,0.0
3103000902,2011-12,Northern,0.9690668231578184,1.8236363708077556,1.0742261903425847,1.0511271024651059,0.3274456984326293,2.434506441959967,0.9646155463567992,1.3304587346586993,0.9894909107070593,1.3405634713416426,0.6796688060742174,2.208565459682324,2.471102998516843,2.6436634077401817,0.7670596504218344,0.0004510056272178142,0.00012427165923882162,0.00043574591448101877,0.0,0.0
310300090204,2011-12,Northern,1.6910403027858736,3.471203784861322,1.8721035633059357,1.9771283276632035,0.5943694727974419,4.107900482851803,1.7806083042031593,2.446960424167405,1.8731775439628373,2.3804704261806866,1.2704593530827204,4.128562689759244,4.442625945871945,4.983316202853201,1.4255513382999156,0.0006939051804800782,0.0001561286656080176,0.0006410158724987216,0.0,0.0
3103000903,2011-12,Northern,0.744289623978908,1.3307282731801844,0.8633183529344394,0.7926267901531596,0.2347079405544403,1.7940693842601538,0.7785325402953164,0.9771647304218349,0.7514294787128986,1.0446419502944817,0.6335619180484134,1.4328641294664033,1.8584095010062915,1.8616879229722192,0.6126585221071263,0.00021575619518030649,5.645285266701761e-05,0.00020024939100701545,0.0,0.0
3103000904,2011-12,Northern,0.6891822237026591,1.1894377455574925,0.8101425831269713,0.7251878075692026,0.22262472583984197,1.771911650530052,0.6829121095956411,0.8960717655526588,0.6942780908322286,0.9686476682166499,0.6000200043186307,1.298148344097058,1.7130150881719166,1.7210308343570149,0.5580800633662736,0.00018405872585983764,5.076458406779392e-05,0.00017929682160057868,0.0,0.0
3103000905,2011-12,Northern,1.1267945218451318,2.10729498970591,1.2318471983260546,1.1736247527480903,0.3587314880790644,2.5398801463227687,1.531962733043022,1.476679742451509,1.183526913504108,1.4620703972493003,0.853846661483687,2.497643485246002,2.5469627737381764,2.7969658887945235,0.9004487145013379,0.0004229657381144333,9.61586170244532e-05,0.0004071433108116071,0.0,0.0
3103000906,2011-12,Northern,1.0483753563808094,2.1249393239909735,1.1468616011478039,1.1720040804755314,0.32666545698313504,2.208719926358271,1.1206320087632256,1.4742774069109985,1.0725370689980034,1.476220588444874,0.7173664705925293,2.4748340557666255,2.8337698627079932,3.2489345478683447,0.8719855364721903,0.00044133206826511097,0.00010575488357805045,0.00037249266290094614,0.0,0.0
3103000907,2011-12,Northern,1.9725637738250128,3.3651228891665825,2.2066971073232566,2.105077008719463,0.7161052578173914,5.023213303516359,1.8246092613800233,2.6053856850935238,2.0139561311250507,2.7213116327135856,1.2950843616496683,3.930407030828554,4.942904720934498,5.553778383020651,1.5242110966005145,0.0006982383297507686,0.00021342379135778206,0.0007116969928367067,0.0,0.0
3103000908,2011-12,Northern,1.189000839069146,2.183625021174822,1.3664833936858893,1.396364113037549,0.41163092724396877,2.890532679819811,1.7512016732864426,1.6339719075713586,1.2310499509034554,1.6848180822500984,0.8992379053847914,2.5377556696547936,3.0872448263150187,3.1973316728796655,0.9677742784582755,0.00040474767955166543,0.0001109856532367462,0.0003855709829239992,0.0,0.0
3103000909,2011-12,Northern,2.005933657633549,3.5861769407036963,2.329043603453885,2.343453310914914,0.6150845433006022,4.545544719611807,2.3382042370596476,2.6350318308281397,2.003774393360193,2.885765299634288,1.1838286883494316,4.014236065001627,5.185631485722542,6.401641662884705,1.5343788426100933,0.0011527090799715025,0.00028864891855260216,0.0010086133400081247,0.0,0.0
3103000910,2011-12,Northern,1.5657829993733299,3.239796337988645,1.7615884602623364,1.7611450367064276,0.5124464102402632,3.4205139101137862,1.7975272908433422,2.294979671805145,1.6536463793139426,2.142025311176455,1.148099142474044,3.7158755021973153,3.9121976388844755,4.138629092195028,1.3370327339541366,0.0006166104527923106,0.00016386301402945263,0.0005158442490965452,0.0,0.0
3103001001,2011-12,Northern,1.18578353866563,2.4718195462205896,1.2947862462475999,1.3128629745986047,0.371711349176717,2.465595551034228,1.0603977088373537,1.6948348519787468,1.2410757311085963,1.6583310251588692,0.7822083248527054,2.8559418726431125,3.131170291774574,3.7178707700715345,0.9946052524665848,0.00042313210410936067,0.00011044631487773336,0.00033941229585347516,0.0,0.0
3103001003,2011-12,Northern,1.8276073198218135,3.38989864228377,2.0337085659482286,1.9110942066632317,0.5642647475289255,3.9656795149637816,1.5219036894114493,2.469516901756433,1.755638535772993,2.5144037412734543,1.1815489987377077,3.5740892443849135,4.661600497892508,5.483644784616151,1.491325133728896,0.0006335785251975817,0.00017360348348505165,0.0005305911521126917,0.0,0.0
310300100301,2011-12,Northern,2.197694282855422,4.928605215916943,2.374895844921533,2.423785580075241,0.602695936983253,3.7410056312271447,2.3961637110856957,3.1134317511056864,2.333292106605021,2.950509020446356,1.4516733829668718,5.281906075756305,5.479099928154001,7.498537648701066,1.9122739290542854,0.0006933910946788704,0.0001376059646656521,0.0004592099828729094,0.0,0.0
310300100303,2011-12,Northern,1.474474141725729,2.8077589991308747,1.5728960406577164,1.6882366897955368,0.5092249083929844,3.489795249691609,2.0988680863991123,2.011814232585298,1.5460836411332426,1.9892081181024306,0.9398643744531603,3.650291838189274,3.761011991791722,4.060601519480789,1.115123979576462,0.0007003086943158926,0.00017562428974640743,0.0007139539617359609,0.0,0.0
3103001004,2011-12,Northern,1.6059527369253235,2.538496724926894,1.8337535949567612,1.5757799702849193,0.5613023625419356,3.8333825880590333,1.412425171208929,1.9488376216655003,1.556058016978911,2.104134302185537,1.019322392012341,2.9506643390151304,3.410816780990329,4.128421231413915,1.1821774149479103,0.000821309718462272,0.0002556907614080658,0.0008420711442251935,0.0,0.0
310300100403,2011-12,Northern,3.481814106116384,8.533535480669038,3.803480561433286,4.533668212496716,1.1257339443036745,5.912883918471279,3.8654626405526287,5.560558678602526,3.8580101948083616,5.295661613066769,2.0714127505979834,9.571621007027236,10.93640038625212,14.268576889005395,3.2832445639142116,0.001190359567494947,0.0002989936177788016,0.000779142171314322,0.0,0.0
3103001006,2011-12,Northern,1.210271583029337,2.6439366322814317,1.3145837493769252,1.3723975409001534,0.3766281862140601,2.3552154511422017,1.234860399582951,1.7695038187033054,1.2700783978900756,1.6950079838877792,0.835856947464858,3.0562966959743094,3.2979298642119304,3.871061112058646,1.038691962322478,0.0005651829222200847,0.00013417157607325538,0.0004317036373060471,0.0,0.0
3103001007,2011-12,Northern,2.636680480031049,6.544785235395228,2.824302334850577,2.9351526416451685,0.6448100027929555,3.991314575452384,2.6196715279951275,3.9072274832121203,2.7132328875148244,3.5295281845997772,1.5952512063456552,6.639720351991641,6.764340298842692,9.58465373839445,2.385029293958297,0.001245176825354881,0.00022676523124935495,0.0006964431456867031,0.0,0.0
3103001008,2011-12,Northern,0.8111110991024926,1.4535882211934765,0.940363290538329,0.8687466824293641,0.27472604014964774,2.103842095540427,0.871046862122548,1.0884552360852315,0.8300576847942908,1.1259836266470997,0.6708584930253656,1.6692009428200592,2.0166896782857346,2.0506677952313734,0.6578612375883955,0.00027067377055138065,7.622275519772371e-05,0.0002650827585239244,0.0,0.0
3103001010,2011-12,Northern,2.723756492943696,4.784647529423342,2.9585866197645623,2.6102551055298178,0.8856232408263707,5.963971448864053,1.8904365757494082,3.5367112776924476,2.813508683588693,3.467896808657341,1.7823887427308616,5.395489576785857,6.1183804791983905,7.1810581405792915,2.1286230811496645,0.0010310614285693439,0.0002696622197796745,0.0009889213594011016,0.0,0.0
3103001011,2011-12,Northern,6.584134356054703,13.682975680449454,7.449216823322461,8.378063903373429,2.4938859670993767,13.975990468121157,10.468030491143766,9.983476485998413,7.3451561497594335,8.833734033225099,3.7625619830384793,17.641471691014264,14.703512396813135,18.264421836949005,5.1843856551387635,0.0036627808969891154,0.0009297828430818525,0.0033641337216105804,0.0,0.0
3103001201,2011-12,Northern,2.1667323823706464,4.880740389418872,2.408403147342006,2.722613542956342,0.6806207758436099,4.452475403112428,2.3280212192574212,3.2843146998550092,2.3842664065317702,3.1447395096505004,1.3961608915320747,5.616165071864813,6.218017391152302,7.891081546238464,1.8395628955869554,0.000685404436440913,0.00014808120540390097,0.0005086979656499052,0.0,0.0
310300120102,2011-12,Northern,1.218179147788043,2.7222152362250567,1.390749352437937,1.36118409584997,0.36799972296562566,2.56820716288855,1.0867107968731924,1.8055150428491793,1.3709640374402023,1.7322470933705947,0.9788264675984655,2.983915636076701,3.1136348864454466,3.279680238177071,1.0895346676372177,0.0004883364319736122,0.0001212421486279313,0.000363984078213439,0.0,0.0
3103001203,2011-12,Northern,2.97334873542915,5.5598335207954115,3.3224790185470874,3.332880845423628,1.0005645524776345,6.627809566029689,3.7237236400799936,4.118996664602766,3.1056595661439284,3.9320309922861014,1.548961960095628,7.044818400749608,6.8689069399202705,8.061115896843845,2.165515185987982,0.0018310028368514687,0.0005070469394357912,0.0018164822275384732,0.0,0.0
3103001207,2011-12,Northern,1.3894858973037576,2.7358491702296845,1.5707731404856367,1.6326438000863934,0.4476336664132163,3.1477964138064585,1.380703189132673,1.9623734337484857,1.4896787136906158,1.9626728400892606,0.9438282455816689,3.0746529592165404,3.6840871129537933,4.464492857926414,1.1216383937215084,0.0003137055175917348,7.800866233056788e-05,0.0002728243167538473,0.0,0.0
3103001208,2011-12,Northern,3.8861900902794013,6.467026643023672,4.10187470392636,3.3016396816438816,1.144221234977425,6.990212830406965,5.037437954567635,4.728547143533594,3.608386581685341,4.0841149924604,2.527569102573976,7.637470050016161,6.317845481446971,7.272097416648706,3.006503317874309,0.0017151974422478942,0.0005880676944849923,0.0015476730391121528,0.0,0.0
3103001209,2011-12,Northern,1.81618145178608,3.2413649158381928,2.0932514885507154,2.085617542956145,0.5503119535687945,4.260811748299035,2.0062358764482804,2.4848654553599916,1.7281309957973177,2.6807739957304846,1.0082029170622757,3.619656591150598,5.080063890017564,5.880349285171589,1.3932783484945443,0.00045193254675697406,0.00012696802005794468,0.0004002544248207144,0.0,0.0
3103001210,2011-12,Northern,4.233593376005868,7.2123722988996795,4.994946745370072,5.002251584815336,1.6435573178671155,10.73971030247202,5.503432594207338,5.817355519125098,4.373461330401008,5.933009179201352,2.3130375760988042,8.95412692881515,10.149036780000863,11.737765474951223,3.1621898625771667,0.0022773838644845313,0.0007605602717240792,0.002440003179319357,0.0,0.0
3103001211,2011-12,Northern,3.2968588477622363,6.6419860851599175,3.664585269556139,3.724565527964332,0.9981505751261028,6.984175563635584,3.4961589432479108,4.765803398517333,3.3633506795260337,4.412881288729289,1.8132008174722722,7.745994633475862,8.09208096767026,9.441484572075177,2.6420371670076834,0.0012998805422518678,0.0003545128751596003,0.0010564588081512349,0.0,0.0
3103300030706,2011-12,Central,3.2286258661031964,7.276891986221943,3.619220057889206,4.362521856980037,0.8709358615197704,6.209974401407072,4.032706918455635,4.60129599487547,3.476207525671572,4.493999948902498,1.4135746506754383,7.689061601068905,7.930849625901364,5.690100150835146,2.8465470063556664,0.00033755299334775856,7.899501442066907e-05,0.00028502565214707663,0.0,0.0
3103300051105,2011-12,Central,1.720793301971608,3.6779939439545597,2.0680404130090326,2.3218760345223255,0.4339195715385138,3.30579979572686,1.5252173899323012,2.171787269119109,1.7539514791344961,2.4805310781714547,0.8228787571268098,3.5821949111586884,4.344585112875642,3.672260906171604,1.4714223784436056,0.00031936906024955406,7.914342685615318e-05,0.0002478635153017053,0.0,0.0
3104300060308,2011-12,Central,1.4730809032044814,3.108222522221401,1.5548762029849905,1.937983799995782,0.42855183056070323,2.9560691162405885,1.9387790199250188,1.8996042790571346,1.5488048592556927,1.9454853254189672,0.7079541593281874,3.7490437246147454,3.602300770809681,2.726278287685089,1.171298852691225,0.0002189994324766437,5.160847281724185e-05,0.00022237443029460286,0.0,0.0
3105300120203,2011-12,Central,3.174016033158919,7.803335603217207,3.426884866703281,4.621567367392104,0.9774600095048016,5.480999668074174,3.706170863001019,4.689476070942689,3.646840656224425,4.592899045892483,1.511300463121007,9.087952229857903,9.135950595870947,7.330361873791541,2.8766820114839495,0.0003825060415339147,0.00010887596664143055,0.00031643686269794673,0.0,0.0
3105300300503,2011-12,Central,2.113033031308303,5.435025473515537,2.3271526959145308,3.1107555442595705,0.6129493150560912,3.473685287487959,2.358399202964468,3.081392746499466,2.386125880165001,3.1028294101977503,1.070139641120732,5.913838418742087,6.190601439311486,5.249409762440899,2.004150322234626,0.00028602132961555123,7.184262170767973e-05,0.0002180658676760546,0.0,0.0
3105300300509,2011-12,Central,4.145215989635412,8.773472147673871,4.201889274691637,5.370534991372498,1.2635752402289835,8.201561518533154,6.191997048816726,5.661990425659679,4.483055407859852,5.172206288106302,1.7765998186912932,11.50022471108326,9.731904786482302,7.045631741200149,3.087561223408277,0.0005743743261852288,0.00014580271357009654,0.0005789165984849982,0.0,0.0
3108300270905,2011-12,Central,1.083108834531477,2.810758484534817,1.1574034222247913,1.4610624501810834,0.2681457730044839,1.8115415461447264,1.0601401220454718,1.4761949714902012,1.2746930029648766,1.4497585771114816,0.5927017371879639,3.0150734287900423,2.7544491309407624,2.3944090368857007,0.9556279584407097,0.00012938143316654403,2.198602718630795e-05,0.00010153507972337162,0.0,0.0
3111000102,2011-12,Northern,3.8988794647415927,8.270709656458902,4.484944053832113,5.067143016343371,1.2918300653506005,8.817353295918785,4.234345224406193,5.948021327735303,4.256351958850258,5.847147545231234,2.2949849522848367,9.35473449143455,11.280629946771642,13.12888351127493,3.3259505244431176,0.0011788875589070086,0.0002923159967493909,0.0009515436214278776,0.0,0.0
3111000105,2011-12,Northern,1.1652436895785867,2.2897229512359707,1.3231989527575867,1.3978132404663937,0.36287093069841536,2.640175066027156,1.1818274652778835,1.6001338310416249,1.2070428846872059,1.6949284959889144,0.8640231451507429,2.478987695884015,3.1262696598679494,3.5770554075053274,0.9590493266764548,0.00029922829398916034,7.384011955079163e-05,0.0002448129373778291,0.0,0.0
3111000106,2011-12,Northern,2.8920295196312327,6.040361479837169,3.154762032880241,3.237709174081973,0.8799970381633266,5.814366948877785,3.0466573211335275,4.226206980543538,2.9162697698293942,3.874736820142892,1.6962931712117744,6.7553629983705,7.228912646366842,8.359361439374728,2.4074340537004453,0.0008264527802541719,0.00021428329047193436,0.0006441403087545465,0.0,0.0
3111000107,2011-12,Northern,1.4781766189655843,2.887502419251658,1.7126861143473473,1.838169751449329,0.5041817123560051,3.2389335087922984,1.9759319036831484,2.0316128401010025,1.524613521272901,2.203089050129255,1.0411766067577244,3.318778984153511,3.9834863459655607,4.802704608098563,1.202229039359124,0.0007806390120609397,0.00020597192769751941,0.0006323762650898007,0.0,0.0
3111000109,2011-12,Northern,1.039992573695572,1.8777066782989174,1.1608994312202914,1.057141877762949,0.29529704140099045,2.2049176009674634,1.2152398214076976,1.3375853900340884,1.0199762235253442,1.3789153761177968,0.7142548543482495,2.057548915205036,2.4128890826183356,2.504174893823332,0.8250294255549014,0.00024054573624410441,6.367387135873352e-05,0.00020824495615823633,0.0,0.0
3111000110,2011-12,Northern,0.9794548788766534,1.8110822719798896,1.1543814593216568,1.0571555523201004,0.2797316468882704,2.3002562693075954,0.9151098580796292,1.3093936197819296,0.9488323054828369,1.3984453173752838,0.7501070307532858,1.9861094023113428,2.5412558988459386,2.673896178649117,0.7601450582116448,0.00026940499833650184,7.417162928884703e-05,0.00022595997750687327,0.0,0.0
3111000111,2011-12,Northern,1.1525733196172927,2.3193423607090153,1.28989244865417,1.2876858331155916,0.34547161226719925,2.6798895224920543,1.1144751311986667,1.6523104439437828,1.1825213463884916,1.6662221406228224,0.7813406537583035,2.629139753901383,3.16156659829766,3.246933316216465,0.9161179580828199,0.0003161319431429364,8.423639975672032e-05,0.0002782130746595208,0.0,0.0
3113000301,2011-12,Northern,1.2558865551036966,2.0703614365649465,1.3869638848094252,1.2422662756463903,0.41796810466731765,3.1383052542901453,1.3465384533113216,1.611977595235072,1.1995931849894181,1.645210808611774,0.7705330612350235,2.4408139098107458,2.9288347828269834,3.0988260947466912,0.9315738575222522,0.0003823975479602818,0.00012888213653476166,0.00040091514475132806,0.0,0.0
3113000303,2011-12,Northern,0.7066200810590239,1.37257360387424,0.8531961716146649,0.9401002512933829,0.252788171734227,1.7168942278004724,1.0018268917816198,0.9855231757857833,0.764390946393614,1.1298646743111767,0.6676918000603894,1.4882544034431422,2.1593320148334114,2.2527828721687815,0.602507461428625,0.0002766365618465193,7.524862452743371e-05,0.0002333001623763744,0.0,0.0
3113000304,2011-12,Northern,1.3487163577213193,2.748595887913117,1.5025527216698198,1.5172562154847258,0.39223853484204485,2.6337633936181963,1.6554997921297625,1.8920916927261857,1.37845673934661,1.8636349315023444,0.9273266066387773,3.049524721672435,3.47095153475532,4.010693314619455,1.1495348157915584,0.0005754920729191874,0.0001316111132670301,0.00044927425471906403,0.0,0.0
3113000305,2011-12,Northern,1.4150390962704789,2.9770948248553344,1.5854716183255115,1.672377171091756,0.4470937727480385,3.044878962640286,1.6670538041265595,2.0751499480472937,1.5287406141070328,1.9500232683044918,1.001139383739539,3.422551162141197,3.575383926381228,3.7841341623316582,1.1764096549079082,0.0004898759914584694,0.00012501228376276437,0.0004040418963177877,0.0,0.0
3113000306,2011-12,Northern,2.764260565188539,5.487724524886279,3.262660268363243,3.669369703108607,1.0196943653327373,6.992054371393818,3.451587914937354,4.166502257351687,3.042324441932543,4.171932293070903,1.8118876611896788,6.42686492782106,7.9257356305572735,8.512209670931446,2.3381229516795234,0.000884514614172604,0.000245843032468562,0.0008075004198961613,0.0,0.0
3113000308,2011-12,Northern,1.2082754005108955,2.3850471222945955,1.3623418559563083,1.433112645546176,0.3796468669824301,2.6917604192247433,1.2511695658747577,1.6469417493375786,1.2411244194218254,1.791410753419855,0.8958436808593329,2.57195269272238,3.40129554501816,3.9989324042516765,1.0103299341031,0.0003619947731880357,8.661535384583131e-05,0.000291671774091361,0.0,0.0
3113000310,2011-12,Northern,0.9150209679292732,1.7255124807765243,1.0312374759332215,1.0160618814526816,0.28866460970098273,2.1480420005476883,0.9026483866254008,1.240030231631226,0.9696662769755665,1.279045483450385,0.6785623949856089,1.947840059032362,2.380945849648425,2.8023298454542314,0.7318465326773259,0.0002460067739247909,5.75968240538201e-05,0.00022676744160395778,0.0,0.0
3113000402,2011-12,Northern,1.210254220372163,2.303758862164335,1.3777810941754303,1.259662609475014,0.3539109198934037,2.718807611352755,1.035901113680504,1.691029296904285,1.1571080152054931,1.7009118944611115,0.8366593351831072,2.502459580662006,3.2420205228400985,3.805747844977635,1.005708949741982,0.00019873374682904873,5.423955972408535e-05,0.00016784042942080625,0.0,0.0
3113000403,2011-12,Northern,6.348482835090819,13.378352456925702,6.903065567630945,7.018455147716822,1.745844293842254,11.361766426787705,4.892882437745017,8.99609143434352,7.087107816970187,8.84688154914761,3.7984632115036545,14.311901729771833,16.84443914249815,22.498511928092583,5.027613127919863,0.0026509284782106207,0.0005566949804242305,0.001986623563998343,0.0,0.0
3113000405,2011-12,Northern,0.9921930418773555,2.0504814069129913,1.1352421587297248,1.1496699147145575,0.30529236551875916,2.0779847654184493,1.232922621358885,1.3935378633559778,1.056909388655762,1.4248798507733482,0.8149597605737653,2.2206761341187,2.6088129046418875,2.7326195735818786,0.8584583940262401,0.00040324492100677245,9.436840726568265e-05,0.00032171873244576937,0.0,0.0
3113300141006,2011-12,Central,2.4041605503493617,5.429546484301238,2.5051823386914194,3.196124390813136,0.698528630509753,4.227561764388992,3.165595296360913,3.2884894340458146,2.6466356206507764,3.1268357542440968,1.1230069685071025,6.685291414548095,6.08978746194789,4.978675852905364,1.9591311981126318,0.0003003402857614642,6.916550149278532e-05,0.00027502865354584556,0.0,0.0
3133000102,2011-12,Northern,1.706154986904111,3.0365161174319457,1.961699579556917,1.9599482839836333,0.5267048980977985,3.975508173947438,1.967815372054022,2.306011366044159,1.6734906872231678,2.4288894492373783,1.0434287688752557,3.4542582894158786,4.533409912490308,5.33472964421195,1.357015169124013,0.00047765483920518553,0.0001310498700215505,0.00042069890067566497,0.0,0.0
313300010206,2011-12,Northern,1.375653014603584,2.24579206973019,1.6499520456658776,1.5021748375536554,0.44365374476397834,3.541911581691958,1.5113942483209766,1.779523473044708,1.3580609709028715,1.8955517195151304,0.8977090419478814,2.514146257882626,3.259473478439548,3.6399422648511783,1.0422203264046248,0.0006373809324339362,0.00019121427973018082,0.0006274242522427274,0.0,0.0
3133000103,2011-12,Northern,3.0385616986040325,6.768313863991092,3.2524235406207374,3.485969944800184,0.9363466596194407,5.869174937363056,2.596295019777155,4.408727737978279,3.2967519251532225,4.156927162066125,2.000084671885103,7.445358770109961,7.946206614626231,10.409701962411985,2.578608357166908,0.0010596841471061727,0.00022383124331732426,0.0007525673747218901,0.0,0.0
3133000104,2011-12,Northern,4.022569502839601,6.732143233474748,4.470329722502743,4.503732002946107,1.8548060621415001,9.245697895195983,6.675038800914183,5.307402146801543,3.9646095858405515,5.0342002163857895,2.474948441121456,9.520338505617698,7.445509027569644,8.751386632621333,2.8697537932267156,0.0025555842627695154,0.001150012918246282,0.002948854643664224,0.0,0.0
3133000105,2011-12,Northern,5.216908417995984,8.836789406778596,5.485492920928667,4.511580066947418,1.5431020920721308,9.222408431148665,6.776694526952888,6.481387517154178,4.861159452012653,5.45287307429979,3.206624188079735,10.460229679140834,8.4691754359499,9.837032235940423,4.042391974322314,0.0022657544744731565,0.0007768301055336537,0.00202499958584796,0.0,0.0
3133000108,2011-12,Northern,1.2225930338009385,2.238996812479078,1.4028481494586706,1.366755887852186,0.43268922773494994,3.235434374213368,1.161749146706264,1.6891123217666397,1.240185368368317,1.7368623622976243,0.9120797985808176,2.5622089904703897,3.1949895047634738,3.4990892332087085,0.999693354992151,0.0003652795363400402,0.0001028640958467,0.00035137543470749766,0.0,0.0
3133000109,2011-12,Northern,2.465509064359632,6.239914569164285,2.685585590795018,2.7800147523244076,0.6660660425498433,3.992545865816994,2.301341757482996,3.8996676061496363,2.647124277019486,3.392128199554891,1.5691345644240162,6.360939962347719,6.519914031408611,8.264265275415239,2.3784912860276997,0.000663252580465454,0.00013258405791869546,0.0004052844880482865,0.0,0.0
3133000111,2011-12,Northern,1.5132242100084985,2.8970156648634418,1.7023147168883026,1.5894575522711356,0.4592365284813471,3.557892814772928,1.212145984069177,2.115982374796272,1.4892962380989891,2.0623817008633414,0.9943050876177476,3.1695707516660514,3.776070693420794,4.348560856475033,1.2041853239117983,0.0005323627534602254,0.00014462796165986,0.0004614035910887206,0.0,0.0
3133000201,2011-12,Northern,1.425081599720496,2.6132164631453536,1.6234687757237984,1.581410560794379,0.43635840585813984,3.2536976287624917,1.288927764713925,1.8908848908332454,1.414694373695798,2.118741877357369,1.0100113897284428,2.764995922049187,4.016779204397885,4.770716699338469,1.1487973432383034,0.0005684248672241971,0.0001511600754945233,0.00046662593277880154,0.0,0.0
3133000202,2011-12,Northern,2.2628932358080496,5.17742132017787,2.4985506672502287,2.4811396308715254,0.5681517419387311,4.161317777104252,1.8817890138802658,3.3496010030174896,2.281934017383513,3.1898407057200795,1.345150177485472,5.4107834015534,6.099956244488223,7.642247672442359,1.9688445401399515,0.0007550329659254869,0.0001697842761331576,0.0004822340491558282,0.0,0.0
3133000204,2011-12,Northern,1.8554979508709308,3.954182896142654,1.9966285991607278,2.1183117923424444,0.6110157785899787,3.788963210953859,1.933060614055954,2.7376123335370495,1.9671517399905785,2.549075785491546,1.1564312640880035,4.797665794747307,4.924051656646113,5.759253164061836,1.5435076687591494,0.0007813776648680674,0.0001978568845927984,0.0006445331505033743,0.0,0.0
3133000205,2011-12,Northern,1.0197045504820412,2.039245643357186,1.102022332629008,1.1287183831592398,0.31204472938300665,2.204737889811619,1.2121507088890482,1.4153835677429867,1.1020811858883968,1.3353144779927582,0.7312533023119331,2.391954021062144,2.3890991701363107,2.516996616940614,0.8256598150849855,0.0003824178852542054,8.659746663815434e-05,0.00034150932799383553,0.0,0.0
3133000206,2011-12,Northern,1.403207703544124,3.1514239199751737,1.5278352764618408,1.5607578332263885,0.3691132547775881,2.592549579712442,1.3662774421659174,2.024347426923087,1.498110512981115,1.9207933860110586,0.913773639408494,3.4808037188108853,3.5747783940516125,4.2880781082539565,1.1939229897163912,0.0005861558290977671,0.00012063037218348671,0.00041302265586362717,0.0,0.0
3133000208,2011-12,Northern,1.2856800842966527,2.802364697672795,1.46746512253346,1.4904077128019206,0.3945682104854486,2.609233848797969,1.3817903910946165,1.907414302884936,1.3904927350070317,1.845060394576481,0.9843086324520014,3.07492436666075,3.457644201601311,3.8312169303129795,1.1470573856411452,0.0004196094369363303,0.00010292306943721309,0.0003163651185563646,0.0,0.0
3133000209,2011-12,Northern,1.2900352346917894,2.623929826292871,1.4388168939094634,1.5456811026701922,0.40002467742801645,2.8087613265574993,1.3632300370304535,1.830531322621488,1.327823829906412,1.9264396911795183,0.8290865162013501,3.038020761886233,3.7615178675685548,4.494941444705255,1.0550448263633505,0.0004334372834635091,0.00011556825697337848,0.0003431574189510716,0.0,0.0
3133000210,2011-12,Northern,1.1846053076658525,2.2234646784257315,1.2968334642624748,1.3564474027065057,0.45639929379410427,3.0235733312709607,1.4703331393334675,1.660790610888112,1.2268148336994928,1.6518388249375127,0.8184139169084946,2.7741776437629744,3.1174561650670567,3.245469721079496,0.9368476528487505,0.0003666979790334886,0.00011329325620885394,0.00037232611429228297,0.0,0.0
3133000301,2011-12,Northern,0.7157482345859092,1.3258821368575413,0.7914226540293069,0.7000649651732577,0.2201236735721218,1.6804064914329806,0.6311225755185884,0.9533985080212024,0.6869844029273855,0.9523117920318865,0.527261533546267,1.5006899931992512,1.7398693727140546,1.8383804722390455,0.5651794764520677,0.00018847013122759367,5.519482414522386e-05,0.00017314074657612637,0.0,0.0
3133000302,2011-12,Northern,1.764047418517537,3.5692521749823496,2.032521247801614,2.0868413418824225,0.5827622131628553,3.9018282618403735,2.1386429963161944,2.6212223368688576,1.8366688535969318,2.5075958048449905,1.22134286470844,4.068802479039579,4.749906892195284,5.161466404056643,1.5106243132416606,0.0005035590477616441,0.00013906132656999127,0.00042387646286163997,0.0,0.0
3133000304,2011-12,Northern,1.1335836129773578,2.175382742388503,1.279867498469633,1.240064229572004,0.3423548744748888,2.4405103113899975,1.260160964361656,1.5577120890325253,1.1502086129135105,1.5663410585499307,0.8024016639672195,2.458030547386623,2.8755502270694313,3.23339220013274,0.9438681617510063,0.0004385780383452517,0.00010964450958631292,0.0003711527823046487,0.0,0.0
3133000305,2011-12,Northern,1.970427273503,3.861450077924596,2.1538965654953373,1.997217766702877,0.5535566855860512,3.717561036278851,1.6087695284799004,2.5907450510992938,1.9555897248760752,2.617067545704152,1.2664764692311854,4.08256435404115,4.616566816832759,5.791635908921107,1.653218418602645,0.0007130390627490297,0.0002005422363981646,0.0005112945955149974,0.0,0.0
3133000308,2011-12,Northern,1.2239978204703277,2.11521204620177,1.4033296513067963,1.283323449260663,0.3857381847567634,3.100499555234701,1.2057864351658087,1.6232555568113873,1.201537193889114,1.658376550220483,0.8378454482391633,2.4018870524269196,2.921042583372394,3.157900820477356,0.9690097971860872,0.000420501630664761,0.00011832045883532587,0.0004072407376920128,0.0,0.0
3133000309,2011-12,Northern,1.445679626443248,2.809822638948971,1.6253387255713752,1.6014411738019882,0.5019179237854636,3.4616050687733444,1.719166442585059,2.0556697364602203,1.5354537611545667,1.9565443613974527,1.0632460318370016,3.347491626311622,3.506511909038301,3.67869547553977,1.1946248479279284,0.0005285202062555011,0.000150273282524885,0.0004865160810739502,0.0,0.0
3133000311,2011-12,Northern,1.3497812527250026,2.3177733820905133,1.5218786964814923,1.3257115299573388,0.3771181522922115,3.238708982771902,0.9136146314128061,1.703614350221998,1.2191102241530223,1.9282244030281466,0.8815204741840286,2.3596511959965976,3.5827099625357466,4.5207452996847515,1.0479552670314145,0.0003667054080207964,0.00010184244252458752,0.0002999120844324372,0.0,0.0
3153001602,2011-12,Northern,1.2756815375561525,2.631636778787179,1.3969919078138597,1.4051389629488948,0.41696054304610325,2.792688585616122,1.1838666641415931,1.8535141367354142,1.3245078249011013,1.7727900399075296,0.8473913804993478,3.1290843247227924,3.3747392824945632,3.8547067240410526,1.0638555217428445,0.0005226702072014345,0.00013992745704605332,0.00044080351103266993,0.0,0.0
3153001603,2011-12,Northern,1.8029737503268215,4.003816727399483,2.0054568550168397,2.0542458793255807,0.5419421980329919,3.532311351547141,1.90435258069914,2.6963152384924216,1.9040882953530576,2.4878853220438324,1.264686704098613,4.339803726637586,4.588272159545667,4.962802684513367,1.5873478287254432,0.0006542369707578723,0.0001615018937248207,0.0004841253313625053,0.0,0.0
3153001604,2011-12,Northern,1.1309372403166427,1.8507851549419372,1.229591669843959,1.0694886092439835,0.38149924568315674,2.7707210644345914,0.9029914356885584,1.4117720224636883,1.0717813399099936,1.469809031973576,0.7096421169413473,2.1262332465317892,2.634716707052207,2.944066995333124,0.8455096187080514,0.00033372897029844607,0.00010609592637846123,0.0003460772294760827,0.0,0.0
3153001605,2011-12,Northern,2.45994403585587,5.247715434893301,2.677440865931002,2.635978796334452,0.7200291977719402,4.884580865131803,2.350613851844231,3.5443209377999603,2.5803298816197264,3.2385695673661443,1.582118827066026,5.865371212742118,5.872450566484937,6.962792920772291,2.068343571140349,0.0008688515528475182,0.0002068694173446472,0.0006552566743416032,0.0,0.0
3153001606,2011-12,Northern,1.5506121103635244,3.054885373013584,1.7735320894966673,1.791190940712376,0.48839006051091427,3.3834454723624585,1.8255357975668456,2.2298350151350745,1.5858956005208407,2.179163319552626,1.0398470683380787,3.503187007119763,4.068954784283147,4.539604258202474,1.2948115819594395,0.000581347944895782,0.00016054327049687343,0.0004829937328561089,0.0,0.0
3153001607,2011-12,Northern,2.5290299472025777,6.37180951213409,2.7181503798930757,2.840395087251961,0.6136266426563476,3.7716646954010375,2.4765906810577603,3.790352063181014,2.5967180295501247,3.4570504085344442,1.5038276235122086,6.361133405600485,6.771320567765236,10.063818112382906,2.3526263845614657,0.0009704206185445516,0.00017135049383391556,0.0005256640156083059,0.0,0.0
3153001609,2011-12,Northern,2.292793006091764,4.588815078192456,2.444363044306684,2.444990102718264,0.5867663552042292,4.516647861440382,2.1202958438160366,3.1289809385546334,2.0849589170881218,3.2684984705951545,1.1594933693385248,4.920458451408034,6.49725624518742,8.686053089476673,1.8009787813894989,0.0003728499277415611,9.096639803333268e-05,0.0002670685729388409,0.0,0.0
3153001610,2011-12,Northern,1.7099024419177955,3.6617247984940944,1.9834899884778396,2.1190048392252883,0.4936364405606158,3.490466012593855,1.7612320032663444,2.4232390497226906,1.8023055823099021,2.560825628405653,1.1842900116885389,3.849927431501072,4.65095012023968,5.258359633355191,1.4545361586302124,0.0007166359760789263,0.00016466392977865297,0.0005057844103251581,0.0,0.0
3163001601,2011-12,Northern,0.981446753009131,1.8240864229331903,1.0886669914679827,1.0185962946784677,0.27999590595957674,2.1485766430017144,0.9516390716825567,1.2534967393498475,0.9580505704285855,1.3593577286740273,0.7078816256823169,1.9799235870923348,2.4962926134831704,2.986225142828432,0.7826014151752599,0.00028019289180872964,6.604546735491484e-05,0.00023201975093337912,0.0,0.0
3163001603,2011-12,Northern,2.253341681037703,5.0831945291733,2.456604683041274,2.447134558563403,0.6333534311168463,4.201741200549524,2.134612166251579,3.322275323950049,2.3476218319487776,3.0164141673595752,1.4927905029724866,5.476834659608574,5.577513080793034,6.636625946460554,1.9633375977892837,0.0008680899368957108,0.00019477918251676615,0.0006041365630426173,0.0,0.0
316300160303,2011-12,Northern,0.6150442771379724,0.9244450406167919,0.7425781974915164,0.6788264692100625,0.2106873676395316,1.8008781218571737,0.6967370557977485,0.7624737684168903,0.5735274794001657,0.9341640899216866,0.523075077803344,0.9705394690291997,1.72935127564545,1.7880559444409971,0.46123449446616066,0.00019694130205742384,6.374461836844689e-05,0.00020539135483372032,0.0,0.0
3163001608,2011-12,Northern,2.1885740710588544,3.5290529581247205,2.4453429678939167,2.3589573595724787,0.9986439545541087,5.196561388114156,3.619206436680364,2.7679267120124593,2.1380296296990546,2.7670453815490625,1.513737305959648,4.951253963261214,4.051359791192661,4.626487806053418,1.5529119923412875,0.001423091288294883,0.0006403910797326974,0.0016667669371805815,0.0,0.0
3173000903,2011-12,Northern,0.9865575183667765,1.8877482427329184,1.1379716970660019,1.1665090247686711,0.32062995979243303,2.1623682618547666,1.0306505593997548,1.3362689389684144,1.0938441060503243,1.5404230129268748,0.7954189753665398,2.0491997503218826,2.9202340235760964,3.5008646043361202,0.8337517996226381,0.0003705018730677842,9.262546826694604e-05,0.00030966483734074895,0.0,0.0
3173000905,2011-12,Northern,1.6956658821432837,3.245098644082683,1.8852147443506497,1.9772030946348287,0.5465854028473079,3.644141620205681,2.087549868443695,2.271298804863873,1.6687512382986984,2.4481048164790007,0.9900001736668037,3.8535500933854903,4.49472944505293,5.572958938646968,1.2961711327615433,0.0007080818184168005,0.00019496499383805056,0.0005852660854523034,0.0,0.0
3173000906,2011-12,Northern,2.634104436738348,5.436518577784284,2.803660921169641,2.733360902761775,0.7853120441243907,5.08389922455019,3.656310630448175,3.6805167872114346,2.8503640535480765,3.232817754571502,1.8511937980594282,6.354772986894144,5.507930644793044,6.511022851118497,2.160321256130532,0.0010968395378259134,0.00023624236199327366,0.0008930442753541577,0.0,0.0
3173000909,2011-12,Northern,0.8866613037118984,1.6019956681353016,1.022105207306644,0.9599975430505159,0.2983241148681042,2.20833138875495,0.9878323425292486,1.2163629241951477,0.8815572654802062,1.1920288538543735,0.6186354508150529,1.8902057375023578,2.096230432769555,2.189273346047666,0.6823938686971122,0.00032168993231363623,0.00010097489542066916,0.0003132417686727521,0.0,0.0
3173000910,2011-12,Northern,4.215504349396265,7.13957833373742,4.804769255146021,4.488117366760095,1.5010327413416107,9.552931407899177,4.560375381372529,5.5335264416951,4.318728999903845,5.513394553536774,2.3755536868320855,8.87583175608378,8.818920997371874,10.743073098335172,3.0425249220717094,0.0024155052645901064,0.0007246515793770319,0.0025740379395915096,0.0,0.0
317300091003,2011-12,Northern,1.0215184357195426,1.908108408199845,1.097536994815707,1.131600384208529,0.3171865804815034,2.36851164203198,1.2391618526571089,1.3414491337168226,1.112393641220282,1.3720259972385829,0.6613614247458997,2.3429703959028405,2.5030927161116474,2.8610528767939036,0.7681094802955686,0.00048778809040722084,0.00010948912532881504,0.0004827749766962242,0.0,0.0
317300091004,2011-12,Northern,1.0691079852971832,2.0405056426187254,1.1519746557747048,1.1021347612371848,0.30636188579674284,2.400577130169591,1.0251534551358255,1.4590317291238157,1.0055454956663163,1.4262005290244137,0.7011231514849278,2.2879980363865062,2.656095925978489,2.904854829413891,0.8285470097560592,0.00022621395520663326,5.985895307805705e-05,0.00019896108966056618,0.0,0.0
317300091005,2011-12,Northern,1.03658369733432,2.0507657232938024,1.1292566978347247,1.080855049350508,0.289258445183518,2.1504018306832795,0.9863675756130118,1.423546478338795,0.9911789187425073,1.395692381444427,0.6821644280553878,2.244045793000654,2.5700874710228425,2.7848293307664505,0.8310085344575465,0.00033215097561938305,9.112987786858635e-05,0.00026550605761458643,0.0,0.0
3173001001,2011-12,Northern,2.756105834233723,5.792580703224613,3.06217618185629,2.990902784460004,0.7551153028023087,5.67351010572852,2.5045936615509405,4.020358357253087,2.7118896239817647,3.806207812095715,1.6103567141905346,6.21091043539418,7.163249978826563,8.230361497511604,2.3147865094354696,0.0007749509478869014,0.00018510585760169796,0.0005839538258726718,0.0,0.0
3173001003,2011-12,Northern,1.7509352900845339,3.306350830264624,1.974968860358861,1.9491015042713937,0.5500005107884203,3.892987136240327,1.9908060412755308,2.4357045911940873,1.793945924019885,2.3842507119935608,1.0958374858718336,3.8721978490059623,4.351432679490184,4.9876097961507835,1.4302753958912995,0.0006132338656156189,0.0001599740518997267,0.0005453015776020379,0.0,0.0
3173001004,2011-12,Northern,1.2398367498125444,2.650420529562464,1.3306113645573459,1.3359519598070593,0.3518442332529431,2.5409271659902224,1.2845568188094663,1.7990266187246577,1.2149161003608404,1.7191205372046447,0.7753834238235775,3.020757709945337,3.3172412765202166,3.488024258145518,0.9969290866684724,0.0003397479301889569,9.242726553393421e-05,0.00026959074777182205,0.0,0.0
3173001005,2011-12,Northern,1.099401485837159,2.233163638873649,1.2652159490076784,1.1903118895030376,0.33993115688142206,2.487591142184776,1.0083328972755754,1.581740548519559,1.133720909644212,1.5266270826424788,0.8680813286518484,2.441258436171624,2.773455999820059,2.8260461143895346,0.9358116779346394,0.00035242927943037437,9.76741391766318e-05,0.0002913689420301239,0.0,0.0
3173001006,2011-12,Northern,1.3521304520093929,2.6049821860352176,1.483715876450652,1.5124114636342716,0.43241625505490733,3.1365340001672157,1.527623686331016,1.8804473517567857,1.371639199270435,1.8777650795524254,0.8716113931655521,3.100277297840933,3.510078344228805,3.768675959257906,1.084971386903711,0.0006355955058906909,0.00015889887647267274,0.0005944090282362203,0.0,0.0
317300100703,2011-12,Northern,2.311579236078154,3.7410553844547123,2.580484153646456,2.5002686810148655,1.0556607435005019,5.472327195815017,3.8235667019564663,2.9347324613696197,2.2599064449838924,2.9197592212490053,1.5818424939007159,5.254505402762713,4.279125146994592,4.901603436998043,1.6409637786307765,0.0015014074829706743,0.0006756333673368034,0.001755671767562442,0.0,0.0
3173001008,2011-12,Northern,0.6859904566582545,1.3143202620847385,0.7546732054928609,0.7181904954049838,0.20248656039395527,1.519863035269208,0.71800443175237,0.9346786690154852,0.6747998045435051,0.9337549333848807,0.5081677531686141,1.4891684690075344,1.7516974282212452,1.8724725976621899,0.5480194380460205,0.00016013521464646022,4.0864955294728176e-05,0.00014405382223639366,0.0,0.0
3173001009,2011-12,Northern,1.67836120135113,2.95403098541966,1.92850364140772,1.7758791511882865,0.547374006662437,3.4444411821580085,1.7488686035474592,2.1390427399014054,1.697113940832078,2.3050592709883406,1.151509537702032,3.3591799155230744,3.795035860613043,4.6698100927758555,1.2965559713860804,0.0011356544526091355,0.00030394071449497614,0.0010295593574317326,0.0,0.0
3173001010,2011-12,Northern,2.361377090054675,4.835398845231775,2.6106152314962965,2.8707677319309663,0.7730668197504187,5.316018994500865,2.8474692754373017,3.46996893016592,2.613273203813836,3.368103201271751,1.3946237663979157,5.896986405367296,6.415209251316736,7.126274591273202,1.8383402908665547,0.0010344236085031797,0.0002732994192920333,0.0009320648393811792,0.0,0.0
3173001101,2011-12,Northern,1.8289379473437641,3.328355992534684,1.9362006286824052,2.0979816396558677,0.8779827405404755,4.670681094552875,3.237264765474183,2.588692042275268,1.9289676447235533,2.4604184055378093,1.3310674931411655,4.754373453474124,4.763848082051898,4.104397885197882,1.3973662164147926,0.0008554775952698126,0.00038496491787141566,0.0010276772068899803,0.0,0.0
3173001102,2011-12,Northern,0.7594339551585534,1.3806684776602347,0.9253996808056287,0.9002672278472917,0.23561114296282348,1.8241967957267644,0.8737436086495546,1.0066785275281431,0.7709101744541915,1.1495110947532374,0.7165685408887783,1.4090989975985477,2.115042879338874,2.0872864543763425,0.6269695138844452,0.00021241960959428194,5.733058940653275e-05,0.00017934987278462109,0.0,0.0
3173001103,2011-12,Northern,2.669366747956068,5.809660988418181,3.0217848523584303,3.1802018664712035,0.8016974651529659,5.381712366996623,2.7819703393647917,4.030071103490722,2.8474840912310917,3.8228398056173982,1.6323472100773306,6.448284263622777,7.279424459863466,8.561585988026492,2.3164185779686783,0.0006788438292785971,0.00017041661618584324,0.0005024283689356057,0.0,0.0
317300110302,2011-12,Northern,0.9950199320513893,1.6964235870750233,1.0839972373769833,0.9902929692177741,0.3091504549167894,2.315657247347055,1.0654446622375646,1.2327374733094358,0.9831918676688116,1.2718194031257792,0.6702428960479215,1.982122814099571,2.194723077476275,2.490560693559239,0.7686459621083347,0.0003772199175198845,9.338939705589372e-05,0.00037328828921471554,0.0,0.0
3173001104,2011-12,Northern,3.7969351314170154,8.34680126902658,4.062215869188459,4.715429581993641,1.3473123441935029,7.547029500562201,4.932914697007362,5.992578124059653,4.011149626596255,5.482146641294506,1.9503511376829252,10.487005202083077,11.068859038042588,11.785929604537568,3.176424422183375,0.001271108724311895,0.00042415174593034635,0.0010797353767743286,0.0,0.0
3173001105,2011-12,Northern,1.9036685536181084,3.85091644092837,2.0875243479406893,2.265330097065715,0.5505239103929662,3.9611106612268405,2.061152904186773,2.5792530367339173,1.9118238578627005,2.802042509927914,1.2215673603279136,4.1328881536841795,5.501551638278191,7.152905778328965,1.5584240395251094,0.0005931250344881193,0.00011953575551104131,0.0004570859289784267,0.0,0.0
3173001106,2011-12,Northern,1.0702537855911072,2.0507562160102104,1.2160989585122608,1.1469205973606682,0.3356805863280574,2.4113339310525634,1.0549397569975056,1.4836046644025136,1.094721764095093,1.466447619814757,0.7717228185930738,2.3595667406204788,2.66729312539407,3.005743481091898,0.8873651123395111,0.00040558613005048464,0.00011196335519132004,0.0003465700196368455,0.0,0.0
3173001107,2011-12,Northern,1.0953795406625653,1.8674533461233656,1.2373326086024576,1.1884158853920568,0.3714249237588651,2.6777223195626,1.392514758929452,1.3889240533807714,1.1213036119916078,1.4975326539249936,0.6856337699075841,2.292274711723023,2.5864653493645577,2.954668786986983,0.8032880349252425,0.0006758221714714663,0.000182078303478963,0.0007006714417029789,0.0,0.0
3173001108,2011-12,Northern,1.4900554138593194,2.890578151356634,1.6761524728162076,1.7384596807387076,0.44571563206237125,3.094289755723873,1.868404048776744,2.051868034459024,1.4866807071819348,2.126571640052497,0.9630521887634467,3.2537417250311256,4.041456348215047,4.867189958921169,1.216972359315614,0.0005063772698795732,0.00013137146152536098,0.00039670128730457326,0.0,0.0
3173001109,2011-12,Northern,1.6292356774343533,3.077895356878974,1.7594161914680864,1.75383346161618,0.5295377863346428,3.703867259188552,1.8730104709663402,2.2572183057410653,1.592404557287906,2.1714714607155057,0.9647253709030036,3.668722756576122,4.033725028072984,4.395020983224332,1.26640581404869,0.0004022613942107323,0.0001213414864954352,0.00037032444346328926,0.0,0.0
3181000101,2011-12,Northern,1.3086987521775573,2.7321568897553368,1.5090144487656685,1.6261857309665249,0.439272879673204,3.0275840043709232,1.4628440619245957,1.908635539755639,1.4331956761444362,1.9730483251580897,1.0402631138085754,3.0604203384074276,3.736548982308707,4.039172981778332,1.1367391297793672,0.0005236536929596365,0.00012687288548559095,0.00043418087052699196,0.0,0.0
3181000103,2011-12,Northern,1.3174526894782885,2.761274109877113,1.4913622457681321,1.584150635949478,0.4022615998979694,2.985422107638436,1.3730775818735539,1.934885799023614,1.4024210263060797,1.9643988566033665,0.8809604970965592,3.142779204244341,3.7830261924519846,3.888669327790055,1.058762155126061,0.00035919953839970464,9.853384597882309e-05,0.00030054607095023316,0.0,0.0
3181000104,2011-12,Northern,1.9399738929866543,3.326450457783769,2.1805959992795563,2.2258037902045453,0.7618974773889344,5.1613525327744565,3.2962759126821934,2.686517063860813,1.9044230482190168,2.6706899231846055,1.150453320531789,4.257578174027824,4.8973558930068775,4.8608579711076985,1.4804207730554604,0.0006727236049585129,0.0002774984870453866,0.0007281915966723181,0.0,0.0
3181000106,2011-12,Northern,3.313259343637812,6.970926610018216,3.8854849316711144,3.7924078844610927,0.9698076787112869,7.271863191694423,3.08292933121433,5.15795700192035,3.3227494730435,4.732867803327209,1.9718493239359771,7.510485235303767,9.011972286465523,9.442869880146391,2.8729465570356374,0.0006157748822604708,0.000173401291194166,0.00048552343578149647,0.0,0.0
3181000109,2011-12,Northern,1.1503635280355835,2.2092587586954475,1.291719209133084,1.2218554892632216,0.35121445031261367,2.7103873768299214,1.1388956760348317,1.6585047333995888,1.0639952430989494,1.6288008697063276,0.7245531533516295,2.534241514601677,3.084221778504365,3.2305947056965745,0.8968722986821098,0.0002665252453069343,8.443249587336885e-05,0.0002394467471111325,0.0,0.0
3181000111,2011-12,Northern,1.2738017837707034,3.3535153393167434,1.3235310943875132,1.5528976147917217,0.3656993669367802,2.382231169485321,1.3779931949072284,2.1117578215455226,1.4862117964262929,1.7961512682904837,0.8627322166017374,4.05944846663314,3.414400197907783,2.9150664773851487,1.0746532750009483,0.0003792590783323114,8.64019483011261e-05,0.0002869913642010579,0.0,0.0
3181000113,2011-12,Northern,1.5604350626651693,2.9446929591066775,1.7791506524007408,1.666932155847231,0.5135125884598686,3.5878561356116534,1.6854577205403094,2.1874047228504936,1.5786514286674374,2.108083576865928,0.959331023260243,3.4477616384757037,3.6485759258564094,3.7428543615815633,1.259584532342552,0.0006167959612194289,0.00018290372542314605,0.0005714015149381253,0.0,0.0
3183000205,2011-12,Northern,0.6785804933018018,1.255519352554399,0.7841520847947266,0.7833633173486755,0.22041561356022032,1.6355832398671748,0.7365243050278844,0.8882449626724696,0.6882069591748083,1.0200668852241734,0.5897550699983102,1.3607596818780938,1.9387538221495706,2.183126321853166,0.5568390779097859,0.00023573636057291542,5.7115136743746485e-05,0.0002051960005077543,0.0,0.0
3183000208,2011-12,Northern,2.3971132903412236,4.265451232337205,2.599257795772431,2.296059373638388,0.7293620304764504,5.123416262930055,1.8629930239000179,3.117005569451466,2.7404774248358157,3.186995750190639,1.8951433040412466,4.891212993619767,5.556245036948685,6.224034561019365,1.8218957432162783,0.0010945055453646345,0.00023641319779876103,0.0011231634929881776,0.0,0.0
3183000210,2011-12,Northern,1.4457932793950923,3.0075377925567923,1.5735065518485418,1.6376221602523162,0.4481516501405011,2.9948513030575254,1.5464002917901178,2.090028461944361,1.4838865902230312,2.025563482955105,0.9196278818232871,3.5203719630485524,3.9075603589736776,4.497543245531207,1.2086319651068194,0.0006000280250561312,0.0001437826491576414,0.0004996766098731467,0.0,0.0
3183000211,2011-12,Northern,2.5129948613786235,4.7348361222771835,2.82436594442455,2.825861437019935,0.7652493384652452,5.67870133395662,2.7585059531882186,3.4862567019452126,2.5177834656145768,3.418298245047117,1.4229283578334628,5.497977519128525,6.2329519724712945,7.193016461874273,1.9853100531393568,0.00092573106558885,0.00024640782775232624,0.0008082412572028632,0.0,0.0
3183000301,2011-12,Northern,1.469681239849404,3.1093650958191996,1.6144305674484056,1.5627318232264282,0.4205623431994948,2.8069463636801992,1.3871277400972464,2.0573312530972907,1.5231760787222128,1.9989374008785568,1.0276030979920074,3.3688950249936025,3.7054802507368927,4.659540648981607,1.2735081146040366,0.00043686195559710733,9.802165762705177e-05,0.0003176102213120092,0.0,0.0
3183000302,2011-12,Northern,1.5526630393036946,2.7869426630428626,1.6310019136036393,1.648886026323474,0.5746347066123624,3.9261247326269415,2.1005053632659045,2.164531993813127,1.5210410391653808,2.0909579008500985,0.8262754033770132,3.680597208780806,4.021656856781913,3.8599753471821887,1.115619628126514,0.0005372641286886696,0.0001948584824945473,0.0006139814098005105,0.0,0.0
3183000303,2011-12,Northern,0.9306142547597352,1.7631683643185576,1.0651177811114398,1.0701461832740446,0.307941990424396,1.995082588682068,1.1791542436297306,1.1946688155390575,0.9776065891732191,1.3411875739784915,0.7344300227997482,2.055928618159262,2.269017661106757,2.8573983423455167,0.7296307850282778,0.0005143113580198124,0.00012437937943948524,0.00042572239131695216,0.0,0.0
3183000304,2011-12,Northern,0.5661073693726103,1.0587983928839029,0.6661270090478248,0.6748343715141206,0.20103208490437294,1.472827251729506,0.6468504685663445,0.7581854961011557,0.6213067964053893,0.8654308179172917,0.5349185065350224,1.2003269802605923,1.597060649425441,1.6729003569854424,0.4732350435520972,0.00021256811602904325,5.3987470377830866e-05,0.00020027578577002522,0.0,0.0
3183000305,2011-12,Northern,1.0013113707777357,2.3979913951244467,1.1277043990780689,1.1928962140627277,0.26230725168559677,1.8206494300167477,0.8353041536537241,1.4008260097119345,1.0629368625318905,1.5246872351777851,0.8193320780120938,2.2634321378907596,2.987553390925498,3.9586327820365623,0.9049924263775319,0.00035486366638271574,6.77665728410525e-05,0.0002044266356843459,0.0,0.0
3183000306,2011-12,Northern,0.7222741780261057,1.4298150000692156,0.8171652851982137,0.8409891776296141,0.2477126838820877,1.6633121764569962,0.8184879446149494,1.0051109438245958,0.7601605840337297,1.0576774295424016,0.5800940135914058,1.6299844918833488,1.9957067616081599,2.0853598491217733,0.6009403041357207,0.0002455520876943056,6.793987577156832e-05,0.00021598690718648665,0.0,0.0
3183000307,2011-12,Northern,1.0416828367935207,2.0804280117474843,1.1577442073243602,1.187722254821039,0.3185944066076365,2.191720723394501,1.0830866041031095,1.396250688748715,1.05797481428546,1.4815048140976812,0.6596145833161605,2.3951277362383996,2.695068209832357,3.3467308183993736,0.8157233363249119,0.00042386632018011626,0.00010579286434003721,0.0003351118279428204,0.0,0.0
3183000308,2011-12,Northern,0.5980240186167348,1.1013225076948552,0.6902220186523698,0.6567761558797756,0.1920433176997864,1.4026310188486524,0.5516909688384368,0.7754615812900938,0.5958223735743642,0.876961957158633,0.5237542562879222,1.1591047333691693,1.6433396485985872,1.874642312517534,0.49420034712177224,0.00018729708533491785,4.823660434379555e-05,0.00015775673371429732,0.0,0.0
3183000309,2011-12,Northern,1.4580559497872236,3.0496753046166813,1.6305287338553478,1.7199418500406145,0.4587050058661046,3.09450842154526,1.4581459533582868,2.0808514924063,1.6622096172543495,2.2117234604136167,1.0323921647518315,3.446768844699807,4.174918269711528,4.607097627468823,1.207415104159997,0.0006620641100906979,0.00017505423927821842,0.0005426525462089834,0.0,0.0
3183000310,2011-12,Northern,1.7608480608651615,3.882635026497781,1.936946637107598,2.147574857875812,0.5573339413397781,3.4882576337484856,2.5286322589284325,2.5218597517945063,2.0467897174457295,2.3420104322925437,1.1633966075696287,4.868136934634894,4.0568626177090605,5.310819844834859,1.369651978303793,0.0013132357431615681,0.0002523183281804811,0.0010654441365829986,0.0,0.0
3183000401,2011-12,Northern,0.38098251400647487,0.6156657653117813,0.4472099485564213,0.3778678867671234,0.1263470248303645,1.0214084507320593,0.40303181363534607,0.4629969110332143,0.38252028251741566,0.5275300262202652,0.3740934675190676,0.6758659820189588,0.9245935069172563,0.9050179380188536,0.30349913791743605,0.00012090663321892456,3.078010416101495e-05,0.00012990763878884483,0.0,0.0
3183000402,2011-12,Northern,2.4701558635530527,5.314365662799992,2.7588740104283462,3.0383430195354535,0.8184981911688249,5.319790362037095,2.9431248908383787,3.714474076799475,2.8035867611744094,3.57057337842508,1.721347497141277,6.1016517659403195,6.890417479718846,7.8927641098622505,2.05937923976823,0.0010064398476194608,0.0002227366875879135,0.0008476099957846504,0.0,0.0
3183000403,2011-12,Northern,1.3350723497816344,2.2952834461149645,1.5177917661934028,1.4078188710390795,0.44480012017795206,3.2190985406841452,1.1315004866936718,1.7526623800623624,1.3148980788025204,1.906914465192879,0.9095598940234602,2.5147321375744847,3.5290670286621495,4.241918955308668,1.0748397070948865,0.00038172239548622453,0.00011045903963873033,0.00035212079878379793,0.0,0.0
3183000405,2011-12,Northern,2.1286464598204526,6.156699551539828,2.3525127480131744,2.8779656844886596,0.5820369822015178,3.4730015339940494,1.762682849538598,3.2715217897214965,2.6899287828546807,3.521304438620991,1.908407028262775,5.81643887257207,7.272382572184506,10.949339033131846,2.048131048403905,0.0015079495163686945,0.00029405015569189543,0.0007012527781623092,0.0,0.0
3183000406,2011-12,Northern,2.094414828076352,4.366530116392746,2.4461005573472394,2.6032721516108714,0.7288891291159119,4.7669791834006485,2.5830132416475573,3.1817813357987457,2.219023684142297,3.0783047332924838,1.321389682227786,5.172268672049186,5.637830081837877,5.847020304768168,1.751986783489069,0.0010846492160773013,0.00032474527427464107,0.0009331343600823673,0.0,0.0
3183000407,2011-12,Northern,0.9184953192098811,1.6282881804826494,1.0237577491988337,0.9470132828907366,0.30044447639867583,2.1368909226107125,0.8122404861015554,1.1849310632243801,0.9460062481848055,1.288308831262828,0.6533364714410822,1.8365944959969491,2.3409294292401186,2.551650570494526,0.7187673794282452,0.00033393838830693266,9.779624228988741e-05,0.00031678966600790285,0.0,0.0
3183000409,2011-12,Northern,1.2724877929076153,2.419870561981407,1.4071616802172469,1.3791668495278309,0.404750487366959,2.9638505071566543,1.1125244379643784,1.7007770600605805,1.2804534527207583,1.781629717073689,0.9019578072951555,2.691217892805657,3.3186278051077225,4.001522062758657,1.0378136456986096,0.0003766858145033749,9.053301109939066e-05,0.00032615030745433455,0.0,0.0
3183000410,2011-12,Northern,0.9986279278866749,1.6797722619213928,1.1670501115592111,1.1251227481565338,0.34725354997813734,2.5036318508777335,1.2941671072700118,1.2559929062111082,1.0490368261584035,1.4118705202340462,0.7084588729185892,2.022538321738667,2.3868026420142177,2.7959891910045607,0.7365821118641748,0.0006583451364739754,0.00017977886419097018,0.0006596380325704375,0.0,0.0
3191000501,2011-12,Northern,1.2277146197763846,2.4722366436894654,1.375405705260104,1.438943286781802,0.3706882476180589,2.626868487602346,1.6574185240835762,1.7357063354571975,1.2950969304580087,1.68469883063377,0.8654176491006342,2.8643696778196577,3.079392342664542,3.2471751876729686,1.0000889964149444,0.0006588804137054062,0.00015839407286640303,0.000555185854449771,0.0,0.0
3191000502,2011-12,Northern,1.6756167321579503,3.6548156377651497,1.9106728512160545,2.003573142294805,0.5691878402904604,4.038047754170068,1.5997093483013702,2.595438959067372,1.8426871937387683,2.368033189075679,1.2002700315586488,4.318553858624074,4.450137360261503,4.817909702875765,1.4157876585457183,0.0006944299022225998,0.00017786577212588288,0.0005939819017232197,0.0,0.0
3191000506,2011-12,Northern,2.136802516504455,3.748872953429535,2.584745802310039,2.4756577243602877,0.7251395904493966,5.564698651297164,2.121059611487459,2.945890068588438,2.131282174124053,3.0514633675812872,1.2868972259831988,4.253673707040915,5.39341288769249,6.363692688231021,1.6469935339537782,0.0010468220324771139,0.00032342113540710833,0.000994253198913522,0.0,0.0
3191000507,2011-12,Northern,1.4698642653937448,2.683884703275528,1.6539355554299826,1.6097648038551264,0.47933748692232453,3.5489322592335872,1.7226110253255742,1.9930513398496161,1.5060340396774534,1.9721940802871885,0.9764188246260815,3.208725351378996,3.506083322011954,3.807124346331799,1.162346641751325,0.0006374249103184988,0.0001745989971741975,0.0006069940731095365,0.0,0.0
3191000509,2011-12,Northern,2.099636928026619,4.626816577428151,2.264512536197845,2.330573540540269,0.5659557607248246,4.057173606428345,2.085470305867557,3.0436270594058956,2.155942672650067,2.8294741426588033,1.268004946008529,5.0989349492535965,5.330859259904808,6.318647123300084,1.7289434256630951,0.0007036142525394087,0.0001484934768975,0.0005156271121038818,0.0,0.0
3193001202,2011-12,Northern,4.08660406673972,6.822157023917331,4.309863667373025,3.4825680113718533,1.2041333592772958,7.328650466566059,5.298990156017516,4.990333148339138,3.7967389089014727,4.290602072840046,2.632222415268747,8.061199829234269,6.6421278637280325,7.658595897843657,3.162396639342874,0.0017993954980454832,0.0006169355993298799,0.001620781492227107,0.0,0.0
319300120203,2011-12,Northern,2.858479712648286,7.945349884831682,3.1241377778882238,3.8606287852521795,0.7436860408735252,4.787637012350618,2.6141933780698774,4.451179042181125,3.343436316334531,4.491184721654465,1.7523044188361003,8.068800343103598,9.180822783002233,14.076664530370282,2.5749320717944815,0.0008156023345511111,0.00013753025943353468,0.00042336262710328937,0.0,0.0
319300120204,2011-12,Northern,2.2824840520736385,4.643823648347694,2.444762965326125,2.688253309818837,0.6931945529604712,4.5806747020862275,2.6884914306317844,3.202938514981675,2.3199101510741746,3.215505257428779,1.2462265125611038,5.540184251980708,6.343681937217923,8.044138456796352,1.8102379881115986,0.0007721956275609086,0.00017819899097559427,0.0006341256113648791,0.0,0.0
3193001203,2011-12,Northern,2.5484335607478745,5.848950481274551,2.7584544214265025,2.9385602544586282,0.647688536320161,4.51076230434432,2.4053003695630153,3.575169165633361,2.650731301538291,3.6622141553572107,1.5305868976834072,5.980579118348321,7.014956299521712,9.797193018230033,2.1322202757164965,0.0007381069818181977,0.00015135864690449117,0.0004441555879956961,0.0,0.0
3193001204,2011-12,Northern,2.297072030051258,4.9894583216688195,2.431186984317325,2.401893871443435,0.6610604653946457,4.363992586973503,1.7250887879001975,3.3043965094413843,2.215280254066054,3.041624221860779,1.4039852842541662,5.184574189751241,5.773325979006814,7.279513112530363,1.9811540912831276,0.0005995606734542326,0.0001404631137494979,0.00042509488796816313,0.0,0.0
3193001205,2011-12,Northern,1.8922278771991516,3.7105667797029978,2.105342314977007,2.055209727969308,0.5542537484171035,4.075328173477721,1.9929864035977092,2.6321846178597808,1.897683722240107,2.5880088438768696,1.213161079603803,4.084892033150289,4.746754954422898,5.24141923593394,1.5687133939913072,0.0005943341673942729,0.00013861312414678215,0.000500953215140656,0.0,0.0
3193001207,2011-12,Northern,2.0461210596109325,4.2483347944651,2.24918583586591,2.112389670421555,0.590540408414177,4.187191623126615,1.664310705587652,2.9655546950230525,2.0279836006570404,2.728787095463061,1.2523551888887938,4.652784870163254,5.08776392540718,6.076192127053532,1.7407325864064507,0.0004650131699113613,0.00011903780247730957,0.0003606936247952181,0.0,0.0
3193001208,2011-12,Northern,2.014434035235928,4.082364230963654,2.3452104650829,2.3668865863315114,0.6772833808197188,4.703600985763619,2.129012717977514,2.940116832298302,2.1796999906736767,2.793847555794685,1.2868613066636043,4.873692651098922,4.921842053419638,5.671118849886892,1.6470740822231023,0.0011692952051275227,0.00028932560844822035,0.001047383526979992,0.0,0.0
3193001209,2011-12,Northern,1.674479490989711,3.3933910615952696,1.8415364105013854,1.973705061981523,0.5165697742468339,3.6913585264680417,2.0172207338225627,2.329316339148452,1.922411205693923,2.2943056051657,1.122463039283339,4.124342403093558,4.258884167628965,5.189960168368911,1.272666718460672,0.0009099350329643999,0.00019016619790042513,0.0008022964009176256,0.0,0.0
3193001210,2011-12,Northern,3.1124074212834594,5.450162831285168,3.521682760120108,3.1708796778532795,1.0529882652105265,7.568920688973367,2.6502066890698135,4.265561288751244,2.9213309599052026,4.125148078865183,1.5210031647202287,6.3488701218885435,7.207337619016779,8.516571364010444,2.350974352991195,0.0012158331625309162,0.00041274336306970584,0.0011955863570404935,0.0,0.0
3193001211,2011-12,Northern,1.833714248786412,3.5231823082493614,2.067188041786193,1.9973549310919814,0.6035259407339721,4.322806251854158,1.8227610416898659,2.6435395723008543,1.8047119078968776,2.468996725202781,1.2050848365909232,3.97509447004784,4.519134200682248,4.7854495930808945,1.502002196655629,0.00045552693435502026,0.00013816108795793128,0.00040966243477874424,0.0,0.0
3201300080907,2011-12,Eastern,2.232069087709491,4.324123470948512,2.6072730074059747,2.520871141362027,0.6321792363705577,4.152635138154724,2.0010310798774937,3.064796693735528,2.147315791694128,3.0047471810993023,0.9947759459669877,3.6857011601205563,4.801335134044601,3.8844324145903504,2.069686114269874,0.00014855134882040046,3.5689565002115714e-05,0.000127199292317729,0.0,0.0
3203001801,2011-12,Northern,2.7755394989378104,4.994846837443538,2.999241985298309,2.6844745153061083,0.847923070794983,5.880626991291344,2.1599672098357874,3.6506464350177987,3.180074323120799,3.679726230043915,2.137195423774871,5.747181607565525,6.435392856872401,7.263623858341071,2.112998311358587,0.001264187725262457,0.0002730645486566907,0.0012894198008976407,0.0,0.0
3203001802,2011-12,Northern,1.362103955509097,2.9003336287236845,1.5144348297172634,1.5656578656230977,0.3927227187556932,2.528463997927637,1.5694876322550375,1.9328277749088036,1.3917603136748848,1.9591581021987994,0.9408158845972384,3.0981186247186465,3.815973196617652,4.979015841198778,1.1991241679679092,0.0003278978196462084,7.220266558434721e-05,0.0002330440950426355,0.0,0.0
3203001803,2011-12,Northern,4.061757892109321,7.324024321893768,4.455314705806335,4.026887856627989,1.1714556410998778,8.708151411358706,3.1305566673486807,5.417673961550484,4.535390898197242,5.3869916517593595,2.5178725131144937,8.215837271749505,9.563322780614058,11.429123074405934,3.0061234964408126,0.0016085107069737003,0.00034743831270631927,0.0016053788967145192,0.0,0.0
3203001804,2011-12,Northern,0.912941045737537,1.8330046148935868,0.9912822010555811,1.003614857961262,0.278702892985394,1.9774898792848916,1.0178645027320774,1.2632864984234178,0.9469463669765131,1.2366128611599283,0.618783809590486,2.1517330362907527,2.279690189973964,2.4561666188080915,0.7226708320624479,0.0002629085171011504,6.885699257411081e-05,0.0002269978487423793,0.0,0.0
320300180503,2011-12,Northern,1.5850134696403737,3.0110307007782833,1.8333005711213304,1.8749899398186083,0.5257570889093575,3.748975442025822,1.9782739639788824,2.302214762692104,1.6395491437231375,2.2686327200136915,1.0373131621095824,3.517359903247673,4.253656785311294,4.355425031420985,1.303862196137871,0.0003643333951129228,0.0001063947737883643,0.0003391230833365846,0.0,0.0
3203001806,2011-12,Northern,0.8195471015886233,1.6082708323577284,0.9342006437521748,0.9218009333443472,0.2297036629698947,1.7052135771354122,0.897875007514265,1.0717126352259987,0.8124320586455435,1.2006757349628627,0.6644141647740679,1.6414132412664282,2.256108950350239,2.5787194667533178,0.680432764267281,0.00025186742691833355,5.7387514994050685e-05,0.0001899271158549184,0.0,0.0
3203001807,2011-12,Northern,1.6307528205055564,3.894953027086288,1.7217625892053254,1.963311007584557,0.46879029591756144,2.7062487585118378,1.9109662846176239,2.447873727753787,1.8057519592122542,2.2683064208690342,0.9807955014386242,4.559261980209602,4.608598013123591,6.522992594478087,1.4119406716556278,0.0005352323119060189,9.991782241913668e-05,0.0003670905577462448,0.0,0.0
3203001808,2011-12,Northern,1.9224873256021968,3.452492795140878,2.179783853815643,2.224833540770527,0.6716706579861621,4.4744958731248685,2.7121463002249993,2.5118642810179597,1.9859268180638527,2.5947436015626604,1.1940620799330168,4.386302965767512,4.358161485340413,5.402190379452587,1.4367396329673088,0.0013326515299111664,0.00033420401648553467,0.0013272397459269563,0.0,0.0
3203001809,2011-12,Northern,1.6940387638710792,3.6126038816114514,1.8137411957892133,1.788160109794653,0.4598363472643641,2.9916951451337837,1.8084929944826331,2.442055858531577,1.7568696767078344,2.2317826107651184,0.9843755533878776,4.069192772847673,4.251826240964689,5.146073251277386,1.4005102768909696,0.0005393467513825011,0.00012104657204323179,0.000416978699160837,0.0,0.0
3203001810,2011-12,Northern,0.9397251548984575,1.8073620375045685,1.0436035538816528,0.9626488195501144,0.27619352610104353,1.979994260392526,0.9651907660386889,1.2432740641605446,0.9579963004814849,1.234874326608223,0.7084659617186796,2.0347844487620006,2.1811398346257675,2.4062739896232266,0.7716346574577545,0.0004897586028717381,0.0001145765538828378,0.0004143830665544459,0.0,0.0
3203002102,2011-12,Northern,2.6515727465933234,5.8287934536152815,2.9318963559784494,3.52503997340236,0.9261270017872435,5.852614219079381,3.5686428132751193,4.002641651674195,3.011658159473567,3.9895516278680376,1.8430402905591379,6.955607188045922,7.924065675771787,9.387513806478283,2.217245611051088,0.0010101594120443878,0.0002381090042676057,0.0007967185771817427,0.0,0.0
3203002104,2011-12,Northern,1.0056154242684072,1.6603354878118015,1.1212332629076058,0.9660554720170721,0.3032470037295858,2.3468342255147423,0.9835636548981435,1.2775779364321838,0.8973481031947289,1.3594827256331756,0.5698815522956377,1.8813227933763825,2.44882631611538,2.7846649286820746,0.7440787209275366,0.00030797662425865313,0.00010017648386572415,0.0002922033894382997,0.0,0.0
3203002105,2011-12,Northern,1.5262037858634645,2.617184550298549,1.7198909073310293,1.6107917065394277,0.553364962040945,3.9293949974397107,1.735867895839039,2.052791672247065,1.4713609541831414,2.097666763653601,0.8540597723073111,3.249728828869125,3.7234778175350884,3.9360628331538776,1.1216203128965139,0.0007932934163807383,0.00028352894326200465,0.0008466657830976418,0.0,0.0
3203002107,2011-12,Northern,2.2703984322610657,4.534484380757874,2.4974305389518925,2.5334435289234483,0.7861925061171448,5.379999793132804,2.063668050334863,3.2698824738028387,2.391537972691531,3.0787826043049704,1.4867567492570968,5.279748282181672,5.679366014321165,6.530730026540775,1.8977700710295948,0.0007464112668286027,0.0001837320041424253,0.0006819970460789883,0.0,0.0
3203002108,2011-12,Northern,2.9004777336384624,5.7593918569711695,3.0790669029414137,3.428747198900648,1.0010395194832107,6.616513652632454,4.124588797561101,4.163939927982341,3.060808291353645,3.8651145288346243,1.6153342083535431,7.522327795988825,7.381437803440543,8.095913129309979,2.1996931914297124,0.0013188320140858298,0.000330738341032462,0.0013187885890659247,0.0,0.0
3203002109,2011-12,Northern,1.7811312950798155,3.596099391970767,1.883713745267784,1.8124945999141622,0.516667356706643,3.960422777813585,1.6370059978860525,2.595501336095481,1.653035696632123,2.360513188653824,0.9578959960685561,4.214706649594632,4.5156493626151475,4.860541030135564,1.3723876054370234,0.00036642033250730755,0.0001107782400603488,0.00032105905266085387,0.0,0.0
3203002110,2011-12,Northern,1.467959592605437,3.0538945579757906,1.5325341067805822,1.6269444302187432,0.4756007832790372,3.080773894313958,1.7265087312795337,2.2090185465105203,1.454733625064981,2.0162403982957784,0.7664923390484412,3.8670643125622908,4.032552989973324,4.411672103266427,1.1651230299120419,0.0004019135216022404,0.000119482339671491,0.0003647351027274347,0.0,0.0
3203002111,2011-12,Northern,1.5565785118561826,3.293297641492104,1.7225272518357666,1.6243379965956957,0.44396630890596855,2.9567424590385767,1.3509063579098575,2.2444567209324746,1.6086939796308426,2.079205278585228,1.0180439363758367,3.652173500766984,3.846297666923561,4.788137524578864,1.3720706794398125,0.0005269943712011609,0.00012403497495483995,0.00038932363725758287,0.0,0.0
3203002401,2011-12,Northern,3.0885231219790175,7.55857424371208,3.4595960229828076,3.856829382646656,0.884789905781917,5.750827002392252,2.5851589261961427,4.738839403665774,3.899853290137196,4.872393313143753,2.27409257874534,7.796338813081804,9.231321640768433,12.03319284119129,2.775616574795437,0.001681423089701824,0.0003474941052050436,0.0011129229271630344,0.0,0.0
3203002402,2011-12,Northern,0.8342777142953011,1.633598654236783,0.9465168434543048,0.9098128161245833,0.25848789801846767,1.8898432254007393,0.8591531584550283,1.1758888163566201,0.858870929668277,1.1694493358895648,0.6044481365624553,1.9052778259395442,2.1611929556368055,2.2766846671150756,0.6824841069378943,0.00029263098032521765,8.494498246743402e-05,0.00025413862845818637,0.0,0.0
3203002403,2011-12,Northern,2.574303887624063,5.188802925311084,2.948338056301381,2.9834507144413505,0.857135305719789,5.173348713010364,2.663615708882595,3.65385129806599,2.7015873954161997,3.545912376737148,1.5422969807815736,6.154094911884102,6.1587470486537566,8.13612715752406,2.1287996864424357,0.0015777446131036673,0.00039950928708010864,0.0012684142613808064,0.0,0.0
3203002404,2011-12,Northern,1.7750886466018911,4.58280219538409,1.9015517345745048,2.203439796385966,0.4578258677038607,3.0074218750880615,1.7860646791309032,2.5987200258982623,1.9774113295930882,2.574174752054519,1.2474734154100784,4.738405237082192,5.1944155218991686,7.707408871219391,1.518534023807621,0.0008338432700558067,0.00012949838663745483,0.0004700423111455771,0.0,0.0
3203002405,2011-12,Northern,3.636309547720051,6.1049509972490625,4.1397652300941195,3.840700572439373,1.2936616076564151,8.301561963230926,3.932869475577209,4.719770897982605,3.7161656713857876,4.766765089098376,2.1073075284401357,7.581639578042189,7.603354057781194,9.232455514918763,2.6199991286966173,0.0021046562540004477,0.0006313968762001344,0.00224846329837404,0.0,0.0
3203002406,2011-12,Northern,3.6439551990906507,6.038825049304875,3.8506396115631345,3.0836615886255547,1.071896541971173,6.579893182543534,4.721508005510322,4.413337527622954,3.380902411682015,3.8343387825712827,2.3997607328678168,7.126243732575552,5.925751731493733,6.804953926705415,2.8181388125178906,0.0016127794970754125,0.0005529529704258557,0.00145867973628111,0.0,0.0
3203002407,2011-12,Northern,3.6148230402477775,7.924920746101465,3.9703694657919173,4.305945112376365,1.103471005430399,7.315114972798773,3.914172607965501,5.420691855933285,4.062144114857351,5.025665160110458,2.259448437216902,8.911324345461994,9.631201538680541,11.536237922888128,3.004343290338303,0.0014277745605248136,0.00027724601026817935,0.0012011249778921178,0.0,0.0
3203002408,2011-12,Northern,1.3175403011559172,2.9977209150464335,1.4900993222707923,1.587971693257817,0.37705418654272266,2.442108971664132,1.4867309238466704,1.93231397522902,1.470637620035901,1.92022150697547,0.9623956502015508,3.2613345705650096,3.572043652365017,4.217354316319483,1.1770530619031159,0.0005898043603053787,0.00013357713630548514,0.0003989602499937303,0.0,0.0
3203002409,2011-12,Northern,2.847381187138477,5.341712117791275,3.184602990164254,3.0726198426771596,1.034879956803098,6.365403795381034,2.618977842448836,3.935720003013378,2.8609819317920113,3.6976654269971063,1.6407879978809223,6.325233228681585,6.285545973550404,7.792665055127831,2.2707768479191293,0.001147920017921018,0.00033409612461880376,0.0010463449456137304,0.0,0.0
3203002410,2011-12,Northern,1.6212972965646515,3.1377066815667085,1.7532552729422402,1.9446770193797491,0.4850583153548584,3.6113278611530903,1.920273859635225,2.189973039834408,1.5932615375484247,2.3687977634023705,0.9315982992584357,3.635896711698637,4.683867830376637,5.880356032607058,1.2361380598462748,0.0004085494956946651,9.676172266452594e-05,0.00033693840079280384,0.0,0.0
320300241004,2011-12,Northern,2.4167678090483453,5.066862429963899,2.5621597878737257,2.5635542225528405,0.6128658720329743,4.657964582577944,2.1081970552387506,3.374795188739389,2.319965584801328,3.21499400413578,1.271657589250651,5.512256691980018,6.002814947011833,7.702149951113154,1.912695783455438,0.0007668745217069528,0.00017011653122372543,0.0005526142755927843,0.0,0.0
320300241007,2011-12,Northern,2.470366351796702,5.432782755624678,2.6117683391391315,2.960229279157316,0.8064103070171065,4.595181865767308,3.2752730749329766,3.654691198516794,2.676169310920001,3.362666508189151,1.5037782052270579,6.770887379809607,6.6597774365669835,8.011143412959392,2.0171725125759963,0.0010834351491250743,0.0002495047750059818,0.0008701433236518222,0.0,0.0
3203002701,2011-12,Northern,1.3494003286945673,2.5763831334763454,1.487763912750226,1.4256389608257052,0.3839843544393743,2.9052491889234746,1.3101093771537076,1.773585881521827,1.3248999174186573,1.8601384071923877,0.9040854572133489,2.8187999077452797,3.4327817145245803,4.143151995200597,1.0810984402558392,0.000382438214291334,9.014615051152872e-05,0.0003100733764817211,0.0,0.0
3203002702,2011-12,Northern,1.234300106887825,1.9979319541061282,1.4227795786887194,1.2795870191464063,0.39692431388428934,3.078317001764888,1.2767338991189163,1.556240248506676,1.1719191527373096,1.7243106407238673,0.7619481075640671,2.211965758153854,3.046145710502267,3.418015009038149,0.9022200896580065,0.0005720790009814552,0.00017579510967659302,0.0005679331127807157,0.0,0.0
3203002703,2011-12,Northern,1.8575981656288558,3.4768661666677327,2.150006952610709,2.1576145428210025,0.5889201124037525,4.122965130256838,2.0860035665745427,2.4660127620725563,2.0199389611056233,2.6338405372030245,1.1606983498172283,4.048803076661483,4.499981600234803,5.649602594069197,1.437893587655425,0.001238001025699866,0.0002926184242563319,0.001114010064556313,0.0,0.0
3203002704,2011-12,Northern,1.7981618536761723,3.539096712611044,2.0163510012031707,2.1216978808034663,0.5465532383849011,3.799403083839273,2.044588934931699,2.5075481011236866,1.9069345809022586,2.5829439302780353,1.1632107643096958,3.9801543227908605,4.948463206468097,6.085350511516929,1.4633746766495406,0.000708381155029617,0.00015532938734587969,0.0005982815040667541,0.0,0.0
3203002705,2011-12,Northern,1.5892216101613308,3.272212787956391,1.7613475594680625,1.6606032576067042,0.4735792233885262,3.4135423724436214,1.3866811607092868,2.25669687147843,1.6322348027136544,2.1301291157074793,1.108353668577738,3.641475099495088,3.870567362901793,4.382408964041573,1.3370990308013513,0.0005456968882196139,0.00013925901108461573,0.000431208871949937,0.0,0.0
3203002706,2011-12,Northern,4.529225083616161,11.803050684810046,4.90223443144,6.1180859305344635,1.391841307892002,8.403685393908333,5.021743464485013,7.499076995590322,5.334372701653768,6.870046227538762,2.5917391185815806,13.420460995150016,13.835502667868258,16.465829521284576,3.969648195242035,0.0016359363326909253,0.00037342024985336343,0.0010892263396018783,0.0,0.0
3203002707,2011-12,Northern,1.821530364187755,3.8850131851104575,2.027055104511516,1.9810603950359513,0.5595639716106308,3.7865266953629773,1.8032173614603475,2.7234607167866494,1.8495552772822736,2.4472698221944964,1.2515769277319215,4.286758042564349,4.514218702975001,4.758747856505106,1.572538079019731,0.0006306110001570732,0.00016653459511190314,0.0005019270231688544,0.0,0.0
320300270708,2011-12,Northern,1.9987287131856621,3.2141121120218505,2.2769054824189228,1.9840097348603463,0.6987941980722557,4.7193304112756485,1.7574386285000578,2.46931688001294,1.9429537632616696,2.6097873323836014,1.2142951241964,3.758492689979958,4.25022996071442,5.190192130174366,1.4747571772147932,0.0010159803148189375,0.0003162957583870277,0.001035009021258268,0.0,0.0
3203002708,2011-12,Northern,2.121875140863713,4.4576926030665724,2.361413010511502,2.572103617059571,0.711262919116381,4.409553408571063,3.158297888829691,3.0151826774782786,2.392050051819571,2.855441320512269,1.4110726979005745,5.61645223968666,4.858805245020237,6.178607650239706,1.6515617391281676,0.0014230655178380865,0.0003001778826689714,0.001214096652367343,0.0,0.0
3203002709,2011-12,Northern,1.2573814302960402,2.397658984340701,1.4857577227329737,1.481870808543803,0.43672234618729955,2.907602289040344,1.291901442838342,1.7490559154543157,1.3108169721308303,1.8541934447825719,0.9019865464049354,2.7132840725516765,3.322559196569797,3.9362820419867868,1.0564598345464637,0.00046674992238763993,0.00013275821145756225,0.0003951770761451409,0.0,0.0
3203002710,2011-12,Northern,1.6651021724102195,3.5375127647644273,1.8633203352632755,1.8980199694312982,0.4645797558626662,3.390343669105737,1.5714086701817702,2.3328561638205922,1.7480417876911758,2.4134952242794063,1.124112965530608,3.779321142167572,4.474998554410988,5.268084961922069,1.408518419054325,0.00047476037380297497,0.000108631610954918,0.0003444034178523973,0.0,0.0
3203003001,2011-12,Northern,1.5404852720195992,3.456897245807107,1.6923473310164179,1.8997578960192265,0.49762103945244324,3.150097754439617,1.9418320805656446,2.2447602898595784,1.732117216755459,2.218359955927556,1.2305524227618068,3.9458874202730154,4.287012713903436,5.193987792522126,1.3374106998714081,0.0007393436628796755,0.00013675359980629131,0.0005970911858243342,0.0,0.0
3203003002,2011-12,Northern,1.5815069321588837,2.6442187001332047,1.7564564812949037,1.4827438027354785,0.44893909768298657,3.573624375962313,1.2139329060475537,1.9455839230611416,1.7401784557620679,2.133729689757644,1.1603278040532676,2.9001227960918117,3.700879744621168,4.279188691280739,1.157299412108742,0.0006448292346955066,0.00013928311469422943,0.0006651953114674838,0.0,0.0
3203003003,2011-12,Northern,1.769357128551763,3.54224107269416,1.9345069302385534,1.8353857540521215,0.5114423016154961,3.7003958682846307,1.6161781415988608,2.4672762355002726,1.7379907854224543,2.3513770474525746,1.135626350277597,3.8639276512211578,4.302770151043013,4.872691512657497,1.4688859883724745,0.0005091390184039637,0.00012430867220924115,0.000413198410984612,0.0,0.0
3203003004,2011-12,Northern,2.3807713955835195,5.689259556142958,2.6142522516617706,2.8785366217386326,0.717592492894071,4.455164435858759,2.1184847922317207,3.6117007888691606,2.6450215519391946,3.496482669289074,1.6648332521856233,6.062876550132097,6.916329291751472,9.484446581379355,2.1787796145729033,0.000822361441055935,0.00016108110701095631,0.0005296380685965644,0.0,0.0
3203003005,2011-12,Northern,2.246073466632576,4.600077023842264,2.5130402429912135,2.527908725936982,0.6902012345930975,4.885773073490807,2.139179363514933,3.259725822068954,2.3097942683615234,3.104506473886586,1.4011782514738054,5.144380979964826,5.719303486465961,6.4560114654088485,1.868331708609912,0.0005911396204102693,0.0001624170739246037,0.00047443943587389395,0.0,0.0
3203003006,2011-12,Northern,0.7000069648620241,1.339467687181193,0.7975081962016475,0.7738843216413591,0.2387141253503975,1.6924922220256875,0.8416354031224663,0.9682129347779985,0.7384776994198633,0.9877217060803704,0.561209938412017,1.5798781620497393,1.7943732906705523,1.7557939629562878,0.57013105305511,0.00023738875771412462,7.121662731423738e-05,0.00022298278172093556,0.0,0.0
3203003007,2011-12,Northern,1.0687750670533964,2.121681854928929,1.2225293471122596,1.2058977388105614,0.31505919247578223,2.281119530780807,1.1283184754918918,1.4788597142284932,1.0903862499447914,1.5520847470996184,0.8132049443853605,2.2768520417771385,2.9181127862303216,3.2812621078337334,0.9094168102611657,0.00027767400791766636,6.707615988808658e-05,0.000221341335437461,0.0,0.0
3203003010,2011-12,Northern,1.0321512016944288,1.990424096205287,1.1973385150747275,1.2364716357420622,0.33358461671958356,2.4552305414325937,1.3334265572656656,1.4575004385297037,1.0848116188864472,1.4501872354402086,0.7679517720099946,2.3368583471876425,2.6437557931922897,2.762493483220247,0.8245662170778765,0.0004997858613515578,0.00013867897159019617,0.0004441358531961574,0.0,0.0
320300301003,2011-12,Northern,1.4165875978854277,2.817741198307264,1.5706543728200273,1.5163137180182304,0.44279964473913225,2.9939272889230786,1.5064071596916218,1.9805921240437707,1.4825917732054554,1.9019711629829092,0.9943247518853616,3.2151910569187714,3.458255886043764,3.96353384873867,1.2069020919879117,0.0004267973530614863,9.98470871841092e-05,0.0003691926350671883,0.0,0.0
3210300060203,2011-12,Central,2.392238992433246,5.668901544489309,2.5562401077629406,3.3896374617719944,0.6355982547694795,4.32024656589642,2.677105003595904,3.25731351856099,2.6731442351696186,3.3340991674673273,1.0723761600205581,6.546901722522564,6.431842600119588,5.254648373221821,1.9393423673726045,0.00032584164620005977,7.621380877221738e-05,0.0002632151255088936,0.0,0.0
3213002101,2011-12,Northern,1.6041964971113525,3.6535497757314297,1.7692503476625305,1.8287789378543657,0.43850957211809627,2.9450665548412704,1.716474886729164,2.3090381928283703,1.6903937010684027,2.2627005428948523,1.1413519490966866,3.7978987802757582,4.22570657823128,4.954087879986883,1.413544919227386,0.000632208884240818,0.00012872612535567437,0.0004309047394509755,0.0,0.0
3213002102,2011-12,Northern,3.2809672601251685,6.026897054413687,3.7319397188697074,3.6129096496843975,1.115016840148265,7.412489010987325,3.2519592837359363,4.557055168540835,3.3048308449583694,4.518422679398039,1.6774367026902255,7.118821858901481,7.878012034461522,9.219669873681669,2.5217928394198976,0.0015515564575403662,0.0004987145756379749,0.0014584863892003791,0.0,0.0
3213002103,2011-12,Northern,1.0783827159593382,2.0333556787816045,1.2224301899798322,1.2562355536214396,0.3274539922447982,2.486279523133432,1.1127604467720946,1.4230188479367056,1.0550430078484914,1.628117499565017,0.8081514501708793,2.1666054401309016,3.1629235690405237,3.8242636492263937,0.8750438129635268,0.00032169977974796243,7.65237349213903e-05,0.000258860316881227,0.0,0.0
3213002104,2011-12,Northern,0.9651728124119324,1.9377655003499292,1.0778045839638548,1.009166833862355,0.2717896200024433,1.9667203049175757,0.8672441018682974,1.3131331121573322,0.9648278196397573,1.3440270203947413,0.7244629915136636,2.035571115831688,2.4899062570509534,2.873705802255573,0.8254216131372404,0.00023215462464572665,5.394390434636134e-05,0.00018175460344250547,0.0,0.0
3213002105,2011-12,Northern,1.1610030823234818,2.3873417292106196,1.3354089140094199,1.3276912802779703,0.33706339461587026,2.4345627337598654,1.1602433650776032,1.6443511850531158,1.2042592510897558,1.6652861442051714,0.78541844562402,2.7022375781051715,3.0526868482578626,3.3258486250517545,0.9461206675014193,0.00032223561296238634,8.506219596833179e-05,0.0002516312296968575,0.0,0.0
3213002106,2011-12,Northern,3.1882482194590063,8.29637794959818,3.4570400014107077,3.8727568079102337,0.9003056856648548,5.551484147599994,3.1449848649000645,5.317609566762543,3.4735258588420588,4.570865142651692,1.832100636239447,9.155427639641067,9.11498563074012,10.549512956140582,2.9335819826474157,0.0015190354931930786,0.0003370045630593916,0.000989676706711607,0.0,0.0
321300210601,2011-12,Northern,3.6078143126711257,7.344260215491167,3.915880860434369,3.9631142064291587,1.0391573257242852,6.6450898255594035,4.357128241983748,5.0784683616477055,3.753536862050733,4.593188217274292,1.9638850356883844,8.554302143446533,8.301402045102426,10.456403709027668,2.942673155407113,0.001352412303986558,0.00029099035229218975,0.0011000071841171975,0.0,0.0
3213002107,2011-12,Northern,1.0452211736937576,2.472791129677946,1.155518428921582,1.3238454600325171,0.3279570601330159,2.099093960745248,1.355286295687991,1.6028860972853993,1.1766107354380335,1.5267415122326253,0.795948393644201,2.86706893728193,2.9804301824370354,3.1414561083966417,0.8966147504764597,0.0005140380732695508,0.00011522375984472543,0.00038815613053866415,0.0,0.0
3213002108,2011-12,Northern,2.050402492883644,4.226662881434764,2.2668485273364074,2.3924741370186755,0.6022329168535709,4.325272834719222,2.08548262605723,2.8443887804869856,2.3371739040166877,2.9089013112775137,1.3551392758597356,4.822297439703333,5.370764177133443,6.707874132733768,1.6308220852768518,0.0010168024694437094,0.00020455673208808744,0.0008588186120779877,0.0,0.0
3213002110,2011-12,Northern,2.6966581240052268,5.360860605965499,3.024670193060913,3.2704345862800555,1.0151871114251783,5.98221391833202,4.275305864201941,3.8362213818311486,2.9642041250513653,3.668667204370575,1.8250377548845638,6.917067754482147,6.0203573710163605,7.357474537298388,2.107785778169252,0.0016173874365939028,0.00041056758005845225,0.0015105712107197162,0.0,0.0
3213002302,2011-12,Northern,2.458774820744146,4.041781881528498,2.8553419564133016,2.7081037268468084,0.7715418339838989,5.848033299206146,2.512168480785753,3.1337899612075035,2.2817476550275884,3.5280913997636216,1.36098170381731,4.347320811572644,6.300385171135357,7.781434807092658,1.8740697148018752,0.0010319300233628953,0.0002951022908537776,0.0009364786628406314,0.0,0.0
3213002304,2011-12,Northern,1.0773401412055357,2.1664846388620123,1.2394988908382556,1.2043544990947543,0.32345670792943876,2.367282221695778,1.0308633332392656,1.516031958343623,1.112094154589396,1.559585514395835,0.8179365561396953,2.373357905425421,2.9318744025815615,3.3146483974534293,0.9147052016881271,0.00027436262693730155,7.170275549722583e-05,0.00021807046453378715,0.0,0.0
3213002305,2011-12,Northern,1.5012019518352901,3.2375292130081608,1.688480516105539,1.8173248652807688,0.4835957716037783,3.0634862103467357,1.5803042302355144,2.208076220802336,1.60898895133872,2.194155567670634,1.0859447713404584,3.653141467846041,4.245910589590644,5.175403623203491,1.3206295081904265,0.0007083619043120788,0.00016518523398874105,0.0005267999854877806,0.0,0.0
3213002306,2011-12,Northern,1.4214451049839947,2.9490625174732994,1.524685128964891,1.6409311992329096,0.4134759163835104,2.7614103587466423,1.618321604284376,1.971310989860337,1.4263124012183066,2.0293641747001354,0.8706742448043939,3.3750049502495454,4.021125975846587,5.0630499144650765,1.1611699878953172,0.0005368894171209503,0.00011853402715657344,0.00041532072468146637,0.0,0.0
3213002307,2011-12,Northern,1.1076733938345609,1.7547717843809862,1.2197563737991681,1.0825265026614719,0.37627411574377995,2.909194576187323,0.9355396843975313,1.3838043371179174,1.0112928240804202,1.4836845425878582,0.6734132295069698,1.9795752826755006,2.673923372969722,3.0812097688586606,0.8169419884417697,0.00025983354582166256,8.779638758816176e-05,0.0002721385712993658,0.0,0.0
3213002308,2011-12,Northern,1.4037016973591803,2.791126660451646,1.5693936874304397,1.500877729100837,0.45222885708321175,3.126392520434279,1.4010551979762254,2.003322090627897,1.4249742046481577,1.8784092399309602,1.0047924987446732,3.1501895164566682,3.4083584610312223,3.6230698980707863,1.1767033918731358,0.00045945928615041587,0.00012759928068811438,0.0003946274882920634,0.0,0.0
3213002309,2011-12,Northern,2.4186590251909292,4.094596249651948,2.789924787239767,2.4629276359609245,0.8343247602960436,5.85284896190321,1.9805882826304715,3.1566200333899066,2.357702228969216,3.2321685913156597,1.4098733800360137,4.687092580497515,5.420099317976895,6.5769175627164005,1.8559576564031635,0.0012186343240117095,0.00038468829780369636,0.0011833684507165476,0.0,0.0
3213002310,2011-12,Northern,2.5475554363151263,5.5531638869255895,2.74973417593819,2.6625639283644,0.722516031558122,4.900858612681763,2.182294198569757,3.745658104669647,2.555034842760209,3.323905446776703,1.5469034901717529,6.018167439757555,6.130601997812914,7.147558390670015,2.177719796474977,0.0007880382755247276,0.00019198148243641856,0.0005789020233507564,0.0,0.0
3213002801,2011-12,Northern,1.231516505842469,2.5212319610090694,1.3495699541687642,1.276301265740943,0.37414557332220594,2.4756465953077256,1.1807122218767436,1.6839899037402302,1.3240937367372208,1.6237998020091198,0.9272835811787584,2.7841361951959933,2.8320335477440146,3.2387881470169906,1.0520902824954526,0.0004369046681957468,0.00010506517020897721,0.00034580360099721694,0.0,0.0
3213002802,2011-12,Northern,1.0660844723919731,2.361206446951097,1.1275447615093865,1.1641980969111172,0.28337433641994403,2.01031217220389,1.0398151081593832,1.4816915015077083,1.1286473485591695,1.4188725502775343,0.7221984759087795,2.6092324109198444,2.6172190100749733,3.079305927078573,0.8711222643398726,0.00035742335724092895,7.18267033689905e-05,0.0002606803605983157,0.0,0.0
3213002804,2011-12,Northern,1.4363791076021992,3.2910005712987136,1.557283291373582,1.8117418696408603,0.498991115834463,3.0762037371961846,1.9255913023690803,2.1857310802638192,1.689402452219812,2.131844447205347,1.0885449820908073,4.027083066762923,4.151763301908099,4.420586939800986,1.2215360330220233,0.0006304406067750798,0.00015246369776091215,0.0005197033866624053,0.0,0.0
3213002805,2011-12,Northern,0.7033779760780043,1.3179452738099273,0.7889128812676575,0.7115203851394034,0.20816442685121353,1.5063177838248887,0.7230283598194485,0.9072145140899299,0.7157108074531867,0.9296001073160824,0.5674224399948691,1.4698106220541098,1.632765351887399,1.7831423268781375,0.5756256606241944,0.0003675007651866816,8.597494965376497e-05,0.00031546009220590946,0.0,0.0
3213002806,2011-12,Northern,2.0298447443807235,4.746021927333388,2.157669411631442,2.443439039806319,0.6224990503549165,3.524881877341781,2.49026297504272,3.058314338905955,2.1834263615632676,2.818412492008279,1.2904111394940354,5.577151450414688,5.651104837481065,7.003632472249793,1.745748431850298,0.0009930252411141805,0.0002127911230958958,0.0007110697617092401,0.0,0.0
3213002807,2011-12,Northern,2.3019135814599965,4.51138746534529,2.444138865163376,2.692353459508329,0.7945046426547777,5.315968470084326,3.273839470655413,3.2490240440274927,2.423568209786123,3.079597916376029,1.3417894515068964,5.8896615318383425,5.863422725393782,6.406602240304591,1.7439035027177108,0.0010656151134791438,0.00026723629017719153,0.0010716417331424189,0.0,0.0
3213002808,2011-12,Northern,3.3519410379490524,7.367785131804482,3.584678827681563,3.6663802644535854,0.9307585029640401,5.996151053366631,3.8318941362610253,4.7853724605685,3.5844686258718688,4.324920971398517,2.098539624419637,8.196433961548578,7.782707537630412,9.913488457293077,2.7663320842837553,0.0012412589620415962,0.0002621842909618474,0.0008765742784265435,0.0,0.0
321300280803,2011-12,Northern,1.7458330246076952,3.40488714064379,1.890585328373942,1.970476643990107,0.5970322849511326,4.176178555085551,1.9642629032443713,2.4712125002273675,1.8136581948403374,2.370829036726499,1.0694951066848966,4.267896064306952,4.43660486415817,4.832433879721869,1.3670514463162808,0.0008079447667853997,0.00021441611118535608,0.0007858208309477244,0.0,0.0
321300280806,2011-12,Northern,2.8502797425505153,6.327413265016764,3.0108458184895417,3.4383508293971112,0.9304156277211835,5.260289158438452,3.7787360809667243,4.263105862936393,3.091993899122597,3.8691232424676563,1.689252675324068,7.891402885107899,7.6804501657842295,9.26062660087381,2.328969058559482,0.0012382112033778707,0.00028514822318453036,0.0009897650199903896,0.0,0.0
3213002810,2011-12,Northern,2.295995963142115,4.6298498339321394,2.4563641540162706,2.5760477540271323,0.7491162474218971,5.058446052151596,2.2698851059209533,3.334016614301988,2.2223170640175813,3.160098012895487,1.3007101268502665,5.335991088085384,6.108953820324475,7.014225981991267,1.845361818910011,0.0005428675757110498,0.00015522111820480617,0.00046197858835938583,0.0,0.0
3213003001,2011-12,Northern,3.2657653216740976,6.568853241411446,3.5583527811015054,3.475128770037238,0.8852233982600421,6.057310713139841,2.5031224066797755,4.382704915178414,3.5968056263389063,4.600593607048679,2.1963090798202822,6.978591493207824,8.653510721967539,11.386300708964994,2.5626108615233854,0.0014158416686007546,0.00029732675040615843,0.0010819085018591592,0.0,0.0
3213003002,2011-12,Northern,1.4266179807619568,2.8215613126416104,1.524998200194562,1.5314056154768283,0.43044045720279295,2.9837702911720188,1.2092964195375282,1.9329035849387255,1.4153270283398485,1.941306304055053,0.8473474619285886,3.2180122940482234,3.6137395746343666,4.477775092348128,1.1271672674534756,0.0004633535333234979,0.00012462612275597528,0.0003730116784427747,0.0,0.0
3213003003,2011-12,Northern,2.223409767457826,4.558704052925123,2.5230069383621783,2.6980989045386683,0.6796209142107456,4.44038864062291,2.778057317901265,3.2562310264589804,2.2588172254927095,3.2378212737475796,1.3666082914626385,5.0153790380521865,6.377088981370577,7.870781422895913,1.9141423446511325,0.00045666892643085534,0.0001132940596642514,0.0003460505916579945,0.0,0.0
3213003005,2011-12,Northern,1.340870887460268,2.953822297527626,1.503668429152532,1.5756921558792434,0.4182690532417924,2.9272197082299467,1.297897411223145,1.9968279586135187,1.5328990541266536,1.9697006222613955,0.967454468223549,3.3494791675421345,3.7261691033634166,3.97469581198295,1.1247363725295887,0.0005027820679098847,0.0001223607379556199,0.000410416567001123,0.0,0.0
3213003006,2011-12,Northern,2.1608168939160795,3.9494120362995515,2.511136234320739,2.5673736681596364,0.766053450093724,5.46131265810925,2.3422466303567884,3.0581655760444457,2.2085039717870294,3.213701252222344,1.4397150811809718,4.466661066707618,6.07647887106237,6.642192745900785,1.7493793319240591,0.0008754045373771105,0.00026710177813671674,0.0008144491437133683,0.0,0.0
3213003007,2011-12,Northern,1.8342906197136555,3.3423209710632853,2.135792671481096,2.1662077078799444,0.6508135237433497,4.728286350393764,2.3909472141446657,2.59902893205399,1.9049708245490244,2.5658082463956355,1.2403844204959509,3.9579433921836613,4.692459746729455,4.844269980169878,1.4820612320834528,0.0005543345006555078,0.00016316260774011174,0.0005473394536747016,0.0,0.0
3213003008,2011-12,Northern,4.908224448501251,10.169533575369712,5.333899113930194,5.347604881711338,1.3419285445358617,8.905782885468364,3.774077594887889,6.812623332174816,5.449352066710546,6.867689074593088,3.0696781880299007,10.861962878221963,13.018726544926635,17.312938714400545,3.8725344124888585,0.002085685969081977,0.0004379940535072151,0.0015733106448855034,0.0,0.0
321300300802,2011-12,Northern,1.8191266468474008,3.5133447666475064,1.9349492820893905,2.10411015576628,0.6279982067155323,4.255419688868158,2.5881421063351864,2.5224310484915047,1.9110252373072996,2.444223762786513,1.1114053804261705,4.579168078768297,4.637339286331468,5.038821470303186,1.376840196770152,0.0008548722119402359,0.00021438592190063728,0.0008655048557526984,0.0,0.0
3213003009,2011-12,Northern,1.969652989273147,4.323847554790704,2.1679953878147913,2.2662963395590676,0.5659274989133422,3.9921046917435383,1.5548832496230698,2.8010890238170445,2.0496924647771264,2.8810782826288914,1.302184094556783,4.530935860828182,5.543808499361985,7.288299683927852,1.6818358097127488,0.000565737234810277,0.00012882450286643655,0.00038345277076584584,0.0,0.0
3213003010,2011-12,Northern,1.9046844051735279,4.36203623261062,2.0696246589770846,2.032281416390475,0.48975816004717526,3.3207960127228557,1.7276016213727092,2.761640141579888,1.9283870667157184,2.530211683017469,1.245118775672125,4.580821857915646,4.689314895167178,5.723017339216418,1.6554303200259364,0.001031975694222456,0.000220594313015611,0.000664875327413632,0.0,0.0
4013000301,2011-12,Western,5.631727338218991,12.054553950171575,7.305974691307106,9.518934609977288,2.3534213555615335,11.980057514067175,10.278450807592728,8.196231647549086,6.386433449573955,8.553286388114676,2.601151597659699,13.805328092432276,14.892125552489293,11.634856539418372,4.849318308014469,0.0007388118044554103,0.0001875445349771426,0.0007244467257328037,0.0,0.0
4013000303,2011-12,Western,2.394832870772686,4.83326126205885,3.3148862559282803,4.098480180784886,0.928959542597132,5.72996073183722,3.0413997566058435,3.422941552966858,2.60276346866669,3.889842122185567,1.1664414761048183,4.895863802756222,6.718276901304975,5.483781938500931,2.2013260474614014,0.0002162657185796404,6.110632933825776e-05,0.0002162777241823374,0.0,0.0
4013000304,2011-12,Western,1.3381388995303878,2.6676138445809876,1.8697811590528732,2.248340405191476,0.5707920193707996,3.033433999676174,1.9684716856672748,1.7756211078788657,1.4994432562583726,2.1887745281372513,0.6970726903293634,2.629555012992388,3.407014966950755,2.6334654351074422,1.2425189859113555,0.00016810240001556703,4.328305890164599e-05,0.00016847344234164458,0.0,0.0
4013000305,2011-12,Western,3.6379871031933626,7.653981602596813,4.997914958525337,6.026594369928942,1.4438102244969473,7.918119296480514,4.841167238567008,5.191405340712201,4.142385999296931,5.7366863871854905,1.8018483031601815,7.43346566362425,9.358000946002674,7.440946994282714,3.4782882692035386,0.0002875234720080391,7.897560302558476e-05,0.00026386816284115484,0.0,0.0
4013000307,2011-12,Western,4.185323990375559,9.583265741845361,5.897843579335832,7.958134842812902,1.4304312932100476,8.378662717254194,5.790996169478823,6.082931377576599,4.6782202672665685,7.108082235308598,2.014826517081873,8.474441749058842,12.366225460264996,10.469116302193141,4.048349460856934,0.0003155879346408315,7.835003749965186e-05,0.00024066337784636692,0.0,0.0
4013000308,2011-12,Western,2.5123996285269694,5.3302630784415035,3.4595863653663206,4.117793907459783,0.8955877186576895,5.439706521256606,3.061484388806306,3.609516892319608,2.732097204223807,3.9220890463254836,1.178300162052115,5.2034255803121505,6.52245221604391,4.81975011050189,2.328385418792423,0.00025097662322003675,7.318320099148182e-05,0.00022717698658927037,0.0,0.0
4013000309,2011-12,Western,2.1047936656085513,4.8272911341739215,2.8709952887312378,3.2512922984609807,0.653118450539916,3.729065509612827,2.112153582732664,2.9344315245588932,2.2651215241005107,3.199107671822679,1.0913440695241914,4.122997499359091,5.2324456838332445,4.3088394870539215,2.1092268379413137,0.0002507395356551626,5.6452352434790425e-05,0.00018333609920763525,0.0,0.0
401300030903,2011-12,Western,2.1079982693200234,4.161935791813246,2.799941162858379,3.514470442590095,0.8998479291828119,4.970024553663071,3.680675933819158,2.8379676448820583,2.318622087077369,3.3282767718953785,1.0644773758960828,4.529860314327749,5.581360891277645,4.318168923019207,1.8465813500783965,0.00026134622185395814,6.554073219931293e-05,0.0002898548480345566,0.0,0.0
4013000310,2011-12,Western,2.097239258245952,4.3071696329728315,2.8044994666365217,3.1010392020091504,0.7619731773989785,4.280010716703614,2.560755589493304,2.879727876765488,2.197146548233292,3.0849293772924926,0.9316993001075697,4.247170407723588,5.047369905281453,3.962871988001844,1.8777997179745225,0.00021005202211279287,5.6360941278109285e-05,0.00019132425464956311,0.0,0.0
4013000501,2011-12,Western,3.2145147922323534,7.536313694249426,4.405569450294718,5.459468090430558,1.0825315778376534,6.304624686344707,4.040361479040739,4.9190917368956395,3.569512262649726,5.1824043604801835,1.5383712289586071,7.108060765067804,9.358405559873308,7.400022421005353,3.130234850249172,0.000221704984022533,5.663303829813538e-05,0.00017965535982612907,0.0,0.0
4013000502,2011-12,Western,10.272989879276711,19.946330735310855,13.39740085567405,14.306386451822338,3.7218224391574983,20.87101658458852,9.497874971514241,14.263647721709262,12.362328297872997,15.403675531660445,5.471460423525739,20.064699744030516,24.842558946004218,21.647527720546293,8.856309635674899,0.0011727043376975098,0.0002533041369426621,0.0012260292201174852,0.0,0.0
4013000503,2011-12,Western,1.634192739559064,3.634467232437466,2.2617296125885202,2.722010091059091,0.6189575051679641,3.026782295834513,2.4530226530460117,2.3245728098597236,1.8562525078886634,2.644074167275828,0.9765397932904571,3.3363868135336636,4.631396338411713,4.266581245207084,1.6890618764058598,0.0001197749552886115,2.674874932003731e-05,0.0001070586575062319,0.0,0.0
4013000504,2011-12,Western,2.864840845156178,6.843165318563476,3.882166233310988,4.7688523024176215,0.8384903598533978,5.953786322124082,3.0736671396181805,4.4626236774825845,3.1901867579865604,4.5544184561671175,1.315050428234923,6.6460878869099576,8.027624845905311,5.493049377505056,2.613483942225929,0.0003245939805712503,7.958794715929695e-05,0.00026597496591786114,0.0,0.0
4013000508,2011-12,Western,0.9534372047150208,2.1965046251321745,1.3258721462671859,1.4876460552507484,0.31024227776061597,1.5960106737141082,1.041795628418094,1.2966792227165809,1.067333136159366,1.5106613472493033,0.5895055639606112,1.8191373516407132,2.5916495817065215,2.420691704242348,1.0117812052992121,8.965763928295089e-05,1.79225441251991e-05,7.095706383960566e-05,0.0,0.0
4013000509,2011-12,Western,1.5814184910630658,3.258284977144307,2.108528957298828,2.409527522127661,0.5453134716905604,3.1746557545340433,1.9588683930563642,2.155658006227669,1.6602290034717129,2.436933491602835,0.788611860941231,3.133680580062491,4.191894877450805,3.496066533110222,1.46939880360377,0.00014249365405010075,3.532753798501252e-05,0.00013097497077776464,0.0,0.0
4013000510,2011-12,Western,2.6478658715971055,6.061772651080804,3.949755647494582,5.513052300977451,1.0946102837009308,5.642463032651688,4.183264229941892,3.8468655432273406,3.171040332724025,4.886521832924747,1.3381846195415978,5.5713189558896445,7.857722201336548,5.729778682913782,2.665452769941542,0.0003537694316773977,9.74364960128426e-05,0.0002899438351868036,0.0,0.0
4021000201,2011-12,Western,1.5230343577322214,3.046303095176013,2.1761810077340913,2.539947305355693,0.578754751139997,3.605300076583298,1.8141911111728526,2.0432389809796336,1.6640635894182028,2.466428539603533,0.8983272488520897,2.8416582926228005,4.0693131196014,3.2052602396070458,1.434647119365626,0.0001243727176808492,3.505670558806353e-05,0.00012317814920149073,0.0,0.0
4021000202,2011-12,Western,1.1268778621573352,2.630061195358081,1.3713083845365586,1.5933580893764596,0.35353731925317844,2.2231400262400123,1.3766075825893425,1.7484797371748595,1.311860769062785,1.6400416790536811,0.6033052502448591,2.7621743419830476,2.8729318727034254,1.7507692973829168,0.9886784714885516,6.319749466103373e-05,1.465862466415674e-05,6.488175507142434e-05,0.0,0.0
4021000203,2011-12,Western,2.4815718214521194,5.812199857417131,3.5030119498352086,4.391222184046864,0.7917282483541227,4.637463778543121,2.6493229520622856,3.397656200607712,2.8509353934901,4.1580194762323535,1.2291400994612975,5.050442750668012,6.967928915722712,6.139790162661861,2.4485835166753462,0.00026169749738689006,5.8670890543189856e-05,0.0001842310106103571,0.0,0.0
4021000204,2011-12,Western,2.467322210376843,4.765051458098793,3.457329370390439,3.960517850636179,0.9266248836073082,5.464150060824016,3.5906053459374014,3.4354592891544695,2.6138271583031316,3.8705907993672075,1.127676756555662,4.694421181740744,6.279070132153474,4.8550770370652065,2.2529271412402907,0.000312061716310333,9.064220372597823e-05,0.0002971473267347027,0.0,0.0
4021000205,2011-12,Western,3.098773907302214,6.1794104393536395,4.41189665662874,5.4711905209784915,1.324547904552305,7.805143168305583,4.826908228155141,4.431550268895856,3.4937958720383175,5.005799926410463,1.6346273103292943,6.2189381939921615,8.21631824213685,6.249583106316651,2.879382434615461,0.00026036042977192124,8.051887365168675e-05,0.0002682504778896184,0.0,0.0
4021000206,2011-12,Western,1.950702287222553,4.185142557210511,2.6117946812830612,3.0528840993569086,0.6491799326022207,3.480639998992399,2.5233469342028796,2.5865167747666833,2.08906054110021,3.019398430140626,1.0011286353662614,3.793130708574149,5.0856903697134115,4.831144727493777,1.8795479483863111,0.00019885531674437035,4.0674951152257566e-05,0.00016180929918965133,0.0,0.0
4021000207,2011-12,Western,3.400770227814964,7.347343509580921,4.724254971173187,5.791781391103567,1.135315283431874,7.28952950849343,4.140488256305936,4.879839995925267,3.9672576245268933,5.477070632011836,1.6376088401869926,6.869671211086407,9.247643432703986,7.141532807285929,3.119056257732104,0.00026611571034259435,6.196473371640062e-05,0.00023020636203186886,0.0,0.0
4021000209,2011-12,Western,4.857632492313665,14.379574918181156,6.5874327582782595,9.95881650498782,1.8220542386462673,9.008687096405817,6.880710534913829,7.970603541711419,6.835528389124169,9.00321491298017,3.192277485001626,13.13928983276162,15.822956003494022,15.676935476568156,5.28388557675183,0.0007349990436730721,0.00011654984835387284,0.0004722005826512143,0.0,0.0
402100020901,2011-12,Western,2.4891880555653705,6.034199769844198,3.315217701025887,3.9214516484000312,0.8646774712008058,4.761049948662063,2.8619573503805777,3.7825199258505284,2.9943648628593484,3.763365859775764,1.3002462727079762,5.932640529229112,6.583558647102434,5.324838315371405,2.4320054082407876,0.0001639883008098889,3.3953524837289776e-05,0.00013897559269703105,0.0,0.0
4023000701,2011-12,Western,0.9546325424527592,1.787659603244016,1.4525385828776523,1.8033757071411771,0.4103521892701545,2.3334008305494014,1.68947590317325,1.2532761005692308,1.0768036587291068,1.6941510607138834,0.5927516502103475,1.6101855071234368,2.6971811850193577,1.9354890968865122,0.9000960212446222,8.026942979330536e-05,2.5614195758934632e-05,8.696191535676392e-05,0.0,0.0
4023000704,2011-12,Western,1.79032888589915,3.7462939985894628,2.440158726940821,3.0275226065956624,0.7017547477934293,3.968883190120056,2.379756206114101,2.479545203247689,1.9592724735670506,2.8830395001589335,0.9416149047608967,3.7416043440992843,4.829648677603863,3.77484627246447,1.6686471347783245,0.00023926159015018433,6.008978009505776e-05,0.00023161781420486386,0.0,0.0
4023000707,2011-12,Western,0.7856383776350229,1.7894304526212048,1.148181598563906,1.5321008444829065,0.2962574309181891,1.7636586170813668,1.1352920637748123,1.0916429223219533,0.9692033700093821,1.387934612867813,0.49061696555332546,1.7161943823120462,2.2871883788775302,1.6211226103381158,0.7546745347648123,8.942531437733424e-05,2.0659205839727218e-05,8.442782660301901e-05,0.0,0.0
4023000710,2011-12,Western,2.1457877361954067,3.9388198969025354,3.0106480353790186,3.272273227975925,0.7182090000030156,4.76697654954276,2.011988733771573,2.646423243186969,2.1692983813335873,3.321187973302847,0.9620134057520024,3.5032975004278923,5.44192885898585,5.210378735832886,1.8428812266868029,0.0002193468369094041,5.823136265571085e-05,0.00019614055638008095,0.0,0.0
4023001103,2011-12,Western,0.4852045201070535,1.0785926333587743,0.6607322016151415,0.7892744977910353,0.17826495027678732,0.9849206642643752,0.6871571266827401,0.6665069307257452,0.58356342081721,0.7723186864628759,0.31199196361159,1.106848849111994,1.3295162337417927,1.0419319084126522,0.4540964079709163,4.668169626303949e-05,9.69005264988229e-06,4.804407987019905e-05,0.0,0.0
4023001105,2011-12,Western,1.3203211463818902,2.518341238519111,1.7963563471428259,1.9373444726193993,0.49269999015223526,2.9658479202918686,1.4681350202008612,1.6850007010821564,1.3834396999861294,2.0208770242283447,0.7520212710259134,2.3227738459864837,3.271346243081889,2.674467979404636,1.2259851885812907,9.519622845409086e-05,2.421904047434959e-05,0.00010061908351965936,0.0,0.0
4023001106,2011-12,Western,2.2721593552976507,4.576684920694883,3.1928313503123635,4.032509114509502,0.8440293235936089,5.024626886416695,3.712869218811213,3.11532770827232,2.4674681042656803,3.7104324799487394,1.2082996406855473,4.2872791608135525,5.979790301115254,4.6773554955371734,2.116976704407512,0.0002767740157817588,7.25779688123362e-05,0.0002572512478022686,0.0,0.0
4023001107,2011-12,Western,2.3053126898479146,5.371141854327372,3.177289297836039,3.850372919826443,0.8105654709882321,4.214506853503816,3.055598639700011,3.1642021909978832,2.7112789107447894,3.7829649235922873,1.3048964911718466,4.746401389729323,6.161122755778436,5.516868902084443,2.3228745666561834,0.00023088913912078867,4.813451544382543e-05,0.00017661899310850943,0.0,0.0
4023001109,2011-12,Western,1.1670549553680707,2.3593129226205534,1.6077356051280056,1.872231737479035,0.40318297410967224,2.4756904569692666,1.396324750317019,1.4967722644926031,1.2400785243020496,1.9209361712419928,0.7140504472846119,2.030840540753177,3.1672019497374606,2.580225351823329,1.1084824211364797,8.752975024466789e-05,1.994348739751926e-05,8.360593071697564e-05,0.0,0.0
4023001110,2011-12,Western,2.518990939914573,5.076227535768346,3.462164140535451,3.9673903188525945,0.9913060255576613,5.5361346582685655,2.7692256301179086,3.4965423964919045,2.758391575290749,4.009026282079347,1.2934797957013704,4.900272527227304,6.861727093150578,5.410446692070644,2.3399176801528947,0.00029626829472278906,8.359338540811815e-05,0.0002897289840792598,0.0,0.0
4023001601,2011-12,Western,2.128133587446763,4.698025697222151,3.0702424339327132,3.742884577578887,0.785100022897818,4.710118277001582,2.5577562418935673,3.0756501485530388,2.436519542039748,3.5241020982988807,1.2386051113252226,4.320225515526723,5.804813311622291,4.300013369061681,2.115103040301717,0.0002066374026945965,5.537139982385146e-05,0.00018086418019598152,0.0,0.0
4023001602,2011-12,Western,2.3029611888642654,4.865242336297308,3.082701489943719,3.556620100142847,0.8708901954240449,4.672733615365206,2.851771295194257,3.1784932843069833,2.5159424724026382,3.560280996721204,1.094414990743359,4.6964542158376625,6.0128444876571905,4.760310700272205,2.1651275545310407,0.00016344466760924282,4.396097956386531e-05,0.000151389817438676,0.0,0.0
4023001603,2011-12,Western,2.149429118541952,4.8346784947292925,2.999387306019755,3.8291398896903335,0.6921084864609641,4.124002337745848,2.866280590917651,2.973099333954903,2.3491555259083277,3.576042975122122,1.1448987645720843,4.151757109588729,5.897132082396344,4.808537646696887,2.0998193475805786,0.00027050582196183707,6.041153109896122e-05,0.00020581587482907396,0.0,0.0
4023001606,2011-12,Western,2.6081858758225516,5.3785094557977216,3.62347381639958,4.1352846616688215,0.8954727836151537,5.179419459955035,2.3235220899186744,3.392354342180874,2.94184172662234,4.301154708286877,1.3708828138473013,4.553122601758256,7.27063574310777,6.699932976308375,2.483675227940461,0.0002469605320938766,5.90193813987061e-05,0.00020647229063260297,0.0,0.0
4023001607,2011-12,Western,1.9906567270981887,4.108588495134908,2.8331084874405703,3.318995141662061,0.7132002798023964,4.560567655560623,2.1426669568261993,2.7374410666015327,2.180215847568616,3.2092789736946292,1.0892239303788087,3.7729565269597596,5.367995045482718,4.197590264383899,1.8815670953363641,0.0001352285551437415,3.8099175536149786e-05,0.00012695177944075273,0.0,0.0
4023001608,2011-12,Western,2.373960457172971,5.211878075964195,3.295643580396879,4.6300321232899915,1.1439661029760695,6.003698487792764,4.969830544116047,3.5099435576594966,2.9553027261324503,4.189637441309213,1.5514957458514183,5.539143414258892,7.100432171487777,5.474605135525686,2.2979475355862964,0.0002734820099125351,6.73186485938548e-05,0.0002863678706863231,0.0,0.0
4023001609,2011-12,Western,1.7084696229824885,3.6096885700448373,2.536796449819869,3.0904881445281256,0.6333932695026512,3.673114900182924,1.9726848972757134,2.2511385680741434,1.996725392433777,3.001666917843848,0.9500661012851068,3.0955342001451585,4.818707949366379,3.9761212571210156,1.6486135079976485,0.00020928614346174754,4.9996134271417465e-05,0.00017510344558585052,0.0,0.0
402300160903,2011-12,Western,4.659248151058366,9.887889390764121,6.0751010561651375,7.8699840849109926,1.955412442963478,9.989301965009329,8.54166277637625,6.690679565891366,5.276902836069634,7.120893296925859,2.216960818759381,11.266128035581367,12.338476694633552,9.579609606583286,4.025755734129672,0.0006188148612947872,0.00015708377248252294,0.000613204646543758,0.0,0.0
402300160905,2011-12,Western,2.2483467967573683,5.177452780933698,3.0015441765435384,3.5200442062005846,0.7834246468140067,4.506895338375417,2.6478742987534436,3.3364182360806645,2.537143778401225,3.4036365750981292,1.0976299913748928,5.126651351369156,5.777105207557123,4.212515673998775,2.121758700978703,0.0002086072915236969,5.148534591119995e-05,0.00018140319002953677,0.0,0.0
4023001610,2011-12,Western,3.2459575606473976,6.945396356511247,4.613438331858041,5.758653860005638,1.295679202655227,6.615002998681072,3.9196428389249296,4.407870788254737,3.65722511503926,5.423875201756188,1.5702659695825978,6.413555239134111,8.562425120153836,7.764612112229318,3.1263568002664,0.0003732959939389191,9.511377379813556e-05,0.00030494518147437924,0.0,0.0
402300161006,2011-12,Western,2.5008039684361174,4.979111806994714,3.3059494558820846,4.176331929466543,1.0619672698496765,5.856882326074268,4.347108870960964,3.407691973451153,2.7536254999793606,3.9272410857823945,1.224754723986153,5.4552055357058356,6.616801339911132,5.156406062128703,2.1843278523190235,0.0003080207320614421,7.724582421228352e-05,0.00033698121537986653,0.0,0.0
4023002001,2011-12,Western,4.247896853159269,11.234075764045524,5.577846750722968,7.885323139434073,1.6347997081542947,8.644346842098997,7.632294527983982,6.681867826542515,5.757595216533087,7.255516441745769,3.105703104436402,11.240044224757039,12.335167334633983,11.941823575415691,4.268267803790984,0.0006441521977373718,9.275791647418153e-05,0.000509218162329481,0.0,0.0
4023002003,2011-12,Western,3.374426525541204,7.202810944449888,4.611456496169536,5.791150851170479,1.311725386760727,7.615952285458772,4.1091325520702,4.937442417213249,3.6528554643217674,5.332908597939914,1.5330282227109084,7.304346816272538,9.12637328238297,7.198705518404342,3.1043483860492214,0.0003612968823726951,0.0001063462552881935,0.0003361735043535724,0.0,0.0
4023002004,2011-12,Western,4.491354059425791,9.435885549119511,6.335634233939837,8.221214971582551,1.8408271881693603,10.338156938348954,5.8653280163681485,6.477701960558507,5.468631681356579,7.89132008083177,2.366161414813965,9.091942953105056,13.407512975640332,10.912141535537044,4.246531914760908,0.0005135805508919793,0.00013992449702873315,0.000483194205156123,0.0,0.0
4023002005,2011-12,Western,3.218757150893081,5.650672526119561,4.512641179197153,4.544992476017196,1.16061029286181,7.151112009200732,3.2646359838110914,4.03918768678067,3.226940852815014,4.753687478998345,1.3802066537906996,5.196401138579501,7.472831809888621,6.4616427361930056,2.808073054535684,0.0003520862834938174,0.00010794733307118135,0.00033308150515144324,0.0,0.0
4023002006,2011-12,Western,2.9302364806513763,7.294939433380524,4.021445402459531,5.086690484208389,0.9439880732430089,5.01515021402723,3.500564066223724,4.1238855224107756,3.3623476808172716,4.848063553967231,1.5174477755698423,6.139906829383845,8.34561725576048,7.96677023441409,2.9778004033515684,0.0002759692502298895,5.4523336522401436e-05,0.00018357357833224174,0.0,0.0
402300200604,2011-12,Western,1.793450462372655,3.8316010135760687,2.524660414047682,3.088816886439886,0.6829871845292008,3.8280889045130673,2.640110059607412,2.5187315716287544,2.091479672563649,2.8818948581065142,0.8650673233749318,3.8134919330619392,4.547667499540275,3.2654472145948596,1.6524832023459726,0.00022414920982123145,5.827879455352017e-05,0.00020233685492053208,0.0,0.0
4023002007,2011-12,Western,1.536937555372693,3.192581640232607,2.1154260118727755,2.420199031901316,0.5671272247175249,3.3236965920962147,1.8762598584120647,2.1343779775248546,1.7236180856961743,2.3520390978339547,0.8577248855583258,3.1202866348219485,3.970413894469128,3.2368724347229416,1.4443456268840231,0.00011274590876817693,2.8039672623335668e-05,0.0001115309127248565,0.0,0.0
4023002008,2011-12,Western,1.5137705557810515,2.939750771242244,2.0367910345111913,2.1913467393652613,0.5580199353144297,3.5400452661781143,1.7723445853514443,2.1004563958658706,1.5525575133514655,2.26111452410225,0.6664375181094092,2.9946783357132327,3.837188434360262,2.8552975600048236,1.280492127551644,0.00018122176585702604,5.723702719339277e-05,0.00018680684737397218,0.0,0.0
4023002009,2011-12,Western,1.4966436317546536,3.2996674684500933,1.9608509287692006,2.3442134760965434,0.5277647940161518,2.9207079763032597,2.163064185940384,2.088170282372199,1.6078242847696562,2.2921379035259806,0.7012758462342995,3.3131310071423288,4.059624452788559,3.1577501402669927,1.3454146181951878,0.0001239534777824607,3.0374738367484183e-05,0.00011387839559284887,0.0,0.0
4023002502,2011-12,Western,2.152993464827645,4.55846502324167,2.922666339312184,3.1602361125420892,0.7762973994071337,4.362867250231137,2.1005634101537978,3.018203878441921,2.3677403752628767,3.241294651755306,1.1246355543183868,4.232678083962065,5.487818181546514,4.5720808001566065,2.1227046675503716,0.0001288206152245271,3.316937996799201e-05,0.00011930212528364188,0.0,0.0
4023002503,2011-12,Western,1.3967639455218048,2.673024492311914,1.9807353830732135,2.271762076960187,0.5639863454380102,3.5526184663837683,1.8091535457423837,1.873239022510671,1.5287539200726055,2.240770527412921,0.8625157674615956,2.55905176206046,3.592131771012195,2.6796059216818033,1.3044174048384949,0.00012127780812599697,3.4152288420386886e-05,0.0001328247044422922,0.0,0.0
4023002505,2011-12,Western,1.7817088920862874,4.149645778982271,2.5326441438452796,3.3929695204582586,0.6297437768165702,3.6776775567571445,2.006252340358963,2.4345895602632486,2.0811203315271305,3.221125805562662,1.0322248721152643,3.555021582975876,5.540259811868839,4.897903414817167,1.7886548376183597,0.00014710142684825717,3.1400496884916436e-05,0.0001186156554956105,0.0,0.0
4023002506,2011-12,Western,1.283764456243627,2.5409283868974506,1.777289224168379,1.9552967581592375,0.4979243343283124,2.895966334908648,1.4772643667774021,1.6904053838960165,1.4135508506251886,2.022598147905014,0.7685738684662811,2.336119610761505,3.200404768397576,2.438673584460064,1.2399211554361627,0.00010382837890829677,2.6415161104610796e-05,0.00010766740682495172,0.0,0.0
4023002507,2011-12,Western,3.531288173144934,7.268390865324492,4.717272088754206,5.33130950387692,1.260926113140289,7.072710741632067,4.308879800173636,4.926421485079567,3.848635021687543,5.246104788269288,1.6500818936719117,7.175988461830791,8.650570868685307,7.532977045460303,3.3283569811045863,0.0003489027739603835,8.162404344944751e-05,0.00031216870418636063,0.0,0.0
4023002508,2011-12,Western,2.729334175072126,5.45301179258021,3.7879532772071607,4.236876440440471,0.9706322098782453,5.793657534985694,2.4099126292858584,3.578682623539365,3.0657439058643545,4.4315286907264095,1.5049422034260922,4.849395884035905,7.424019602611557,6.624506982508278,2.5605559952553048,0.00029951391407683295,7.335034630453051e-05,0.00026737622525619173,0.0,0.0
4023002509,2011-12,Western,1.4269023715243612,2.6713686385416864,2.043922608596336,2.3749190547679717,0.5953553418264919,3.6785900624666774,1.9184994794047479,1.8942695194358532,1.5485619195139457,2.2926910922474413,0.8505352593275015,2.5408626793045332,3.693359870922886,2.806543985218912,1.3127765917339356,0.00010466819049349326,3.288784722348183e-05,0.00011786832468768753,0.0,0.0
402300251005,2011-12,Western,2.4162775618011807,5.740834449118064,3.255785993146826,4.079178754898594,0.8707205570207631,4.373796143286308,2.872600036130555,3.624483172919312,2.7223860623055924,3.8700668659030186,1.212515650044755,5.561977365241453,7.151996037507994,6.5790596564219035,2.4445344446254804,0.0002403022344404168,5.4112724008605035e-05,0.00018916710406409983,0.0,0.0
4023003002,2011-12,Western,1.4404870508760124,3.0075582518247677,1.955280153262261,2.0713742345549835,0.5331832350518282,2.7725087656916165,1.5148325229082316,1.975664691214402,1.5766766576798903,2.1659623889744903,0.8324321564348056,2.7762852562990834,3.7312464776816334,3.3514299623859034,1.4618095581183839,8.64493993256129e-05,2.049883297826301e-05,8.522139653246338e-05,0.0,0.0
4023003003,2011-12,Western,1.5660781914672708,3.177221143629945,2.18657112369194,2.471677269606684,0.4998496745916597,3.281794234000424,1.6188003014699834,2.0367249857586565,1.7914455578870656,2.551031462564565,0.852070194600538,2.660629721465426,4.205822291270632,3.4496826126261295,1.4388936359259121,0.00016727769681200457,3.5569873379368296e-05,0.00014876321354570824,0.0,0.0
402300300309,2011-12,Western,3.13823519068589,6.649093501253345,4.393083640948956,5.428156774841543,1.122159723033619,6.394624237237222,4.246380581467778,4.2898744501554695,3.5978724315548067,5.042787986039729,1.3145445959153257,6.597532243820306,8.299806477941612,7.209862361749124,2.7499408794392117,0.0005167505311569726,0.00012225561346884475,0.0004384370949311229,0.0,0.0
4023003004,2011-12,Western,0.7945942564469729,1.6046982728894132,1.162615466356517,1.4446707165175667,0.38709428669369783,1.8160946365083903,1.4086217634334313,1.053284462030047,0.9122469137991599,1.4197615990981347,0.4565706410065201,1.5413010329676766,2.225254715516868,1.5200772046709246,0.7762854188626515,0.00010109449372762814,3.06769498207975e-05,0.00010595451567477993,0.0,0.0
4023003005,2011-12,Western,2.531133630201894,6.236841137525486,3.4217193871356635,4.243356850439874,0.844188652408783,4.344126870409036,3.302928498701005,3.6299135877870023,3.028744241815766,4.037132677775833,1.3090434599334502,5.71985178797155,6.9901843089313065,6.595117466489237,2.529948828949303,0.00022375330756587485,4.105345020790193e-05,0.00016231894409583016,0.0,0.0
4023003006,2011-12,Western,2.90883126651887,6.582750763940054,4.3604540114096935,5.966354209401605,1.1587284425933195,6.4625033543607024,4.152740933389217,4.188547811213483,3.5415151508436837,5.1876727265679525,1.4904790946738544,6.242203494279369,8.149129475600407,6.437879690273971,2.8459783210158998,0.0004311698410930447,0.00010798494680946343,0.00035796668014862246,0.0,0.0
4023003007,2011-12,Western,4.358232501962312,9.30338705937634,6.056547909103479,7.532936154351025,1.6913813932018034,9.867918664527021,5.150771554842316,6.311492151769296,5.166809627232218,7.150641631710242,2.173705125140333,8.884027829212759,12.304221325274176,10.310713936999946,4.0689439810384895,0.0003486197108661288,8.616453081066252e-05,0.0003209668304969452,0.0,0.0
4023003008,2011-12,Western,1.2909274416197236,2.575607575604129,1.9436899362311855,2.5809918469750115,0.5234396642169433,3.1656685637676314,1.888288162995146,1.7260146063730006,1.5202474525705287,2.4282415750269837,0.7487293319039056,2.235812656542183,4.026442321347496,2.916352650531136,1.2277235570840246,0.00012019392243535033,3.661577740169693e-05,0.00012083968559591352,0.0,0.0
4023003009,2011-12,Western,1.4899245667219738,3.008898937267961,2.0912704399252373,2.466502061001732,0.5612162321204445,3.700550254799305,1.9175494327380063,2.1085635479524316,1.6315218604075876,2.3252521551465244,0.8173270805410823,3.027231532146084,3.8943740066464105,2.8129916259660703,1.326086003249676,0.00011318316778518293,3.395495033555488e-05,0.000120838222575607,0.0,0.0
4023003010,2011-12,Western,2.4370544287561198,5.447720963631242,3.398724715987179,4.136322999355354,0.8387186780525218,4.895584306447844,3.082158421157246,3.515005451477,2.915592422515888,3.8225829447878956,1.0978596963618434,5.576393431825502,6.4621416167928505,5.484864341030789,2.1873006517010163,0.0004125184795083324,9.366114361045264e-05,0.0003467285322241605,0.0,0.0
4031000207,2011-12,Western,1.2850370405835208,3.0182756860163105,1.7629189730814427,2.1724635384028272,0.41389646232518457,2.3014769215694226,1.7274954438812113,1.771609522331917,1.4491615221034173,2.049224107654085,0.6714541304530565,2.7675358778989354,3.441521561953848,2.7205968409510666,1.2294548971388175,0.00018328197930710848,3.8734851296863134e-05,0.00013955312690354943,0.0,0.0
4031000208,2011-12,Western,2.683266490401392,5.294090090867957,3.5882709175169336,4.157087750283368,1.0257177143973821,5.936485413398724,3.724489688109098,3.6101449239071957,3.0463832636125945,4.12139377316107,1.31347459735185,5.559486142206738,6.99956677620947,5.566795610509532,2.280901505344041,0.00032475091426645666,7.763576544182479e-05,0.00033828460679670555,0.0,0.0
4031000209,2011-12,Western,1.9679741825708605,3.5638927268847556,2.8174096069622734,3.1308067517117113,0.7386977756992892,4.836517326948963,2.1085003324424947,2.502267853391732,2.0471567374498343,3.1251120853812093,0.9954357314681369,3.2086582158890895,5.115611811837082,4.433769115609207,1.7187928805444976,0.00016327778902272184,4.7099362218092845e-05,0.00016398554900926802,0.0,0.0
403100020904,2011-12,Western,4.793244966839106,10.962439474269209,6.286643733693041,8.234568876408902,1.8974481234049252,8.837336732343415,7.628396201717077,7.126947535368565,5.488883311559683,7.459111637695819,2.2325291802152654,11.74260033227105,13.521256019674656,11.862312288498423,4.474542167080417,0.0005417461446598471,0.00012475896692374074,0.00046224837415879304,0.0,0.0
403100020911,2011-12,Western,2.8335411417096923,5.939302872636906,3.730285521846208,4.737652226026526,1.1466757541648889,5.859725199920096,4.49485285092998,3.9934691069797466,3.142406847671855,4.47235543298898,1.3435328030222227,6.293730896340632,7.852200502215263,6.7278054565057195,2.597686640927353,0.0002906190098027354,6.848603714613641e-05,0.00028569744384995675,0.0,0.0
4031000210,2011-12,Western,1.7503695004267346,3.262391423391189,2.4204233248058076,2.596744055159542,0.6582022114079445,3.8724696819525706,1.9722860421526751,2.2565319855381563,1.8205525981091344,2.644341299334604,0.809773786244644,3.106183847344697,4.230676509489525,3.478368053528895,1.5236804485493056,0.00023239261281591785,6.53604223544769e-05,0.00022774578184906141,0.0,0.0
4031000212,2011-12,Western,1.0903908875870092,2.489257217836041,1.4957673899741089,1.9960946091762428,0.41523510575472017,2.2849204868196917,1.6317567582991792,1.5168619312998237,1.3438474815597796,1.8969223401560351,0.6275370112997297,2.418888426484311,3.0600991299144535,2.228100542380767,1.0598755588773014,0.00011968476889820966,2.4963834932910595e-05,0.00010994956498501002,0.0,0.0
4033000402,2011-12,Western,1.1043711160160479,2.767093550382945,1.5366587649978007,1.849770625861719,0.3634516808859426,2.272380678453829,1.2709681211120771,1.6424331918320405,1.360776191784931,1.7588435051739302,0.7501073501047253,2.5643254171538046,3.1081317541848725,2.312015972367188,1.0570224524644407,0.0001027980060290495,1.8892282321558104e-05,8.991111663082522e-05,0.0,0.0
4033000406,2011-12,Western,1.6542861306446133,3.243310588720671,2.38937839627027,2.8132977222331537,0.6177181469545354,3.6924944277599074,2.0218030314837416,2.144963103468821,1.8206354015693431,2.7423896254452664,0.7991988431838754,3.0251296787645274,4.436651582372686,3.631136381018134,1.4816301805529022,0.0002449830457615466,6.59485609795592e-05,0.00022355930158169868,0.0,0.0
4033000407,2011-12,Western,8.309996646595902,22.643377245789367,10.72240220427132,15.674263890383449,3.2068509161276877,16.458022694659164,14.808098388652738,13.68500216466193,11.375298461780067,13.917053134119596,5.49734452160743,23.08272168354959,24.060773435283426,24.157510426765683,8.282718885656477,0.0012218719525248262,0.000175949561163575,0.0009138563377647587,0.0,0.0
4033000408,2011-12,Western,2.5064356059012707,5.380650628157139,3.609651756589903,4.470568729469433,1.0657144070994973,5.297363876653438,3.3227592275608155,3.49150579012011,2.8321121738818507,4.149643706044836,1.4004007776427152,5.120580569127976,6.355175561233318,5.361375111761432,2.4770310247745004,0.0004125182278262686,0.00010445598212642652,0.0003575865024759139,0.0,0.0
4033000409,2011-12,Western,2.513031649611306,6.153841153298482,3.550590557091864,5.072234947411594,0.968589174276097,4.951211294169661,3.5430004853442285,3.699659467489071,3.0830486225920715,4.592402545068438,1.4440007333287304,5.586714804975124,8.346133859080682,7.81656406310041,2.5981388189927066,0.00020850696982507562,4.494211812945179e-05,0.00016247608051947086,0.0,0.0
4033000410,2011-12,Western,1.4728872400582627,2.287730842212197,2.0853461363079906,1.9383680392024218,0.5309474181646237,3.585090875430784,1.447194759026779,1.6759028066797261,1.5340412801004082,2.215555158445595,0.7402508530880592,1.9574745822105513,3.4122528352629904,2.8963428485205895,1.1998267652323804,0.00017135619034527766,4.541770870316583e-05,0.00019306490116340725,0.0,0.0
4033000411,2011-12,Western,1.6848828318693887,3.4971925650799087,2.3893551612674346,2.8996276134234256,0.5248807934088363,3.5161938199072322,1.7796772707312132,2.2106810861778725,1.7883199921039195,2.8038053889467087,0.8684167395523268,3.0850603443726214,4.949880527799969,4.523557039890313,1.5642133062714252,0.00011137881905036944,2.797302137440154e-05,9.379420364350404e-05,0.0,0.0
4033000601,2011-12,Western,1.842946752003207,3.7343787899713727,2.5112865711508086,2.737712480046501,0.5990215246107892,3.289195474424012,2.4622477455252714,2.2638983219123436,1.9734558063152223,2.7319288105057407,1.0052347693629498,3.408353192191906,4.256020914484466,3.8922487955175,1.682434493408761,0.00023083327645343263,4.8757641046796484e-05,0.00018926196650124018,0.0,0.0
4033000602,2011-12,Western,3.0625777723709886,7.8205869421703635,4.247436692663249,5.731789604975322,1.1174753706347076,6.164073672650306,3.6873619911744155,4.637055742887641,3.9038563335939274,5.1971406185537345,1.7476314174600374,7.449068560456575,8.801727307341745,7.656507659203215,3.0976143611991707,0.0004042378821090825,7.538490233926133e-05,0.0003028660485868095,0.0,0.0
4033000603,2011-12,Western,1.2574380675640546,2.5507322387371802,1.7918425148502304,2.1012451565494734,0.4294079272072188,2.837877171895482,1.6697272576896496,1.7715441267144967,1.4012577626556348,2.0522515472351937,0.6809829045886114,2.398263308660546,3.5711834791475985,2.5203282452298836,1.133904780716515,0.00010095145878904136,2.8897647861016192e-05,0.00010002609299881313,0.0,0.0
4033000604,2011-12,Western,1.9342615019302523,4.059900148988905,2.5990313596285572,3.315914305769631,0.7744271662462827,4.091833973531369,3.114527689588696,2.6501279903672703,2.1284002355532636,3.1125934730227196,1.0029825662792509,4.149158360501203,5.269534203665058,4.194795068220028,1.7776624561312864,0.0002638928859837319,6.218787272157616e-05,0.0002586992239474496,0.0,0.0
4033000605,2011-12,Western,1.6710645527636,3.615503404288059,2.321949212916615,2.5977118199730502,0.6255959917037935,3.3107856770905784,2.040851809122868,2.285868163066907,1.8749647478354816,2.589063659210669,1.041501407986827,3.288439731747046,4.106678456782074,3.356059331783117,1.6979574510167286,0.00019185029157673948,4.395284011203437e-05,0.00016730160354834663,0.0,0.0
4033000606,2011-12,Western,1.1240086289997837,2.4074539435829068,1.598108596878607,2.06070810960174,0.40414855535860955,2.6321293015955,1.4236032485684356,1.5230197957694869,1.2957845503734189,1.8780652657176407,0.6849264787171849,2.3167265047129972,3.10879884666241,2.515670817714513,1.0346268517331192,0.00011716198211582057,2.6361445976059627e-05,0.00011198430799026524,0.0,0.0
4033000607,2011-12,Western,2.604529824059453,5.080703413747797,3.486556835013889,4.018649103188393,1.1128931850530346,6.136726466007116,3.892619038953687,3.6382790013159534,2.798899597726252,3.9160441783037676,1.2390678125329002,5.310806084019638,6.5040965981488785,4.881801382242934,2.336695715942289,0.00018922203113006615,5.95698986890949e-05,0.00020584525893173073,0.0,0.0
4033000608,2011-12,Western,5.781767084604254,15.51653376610967,7.527550931770128,10.819920231253056,2.227424153209742,11.617373724153135,10.34731607290956,9.289122830024587,7.871574885307689,9.78563815685743,4.032963883865988,15.678086805468592,16.77232375028678,16.531485539491726,5.78866410983673,0.0008671659453907323,0.00012487189613626546,0.0006664174949110445,0.0,0.0
4033000609,2011-12,Western,1.4502423087268683,3.2721541440129314,2.0345336287564804,2.481176011129808,0.5702866272900439,2.8336453774604426,1.8724737030590897,2.0621056492402916,1.68570662227873,2.4384440483921566,0.7700958956282513,3.086167757872346,4.317377715556987,3.650810594392381,1.44757163081813,8.788360180746634e-05,2.0562509397259753e-05,8.043940601902558e-05,0.0,0.0
4033000610,2011-12,Western,1.9420055939597223,3.466093930217358,2.9061524556667635,3.7129071702402565,0.7451739998821776,4.702771151271879,2.690113383808259,2.3596894549785916,2.0495321955485872,3.508128128047259,0.9698418149473785,2.8933453651656857,5.661100665737223,5.034277717902892,1.719499865654015,0.0002073453675904036,6.316552177625181e-05,0.00019498140565158136,0.0,0.0
4033000702,2011-12,Western,4.731629195078691,8.083470386609928,6.490813662949156,7.552201050686065,2.629486569700723,10.963611654076576,9.575459117159491,6.0252154518192915,4.830532123617525,6.977364574714192,2.39498985053694,9.588928794876205,9.051762115124282,7.657274709516847,3.8822851343345053,0.0007836993303025491,0.0003526646986361471,0.0009597421348241646,0.0,0.0
4033000704,2011-12,Western,1.8259030100968698,3.0971165880532117,2.591334546112641,2.714231734986316,0.7161868270069249,4.0470270159708726,1.9059068464529891,2.1372699236279527,1.8536828237846745,2.860617714315841,0.9054578229069625,2.7582373627101773,4.34171642959009,3.9246126063687394,1.5872959310993555,0.00021878576181485622,6.407297310292218e-05,0.00021991048422964827,0.0,0.0
4033000705,2011-12,Western,1.1481819830000386,2.505798836027081,1.620425523214471,1.9745524283283555,0.3840834432785495,2.5106297149201726,1.5113028883025084,1.6467451475122685,1.309169789302923,1.8452893615486212,0.7484605433050918,2.375010536593173,3.097325075240838,2.2612188883840787,1.0774482809121668,0.0001085474503109874,2.5626207272305474e-05,0.00010126100029244373,0.0,0.0
4033000707,2011-12,Western,1.4281962042513638,3.0473913782912234,1.9376498074003803,2.3558139170029953,0.5219838432297252,3.1413370766872544,1.7238753499544928,2.010640689346311,1.6060567460918107,2.256806584225948,0.7523777846092957,3.1168016238840672,3.8609402323331232,3.166626235311025,1.3197939080578274,0.00016083979738426636,3.842567267143923e-05,0.00015392265111656206,0.0,0.0
4033000708,2011-12,Western,2.2083111001750995,5.398537096918614,2.958190786472471,3.8463547233886297,0.8104494482263314,3.674683838832741,3.0863829679669945,3.26319535446783,2.5231793017141295,3.582943847323542,1.1532876271386976,5.172204525287023,6.6958471714761085,6.5358052033791765,2.268962944755866,0.00023673754265188116,4.7987339726732667e-05,0.0001795101054960007,0.0,0.0
4033000709,2011-12,Western,2.0738781886892506,4.355795607207811,2.9335691388600975,3.517677524258252,0.6878264561875518,4.178187594059189,2.306117425313002,2.7656940762985873,2.1455835063186424,3.374571933851302,1.060616380083747,3.754805499195957,5.38597831870186,4.591157299881684,1.976999307385755,0.00034710243310167585,8.315995793060986e-05,0.00027363634710771313,0.0,0.0
4033000711,2011-12,Western,1.9598083908684871,4.715698694779154,2.676983220894394,3.088787737122058,0.623691125346277,3.2378726672780296,2.163290865356456,2.8391976275749067,2.180727916703514,3.020546917945671,1.0833053478033907,4.14458275570062,5.295968693675837,5.091259093799181,2.0754239179373495,0.00021529973224037843,4.279621626381687e-05,0.0001514885970083131,0.0,0.0
4033000902,2011-12,Western,1.0924113690771327,2.190525419432064,1.5114388028578623,1.7268573575618655,0.3576073503351968,2.2025453656589744,1.2450521325194053,1.3585816650545082,1.1347378535712285,1.738839278247899,0.6248470250561522,1.9016626818310316,2.8513202994699087,2.4931734649805106,1.0164771681721323,0.00011583985303708551,2.625847414926472e-05,0.00010217150774246246,0.0,0.0
4033000903,2011-12,Western,1.4600785225766904,2.8649084007910712,2.056544789748094,2.1447571288621776,0.5668909643732206,2.832037859646844,1.595252067286397,1.8645934720391144,1.5452599546982166,2.212908645970741,0.941528310633713,2.5070019013487537,3.3458012557601022,2.7483590630102097,1.51395496275304,0.00019679328956995453,5.634001435268859e-05,0.00017627776924567225,0.0,0.0
4033000905,2011-12,Western,1.7209395911937817,3.519415927056067,2.320416528538571,2.8248385110244554,0.6903201131419299,3.793098995086514,2.2735459509633382,2.377008541772603,1.891079710458142,2.750746658326363,0.8909228940766967,3.59313786686267,4.732288401416872,3.9375322902115206,1.606367674515523,0.00017636390217896212,4.429322772613842e-05,0.00017790162796581282,0.0,0.0
4033000906,2011-12,Western,1.7467198870328415,3.644507723880744,2.484002629786856,3.13729231457364,0.6462175780216473,3.6789542179657837,2.324501840423616,2.357633783194523,1.945194303711789,2.9437615081604553,0.9358791944430872,3.3141090673127085,4.835721520386759,4.190529487019277,1.6602518311029881,0.00017065418591342835,4.035740883087833e-05,0.00014884294234742806,0.0,0.0
4033000907,2011-12,Western,2.5942181055672537,5.7757826734702435,3.5901355251741682,4.0751876035283745,0.9471599939241642,5.3651811679311425,2.803211128977696,3.7619409366805012,2.903556712225563,3.9815806479770446,1.4481718828524786,5.423818967838471,6.514325198711073,5.129207508743089,2.607185260810469,0.0002804798463441189,6.956783590424997e-05,0.00023793470147673025,0.0,0.0
4033000910,2011-12,Western,2.732252838833623,5.663589891151929,3.7886171815290437,4.545756964747014,1.0020577759222207,5.810521520626386,3.125361618509376,3.737260220174723,2.82512930381474,4.389435150134443,1.2257345596910327,5.338552083625899,7.450653881386169,6.46718766600019,2.496274723381115,0.00026356579980263195,7.354490330245856e-05,0.00022644366176134307,0.0,0.0
4033000911,2011-12,Western,1.5575733383373618,3.2610776610719983,2.1019944340979086,2.5663104758870143,0.6910164694953196,3.5426749139205542,2.1936900896086593,2.1976169066902855,1.7447422180187593,2.5278527586118753,0.7942876665562256,3.360952450373251,4.356845562748321,3.1488684917439023,1.4592829908938185,0.0001252950141754608,3.734442305619254e-05,0.00013448827826494737,0.0,0.0
403300091101,2011-12,Western,2.2763927785939875,4.945359716936518,3.2125524563765273,4.065031460043714,0.9183434742064781,4.2613958532880165,3.335799995327279,3.061749476495828,2.565210722564357,3.8315277108503225,1.2248094381571883,4.629133040410781,6.150760641047476,6.1609215159665585,2.2251031512203534,0.0002695599810044488,6.04425730602759e-05,0.0002195149910069595,0.0,0.0
403300091103,2011-12,Western,1.613235073393892,3.4395634083882274,2.204568880697315,2.6898376242038666,0.6546662132458686,3.3606257061036207,2.0500621077129586,2.250641116019782,1.8174888704532277,2.5884354427320933,0.8804864526565587,3.476383144485782,4.4915332948653734,3.724875063777062,1.550636729232735,0.00018170150847161463,4.6009626341285063e-05,0.0001718141895325077,0.0,0.0
403300091108,2011-12,Western,1.445607276034803,2.6937133586410504,2.11938122122777,2.8122340263712546,0.6907333933117654,4.090003182310445,2.430768011349771,1.9223990544549148,1.6193016519951842,2.544532093829147,0.8940153151151927,2.576815112027835,4.1776784491709815,3.245904155613326,1.3307435254802165,0.00010744202017343999,3.501813990838044e-05,0.00012793454662494047,0.0,0.0
4041000304,2011-12,Western,3.1874489098314087,5.8339326321867935,4.270466144025909,4.309795401982671,1.1536595363478472,6.799063861717507,2.992359712626832,4.07670001837058,3.7781259084651064,4.939508195216402,2.0257325271439544,5.632173876880208,7.709956257545698,6.327983826247994,2.7736817501300775,0.0003786487228959518,8.178812414552558e-05,0.0004327094634689953,0.0,0.0
4041000305,2011-12,Western,1.1088668801851398,2.249935282892602,1.5351402192781785,1.8681229213498052,0.44204875618392686,2.5062275598914425,1.4902684095022127,1.479009312119072,1.2112516422151463,1.8116878608271654,0.6440345471047308,2.190202652540599,2.9910531265941045,2.2984065295030196,1.0372688232944998,0.00014947591665043407,3.754039649821682e-05,0.00015138544919960357,0.0,0.0
4041000306,2011-12,Western,1.2618349354636136,2.7581853681885757,1.7778982157679697,2.276809328065166,0.4591963777325115,2.648036086084299,1.617965134302958,1.6876398789807923,1.428793519102775,2.112755419753536,0.7511230029423489,2.493821248627879,3.5725144771388395,3.0718946436180636,1.2016928155677629,0.00012090632240634428,2.630832015323232e-05,0.00010819652489511395,0.0,0.0
4041000307,2011-12,Western,3.142959190717586,7.073903316635782,4.4968122961916555,5.919473219648163,1.1591993461213936,5.991954704667681,4.515874177287113,4.379619833164328,3.546055290118456,5.363445426944783,1.5367273032996742,6.391522291130633,8.322124270088251,7.187404190137318,3.1038111459014868,0.0006694501205044459,0.000147800675955527,0.0005154527955737148,0.0,0.0
4041000309,2011-12,Western,3.208400856809914,6.550746253448196,4.332013409355328,4.5099696871821795,1.0389897304954474,7.0408502527768855,2.954822275625036,4.6101276211034605,3.3353705991435034,4.716462391808253,1.4196570583699717,6.189363432611661,8.11461277895167,6.06632341753147,2.902950257848355,0.0002429981576140595,7.307003881452414e-05,0.00022440834194641007,0.0,0.0
4041000311,2011-12,Western,2.5431085561097975,5.541942374324918,3.5302548784553,4.318950517164289,0.9108503882962632,5.153452265759996,3.1379210579986054,3.5381015965544744,2.8231224371748707,4.116932108530262,1.3178235398985134,4.993264015869227,6.903799850597917,5.7012229726269466,2.4654765644181857,0.00019495757867973024,4.924604118417303e-05,0.00016467341416877585,0.0,0.0
4043000602,2011-12,Western,1.369315174651793,3.082324565653783,1.9818040772818062,2.7672314646769665,0.6028757556867318,3.149851527359986,2.2901948611204097,1.9581680943337176,1.6813964421172185,2.5468840561555477,0.8282392711756784,2.9555158664979633,4.323931837433372,3.136022786058476,1.369025359942233,0.000133693667139745,3.626211793653357e-05,0.000129633425969442,0.0,0.0
4043000603,2011-12,Western,3.6689812532381176,8.288881534478344,5.015650968806789,6.323104710543917,1.2340671954808273,7.158309852017529,4.4115863968244975,5.182556324442444,4.329770880682597,6.048474463631853,1.8312829775051842,7.578623879646083,10.238885950909866,9.147171266033716,3.465844491412118,0.0005029247689847003,9.770194556709144e-05,0.0004090416935783872,0.0,0.0
404300060302,2011-12,Western,3.220080020621431,6.192941794870109,4.246477313862148,4.75094049637799,1.1783976073129352,6.741849481976798,5.047487766130524,4.1757996144568414,3.434844840695679,4.647193527148014,1.5548931542942932,6.3162619736997145,7.203795910845696,6.071517252052416,2.8292280452013507,0.00038794670455891237,8.819725861456524e-05,0.0003832361219864603,0.0,0.0
4043000605,2011-12,Western,0.9477699468138726,2.0275103419802423,1.3178772446847185,1.4525411494496503,0.31618467336960737,1.7552324720617511,1.191533611037662,1.2723025191051585,1.065411734325547,1.4998303471582193,0.5460564863360402,1.7790566004343025,2.561040732954805,2.05777739677269,0.9127759466070023,0.00010455097100579112,2.3198377217115417e-05,9.187104694964121e-05,0.0,0.0
4043000606,2011-12,Western,3.193808983938464,5.999557639134578,4.15588223739062,4.861397010131237,1.5964421465205436,7.798805582111199,4.422560531098237,4.442378265523392,3.280860941228481,4.782759349521836,1.3767241364538556,6.75713410486979,8.257715598498757,5.941733846465489,2.7831397722038673,0.00028471456116585655,0.00011795317534014057,0.00033579349966253886,0.0,0.0
4043000609,2011-12,Western,7.873853756522974,13.557496290438591,10.149006944596252,9.430959816045393,2.799898409115144,14.05887704335113,12.284402349707253,9.636302384479364,7.620591796070417,9.595787163687236,3.8555411662697003,13.826614903386657,13.3410635637776,11.574529980627764,6.9168748427346785,0.0008890203336862536,0.00030480697154957264,0.0008507700347895249,0.0,0.0
4043000610,2011-12,Western,0.9842510493694755,1.9817148736777443,1.347236960700928,1.5056577959626511,0.38545560082128466,2.172342710960366,1.4545013890130407,1.4256166226389633,1.0708635189997413,1.6002357943018553,0.5254378652899626,1.9422293816677483,2.6687592906050153,1.5680115863689867,0.9079843375499441,6.607429296755963e-05,2.067640524390144e-05,7.156243000821106e-05,0.0,0.0
4043000801,2011-12,Western,1.1959086842911166,2.181868369616351,1.6071238385105944,1.9079418083833568,0.4938554842681386,3.0646492873412114,1.7166339834965796,1.5466659617986847,1.2724799085196643,1.925617195824802,0.6619744159342411,2.186164053070068,3.093733121546796,2.401309087821758,1.06977909654251,0.00013275759933818623,3.422656857937614e-05,0.00015441730983397552,0.0,0.0
4043000802,2011-12,Western,2.9964499790399546,6.360627005921585,4.108730306622444,4.825584463046388,1.0675974091782952,6.34273992618403,3.559169676855232,4.36592979903069,3.3160781969365614,4.743582375996419,1.5290271963961406,5.927908749848271,8.049346527966383,6.386772819716947,2.9122216253494826,0.00019038446233000277,4.865852887675294e-05,0.00017268614619921562,0.0,0.0
404300081004,2011-12,Western,1.6623321889662857,3.490915320253248,2.3523946772760618,2.8264829837586634,0.6140191884619959,3.5678383609738273,2.1551464047845394,2.2556721659965544,1.8258251688766107,2.71028041444273,0.9733279279427094,3.17423049448475,4.499012288379548,3.657740044329287,1.6018130025639081,0.0001502816820375841,3.870363504912258e-05,0.00013638656071614388,0.0,0.0
404300081006,2011-12,Western,3.823585221764876,7.842090028951662,5.02861246743965,5.752879641561022,1.3639277515548214,7.1601107295208655,5.550495904560338,5.204990051039395,4.153140218379402,5.601636081506518,1.7772108921101928,7.793593741517156,9.153434377571699,8.37582836864967,3.54715066540789,0.0003856231242391336,8.29721886170267e-05,0.0003428706334111767,0.0,0.0
4043001003,2011-12,Western,3.43739560871076,6.927279863988005,4.672794128075406,5.232557851611687,1.2431082466869077,7.758776487239294,3.8531744068857874,4.794046818261284,3.721147368475644,5.128547808769727,1.6212297663067694,6.891443083820541,8.194601559110138,6.502348579703015,3.173633600434018,0.000401341934761029,0.00010404353417446241,0.00037807715599158683,0.0,0.0
4043001004,2011-12,Western,1.509208972847475,3.1972521875361646,2.1181062623793574,2.5792035719113424,0.558733177591461,3.0712522350672473,1.9967757540778484,1.964721113125268,1.7125519923675812,2.395867689646003,0.7754625067835643,3.0864169432539845,3.7539162645057926,3.386732529701646,1.3702005853749988,0.00021559707523575148,4.5504338445775864e-05,0.0001852661748970936,0.0,0.0
4043001009,2011-12,Western,1.7638232046396294,3.711326079069656,2.4411510214039143,2.874424659326426,0.6508139741137495,3.7469930997253127,2.1538178689852674,2.372914586584699,1.9738027321315228,2.870444338848074,0.993375333522315,3.394275525367749,4.680785870295594,3.788677559987574,1.7114983600766454,0.00015017283052601847,3.5397881481132925e-05,0.00013801497805180995,0.0,0.0
4043001202,2011-12,Western,3.4295597114342424,8.40505982958307,4.574519823925985,5.3698958973545405,1.1023371402475795,5.1200536014294515,4.357474460082078,4.957852235283241,3.8488702109398125,5.130934405463469,1.7300051533532466,7.506517267732095,8.938603426730415,9.56978860278744,3.621558950504674,0.00037078154983693834,6.6807486457106e-05,0.00024292843571271575,0.0,0.0
4043001203,2011-12,Western,0.8565097765157529,1.6540461094302676,1.16458324811413,1.3421855391470898,0.3715945004208351,1.9822302741326496,1.3256618088801329,1.1295752007820568,0.9023443163258722,1.3482327192929202,0.41189667572057065,1.72052845791878,2.241154325383053,1.6543839095488309,0.7518137624630242,8.92474616780704e-05,2.687721634381889e-05,9.86367094099243e-05,0.0,0.0
4043001205,2011-12,Western,1.6670716342240528,3.3565796670231554,2.379095697852677,2.8889178572900738,0.6496819183568329,3.6045724606290106,2.3344625614741714,2.213272635604561,1.8641446143738518,2.8090328809877483,0.7530135965494889,3.204133755854153,4.634373306131762,3.582368252662803,1.5062793377079573,0.0002319446395508659,6.416501299050593e-05,0.00021163996086942603,0.0,0.0
4043001206,2011-12,Western,1.0068371862000705,1.9269402653223826,1.451371624332998,1.7306616816031368,0.39306441699303607,2.3688942933366057,1.4148321490026639,1.3106331827002644,1.0958802434222135,1.688986516911065,0.6381983011627064,1.7583643123210386,2.8625017535486217,2.36713656228836,0.9455395890995842,6.35261030791947e-05,1.7878603860611685e-05,7.067112986117088e-05,0.0,0.0
4043001210,2011-12,Western,1.1665038732703987,2.440506310379973,1.4509304535124223,1.635745513879571,0.40561478006312934,2.566081111067267,1.5547146333459039,1.70575977658862,1.1871051366764673,1.703642379910065,0.5637640735299446,2.56061862806932,2.9818494918577834,2.0329704675372784,0.994844545358221,6.948929417169378e-05,2.0420948565776305e-05,7.72484427125411e-05,0.0,0.0
4051000204,2011-12,Western,3.826404450940989,7.18162857173168,5.167477589833324,5.259383692027757,1.5527469636833957,8.1662244716802,4.091991975295953,5.042975426729121,4.0084550227387785,5.38214515757204,2.0304091127230657,7.056690937846244,8.04132450962405,6.47797711916938,3.7060092627561585,0.00045392703921641025,0.00015320037573553848,0.00043536465971056427,0.0,0.0
4051000205,2011-12,Western,2.630227536305814,5.1615833921886844,3.6535979190556582,4.032275270071482,0.9345699364235523,5.026380508430824,3.1852541976270365,3.3663895183513213,2.696556364881977,3.9363718969857593,1.1734227596507911,4.775000008855841,6.03336811132304,5.296013501429537,2.403434402509685,0.0003814420283597833,0.00010022809677899178,0.00031532438393806734,0.0,0.0
4051000206,2011-12,Western,3.2224788073766018,8.208501444015168,4.532941872446186,5.605514973187326,1.023292757316451,5.728472842335113,3.734475791661875,4.795420360690081,3.954080068526316,5.4435834173332776,1.7086886736770979,6.795999930386493,9.260569861563694,7.466796992597913,3.347249730696365,0.00035294767769025346,6.923929086361289e-05,0.00023875136011148029,0.0,0.0
4051000207,2011-12,Western,1.6056121151425524,2.7823075135155837,2.2762252313250046,2.336066265030443,0.6317706082215211,4.112694601238354,1.5706657356031262,2.04198262529792,1.6137862685063193,2.4639299430677446,0.7850776513466539,2.5976215941627383,3.952548652065127,3.2070299772095674,1.3920650277759001,0.0001733478701203537,5.8683820251752764e-05,0.00018555955347965194,0.0,0.0
4051000208,2011-12,Western,1.978186851193418,3.6532240156508,2.641996853345272,3.1040777421724988,0.6905205953579858,4.668921088557409,2.468515497181986,2.6853733759325484,1.964226375916765,3.2343641869141595,0.8529870726109818,3.4987389809819884,5.949187798374162,5.066308374910755,1.6854249581095297,0.00010370173774287965,3.136456452462095e-05,0.00010918012647258778,0.0,0.0
4051000210,2011-12,Western,2.822755921567489,6.494573195102698,3.785354644688966,4.604784974843069,1.1565487870432074,6.003388515194811,4.593585799491364,4.363437977095136,3.3359396077569006,4.351341856960369,1.3272932863571492,6.922279893733552,7.675920392992688,5.484478792998336,2.5446228233785675,0.0002632826769328417,6.320873791443224e-05,0.0002543827205175632,0.0,0.0
4051000502,2011-12,Western,1.3963446784476938,3.1792102886538816,2.0081499715337054,2.80874556255314,0.5524387705098335,3.113504961969921,2.1964276306737376,1.945295748227706,1.7337628873298416,2.5463938384132523,0.8625097162455264,2.967196397527497,4.165494599441239,3.2756406823279534,1.3797399559803087,0.00015222125603123538,3.246921286904791e-05,0.00013869050055889445,0.0,0.0
4051000503,2011-12,Western,1.0252988592179209,2.107959771230091,1.3996538974828487,1.6704827542976475,0.3790035054044398,2.209459664944292,1.2608192940902345,1.305225253562707,1.1440569168878576,1.6546071689516335,0.6137432554484333,1.9531598406916362,2.730788383752775,2.38335802014195,0.9519615719177019,9.25455893199325e-05,1.878955904374387e-05,9.353312077103716e-05,0.0,0.0
4051000504,2011-12,Western,1.571732855693178,3.254323182677261,2.25410927371727,2.972215262061606,0.6611880578651735,3.767303266992097,2.342537506833251,2.19248805117914,1.7666152876377732,2.7286302046438893,0.8937700183582603,3.0748816681716287,4.61210018598906,3.471037887550358,1.4886023728616493,0.00012476961259448677,3.716939057829771e-05,0.0001274621422608548,0.0,0.0
4051000506,2011-12,Western,1.408185887818345,2.829229086868419,1.9279884546975645,2.268005682758421,0.5514779343233056,3.238111303067596,2.1152252223951624,1.9659259651091272,1.498448760463258,2.1889776677988553,0.7035086104653857,2.9133696050761624,3.6673968957742793,2.5952261876461264,1.258770378512968,0.00015736714692020351,4.961142779586071e-05,0.00016256575985004783,0.0,0.0
405100050604,2011-12,Western,2.830180425217406,5.0782683276267875,3.8490980923470897,3.7347664079538885,1.030093192264623,6.34194173021304,2.579302438489505,3.6250781967251067,2.9320329648277625,4.014240499702528,1.3819532932948182,4.7684520591611665,6.372636104020424,5.21990089178858,2.5452258883006063,0.0002549582745942332,7.47750760563684e-05,0.0002588396215263603,0.0,0.0
4051000507,2011-12,Western,2.922154157236976,4.898315265974499,4.116774351299287,4.348295779195404,1.2782938672812543,6.800501777193151,3.8692928402327555,3.5572375296887175,3.10141312937071,4.492002425491759,1.482423477476016,4.965382855011592,6.320865853637515,5.377163291758939,2.438924294062605,0.0004451306752009417,0.0001335392025602825,0.0005133057294527804,0.0,0.0
4051000508,2011-12,Western,2.21213547829056,5.199255068761555,3.030559496853388,3.667708969975703,0.7029242266971603,3.9914261469802303,2.504304511369141,3.1093990814049595,2.5691577339730816,3.470429328274967,1.098735867436069,4.859853782987992,5.9252554785063625,5.359208378742779,2.144345220648462,0.00024140633657013615,4.8979363996272956e-05,0.00017791297131200106,0.0,0.0
4051000510,2011-12,Western,1.6129596107784816,3.7502453579701434,2.2887120686147133,3.033340426350347,0.5954369278200388,3.1003893103659026,2.2808423772276507,2.225674706476574,1.9597359053294234,2.788608983188169,0.8547285869627536,3.5384810852114685,4.535776109756041,4.027464009699395,1.580932879571754,0.0002072754809244954,4.099508532645046e-05,0.00016304993806776373,0.0,0.0
4053000602,2011-12,Western,3.6442181488833154,6.587803673470785,5.143252895024618,5.744428348935263,1.4069492827352947,7.6300981794151665,4.3490435838412145,4.5123482000001,3.8624236492712907,5.79404361978925,1.689371403359184,6.242965040343705,8.759277943867701,8.154259728190459,3.1223892755118934,0.0005109312785467416,0.0001423308561665923,0.00048673536466253706,0.0,0.0
4053000605,2011-12,Western,1.2559850233599879,2.4275387517178175,1.7346163015964473,1.9844347359570131,0.47589708049508983,2.8542408824307364,1.642097745320638,1.6203613302735442,1.383042663495182,2.0125190126586974,0.7273982582326934,2.2766425194921234,3.1085015060380154,2.3831810686627666,1.182783184041505,0.00014577482414697678,3.5218165479756336e-05,0.00014741332748924082,0.0,0.0
4053000607,2011-12,Western,1.397673327765136,2.717786118713587,1.9839972499355634,2.323267388806642,0.5172137122397553,3.1404512653417167,1.8157219588566822,1.7908250030208173,1.509915414918975,2.2395267673294366,0.7803231351896112,2.5446498241713127,3.5874196306287063,2.921774498581937,1.2859125411896872,0.0001522990955004519,4.15361169546687e-05,0.00014536114770572134,0.0,0.0
4053000609,2011-12,Western,1.512391120721745,3.019317747079333,2.0567363286810885,2.280727840807842,0.534858994520849,3.1076328731234084,1.6802781186249611,2.0027520966395556,1.5768808567597201,2.323449732009356,0.8243978747149785,2.7137334880898654,4.001283608868824,3.515856506527935,1.4291581791249166,8.153815929311694e-05,2.1129861206214493e-05,8.151962507755184e-05,0.0,0.0
4053001002,2011-12,Western,2.9289011115742842,6.094009480925521,4.376173883583806,5.523831506453287,1.1279063387824815,6.555914515353835,4.5961817317148155,4.261792245154703,3.247249858397427,4.918907454803402,1.3908852550376567,5.867130491676092,8.023891659820666,6.129772761607108,2.7331456985104947,0.0004852782890055118,0.00013918718252107349,0.00043135648200327397,0.0,0.0
4053001003,2011-12,Western,5.31915350780995,15.811582501255796,7.195598899512843,10.916561591633524,1.9923273163185053,9.830681896165197,7.520928474820478,8.785648730509497,7.4932604092284105,9.831208228189363,3.4452029359879255,14.488926093327112,17.32072324467108,17.229731827242883,5.778481060899509,0.0008015439434801165,0.00012710196818041847,0.000511162548122947,0.0,0.0
4053001004,2011-12,Western,1.9824500238527067,3.463701079625136,2.6565770755477236,2.7140982456256717,0.8119700032785422,4.740396987443202,1.9139142523294144,2.511241638590026,2.0269070285399016,2.9211759767912806,0.9501883165730507,3.371205563758706,4.856785648119898,3.914918124055943,1.7195521119545312,0.0001547365146484853,4.9192354656906523e-05,0.00017803714110019257,0.0,0.0
4053001006,2011-12,Western,1.4279164500508454,2.836350147557173,2.0234733398060842,2.377107646354813,0.5579744041056487,3.28701343962452,1.9113106794489947,1.8819828863891137,1.5713656856939988,2.3211133515920808,0.849135859135803,2.649899028104503,3.786130720039479,3.0260401553725558,1.3476291859812053,0.00012034729212769437,3.2821988762098466e-05,0.00012100118980858473,0.0,0.0
4053001007,2011-12,Western,1.7778968952357506,3.393853468375483,2.589774977494127,2.9709546415203087,0.648536443383673,3.9829654744555283,2.1764173996962457,2.330353439120238,1.879820912973144,2.8582191897211913,0.8992945445197534,3.1735332184816394,4.612065190302074,3.9127015244504264,1.6325659435190838,0.00020925914533989786,6.0743788686669126e-05,0.00019014364363226184,0.0,0.0
4053001008,2011-12,Western,2.0526913112024676,4.186070133812585,2.82433281366586,3.3661250175913264,0.6996659549107738,4.266591799168795,2.5769171965066127,2.7905284224063798,2.1867456337305002,3.269507318148301,1.0534934011468744,3.882944783298544,5.543615136783968,4.810191255685294,1.9252114822318873,0.00018261681744095065,4.4819991323754915e-05,0.0001618658360018242,0.0,0.0
4053001009,2011-12,Western,1.9975990080666208,4.47681817576388,2.747898146334438,3.680687231082845,0.7869357482028316,4.073736898167478,3.0463711581117456,2.8781086911149854,2.2406059278709085,3.4184791774036354,1.0641633112790232,4.312844606430753,6.295091731112332,5.500524436429644,1.9372987003411462,0.0001530764641647089,3.808106141689626e-05,0.00013775460521714422,0.0,0.0
4053001010,2011-12,Western,1.7945916360227756,3.3750030203904626,2.4727462415078767,2.5010251731195114,0.5860093422615145,3.6933873145045184,1.6372125085744373,2.2532628109259223,1.8286476775645284,2.679165545461999,0.9380275221153179,2.8950849346072145,4.416780283285626,3.796956807375098,1.646720339131062,0.00015853240478707763,4.193200497848457e-05,0.00014493940705336667,0.0,0.0
4061000303,2011-12,Western,1.8822257355041787,3.9822252169242067,2.5266828307568034,2.9017069440288035,0.6604606142988377,3.400059263854376,2.6429021691388614,2.5128963529168717,2.0441030012666688,2.865707603635026,1.0123794975631508,3.709234507421912,4.692279472669337,4.25721598064477,1.8327314193942281,0.00021544799899343684,4.4318490084208186e-05,0.00018510665302055572,0.0,0.0
4061000309,2011-12,Western,2.3286833535835436,5.683506839465733,3.2618474578202203,4.093601806792401,0.7526713348461526,4.228858848277131,2.488963446245177,3.2487034501625174,2.6948371153544177,3.94535502044311,1.2215159289271749,4.693203344018781,6.7546972677528325,5.729928456436114,2.3844266497888578,0.00017087466817633284,3.677917323046736e-05,0.00012153753727943589,0.0,0.0
406100030909,2011-12,Western,2.6683975149113026,5.93345599489806,3.5856724261187862,4.2321665418831165,0.8575232716431115,4.890983956131895,3.003571699387056,3.6006575578820144,3.0037011691180973,4.036248757014392,1.2353656924022187,5.566663592305296,6.589796665269722,5.902223788875596,2.4698278635673616,0.00029914904308649067,6.318760399888119e-05,0.00022879529372623578,0.0,0.0
4061000311,2011-12,Western,1.354935220035796,2.9238532262539954,1.8598813444130846,2.1045170153283763,0.4688644436151151,3.0043213244631195,1.4243554077642337,1.9377409768073588,1.4713048214042301,2.040286327291573,0.698323642059826,2.9026835893560445,3.35317329782285,2.543121587760755,1.2137699870905705,0.00015612207213690064,4.1386915939694296e-05,0.00014575451594350022,0.0,0.0
4063000801,2011-12,Western,1.9258497565186343,3.9571736593906732,2.7179946766988317,3.211253412534513,0.7105365428717265,4.295484610763492,2.219414461271276,2.6093508666506824,2.1224647659504274,3.1154758302528465,1.046083307646636,3.6246977501470057,5.167498625235887,4.127682402610692,1.8292892336020177,0.00013462133839885519,3.698754594622012e-05,0.00012665867014449405,0.0,0.0
4063000803,2011-12,Western,1.4776643926548372,2.9498686257157574,2.0062662106500992,2.2608696429330797,0.47868270704552,3.096512029386295,1.533444544937209,1.9109274442412272,1.5164941274884314,2.3571098195916758,0.8051886621559489,2.625926601548057,4.176763124264599,3.9233200322108153,1.3661942399029159,7.782469003511441e-05,1.8329138125648133e-05,7.441999082139927e-05,0.0,0.0
4063000804,2011-12,Western,2.2860883326714267,4.727852550433171,3.282542327688339,4.290327449912623,0.9090554788101615,5.218040854953941,3.683885814617645,3.1429203161839747,2.6149657107019983,3.9261705087843506,1.2386353242227666,4.429517595149033,6.510985614684853,5.179937042515706,2.1662771463558474,0.0001771448920331027,4.9478400878211455e-05,0.00016691928779034157,0.0,0.0
4063000805,2011-12,Western,1.9181050673976519,4.306193955328771,2.631561899058493,3.027928340414915,0.6175733522173285,3.3884034246917687,2.0910292983527063,2.611463688663894,2.089085649963073,2.966197536558034,1.0223328453705143,3.8214860685828556,5.047630498995565,4.734456908019465,1.9104175475033736,0.00020913692227330247,4.470494407316293e-05,0.00015627828671030023,0.0,0.0
4063000806,2011-12,Western,1.4787597189611843,3.068211986636342,2.0269881301046295,2.4238028722931158,0.5735639759125212,3.2134705381106365,1.7392510647065609,2.0169340447541146,1.6649039541432413,2.3318524460482464,0.8324418926159121,2.953375859599788,3.986208057271955,3.5137373290388147,1.3983465720443353,0.00010238696999407174,2.4281494860254167e-05,0.00010322055801911202,0.0,0.0
4063000807,2011-12,Western,2.6978361342368102,5.958841348473629,3.526160081843846,3.9688107437202462,0.8855618576192669,5.0627525671776255,2.819949181947047,3.7510197712298554,2.902728293580884,3.8963314158422455,1.2737737811138186,5.607322225249361,6.564973112663017,5.666896048869965,2.5072989180718817,0.0002108042272810394,4.69191063417781e-05,0.00017458290784416988,0.0,0.0
4063000810,2011-12,Western,1.505599426059524,3.1091746374257463,2.09259790623947,2.335710909526496,0.5656317130750713,3.164242967281465,1.6658038756994176,2.0904275947417457,1.5747254362072935,2.3564252759093938,0.7995039125602085,2.89792827595235,3.9710144285795645,3.226083951730031,1.4317065517289516,0.00014231103314709062,3.952439379003618e-05,0.00013124424929632448,0.0,0.0
406300081003,2011-12,Western,2.2551687582843725,5.211668320076849,3.0053086457874376,3.851673539943767,0.8758363206228762,3.9348134037533966,3.342890113843722,3.259702782058711,2.5813002333001984,3.622661653231027,1.1681604554407174,5.234085379767345,6.697566770696584,6.347691854401827,2.2413876009350395,0.00022156941194524375,4.747915970255223e-05,0.0001856171798047833,0.0,0.0
406300081005,2011-12,Western,2.3709459777976933,5.403754135720554,3.238221479801783,4.349025863450745,0.9541884893030192,4.8541606681851635,3.73502168285736,3.384683634105277,2.837029829671061,4.0127594340636845,1.2623963926814394,5.54166188466297,6.8754305666006,5.404862844766005,2.2433594151281815,0.0003362621438206437,8.13205388627475e-05,0.00029524203657861576,0.0,0.0
4063001001,2011-12,Western,1.9789482025980834,4.537160941358403,2.7451891124928935,3.2221043075694795,0.6229676051219918,3.513316864463385,2.1701630476645892,2.697907337843268,2.1438101374085616,3.08548368208676,1.074570082372891,3.9263819505868884,5.093056343022396,4.506477942471053,1.9681995074977336,0.00027983890496795303,5.9818144305188976e-05,0.0001999613994989164,0.0,0.0
4063001002,2011-12,Western,1.095371748486511,2.275512929935893,1.507097091564379,1.7575314154958608,0.4004284458688756,2.3493804943073604,1.4785587235692197,1.501719282006955,1.159650028985778,1.756212740063007,0.6037744752787143,2.121442117173831,3.0188876839804824,2.186962296395092,1.0107295155554394,7.687812346627754e-05,2.1956945307834893e-05,7.799511397397625e-05,0.0,0.0
4063001003,2011-12,Western,2.339942725336156,5.120398963664371,3.1179514461228384,3.864769423041401,0.8450068562423197,4.824989039793041,3.4209287936344523,3.3799793285822983,2.6810338241191967,3.59158039859672,0.9202921937529664,5.548810567111305,6.177947620726226,4.770277994547816,1.986232826054684,0.0003827640376174759,9.851824377313442e-05,0.00034747493013129573,0.0,0.0
4063001004,2011-12,Western,1.646931522875071,3.86801486211355,2.260075799029188,2.5721350113314894,0.5107752526973198,3.1759739306425376,1.6504130077939358,2.4369727238927967,1.8442824289056787,2.535062105258256,0.9239052439015102,3.635510020374948,4.636063454010458,3.9390015355235217,1.614514819596769,0.00011432188017107074,2.50775712074424e-05,9.50169173260823e-05,0.0,0.0
4063001006,2011-12,Western,1.1724431935543056,2.242977711516388,1.6048909336507469,1.7910462824525548,0.4315052751009163,2.600612076909216,1.5323302569261268,1.5004934608151415,1.2476741244966056,1.8230320691907496,0.6937809185402306,2.0873843168636284,2.8414213363540686,2.2052527922890697,1.0930114167006868,0.0001470648144831179,3.480009647528325e-05,0.00014856570454565595,0.0,0.0
4063001007,2011-12,Western,1.2051123634993142,2.3676231066847695,1.8225667447297333,2.2753818996644815,0.41465952970455067,2.772728423462137,1.380553266017064,1.5083063269669623,1.2732086353736847,2.124378665119831,0.7677662121369987,1.8547159469317547,3.428972599544122,2.715244174451855,1.1261381942857034,9.34010826948989e-05,2.5861052466598352e-05,8.394675086377799e-05,0.0,0.0
4063001008,2011-12,Western,1.1783508384078634,2.565438147730017,1.5265190654130558,1.7876611643684315,0.4097681219640572,2.480021048255021,1.3624372496332589,1.6916991549500278,1.3554604067278193,1.7823771182127088,0.6523719601817454,2.626330443887782,2.9562757800647725,2.3833779896453087,1.05901992303268,8.355652855105286e-05,1.9439504647286932e-05,8.226234149901855e-05,0.0,0.0
4063001009,2011-12,Western,0.7636768008781094,1.3758851037485345,1.1425896298620282,1.3853395592483302,0.32324692382817827,2.0420737808365863,1.122983194210507,0.9532773020908742,0.8382581237135757,1.3088865873109152,0.5100682705594014,1.243032973615834,1.9827503540005265,1.5316485644102977,0.6919845727256718,8.916912248860697e-05,2.5274834029529287e-05,0.00010000304647244179,0.0,0.0
4063001010,2011-12,Western,2.061842273712867,4.555036781058049,2.6988686105307997,3.0609581500856162,0.7176570416243833,4.2102013055700915,2.423455217216027,3.032910874109683,2.139042421833038,3.078275689192083,0.967315693578546,4.524291774892931,5.456112143781731,4.054898130614162,1.8861862368499402,0.00015237012396981294,4.2969856678683065e-05,0.00014133533102811537,0.0,0.0
4063001101,2011-12,Western,1.0954701280583683,2.2948623648713578,1.5212825641860395,1.7469693771159787,0.4023009232154262,2.235979806068047,1.3201028195374789,1.4515443882818204,1.2218452822673878,1.7980404587164003,0.6760596887310719,2.048390941882631,3.015651751318298,2.543768969856601,1.08899902410328,7.747643423701561e-05,1.7562288730965293e-05,7.616350331864816e-05,0.0,0.0
4063001102,2011-12,Western,2.7819488336203815,6.192319328927652,3.6975421950425487,4.7629224944979365,1.1200485309870267,5.239750400782765,4.488573684449415,3.9781202314479973,3.1748605899250983,4.405364959544786,1.416038802022573,6.522536219439194,7.870411236731677,6.793063353543697,2.6203879040565248,0.0003235551911436625,7.451167264926667e-05,0.00028850677904559556,0.0,0.0
4063001103,2011-12,Western,1.3086985485413698,2.5995612002067903,1.7583504486797492,1.8171299908400973,0.48457905536164936,2.9372133343225957,1.3139979335870557,1.8144011869846612,1.3693418175442023,1.9182402094867392,0.7025436265478825,2.5501936804277534,3.3222308994755094,2.5827087875666614,1.2102077160837164,7.202108646518212e-05,2.120417774101809e-05,7.985941277788842e-05,0.0,0.0
4063001104,2011-12,Western,0.9534758009313209,1.820240584014311,1.3853834313476905,1.5379872677853206,0.35365162211498885,2.4087940944521335,1.0480258867380574,1.2556368462564305,1.037805036169282,1.5534690971473037,0.656121669120769,1.6334103158177373,2.491949923699984,1.7789468992377664,0.8927122639392298,6.891560128663206e-05,1.9741448285233143e-05,7.591360348821947e-05,0.0,0.0
4063001105,2011-12,Western,1.4804078043572217,2.82283303120219,1.97265148243047,2.44726476282516,0.5903003624647315,3.436885087830147,2.2653949509860336,1.8991351935831295,1.5693216203912326,2.4039459459043178,0.7475988321771668,2.841310288299622,4.022369565823045,3.3419034220388535,1.3075657609595863,0.000154963922380104,3.780180530787386e-05,0.00016691748307983158,0.0,0.0
406300110502,2011-12,Western,1.4528362476047845,2.8731722261072754,1.9461207510225669,2.422718128001811,0.5871068994341245,3.2781985153475897,2.331436960895652,1.926137710702797,1.56758935687587,2.3498644059022666,0.7756841682657214,2.8849805035601643,3.887135784622343,3.049208755254141,1.3235856768202454,0.0001847242639791571,4.401779813759956e-05,0.00019533726215211118,0.0,0.0
4063001106,2011-12,Western,3.7348350873818266,6.697693255800442,4.9037829482120365,4.911532137807149,1.4425818394618737,8.283409032937598,4.223163828490448,4.918371983316205,3.8153012984435035,5.2017903474625085,1.5719953511391018,6.816203946029028,8.529319886554902,6.686169840125976,3.189538469464143,0.00030640611158461645,9.740970413063177e-05,0.00033023879498126317,0.0,0.0
4063001107,2011-12,Western,1.3783196522828636,3.092538460495979,1.925721294345963,2.369478913105915,0.44025700054772987,2.693613548051034,1.6449562190640135,1.8524499022628627,1.5151340037149736,2.2432255426999186,0.7781723362491417,2.667918960764079,3.8096392122675957,3.12987461904682,1.31113569671822,0.00011116149417290766,2.4583791980546887e-05,9.15544605406652e-05,0.0,0.0
4063001108,2011-12,Western,1.7366001674837628,3.303710801514919,2.4530992267682055,2.6770928997220227,0.6410048661765478,3.8919871984415915,1.8242697650378115,2.260140329636825,1.8765055118245284,2.7294131504619874,0.8011999423491919,3.020468133178628,4.34697593588099,3.5634581786009156,1.5540601525154247,0.00018339915761378335,5.2268759919928255e-05,0.00017395401160260406,0.0,0.0
4063001110,2011-12,Western,1.9150318072259873,3.747519966932105,2.669774777049019,2.983669013442006,0.7293352170889308,4.435047644123646,2.3322212012235015,2.6742262329419146,2.05650221662213,2.974958563496257,0.8616276541750586,3.8376425338547784,5.107567142337079,4.0567502921773935,1.676201208316569,0.0002430512203694397,7.223813360825453e-05,0.00024192074450181126,0.0,0.0
4063001302,2011-12,Western,2.611874182321139,5.08234066498261,3.812235639855309,5.03558010578804,1.1328471828909235,6.723116862917683,3.9301118336408694,3.5838763756856054,3.0668657158918187,4.717915758443689,1.4451314496827683,4.7916214323584665,7.8973551053200515,6.1775426136460245,2.420559522050034,0.00027040444200306004,8.305279290093987e-05,0.000280378057175652,0.0,0.0
4063001304,2011-12,Western,1.5931455922561237,3.1588950006202348,2.2507334116531132,2.65488925734735,0.5482700705893143,3.622837316990237,1.8919727567237756,2.1131663238694385,1.6849456839228916,2.5660038074575064,0.8876661393477006,2.8872816721257,4.179686436711738,3.3271158094678794,1.4708986527034555,0.00016972667036544174,4.473626295574743e-05,0.00015735226165594125,0.0,0.0
4063001305,2011-12,Western,2.5248904566266406,5.225440810838973,3.4218005216046805,3.9070997274286707,0.8919260680255878,5.161724095041836,3.123172324108744,3.4381345959249328,2.7266306386228982,3.816578720493473,1.2870238461871875,4.999157144399497,6.079818615289085,4.939279467655066,2.38314109379073,0.00033248976182466314,7.778430207824687e-05,0.0002956441948941231,0.0,0.0
4063001306,2011-12,Western,1.4619424306258153,3.233161452496846,2.014055535866445,2.3823854534900955,0.432166113854341,2.481669830976152,1.6437819951649981,1.8079920511399574,1.5326629724993015,2.341229735543114,0.7715418405662603,2.6294608720203585,3.978254905823521,4.0688814398150885,1.3842604910804164,0.0001578290933597824,3.118234645023834e-05,0.00011129445269892756,0.0,0.0
4063001307,2011-12,Western,1.9240845489857055,4.349527905218229,2.765549093958569,3.339474548240788,0.6856839491449962,3.9679775066384284,2.2189682011932756,2.839145999365804,2.2681306675228656,3.223074072616572,1.1133960587373772,4.014850517580216,5.690975748414726,4.562251034147808,1.9675437707150787,0.00011670327546708299,2.9322431021880146e-05,0.00010303209531666592,0.0,0.0
4063001308,2011-12,Western,0.9787330701274477,2.1050136257643968,1.4200065297964042,1.7616938042492496,0.37740004114681663,2.1455946334076494,1.3949816063754412,1.3406159501337398,1.0906148006148972,1.6822030074406613,0.5832899939742265,1.9063825479345238,2.8033148065934728,1.9428324879284737,0.9245125018957472,8.58573875562714e-05,2.301936489409533e-05,8.187859217625507e-05,0.0,0.0
4063001309,2011-12,Western,3.7859356352101576,7.6167520663928405,4.898862065616378,5.41516261671335,1.547265673427452,8.098714361740873,5.1045219701624305,5.34790071754231,4.043921873130015,5.3830342412310115,1.6792530733452176,8.029717673506873,8.889370293799336,6.819665465882874,3.411204413650274,0.0002892748030423718,8.41919202884515e-05,0.000293787045031086,0.0,0.0
4063001310,2011-12,Western,1.962587554085442,3.5710213788189598,2.709725172201903,2.813457576661753,0.7167389625891508,4.519809459501534,2.163730221018839,2.5751157952280628,2.0220806863424627,3.003755675324923,0.861916441737239,3.3005649512399566,5.026809389403753,3.8966272244636753,1.6786511519855916,0.00020668740376658022,6.303074920898944e-05,0.00020840192336235008,0.0,0.0
4071000203,2011-12,Western,1.610241230987277,3.179190972552148,2.5295298675438915,3.603982208729756,0.6944414819368446,4.172354529326663,3.0527927121326206,2.1709559354553574,1.882131932502275,3.004361602684757,0.9145023930258077,2.8963809002226095,4.659697459995688,3.3741824162924394,1.4947730561168042,0.00018059684632169306,5.5938114087952985e-05,0.00018128791907520253,0.0,0.0
4071000206,2011-12,Western,1.283043804747398,2.3521141442938975,1.8540995095327024,2.289238736014478,0.588503559110481,3.288927193283954,2.3901481035327983,1.6839829787376523,1.398068283685464,2.193250865075276,0.7204709281287122,2.284720855407318,3.512897599695865,2.501368914975527,1.183913545122811,0.00012032607956509896,4.566921656220802e-05,0.00013801488910558847,0.0,0.0
4071000207,2011-12,Western,1.6612379727409186,3.0552842351795957,2.3166395033872433,2.6848491063888673,0.637101598153531,4.165631727105291,2.2401267694757783,2.2128245561777233,1.7570092871218845,2.658507160463655,0.9968758442813866,2.799156408069425,4.267579021309258,3.235910865022121,1.515839414088264,0.00011722355316034988,3.295487048963144e-05,0.00012829324658521083,0.0,0.0
4073000302,2011-12,Western,1.7338618347470116,3.408966719330062,2.3401502280889757,2.4766129158945667,0.6166621077858379,3.68031166386758,1.9656523067290403,2.2919342526122923,1.8430743291339478,2.6058449967785897,0.9134296065559522,3.1442023092150433,4.191301226521409,3.1863398187193863,1.6252833746667055,0.00011412215572975729,2.9617416606056057e-05,0.00011250075195201843,0.0,0.0
4073000304,2011-12,Western,1.2952289828088452,2.4735345573278824,1.8352145976104486,2.119750274627671,0.4919907682429124,3.175948408612507,1.600159666393111,1.6939573585905454,1.3869915861641382,2.100574033731461,0.7893541044307181,2.2929428190989283,3.436752006948685,2.6926919076992553,1.1955587113440673,9.959518371464797e-05,2.7302817604532807e-05,0.00010578046826299332,0.0,0.0
4073000305,2011-12,Western,1.7354505901217334,3.36289422803297,2.346780567075245,2.622757050763237,0.594838031902576,3.7891206907445536,1.9526648422306097,2.302476089902625,1.8234199940611482,2.693133832856993,0.9051455182196266,3.1765045481536176,4.477157040070103,3.8530098856187815,1.6034353950100269,0.0001446520242902151,3.5207155691781424e-05,0.0001391369637911895,0.0,0.0
4073000306,2011-12,Western,2.7008627461510115,5.884695416203633,3.6527430563819983,4.09975329548829,0.9262943556666733,5.289388675782564,2.761054815930302,3.761538064747889,2.897041072472887,4.068078139934217,1.3758401734968022,5.376239374806577,6.825645642664961,5.800186093414905,2.617983508772092,0.00022234287550578692,5.416705783783671e-05,0.00018447737980446834,0.0,0.0
4073000307,2011-12,Western,1.7843432951256912,3.8671415028625433,2.3874691810596,3.030514447641144,0.6910929047837664,3.4911063747623,2.6924987995843637,2.488208519804973,1.9716493885395623,2.8857028652703156,0.9309545837139539,3.8454090930175813,5.058302108533231,4.361046326911414,1.7047864946148548,0.000203731649165036,4.561709862979265e-05,0.00018819900406718816,0.0,0.0
4073000308,2011-12,Western,1.2634768972764898,2.6461844594516633,1.710615997756734,1.9087610508664792,0.4167274837285551,2.6402004476465857,1.3233611368827822,1.6897213861208125,1.3641628729632151,1.9395785352496853,0.7180732487165995,2.3970876929759974,3.1913195608380316,2.4749984069621136,1.1802973074119214,9.220775309124173e-05,2.158421186592737e-05,8.682709064170085e-05,0.0,0.0
4073000309,2011-12,Western,1.4337227196979794,2.9627117740807165,2.0371996537619332,2.479344749123523,0.5221535872506902,3.163996283285966,1.8670043220603414,1.9197222086312715,1.5817989080133552,2.405478770486858,0.8697794738923273,2.6246302957076577,3.9481495844940984,3.0699737704741064,1.3786635713646798,0.00011928285304536322,2.98207132613408e-05,0.00011211795341717659,0.0,0.0
4073000310,2011-12,Western,0.9801882278067804,1.845103536787801,1.3755014053033676,1.5923896185313522,0.3809991928411099,2.135371272558402,1.3450216336888117,1.2739653817100813,1.0294385289764523,1.6328746546272463,0.6282083839293173,1.6046407707060242,2.685931698371425,2.3417786881071123,0.9412897058991467,8.126990193226246e-05,1.9974007106888956e-05,8.35996106104505e-05,0.0,0.0
4073000502,2011-12,Western,3.513911748706507,7.453111973428794,5.018302301971876,5.868659333221658,1.37838793581451,7.790019829668553,3.696524968121404,5.041360906359779,3.829544980840274,5.575027838233844,1.7222487585966626,7.070630662033085,8.891304449702034,7.230321657912881,3.4090326333532555,0.00045490112851931657,0.00012708989399874476,0.00039666847484157375,0.0,0.0
4073000504,2011-12,Western,7.399474497161269,12.708502258489403,9.551934745287136,8.852918872200208,2.6334817103643755,13.243945925694232,11.556744801793402,9.01903799394488,7.156562201971081,9.033527309628681,3.6610277249527705,12.940284509103343,12.54345512661519,10.854975674833948,6.506555266271801,0.0008382998859493334,0.00028741710375405715,0.0008057340485572613,0.0,0.0
4073000505,2011-12,Western,2.606636698189417,5.688824998477429,3.615795479808326,4.427623760533648,0.933088226628305,5.2770291349208085,3.214933777606648,3.6339511881608013,2.8946154589385733,4.216847702799917,1.3441546017783106,5.131903060325667,7.0759712865971185,5.847049819603957,2.5267630667816374,0.00019965633281157072,5.0432940616644166e-05,0.00016817258287822742,0.0,0.0
4073000506,2011-12,Western,1.349321357708153,2.2264376353475663,1.9243158214532887,1.9816809455154947,0.46720025435118673,3.3647580723134247,1.2410222789048064,1.6301057891758999,1.3065186936016548,2.127857279520015,0.7100061667874303,1.8805260573100335,3.552328193017298,3.2891460455137485,1.1589646057300995,8.915226363339871e-05,2.7930614239577446e-05,9.359588218981758e-05,0.0,0.0
4073000507,2011-12,Western,1.607107783374708,3.587268485549596,2.3170973354366016,2.9899738322634657,0.6079258827362239,3.324515526868012,2.307747489668468,2.1935866273682163,1.9076305739972543,2.834972700890942,0.945252532664345,3.1657739847084336,4.655591306343306,3.7143367124424356,1.6131517999376301,0.0001389375491768349,3.389741410639646e-05,0.00011957569402588804,0.0,0.0
4073000509,2011-12,Western,1.7161324534219407,3.619824492024105,2.5347862034036606,3.285957299982189,0.6848640911323354,3.8003816905669705,2.3547920934851994,2.3690661402116073,1.9493166820517824,3.0513668237892957,0.9071323583476543,3.3566142186421013,5.143801596624454,4.128996354125735,1.6614590450353988,0.00015576009517317814,4.392901186664509e-05,0.00013942167983132747,0.0,0.0
4073000510,2011-12,Western,1.3755875706138814,2.548059897542958,2.117806749124318,2.6695015821010504,0.5742335215831504,3.764440910218171,1.9198265387927351,1.816194917685428,1.4934315781172167,2.424989935637419,0.8240042377629496,2.2852210436075637,3.8411500777106005,2.8456356795798334,1.250767870468033,0.00012569406225276512,4.29668478108942e-05,0.00013401351789232103,0.0,0.0
4073000701,2011-12,Western,1.4604668280478037,2.969770898392266,2.0042504873879996,2.272151066493467,0.5127707957449117,3.2569593112262325,1.7207705144376084,1.9525776115783493,1.6239575119581358,2.2153975765088094,0.8014397443941571,2.9282151698091634,3.494977644484104,2.730387199122244,1.3372709296095948,0.0001981883680501247,4.649804019637542e-05,0.000187902648701373,0.0,0.0
4073000707,2011-12,Western,2.7155750367763902,8.17281628526198,3.7631059082355143,5.408833502926101,0.964813610147249,4.237785956883678,3.7173862726625724,4.222571023098092,3.4336679302164725,4.778244531030751,1.9012662832113283,6.658091630612946,8.445835920296876,9.428401312507928,3.1896135886999364,0.0004949067872078807,6.842029316237983e-05,0.0002823326893862688,0.0,0.0
4073000710,2011-12,Western,3.3067496251116983,7.037118409409325,4.221217501475446,4.713456602870701,1.0401133576681767,6.141145219767415,3.367774699888252,4.624751077233728,3.3320427718937813,4.789657622219158,1.3104218630862547,6.7557761569770785,8.628761442049207,7.917265818522423,2.980896719610469,0.00019887781368625463,5.0968685919592904e-05,0.00016545970202479685,0.0,0.0
4073000711,2011-12,Western,2.1160920250923887,4.241227230602932,2.9653004813537547,3.482885290006032,0.8881464297405625,5.075319664623556,3.0486922015501454,2.9290439029785285,2.3820177994282794,3.3478294881116257,1.2140962275266218,4.208395496437396,5.366331737134602,4.108789494349613,2.0080067384159026,0.00019922016555949613,5.664394259564779e-05,0.0002040599719355604,0.0,0.0
4073000902,2011-12,Western,2.561219424193454,5.633595521409451,3.4730166272418668,4.1005991369916055,0.8190119504594356,4.870528422555362,2.9563741393161163,3.5351323201830502,2.7268174070303735,3.973916123434974,1.2767065952007997,5.085736985402877,6.5733276739567295,5.586851407742143,2.4562036459683725,0.00032372674063244636,7.16519242659221e-05,0.0002535850302172439,0.0,0.0
4073000903,2011-12,Western,2.7467562489374218,5.673677271540033,3.638383624056971,4.618772995335644,1.1670094427205522,6.0225152232358745,5.100738739930698,3.7979320220492983,3.1007118373353717,4.273322390452305,1.4240787814407905,6.346808812291702,7.294762328174532,5.541855165115787,2.3958189230078704,0.0003737061976284872,9.486388093646213e-05,0.00038418584841601246,0.0,0.0
4073000904,2011-12,Western,1.3778965456472032,2.5701784779164334,1.9157050700920548,2.3370569217961816,0.517186022172842,3.1417200358092687,2.0556789274622354,1.7611392710199432,1.4484735287715076,2.2995522948156846,0.7749028690166884,2.33618631286108,3.960484799157325,3.5397689317091325,1.2553075862021947,7.286996089362275e-05,1.9029160579894058e-05,7.939729268741402e-05,0.0,0.0
4073000907,2011-12,Western,0.9965323388488664,1.7344851369162817,1.47118410146329,1.7501893408208085,0.4148086620616607,2.6552721348451134,1.4247621331068092,1.2422406904924888,1.0482858890842313,1.706869066238596,0.6743305494810905,1.4912669459512526,2.6186750999681316,2.0302465380926513,0.9082412784172006,0.00010494988684572979,3.052530755532413e-05,0.00011657895209125566,0.0,0.0
4073000908,2011-12,Western,4.778741011196987,8.332914591136921,6.358934291665146,5.99902531631299,1.6443784067566098,9.570207019154953,5.445234153882466,5.935727744144686,5.009722956550959,6.506058610337932,2.307276375360554,8.095429911557426,9.765644352513709,8.301220354358442,4.095901041135797,0.000488792310419617,0.00012783798887897678,0.0005016508051221697,0.0,0.0
4073000909,2011-12,Western,1.272155000646161,2.368695904976636,1.714781829804829,1.7929764328143198,0.4655363401987072,2.8963438413086395,1.3019824870423349,1.6106927810611356,1.301441349460943,1.9053684268991427,0.7102609403873122,2.1701899602640258,3.0975294284760624,2.5449502270152866,1.1638908485542148,7.803274524922857e-05,2.068540445184292e-05,8.559063358365898e-05,0.0,0.0
4073000910,2011-12,Western,1.656091036692146,3.312409655151661,2.3431716442552952,2.7427880882069617,0.6291414865694591,3.7699366166001798,2.10373496167942,2.2951421508316576,1.7970173004230756,2.651389896011739,0.9668845173046855,3.0827803635646567,4.507190387366038,3.638016849343406,1.5712765239961808,0.00010658644796179366,3.0312283481197928e-05,0.00010823482641300802,0.0,0.0
4083000205,2011-12,Western,2.1432494623978666,4.582346530843105,3.1055756357068924,3.8821017078688076,0.7350518106103218,4.639149701911527,2.8625917441469144,2.9509606941340514,2.504328123432605,3.454881154327069,1.06349287033234,4.451917959364753,5.483238723153887,4.542152329708746,1.9038070128003843,0.00047691243910084403,0.00010834617912112427,0.0004117736228298583,0.0,0.0
408300040504,2011-12,Western,2.880730898303083,5.572605838795797,3.7729957514796917,4.742080290555447,1.208963314157507,6.938909797023112,4.831901445047482,3.927473126326418,3.127287752635101,4.518969523818881,1.326437632992265,6.010582597182391,7.530220493245606,5.991203483752514,2.513329374624501,0.0003265913002410568,8.14643468017018e-05,0.00036293399932620427,0.0,0.0
408300040505,2011-12,Western,3.068179308268919,6.865115417820321,4.0674424540945635,5.257728833974056,1.2315020539081278,5.756503635716144,4.937992486622005,4.418496959796002,3.503515061153284,4.843301931684433,1.5364688168752685,7.256515025560329,8.67696575943329,7.514913563824288,2.8853348511449557,0.0003554222556376122,8.185035347671152e-05,0.0003140758690627909,0.0,0.0
4091000202,2011-12,Western,1.6052207536645058,3.2141461063964374,2.2792497185585723,2.7248787602479636,0.6384157913466934,3.5964058723393535,2.2950442035410665,2.2484418905680097,1.7947046735849324,2.623812869162673,0.9440654325452409,3.0831955364219463,4.587279032638823,3.8869032297041244,1.5513353482130006,9.37435786597195e-05,2.5887939981984913e-05,9.84375097787306e-05,0.0,0.0
4091000206,2011-12,Western,2.735538893809996,5.705222403909809,3.8995633986991525,4.7670950693305025,1.1843298001909517,5.850935675477005,3.517413855083491,3.7216315164751346,3.1257773299835927,4.532322367508053,1.4241265996459764,5.439724336286386,6.878425094405168,5.881745953524583,2.6539675672870127,0.0003550385176977946,9.383160824870285e-05,0.0003158589349690514,0.0,0.0
4091000209,2011-12,Western,2.1154472258997226,4.27646625256091,3.145408013498883,4.024148165585391,0.7672085611832853,4.626965139792568,3.156767382576053,2.8320337932315174,2.3194413046985094,3.632741631809571,1.133171957309136,3.7178038804119593,5.7723131295036785,4.705309084469812,1.9507708770229235,0.00040424763701492247,0.00010444190621873833,0.00034898446037919586,0.0,0.0
4091000210,2011-12,Western,3.3410771826881165,6.9290497437645175,4.435551650565323,4.884869310859911,1.193483673890579,6.450561278621823,3.7439530884840058,4.480941121747006,3.593359798823518,4.890404722788543,1.6312909925112706,6.519623919520531,7.980984761465073,7.070429454770925,3.1361034908068675,0.00026108232828313976,6.278408370618361e-05,0.00022553455532411704,0.0,0.0
4093000505,2011-12,Western,2.1478120165695667,4.964880594044762,3.010966919830029,3.6310164414007384,0.6954933675606946,3.9477448523174585,2.366018976637351,2.9518569960053194,2.421680907027561,3.4642747862959853,1.1413133571677876,4.338993973863563,5.687859702932006,4.890892214335906,2.144080017152135,0.00028047843307673454,6.193045693847606e-05,0.0002022838961541226,0.0,0.0
4093000507,2011-12,Western,2.227605116009542,4.445010222463462,2.8761028615507374,2.9512298449343706,0.7002399728823353,4.293062093328602,1.9187145520787197,2.9600458063025172,2.209200431296014,3.1158940454054895,0.9980882265218376,4.077937175981845,5.357080046360741,4.957654954871443,2.036828339527929,0.00012076227704131602,3.126705633282048e-05,0.00010967124568125248,0.0,0.0
4093000510,2011-12,Western,1.3025126082356824,2.4898019831089435,1.767589789551486,1.9297973604303593,0.4595416278803529,2.8515697033945115,1.3981376903729332,1.6341206085948619,1.3379996947308528,2.0182415832788663,0.7234118069595771,2.2362749012618806,3.3466716912311716,2.8804953815112126,1.1943518965147897,8.306413137171107e-05,2.0691868439917312e-05,8.534586332193582e-05,0.0,0.0
4093000902,2011-12,Western,2.7868669632324603,5.565172290196494,3.903574794677861,4.851833433299285,1.2963080388530783,6.276681623776975,5.448033827795563,3.7484338106798267,3.1675842247185493,4.504705607874466,1.5671182934242474,5.9109107506734375,6.4574297549082535,5.588215012581796,2.5259747066542824,0.0004310575744366297,0.00010942230735699062,0.0004379099082148525,0.0,0.0
4093000903,2011-12,Western,2.4567062409680025,5.354542514373101,3.3458112811933556,3.8464470756996674,0.8758966756795097,4.710428820524355,2.7555192550400682,3.32477712262657,2.7524550106337813,3.8439633051563757,1.2771349311590365,4.816087091485933,6.303361318553091,5.453836595480929,2.408568467609262,0.00019605310530300383,4.592476850248446e-05,0.00016272949166363357,0.0,0.0
4093000904,2011-12,Western,1.1609378526041088,2.079254993425748,1.6520284377988776,1.8718222902130501,0.47786948665094864,2.919030646965474,1.703436381954433,1.5162165083199626,1.163437726031397,1.8997140112810584,0.6006430731925755,1.9819188438521889,3.0663481961322145,2.293736817543475,1.0125247531566055,0.00014620494354910775,4.829120238087252e-05,0.000154321900122838,0.0,0.0
4093000905,2011-12,Western,1.5338983784814764,3.1393075182882737,2.1503898573655293,2.58593362445147,0.5179392164509222,3.244908706289812,1.9500474300995547,2.0325711200937038,1.623466544164971,2.483347892675383,0.8644507200282813,2.795120569506642,4.055466795308786,3.2858808882237067,1.439522627305153,0.0001790630866310818,4.394779244143245e-05,0.0001569553697470123,0.0,0.0
4093001101,2011-12,Western,0.9906645019237968,1.822990382792477,1.3362999029119582,1.4431685253117803,0.34610790513581596,2.164803394906567,1.335275929111317,1.2289081500591894,1.0451746485255229,1.4715659534882082,0.532852662393451,1.732086213432382,2.294949149428206,1.7889913917990554,0.8734997977268808,9.139541928116773e-05,2.3140542328636083e-05,9.544842947643862e-05,0.0,0.0
4101000102,2011-12,Western,1.0070324536166595,2.0174713823325705,1.3539341022502058,1.543610433471432,0.3940879806113684,2.348244853583422,1.298560000437109,1.378677448671809,1.1002375217542224,1.5347757400057056,0.5183429458124461,2.0925187743044806,2.4719318591921198,1.8584362071971492,0.88702279554963,0.00011764194523103179,3.203185573953637e-05,0.00012377401954548472,0.0,0.0
4101000105,2011-12,Western,2.7391551085178096,4.684606472362658,3.8214220672888533,3.953999755651344,1.0447446210877944,6.130513436880712,2.593557499152022,3.300461381028873,2.7233405732746836,4.1498374495365,1.2126746113867541,4.222844868289229,6.49694938342371,6.061170612694856,2.367443935370707,0.00027893791682343514,8.422476059928398e-05,0.00027216973591274145,0.0,0.0
4101000107,2011-12,Western,6.328083226345851,15.085993027609225,8.219737484769965,10.631560783701337,2.0762133801683307,11.252675913223872,9.899984714348601,8.943802387785711,7.658173256172117,9.547615431846893,3.768442318257021,15.361683999566733,16.113696887474568,16.19903046152148,5.577312947640489,0.001115804318932231,0.0001606758219262413,0.0008306965157167312,0.0,0.0
4101000108,2011-12,Western,4.754168681349216,10.687516556992788,6.713210622354818,8.916265020290412,1.818494616293049,9.397568457699306,6.715483207843813,6.787231475652982,5.424590975796699,8.16109257340843,2.1838561648692703,9.808769102662268,13.172754108041316,11.809178496076234,4.643056622598306,0.0006301418560964352,0.00014299892979012453,0.0004928983661877087,0.0,0.0
4101000109,2011-12,Western,3.386434846884574,7.9150752100028,4.64043752746734,5.652840806951373,1.1156524196055575,6.414144497347317,3.373883830172095,4.801352872667628,3.9351967106211294,5.533236646562134,1.7275355811410829,6.818806324211593,9.768023424010865,9.003583617393078,3.2940503555698526,0.00029205700339739844,5.9226151976511066e-05,0.0002213962587074494,0.0,0.0
4101000110,2011-12,Western,1.481322714860843,3.9743263844918113,1.9692306758352962,2.439756698890027,0.4789620270596138,2.71472000938798,1.9164227038504509,2.40279700887805,1.9017965558037264,2.2499738067227626,0.8293234376725427,4.115698274634972,4.215670820917292,2.994800192905888,1.3873993356585144,0.00014551426962131441,2.8132023315720375e-05,0.0001182471468204896,0.0,0.0
4101000501,2011-12,Western,3.3990406243610716,7.093317418343346,4.406191858649155,4.724224434197633,1.264431766078242,7.106639571174478,3.5525957909335224,4.996469465990251,3.586026050510553,4.824984596821384,1.4755102350263365,7.239172486289554,8.457370072267642,6.805252218865976,3.1405124839482035,0.0001814092596975801,5.249029923111362e-05,0.00017828367785259047,0.0,0.0
4101000511,2011-12,Western,4.97481283244509,13.347152479099098,6.622870113968454,8.935169494238467,1.669813028716117,7.5045053204931635,6.700259389323403,7.374195211710938,6.089975853549215,7.930727242329342,2.9113056226584746,12.272712398865156,14.16532634283139,16.543313309782814,5.128217178930557,0.0007848563802375196,0.00011015528143684486,0.0004827865613188708,0.0,0.0
4103002601,2011-12,Western,3.4437518818880717,6.88636358514063,4.54257431957612,5.206696232104641,1.354321278796105,7.477933854024879,5.665109944674773,4.694917969596109,3.801776213251875,5.1259069576069285,1.7627002928717173,6.990659604484067,8.076033765374785,6.657863349114835,3.1571320419787297,0.0003237810617000648,7.36096007458741e-05,0.0003291518886083763,0.0,0.0
4103002606,2011-12,Western,2.5729599573267934,6.5309532191474595,3.482420443709332,4.234054944319434,0.8302932800274375,4.084064536054361,3.180003991979995,3.719044669721322,2.892331808752962,4.071296927600473,1.4163566038417936,5.507295152784506,7.158415394479548,7.328288082364512,2.7368253334556494,0.0002498846407542942,4.55077119911541e-05,0.00016507652552386916,0.0,0.0
4103002608,2011-12,Western,4.864328762358046,8.470902312027786,6.715119103563796,7.109730495319665,2.2635479463663164,11.09363145870594,4.807319793232785,6.196511161655501,4.833684373362503,7.043066243379169,2.084132884915238,8.46666343446061,10.411467299478831,9.208321332179683,4.342915834392189,0.0005761149298882764,0.0002181006520291332,0.0005909858249309086,0.0,0.0
4103002609,2011-12,Western,3.316755818700618,7.637833262075463,4.431562098196412,5.492731066835154,1.0357968219769405,5.794016041623898,3.9263423663746555,4.624618237581938,3.63510591840928,5.324682230649647,1.4993646271535501,6.746603731306746,9.271579268934332,9.009297118926755,3.228087361129597,0.0002904999748553681,5.8927041162832664e-05,0.00020724358653219095,0.0,0.0
4103002610,2011-12,Western,3.034312499020328,6.604494570095956,3.967143877340763,4.374370775166916,0.8883013611021354,5.719176867007471,3.109627659563849,4.284210620441133,3.135997300513099,4.580763676329967,1.4239879339042791,5.830636628381867,8.096834320517683,6.836463683992695,2.853248957152722,0.0001411065800360581,3.267560205904111e-05,0.00011571492360753692,0.0,0.0
4103002612,2011-12,Western,1.1461913673579003,2.441629192823203,1.62744931394144,1.9795673033471033,0.42640451782455874,2.532674845092946,1.567195701196045,1.5979238014478245,1.2698566262956736,1.9202243161191364,0.6493832558391354,2.291676024041154,3.29475460372344,2.2749214623679284,1.0782690987819328,8.565816132098587e-05,2.4701720142489962e-05,8.443579647220659e-05,0.0,0.0
4103002901,2011-12,Western,1.0437036726277942,2.144453846228138,1.4471695528660868,1.6399217801782633,0.34429303547145695,2.273036990522309,1.0902298955494283,1.3592473912602854,1.1299383223100068,1.6527688618383514,0.6214211149947417,1.9448574481880165,2.7550312063539577,2.188148635722495,0.9627794951585187,7.284605102009336e-05,1.7238723874941346e-05,7.083854733632587e-05,0.0,0.0
4103002902,2011-12,Western,1.9884679908246403,3.816418951105099,2.5599328801221244,2.701488686880135,0.6507677726137601,4.244017600723015,2.1054102576787774,2.612042018530145,1.983870533146242,2.9084668344858247,0.9187561027158782,3.5267669138238324,5.063898270443405,4.222595432063592,1.7153555252999204,0.00010263105795698832,2.623434346653353e-05,0.0001044040578841033,0.0,0.0
4103002903,2011-12,Western,1.743190462517875,3.979149285578489,2.46303145165546,2.9897531196506866,0.6050478799708877,3.3804048829599305,2.178957209646475,2.4610303846171155,1.945872388788351,2.8560250823717825,1.0414553126924602,3.3985043603327836,4.715255780192251,3.7176552831024736,1.766955729333295,0.0001735379294264051,4.106179496466086e-05,0.00013954303892893148,0.0,0.0
410300290303,2011-12,Western,2.9990102068757967,7.693486473336874,4.069623609258336,4.979945871087418,0.9680501054480405,4.608280347185897,3.6899573008177082,4.433950533234042,3.5165456075004418,4.7514301111605315,1.5511312297296198,6.707693767163858,8.335716575735182,8.57374718476571,3.2451213060832425,0.0003241049015719674,5.902432606956848e-05,0.00020588972217430585,0.0,0.0
4103002904,2011-12,Western,2.5383849073500526,5.224612665499404,3.594059673292594,4.589149717327959,1.064234796388963,5.832410074898465,4.643110534521848,3.5937155270609176,2.868705810959775,4.180184912524539,1.4134015173340626,5.11136919369686,6.8587532259682185,5.3269130861457885,2.408390315751807,0.00023863903172913737,6.764570978148776e-05,0.0002333847667090437,0.0,0.0
410300290503,2011-12,Western,0.7704716471441136,1.4039333920060586,1.0755941198038765,1.137858035810982,0.2997919480697992,1.7852388561914738,1.0066412557783744,0.9382618184245841,0.8254284506519717,1.1844316109029414,0.4952179795007908,1.3159776204023215,1.7922936641662774,1.3725532795110833,0.712570885722172,9.461717426241108e-05,2.329038135690119e-05,0.00010559769853439902,0.0,0.0
4103002906,2011-12,Western,3.447287265386719,7.269145310475361,4.641217106520127,5.27647188306569,1.0779580267567954,7.02821225222505,3.974678179590814,4.89468425611825,3.7874224608496703,5.341763122947471,1.6299699883274874,6.572662272666128,8.713164040723754,6.594943601785601,3.2233703882555576,0.00041494444771028046,9.312372196055527e-05,0.000351734104885292,0.0,0.0
4103002907,2011-12,Western,1.3105144937523794,3.176470682137131,1.7916137340538183,2.3195897786297954,0.45022215660782394,2.457902051194666,1.7223765993831057,1.8819888883979392,1.6198825842235158,2.1049554615216235,0.644020422061227,3.251372691717298,3.5470426710496885,2.9760226319031187,1.2179214096589595,0.00017163261058878926,3.5333677592114954e-05,0.00013703289625720787,0.0,0.0
4103002908,2011-12,Western,2.0192228828083367,4.614995726573833,2.6053540893013536,3.2241947960680615,0.7586489929730919,4.368460217106872,2.6024484882604937,3.036747277316277,2.300866581990927,3.001462744646706,0.9294624430665187,5.077376336235814,5.2676117677377,3.9531663284231944,1.7811947493495124,0.00019577932124927272,4.909428017586724e-05,0.00019059356322763572,0.0,0.0
4103002909,2011-12,Western,2.0568434407863054,4.308732500269974,2.680199875515897,3.1720630640794374,0.9079339329706965,4.511258804889778,3.6374274571987457,3.0098074955130993,2.2563427528097666,3.1550789830956742,0.901409180818954,4.727093545195553,5.441418976898831,3.610035927049062,1.8653279203148514,0.00016170721328443146,5.197731855571012e-05,0.00017436204840894152,0.0,0.0
4103002910,2011-12,Western,1.0867629434164596,2.3223719105487985,1.597444787018756,2.0843996388298125,0.4177659780363518,2.4581683337909572,1.60645096369907,1.4662970883946522,1.2610827430408844,1.8660848797166172,0.59518092612601,2.255030018441396,2.9956967231724425,2.2830218050670292,1.00047121713274,0.00015335883151971588,3.854283216008754e-05,0.00014039612462521376,0.0,0.0
4103003802,2011-12,Western,1.043820705917462,1.8871341071039467,1.4479644547846042,1.6389680333489494,0.44833744181113266,2.608004315868368,1.4887786092830861,1.358105357984588,1.0669856198156678,1.6725027889786788,0.5641917288816435,1.8118609584951555,2.681642782067437,2.012440228057245,0.9279592391347303,9.651243721865592e-05,3.0631915304384856e-05,0.00011018063602868044,0.0,0.0
4103003803,2011-12,Western,2.4869944749731716,6.07343254676993,3.370440024124801,3.999412996963659,0.801434551565359,4.246140019576865,2.6857589573234297,3.591336874095057,2.7786433417577774,3.9314193778415176,1.3104417396976977,5.171300702022631,6.917815014735222,6.378727930161469,2.5849933759249333,0.00018940692234146097,3.897339256926682e-05,0.00013555940932613366,0.0,0.0
4103003805,2011-12,Western,1.3821345850909115,2.426288648316479,2.0041097225445816,2.369210431869783,0.5916619714093306,3.4811570137212677,2.4876043070769733,1.763818827774092,1.4767633103302273,2.3014602598557,0.8405366084005488,2.1976907983843184,3.4834151478203657,2.607906389508364,1.264496276822586,0.0001599478373085083,4.586236133952949e-05,0.00017442525485908582,0.0,0.0
4103003806,2011-12,Western,2.605609497408071,6.220934609975166,3.5782110108417915,4.260962811288063,0.8600760720093031,4.698515955774531,2.931258197210863,3.7387174604276106,2.885651526260921,4.097188360510467,1.4267562735769412,5.44278761365421,6.929183605426213,6.081156516284203,2.6568536706053605,0.0002826062819927387,6.040969664218248e-05,0.00020488025392268852,0.0,0.0
410300380804,2011-12,Western,1.9516208144146068,4.0725520325921885,2.793001157965206,3.6097424312524566,0.8816575270755456,4.365280704200801,3.2099363013189985,2.687443706739848,2.2577349413864947,3.4361185825116913,1.0033656316704442,3.94776872704815,5.3715492292467,4.049296738811273,1.900887526610887,0.0002533300314692929,6.785625842927488e-05,0.00024079415838784818,0.0,0.0
4103003811,2011-12,Western,2.6764872426799164,4.46546639808227,3.777060414146951,3.975372563942928,1.1734686889272732,6.248195706973992,3.5513090292338383,3.2380703930894876,2.8379769330269307,4.1246130958473985,1.378664903019259,4.5060209453533755,5.786604881414424,4.8997202383853455,2.2361375662532623,0.00040818572603235255,0.00012245571780970576,0.00047348103428604247,0.0,0.0
4103003812,2011-12,Western,3.9013320288506086,8.357950477994235,5.4959777194251,6.619019369915339,1.4720174212876211,8.035991904085538,4.255286608426218,5.46182060328691,4.2082073515905805,6.239825975704106,1.817596266172546,7.759296344228118,10.125351970765777,8.982778804244765,3.7359068218968265,0.00046080425363404615,0.00012027953256109093,0.00037517066765161485,0.0,0.0
4111000202,2011-12,Western,1.6516793132352225,3.909160261108732,2.431470388808896,3.226125671778635,0.6169140799715711,3.380192421253431,2.235649508890428,2.315220857199017,2.058057597658562,2.8815997229376613,0.9097624017687489,3.6954128148328187,4.4709541211804344,3.621870290228718,1.6222696038632916,0.0003010491210111095,6.277975572304845e-05,0.00023527040229228387,0.0,0.0
4111000203,2011-12,Western,3.428596937049406,8.132560603262641,4.615303313289634,5.307782232250763,1.1133432980007527,5.705302160636736,3.7904318031055153,5.065011106920639,3.828415918695092,5.150921962886624,1.6793458054601862,7.480229463772707,9.032155396929262,8.714736002469035,3.5548893179743244,0.00034082337797244954,7.040582187644274e-05,0.00024166610485221345,0.0,0.0
4111000204,2011-12,Western,3.656864322458285,8.4532999869465,4.779786993864671,6.368227843961285,1.4651204379326719,7.7024314773113804,6.6448645639359585,5.464465743973486,4.378569702514578,5.731488185986281,1.8235199315859476,9.314821339524316,10.02919369732737,8.058215783916252,3.2881259883381926,0.0004215159042927264,8.891351106174698e-05,0.00039090624799345363,0.0,0.0
4111000205,2011-12,Western,3.740120629283554,8.141771646269943,5.002727564817356,5.9150177319173824,1.1808315936580032,7.23721562285024,4.622437191347255,5.050298448280526,4.512368621821363,5.650476055088764,1.8972017373676353,8.078861537561224,9.444208887625877,8.981128549857974,3.1906457772448404,0.0005596178712552146,9.401580237087604e-05,0.0004728499348231675,0.0,0.0
4111000209,2011-12,Western,3.401011113543766,6.94598489601553,4.835207780500354,5.887734712269874,1.5489325679325394,7.924319283016769,4.638574904305225,4.746051198664112,3.8618540151639715,5.488661669314189,1.7871243673629469,7.089095332232049,8.26294224652676,6.9230061080755325,3.2150369856428656,0.0005076060875275732,0.00013935223723634318,0.00048760652808582314,0.0,0.0
4111000210,2011-12,Western,3.412051847614448,6.203183556703038,4.746576908396021,5.075341949194795,1.0996073791003473,7.685688712454076,3.3784606783608004,4.485066122403307,3.4200232603546876,5.35113827259054,1.3677174368336948,5.642486924925495,9.599598937455752,8.966008065471831,2.8841596207418925,0.00029080161367997146,8.130400145786183e-05,0.00026349406756079834,0.0,0.0
4111000211,2011-12,Western,1.5986277183070396,3.4569483170885653,2.3791872784994714,3.167652499974829,0.6259423715103134,3.602214085630831,2.2819883524835545,2.197428195663529,1.857071219628783,2.831621227352023,0.8398900114144454,3.2633367821491457,4.5782850710349505,3.466610765788542,1.5137649156712838,0.0001977247236443279,5.277505491389046e-05,0.0001743439252143374,0.0,0.0
4113000402,2011-12,Western,1.3780230938724989,2.556193557113879,1.8367014075819674,1.995685296660201,0.48638644891523397,3.264569782451082,1.5451430823456733,1.8024416014918365,1.4008583569495072,2.0890875571616974,0.7087940273563164,2.4780372382715234,3.414433237455187,2.68802899822679,1.2141614464891854,0.00011405657077303422,3.1678292721155634e-05,0.00012045624590998836,0.0,0.0
4113000403,2011-12,Western,0.9860862822004373,2.026656946655385,1.42614098019271,1.7897617584658851,0.41955465639919304,2.18570530078042,1.6521981546725253,1.2694097077908622,1.15518297834992,1.7104618541294672,0.6060268231091775,1.9116541992068063,2.552528184842798,2.04984746262702,0.9449409260332099,0.00015685472251839724,3.422284854946849e-05,0.000151770795255107,0.0,0.0
4113000405,2011-12,Western,3.9313281773483664,7.3267609593278635,5.221783190210737,5.914633605422549,1.7081068356951554,9.281558646568746,5.252714012538679,5.3664186687406215,4.367309620670551,6.057539443041133,1.9071791717751303,7.90778349234622,10.282663435681048,7.68535444244656,3.3449360741026926,0.00041562425990707564,0.00012468727797212268,0.0004871435824488676,0.0,0.0
4113000407,2011-12,Western,2.2415641127025454,4.669335632797671,3.0038612084080225,3.4792893691818745,0.8724267248824111,4.667132830890137,3.0967110792880526,3.2201136827950614,2.416108940104794,3.420974626521121,1.1085028616824815,4.648259170040317,5.9567639224493725,4.760117621629238,2.1081393602357537,0.00014618527456110715,4.103188289994858e-05,0.0001446229034993744,0.0,0.0
4113000408,2011-12,Western,3.7211932778269006,8.460571518248244,5.055310152130512,6.186830339775407,1.2926314111237651,6.52051910394467,5.3119879648176545,5.471195086889516,4.173528980176821,5.776548214267472,1.7864879946865644,8.05015388457558,10.18384102120823,9.652248368362423,3.7180346362801204,0.000339799127286828,7.588566118068119e-05,0.00025941523342521333,0.0,0.0
4113000410,2011-12,Western,3.9873552742933445,9.23808848220096,5.361831788847521,6.419033354168977,1.2273802043117334,7.228608090522507,5.149034448010037,5.93239904476189,4.5804205347605045,5.986830600442056,1.8321212456739944,8.858834602585217,10.514617680108682,9.093387949222352,3.688399694140117,0.0004721317084292264,9.76076273169151e-05,0.0003636922026648578,0.0,0.0
4113000601,2011-12,Western,2.0816545600282303,3.53327918357723,2.792891786611876,2.6117921585891257,0.8343587094141652,4.448014080683131,1.8915869002425323,2.5011974820918454,2.0253242195644257,2.8207441565398894,1.0642558784014697,3.306828809914313,4.261186398178611,3.495464863844821,1.923603567664136,0.00017298307726036,5.930848363212344e-05,0.00018453462048509498,0.0,0.0
411300060107,2011-12,Western,1.9778306750248345,3.836479113218574,2.624166768855623,3.0497784878190193,0.8083031926046195,4.590075600217825,3.023301569871107,2.684745763766661,2.186531458685545,3.0352419855819095,0.9174058851376018,4.16213480245399,5.255540699363231,3.9036352943805945,1.667585012604851,0.00022133129353329965,6.129174282460606e-05,0.00024645280012447,0.0,0.0
4113000603,2011-12,Western,1.5174122170182027,3.378299248140484,2.1000113866650314,2.433099611804631,0.5113704001951498,3.3865366590870263,1.7228917119179503,2.3008212836956097,1.7110754851674512,2.3657876129139126,0.8120627819255454,3.4313818637351017,4.21252889724659,2.832768994160694,1.3898310799243285,9.124128449587334e-05,2.5983723539750546e-05,9.071998625176848e-05,0.0,0.0
4113000604,2011-12,Western,1.681526115469618,4.042721437267496,2.2694658315680623,2.9211648086182227,0.6234476199725256,2.826755640602633,2.3654599807902175,2.434173021251143,1.9186339292061365,2.75064213954417,0.9224176774094005,3.828610769223785,5.099235343120577,4.941975294939336,1.7328595986194717,0.0001816283860892418,3.6816564747819284e-05,0.0001425757044522113,0.0,0.0
4113000607,2011-12,Western,1.8645595363430951,4.162639779478686,2.629368793752118,3.1829581179508395,0.6054817009486355,3.828212991717858,1.9980398359188174,2.5661958082571585,2.0693020971923217,3.118477324364244,1.0673289396992862,3.6011109487682242,5.272487623825824,4.149877830550348,1.8265171309705133,0.0001422612044034097,3.309688785164312e-05,0.00011654703988517567,0.0,0.0
4113000608,2011-12,Western,1.595767052589815,3.2660508682563854,2.205006701548642,2.5268320577987975,0.5431056394308106,3.385350944934209,1.8474655779016411,2.221720669205706,1.7018265989770738,2.558368494999376,0.926702798454183,2.984185625027682,4.5468578707018565,3.9517363352481647,1.5293459906594278,8.705087752888991e-05,2.1459617440965898e-05,8.469540383204952e-05,0.0,0.0
4113000610,2011-12,Western,0.9476034141704079,2.0378070102802397,1.278400680691974,1.5007786495329696,0.3141513020013036,1.995503462648742,1.1713787344217914,1.3248317540850154,1.0586797719253978,1.4790834423309964,0.5549928330371902,1.9776077920508413,2.537238100972906,1.8690097073544563,0.8673553768858986,6.535115866133191e-05,1.56165436724296e-05,6.545158720377979e-05,0.0,0.0
4113000702,2011-12,Western,1.1867562219145182,2.1217338451577183,1.6539469268179643,1.8928750317996907,0.4305269108605278,2.829295896052431,1.5341504238105186,1.455300742564785,1.2800715075826599,1.9118944552281496,0.6530224118325708,1.9524495508135051,2.939202362334108,2.542811631673459,1.0338333744845742,0.00018704103716905723,4.3725816933936526e-05,0.0001877663489743429,0.0,0.0
4113000705,2011-12,Western,2.9038538479983,6.71845735286461,3.9749997843217737,4.840888627745643,1.022143844665733,6.134615715216226,3.2268132580914983,4.216163691390803,3.5198130460118873,4.684477454449123,1.5984637406816684,6.3125566124883985,8.316536331478124,7.3047417258877125,2.7321119483597793,0.00023016707210241777,4.463846246834769e-05,0.00019904955857145328,0.0,0.0
4113000706,2011-12,Western,1.1291775979882135,2.1367138439146487,1.5775703401367533,1.8073272525430404,0.43637077241149774,2.579037740587284,1.5586488740582505,1.467533340766187,1.2256458718841636,1.7971326608658618,0.6683560344503974,2.0431067563834064,2.908570522051337,2.372194430992138,1.0546838414701505,0.00010744168425650954,2.802826545821988e-05,0.00011378055674292494,0.0,0.0
411300070603,2011-12,Western,2.301206301659309,4.77764491230798,3.2004608254494884,3.9046156889391916,0.8799299542091907,5.113175742718658,2.8851673323351386,3.1888752694117146,2.5378983278373792,3.723905767684778,1.075839854502988,4.690092841412344,6.0556327596964525,4.916704678187207,2.1063779015308444,0.0002508065872134257,6.527615150654059e-05,0.00022971031022358564,0.0,0.0
4113000709,2011-12,Western,3.4840486751829416,6.838359734483571,4.95747752868958,5.639174622727968,1.421882768928504,8.124495300097719,4.220561359829655,4.752059662272875,3.950910893428644,5.506514883378389,1.7342668333192095,6.727057887059352,8.617134652448861,7.2549622805924265,3.148736069487155,0.00047127504949301993,0.00012053765688956087,0.0004610552913902625,0.0,0.0
4113000710,2011-12,Western,5.027318680554235,13.257010932781137,7.188924973336652,10.883151480363827,1.8322256851338046,9.558474252290894,7.071808916461422,7.81945705936496,6.366540919641377,9.251805333324114,2.5508676059766717,12.04171687435069,15.952054876384228,13.791753117377537,5.243933661859178,0.0007663442875826683,0.0001651797804613669,0.0005164198133046865,0.0,0.0
4113000711,2011-12,Western,2.509281991201289,4.751756966232527,3.358767842169423,3.783324567272862,0.9444716517504309,5.794842294390093,3.309557779112107,3.3231848467606637,2.68394151353276,3.7788877157616816,1.236092643586004,4.728803084921693,5.923944536527727,4.73903736992305,2.264720676237713,0.00028314177129394743,6.968586312914144e-05,0.0002902499287336132,0.0,0.0
4113000901,2011-12,Western,1.2918719512301424,2.8128565480022245,1.7564235712850573,1.9229471934191715,0.4473581137138522,2.0595992605827833,1.7593714686925315,1.6857241278543669,1.4329818519541966,1.94741370492793,0.774462377383677,2.506464005367882,3.222199626258692,3.290482615815491,1.3370845893021874,0.0001307004071498647,2.459171423725677e-05,0.0001079123568385943,0.0,0.0
411300090105,2011-12,Western,6.42954654911433,14.775299863578894,8.724201938565558,12.709659721352349,3.0829366235256743,15.616020117683806,13.237894135589018,10.225261785029447,8.117165599824903,10.992093845015706,3.5764613060711907,16.247459906417333,19.17417429452756,15.388400215933196,6.16318055875483,0.0007050236091238445,0.00017354427301510017,0.0006801564363747792,0.0,0.0
4113000903,2011-12,Western,1.932326364315982,4.058057536400333,2.6051630511138835,3.223873374136032,0.7077282902986599,4.201404955078416,2.5568507831561154,2.7044342556442227,2.073555954840448,3.117499406313976,1.0006932982173848,3.920433006157604,5.205151691285755,4.041240837528487,1.8116743080852775,0.00025763211383395863,6.207363533478821e-05,0.0002413791482928207,0.0,0.0
4113000904,2011-12,Western,3.077052685323455,8.00208529749611,4.079432758012897,5.65599204357113,1.1836258671413424,6.346802567259992,5.552864562167306,4.735042303045978,4.15211853081996,5.306200122533531,2.367778380875687,7.905994040963468,8.93974488926891,8.476342506489502,3.102526890928601,0.0004692959670752556,6.75786192588368e-05,0.0003844705268960358,0.0,0.0
4113000905,2011-12,Western,0.6784719935849143,1.377687986937301,0.9391114528286735,1.0356183126699068,0.24551757531226587,1.4449294039202805,0.8447063211229661,0.9087381351172562,0.7478141266842477,1.0619762415345408,0.4149834378689114,1.2756316162801464,1.7904788850451605,1.3312997756177263,0.636462550669863,4.25567310490871e-05,1.0968968750859714e-05,4.833862682790569e-05,0.0,0.0
4113000906,2011-12,Western,1.191999941330407,2.4593511429368657,1.6400593960473155,1.8296122965289259,0.41424414357760664,2.4409345561382905,1.2281317668763139,1.6352405486005044,1.3373621065426984,1.893126194941485,0.6370736482833386,2.2892099269289807,3.407457220831161,2.965905670198019,1.1234935044402912,8.472158656640538e-05,2.0476728979089676e-05,8.270527812908595e-05,0.0,0.0
411300090606,2011-12,Central,3.531772658994901,7.223641474133346,3.9425929825873722,4.45985257029402,0.9662234153805085,7.324498815740243,4.038397569422662,4.86264144886758,3.6482645971201935,4.612033774298187,1.4225747681716605,8.108134674641478,8.048276655422248,5.813470949885278,2.938877191489256,0.00043120539330934277,0.00011248836347200247,0.0004003775081782005,0.0,0.0
4113000907,2011-12,Western,2.812376922052082,6.174106435379008,3.934818918840209,5.027971850654282,1.0681363749856285,5.833577075477251,4.189468974227892,3.9442144424925196,3.265316762659296,4.70744151468291,1.4781746135130323,5.782045962842351,7.81973045164295,6.480996657355744,2.725112939243995,0.00024237105561866653,6.075877147700818e-05,0.00020673969953445475,0.0,0.0
4113000908,2011-12,Western,1.369626553979806,2.2197403733657732,1.9695574571615655,2.107067303511063,0.5435448322432914,3.4070138727949377,1.4896714545329894,1.5911975610777196,1.3583555034647208,2.198190916379722,0.6972505716282749,1.9070433737566275,3.427574562597251,3.0389678423756936,1.176331709813505,0.00013114085243582196,4.215241685437134e-05,0.00014133652859882863,0.0,0.0
4113000909,2011-12,Western,1.565009907222496,2.9359675774477463,2.074874645249659,2.224008477081041,0.507054803412434,3.470149801115218,1.5527047034299553,2.0325429228638976,1.5385585298462956,2.368016187584528,0.8463051749241631,2.614097557234251,4.1315715828253765,3.675026224630151,1.3970197634829427,5.8434099008640137e-05,1.555757044371567e-05,6.354867007191136e-05,0.0,0.0
4113000910,2011-12,Western,2.1500606498640566,4.6143503551939045,2.553540565224133,2.739101920098419,0.6497108373900351,4.40976806859923,2.1465194443394755,3.3244406338844503,2.1662302473885684,2.9714715355423515,0.8925780524059956,4.771266241056299,5.4502584735292965,4.377247322455336,1.7853159379912549,6.794419383279789e-05,1.8590791004161273e-05,7.247500446679991e-05,0.0,0.0
4113000911,2011-12,Western,1.4827245459211253,2.810939379199899,2.064506845784372,2.351057766746033,0.5354228921190299,3.3519826613384356,2.0235174393931965,1.9384981945558666,1.5731084046297785,2.3553764558848607,0.8535931092877022,2.499516678598135,3.786708151896307,2.827711041628427,1.3620641302230874,9.16049755819622e-05,2.5326442645817296e-05,9.513473455065248e-05,0.0,0.0
4123000303,2011-12,Western,2.9449072389480975,6.660168250546931,3.9982040648397836,5.0796191348358,1.1471974562898708,6.020382026836087,3.7182820289945506,4.312684671723912,3.310173093021926,4.679239132362408,1.4646591164975404,6.753914917138938,8.032966487911843,6.384754509321918,2.8105592500134664,0.00042410532966449935,0.00010739001514816503,0.0003670533047949647,0.0,0.0
4123000304,2011-12,Western,2.477398332861269,4.657962359798939,3.518197530784407,3.893996218758588,0.8869409933190479,5.508271936975681,2.5309197186289514,3.143288934337694,2.6212985153520747,3.8583132464906953,1.1401183588833026,4.308583900638572,6.134647359542493,5.591266802136421,2.166637903402156,0.0003332901021819135,8.724358557114794e-05,0.00030281144809366466,0.0,0.0
4123000305,2011-12,Western,7.591429841082665,20.61173166502553,9.816048121795342,14.293194218372122,2.9282247051718993,15.088152298562305,13.54166588313974,12.425427940365982,10.377430078532328,12.746742365640012,5.0875865449919555,20.970918709002742,21.992253534148716,21.985292346208983,7.575114073845599,0.0011225367709998496,0.00016164529502397834,0.000844800064986245,0.0,0.0
4123000306,2011-12,Western,1.7009921831140635,3.824080138130975,2.4538809082467967,3.101969930387166,0.633580662380789,3.36604989439412,2.135560206564191,2.3401035378492248,1.8944020266343513,2.9350362992808026,0.8987720541784358,3.33200094540739,4.815923122858645,3.7834184558643007,1.6856946219135378,0.00020390541584559363,5.168313183261363e-05,0.00016144786882506316,0.0,0.0
4123000307,2011-12,Western,5.693948661260197,10.557771297056961,7.571646228678464,7.787115716125434,2.1941276302424773,12.230894121969646,4.71668607050761,7.509622163428916,6.226091519461726,8.238562540157956,2.808209118316905,10.219721313383957,13.379946860945205,11.560296062900727,5.080979622548521,0.0005569242354754514,0.00014565710773973344,0.0005650459274254866,0.0,0.0
4123000308,2011-12,Western,2.1773611697448794,4.918848109952622,2.9421460913279955,3.3918004446526284,0.7583511681312964,3.734152364285855,2.8991527971285143,2.95293130079857,2.450490692504095,3.386503617221854,1.2215878829859723,4.399440119163382,5.700487724982591,5.617129016261695,2.1987197574458484,0.00018134781371366448,3.5989127979258156e-05,0.00014477720789710915,0.0,0.0
4123000309,2011-12,Western,2.093889137691013,4.394666678711753,2.753977254495536,3.4622098794078324,0.9016209090765245,4.324826699124222,3.62681385499168,2.978617732479753,2.308209729332806,3.2826438054052516,0.9802850325021298,4.853619220342698,5.911084848220995,4.633177121561393,1.898019668340999,0.0002116805553119104,5.9216103897544055e-05,0.00021566639627094083,0.0,0.0
4123000310,2011-12,Western,1.1360157090284402,2.186655827596075,1.5436020421896917,1.7844667873022035,0.44999979365775594,2.570354363711597,1.7734999611337638,1.493204654264298,1.2266508767587756,1.7661767295671902,0.49950328685168394,2.30018473146384,2.9651913295328605,2.258924914359465,0.9555453495244881,0.00017042433992387092,4.804515965938914e-05,0.00017578545724261177,0.0,0.0
4123000502,2011-12,Western,1.0050518072256753,1.8194143012554251,1.4195724701096395,1.675523213016059,0.39964333081212833,2.567055929742107,1.502650539116047,1.2473502826159144,1.1321960976120746,1.6780526317645195,0.6187944692733112,1.7240018352867077,2.693832442382003,2.144367635062343,0.8806479805295796,0.0001177540743341481,2.7983131147946428e-05,0.0001379593606694353,0.0,0.0
4123000503,2011-12,Western,2.5625113540872255,5.588666852432599,3.399138711609101,4.067217609893388,0.8402807012898686,4.952912839934459,3.281847193477251,3.66818899738712,2.8119809517439105,3.8811783639649864,1.2405540231751047,5.364444085929069,6.513611918545353,5.429878597641486,2.4039971225099155,0.0002633546935575414,5.928212500206066e-05,0.00022130751604640433,0.0,0.0
4123000505,2011-12,Western,0.6130076158257269,1.2507043803729228,0.8783337774990613,0.952597841312343,0.20505089231796217,1.2129444937782508,0.633204776503538,0.7752279121064185,0.6610508976966979,0.979377758568973,0.41894418171822984,1.0560131971125373,1.623027571543104,1.3871369134548235,0.6055979701012076,6.351572697811368e-05,1.4680521801545145e-05,5.870189083238514e-05,0.0,0.0
4123000507,2011-12,Western,2.3907349586972684,4.451871354430618,3.2844906307756343,3.751531374212798,0.9629117488972587,5.261236359691719,3.5143852196106775,3.1594103370062605,2.589217348332639,3.7423205554714682,1.0722564706357778,4.500237016463387,6.112752296498829,5.287241320608624,2.097438445925952,0.00031029430050006057,8.006256684025627e-05,0.000315588400295724,0.0,0.0
4123000508,2011-12,Western,1.5723973041444184,3.05998647088739,2.1909278346022782,2.566377490765113,0.680662732339392,3.719128993847046,3.0331566492515316,2.092579370784929,1.7762743347679266,2.5075521203896045,0.9690057483485321,3.0550601803562203,3.91889691422116,3.0011545828567088,1.4775796057122386,0.00015300860329580328,4.157214881999183e-05,0.00016763383461825324,0.0,0.0
4123000509,2011-12,Western,4.628102237326231,9.791187650658573,6.437596281401805,8.214248544213994,1.6843695170258306,9.463587768879105,5.586530507220324,6.465362933526053,5.205417680081821,7.8351470532918235,2.273926245571441,8.915079760301527,13.82932149924318,12.512789651182379,4.324790700226265,0.0005018387849445581,0.00012545969623613953,0.00042084499759969385,0.0,0.0
412300050906,2011-12,Western,2.871088854559438,6.426064296610648,3.978698745986403,4.7433876862503555,0.959182380333786,5.476434485233121,3.170720520399358,3.9441755000555525,3.252643583480328,4.5492455780021706,1.424825006488448,5.876135053982013,7.410168227684933,6.421852377057956,2.785139008991703,0.0003444866377742277,7.998696589415287e-05,0.00026011291935167054,0.0,0.0
4123000510,2011-12,Western,1.204549919959104,2.4059583421114636,1.6967418696338255,1.8359265754869518,0.4377240318562657,2.534602057175217,1.2623382315889726,1.549347213131832,1.3298293021587662,1.865383794716453,0.6989776560299624,2.17347750238029,2.8940368019908815,2.287297343379316,1.1660350536477389,0.00013526666071684085,3.478285561290193e-05,0.00012476757802847797,0.0,0.0
4133000201,2011-12,Western,3.3295901362285485,7.047326289983583,4.870905030699246,6.094523923155806,1.2324710734051312,6.617472853361096,3.884267710563623,4.414801534517453,3.867061901545528,5.917548505856781,1.5967776941437728,6.049845097514308,9.305718933240978,8.514147593497427,3.1961428733366812,0.0004900649435571452,0.0001246469530351869,0.0003815021656861699,0.0,0.0
4133000202,2011-12,Western,0.6212774835955602,1.123107361565984,0.9122543048428987,1.008120643788233,0.2373538472314035,1.6254814417924184,0.7338650335859364,0.7782871416695408,0.6689668130577382,1.0142442731981791,0.44337460110035115,1.0140737469371746,1.572230834681616,1.141383050997974,0.5711529232239775,6.901978556739458e-05,1.9843188350625938e-05,7.801263880388316e-05,0.0,0.0
4133000205,2011-12,Western,1.373777608640435,2.6569519952229306,1.9494592067788445,2.1406168832459977,0.4938236677439275,3.131654244283182,1.628161486274969,1.857375604317028,1.4178706614086365,2.162382012409553,0.7504256856868771,2.48843654459597,3.6792736410946314,2.885243482536666,1.2454457637282919,0.0001074049608036528,3.2242770597926155e-05,0.00010594146982671966,0.0,0.0
4133000206,2011-12,Western,1.2981896254580911,2.6951206826260465,1.8479219659414674,2.052140012986938,0.45067023085843005,2.5846718435159133,1.1651813120115864,1.721329603440553,1.4533673557639082,2.148686526222258,0.7978011377859866,2.1975924378402527,3.6657651057586498,3.277319235432485,1.3161257050595765,0.00011952402591876281,2.8192399233909658e-05,0.00010456881193346329,0.0,0.0
4133000207,2011-12,Western,0.7701811903539579,1.386810335121206,1.06079091723853,1.0966710423688817,0.24888717036696045,1.7846176656575259,0.8740268005003299,0.9672113433565488,0.872012313435077,1.1732230626837288,0.4219980837471301,1.2711679909620137,2.046362235708476,1.6717006500392082,0.6385238564035142,6.233405121247411e-05,1.4752156274461806e-05,7.068485440885556e-05,0.0,0.0
4133000208,2011-12,Western,1.3496501852932155,2.4817994344435936,1.9128638905847286,2.2169358082865798,0.5282343886122473,3.1794133589889384,2.30110764096165,1.8031940204592158,1.45973394856771,2.1685727011532347,0.8363846372636157,2.2961895783519783,3.546099621696933,2.7218769901237843,1.244359501586366,8.482213824200848e-05,2.4361849675721366e-05,9.560185819412444e-05,0.0,0.0
4133000209,2011-12,Western,1.3843382805553137,2.410957440480438,2.0194507101131265,2.265598949994063,0.5405920053917107,3.383138992730903,1.6167478698249642,1.7344186494807312,1.4609579338132472,2.3237649531596762,0.772530804207301,2.0769781759545554,3.6972132339722985,3.1554002566069768,1.2633239324126364,0.0001368876946539187,3.985268746114486e-05,0.00014142013807452204,0.0,0.0
413300021007,2011-12,Western,1.925394398577515,3.7838629287105916,2.56410451609407,3.206630702274413,0.824187379040915,4.55570351648737,3.3698282352597375,2.5756282077614805,2.116631709189444,3.0486731689245348,0.9883329031165314,4.102796682748681,5.09941559696868,3.929094000673196,1.6891795558394005,0.00023937983608089144,6.003197451716106e-05,0.0002675847747354222,0.0,0.0
4133000302,2011-12,Western,3.7502698321817958,8.499040779861355,5.1747946453071885,6.245730252760102,1.3308994948828694,7.263896826356734,3.7522806454646127,5.320642053157803,4.816198220091058,6.557940529435614,2.2719108055515735,7.554209016290639,10.895206623048345,9.744987254077165,3.6961708962421462,0.0005050924920831047,0.00010606942333745198,0.00042076167572877737,0.0,0.0
4133000303,2011-12,Western,2.568502012301881,5.632086622284306,3.465900894590041,4.297442282187503,1.0260679545226559,5.250631326250253,3.2273642119298773,3.7123246415825575,2.8998754187588256,4.061509393286105,1.28644101585738,5.802333629116837,7.145622555603349,6.0166253494918855,2.4555718450437367,0.00028496142172602327,7.215663009943514e-05,0.0002571068431863422,0.0,0.0
4133000304,2011-12,Western,1.3991414351637899,2.932764149575828,2.0157892679375746,2.4473132510004505,0.5703617397190883,2.9606269460812715,1.88497772032787,1.8361141479378662,1.6226506668876923,2.328039087340921,0.7858333462460103,2.7471657522651296,3.517587082398747,2.9452604738038684,1.340865709053438,0.00020183976939002244,4.644608329713584e-05,0.00018020729028764203,0.0,0.0
4133000305,2011-12,Western,1.3869689401474672,2.706308995287308,1.9007500570226472,2.1604348805954694,0.4695516733011806,2.900541667925864,1.595940206066964,1.7232044612660347,1.4449494663722544,2.177743845977825,0.7359537170947072,2.456985550077217,3.5523414177687296,3.1418439179462574,1.2621381035160875,0.00013632746662511973,3.213433141877822e-05,0.00012488900654116555,0.0,0.0
4133000306,2011-12,Western,4.797604674385942,9.039419859388294,6.342681895901979,7.237335712688739,2.075431790309572,11.231727743113142,6.382632411161342,6.648689877679,5.340331871874369,7.34612123341698,2.254454111797927,9.82953625333221,12.544192875871992,9.435385074576262,4.071950245069548,0.0005024700573418745,0.00015074101720256234,0.0005809740669809279,0.0,0.0
4133000307,2011-12,Western,1.8426184013905547,4.121700984715388,2.505617988781951,2.8378697596348643,0.6410986158382875,3.3260124528782753,2.0638118636740987,2.5712775417465408,2.0519059802231663,2.8813872634727193,1.0237032223690887,3.7176746187997725,5.114237776402562,4.969036334812442,1.8898837391817789,0.00011864797617213704,2.5362098100677943e-05,0.00010074434886333978,0.0,0.0
4133000308,2011-12,Western,1.4506557410214183,3.2289357728898747,2.0424373864327694,2.7912178563795216,0.6077940011304578,3.31661826026519,2.5665302316133274,2.064141427634469,1.7566680389942513,2.5247067220922506,0.8254303559383865,3.2832683833583887,4.28309579785111,3.2002258348182546,1.372390657683788,0.00015619677123831252,3.807296298933868e-05,0.0001526255375937192,0.0,0.0
4133000309,2011-12,Western,1.3437970569031168,2.4241621360047976,1.8989528666366844,2.072806025527541,0.5743986488947342,3.3323452306966033,1.505675483394596,1.6964439317115976,1.4019378918452534,2.1156203112812957,0.7547155639890613,2.2569213357588707,3.2347873167583363,2.6618134064089523,1.236332876020088,0.0001369282430449592,3.9140809096813814e-05,0.00014801849484606937,0.0,0.0
4133000310,2011-12,Western,1.3441241872655516,2.5441160225551767,1.8190913731795277,2.017922893787013,0.5339039185505888,3.1793180771542198,1.7531908087659371,1.8290828585200731,1.4216776099448265,2.0728635499684755,0.7377503340690665,2.51282399666434,3.5107116701788263,2.729139236392558,1.2284958283556922,7.780234198510717e-05,2.258194910558451e-05,9.058973143912887e-05,0.0,0.0
413300031003,2011-12,Western,1.5432077883153195,3.2845570356124507,2.0416118730226405,2.575846289308342,0.5897869681846821,3.1422472695650736,2.4502642359746067,2.109317455946247,1.758675693902051,2.4336016833733063,0.7923984305862903,3.4414338475609036,4.189034231618548,3.595713036527957,1.4079989199464564,0.0001796879290824712,3.815166315040249e-05,0.00017382494466576051,0.0,0.0
4133000504,2011-12,Western,2.418765722388789,5.400082936897751,3.2278328451277396,3.4862162195484188,0.8056072973097083,4.571097861474229,2.3314944575062246,3.5066585250288598,2.574489723826432,3.551964168855081,1.2584191483732932,4.920659949208209,6.145711943989475,5.18306566748515,2.4085723026684063,0.00016611122326294753,4.015119346825389e-05,0.00014002775939635735,0.0,0.0
4133000505,2011-12,Western,1.7624644906238516,4.053673868628224,2.417177858913916,2.980698674400127,0.5772123751339675,3.2383106869983407,2.1734199725406773,2.373662549821545,1.929688955150331,2.922584705603904,0.9911304110053974,3.3781890010167794,4.952402004271639,4.391870476272737,1.7519698335177947,0.0001577837470431296,3.200595580590174e-05,0.00012133621165472088,0.0,0.0
4133000507,2011-12,Western,1.7915303374342735,3.9852148055145427,2.423299109132294,3.1448910967268042,0.6340348573629248,3.45849345567466,2.4817754272577286,2.4519754940843663,1.9315785563137942,2.951808329351272,0.9211565363100203,3.7275774652016125,5.128680312370945,4.410948128786574,1.691673421146245,0.00023668763123704134,5.2255710792593546e-05,0.00019790609735583338,0.0,0.0
4133000511,2011-12,Western,1.6534229083795389,3.756674948058424,2.3722209378276253,3.0466898688994726,0.6455068035808468,3.1301951148294203,2.381093388651988,2.2972793649296115,1.8895904754931898,2.8866392410079063,0.9781750070877806,3.2673751063239833,4.666776223623779,4.120982860366297,1.7180704889124445,0.00023016922762198564,4.893361532120955e-05,0.00018251304585744824,0.0,0.0
4133000512,2011-12,Western,1.0797269637787796,2.23040065208838,1.580073930594864,2.019795225225384,0.4698863204160905,2.4329731315874565,1.8845980868534171,1.4785798769181702,1.193880022868815,1.8912050788936163,0.6136875443036265,2.0995976192405883,3.059721465787865,2.163194872769722,1.0275791393742069,0.0001485106907067053,4.459393226430776e-05,0.00014412929769765993,0.0,0.0
4133000513,2011-12,Western,2.230449402616039,4.288468199683705,3.113748414389189,3.8151727659440557,0.7616187902230712,5.039175489815839,2.7036113131888753,2.9747046249500455,2.3519356458195135,3.68973452922638,1.2208499067314171,3.6798499879957447,6.30051070858298,5.294425465799641,2.044210265730327,8.151721695656401e-05,2.2179970414117077e-05,8.199399238047098e-05,0.0,0.0
4141000102,2011-12,Western,2.5821976459690403,5.87430251063628,3.5626126459465,4.211945554331977,0.9579728055920965,4.996787578077708,3.0059731680755095,3.6361542646790275,3.0474040275402774,4.178202640722733,1.3909462675602886,5.285590151783731,6.7215852142453745,5.492877477263546,2.6400347700293745,0.00023104904561494364,5.4122447671445705e-05,0.0001870216244082031,0.0,0.0
4141000103,2011-12,Western,2.1183057162192998,4.303732459711722,2.994932789671724,3.714275893822194,0.762881443945154,4.804568773356165,2.9183923696974206,2.9155069547342465,2.268123848941729,3.5001081251241075,1.2070310105710855,3.8696755578951727,5.843738226752889,4.624663139229125,1.9853987913265405,0.00017120554708742607,4.528539582558034e-05,0.00015943940944286025,0.0,0.0
4141000105,2011-12,Western,2.4863876318187987,5.1921597529893475,3.3922418255100486,4.05467791460741,0.859963299695587,5.0352103434592514,2.97363955485923,3.3373218682723302,2.622563554751231,3.924099659274824,1.2382508446136076,4.677300829820237,6.720552703326885,5.955580329260263,2.3188645931617975,0.00016886113748431416,4.2654112690944225e-05,0.00014582212537365616,0.0,0.0
4141000108,2011-12,Western,2.987682792885528,7.008584949260196,4.032336107222839,5.113524953208593,1.1119593526378777,5.657873285041808,3.643783239658793,4.475086270709857,3.3695870718861802,4.756290301999268,1.462013046979962,6.955122024974766,8.514079772559363,7.327209479699388,2.9464888349665186,0.00035707877494945946,8.476870077581707e-05,0.00028844052753450186,0.0,0.0
4141000110,2011-12,Western,3.5926138332905517,7.8838496450523525,5.123468441291065,6.276335001270952,1.350977779294146,7.11490191278786,4.622207592748793,5.115464937651894,4.172424732599972,6.012985289772115,1.484977076094316,7.3817184512822935,9.35851894556091,6.8841395005917585,3.5120949762057645,0.00047740923126612353,0.00013256983612017976,0.00037741219809702293,0.0,0.0
4141000111,2011-12,Western,2.8924490548478117,6.742950816518904,3.8069671105475704,4.567839120225965,0.975516451133249,5.422025593372975,3.6152860771771937,4.142136385207896,3.43300849583088,4.309228149499349,1.4005698477582784,6.6522803664082515,7.06021162131806,5.944753888857622,2.6942574303030646,0.000304385918570728,6.020376354031656e-05,0.0002435913601853426,0.0,0.0
4143000304,2011-12,Western,1.7203700294951318,3.7699323322921665,2.397189570863687,2.8212422620532935,0.6346677346322877,3.382316349513487,2.2132689788941673,2.4758744711760885,1.9338654988227315,2.7577032936139454,1.0119702314828922,3.492526983043041,4.8608640140092865,4.2743476781955705,1.7478103867587536,0.00011966711992773883,2.8651799855848673e-05,0.00010831904923193041,0.0,0.0
4143000305,2011-12,Western,2.4291909951975734,4.868369032767839,3.4734815253105547,4.2690515449025135,0.8646515719101384,5.072828400069236,3.3562796648881545,3.200637372544046,2.7430679181781437,3.950484158959912,1.1332056772112327,4.669096109355474,6.562094907390333,6.254987662523411,2.1386750071857605,0.00033490376469616777,7.687439115979956e-05,0.0002898253280140207,0.0,0.0
4143000306,2011-12,Western,3.9540326881617958,8.466832087440494,5.662352411720981,6.769966796462227,1.6282449286316047,8.574184418037207,4.530726046177234,5.781356245499825,4.47397847805713,6.380295617573004,1.938252386043214,8.302134993979442,10.401398427431904,9.052338640943503,3.9045405703128884,0.00046609169762079524,0.0001247804544811578,0.00040466047895805105,0.0,0.0
4143000307,2011-12,Western,1.7700685634153228,3.2785956395583873,2.3765334359871075,2.6228420066997646,0.7519096222301959,4.233221592154416,2.5458729437149685,2.380670207749194,1.848442107388965,2.66347859525028,0.7284523975900598,3.5119683277503007,4.436011742913306,3.345465711555748,1.4797795328899006,0.00022555712243404279,7.33060647910639e-05,0.0002491906091553425,0.0,0.0
4143000308,2011-12,Western,2.923223815517857,6.26493346106343,3.7931368235449208,4.2470093845507915,1.0558895135473767,5.396549783841122,3.4833654788026664,4.194620299770245,3.1170217202108006,4.332050256043324,1.289694482647162,6.145394031164697,7.914907162733986,7.211609108170936,2.7865804387698683,0.0001388247073027513,3.470617682568783e-05,0.0001278163355760436,0.0,0.0
4143000309,2011-12,Western,1.2022083493760554,2.7671818662626153,1.707467674378501,2.0663325440430773,0.437680444567158,2.3649344836866164,1.4507589324643084,1.6932518949819952,1.4146529095629128,2.0550438165823683,0.6965128322542046,2.5013903483930453,3.5891465910061795,2.726682720663757,1.225585219914012,8.071142674319646e-05,1.9691643271683477e-05,7.235674665318219e-05,0.0,0.0
4143000310,2011-12,Western,1.773084420832721,3.5081647546237393,2.4040908895501105,2.809568391436518,0.6727650461257546,4.0957264337018415,1.931016595605119,2.4300971166845318,1.8467963418686686,2.804795388202643,0.8920179786051202,3.3874715732110623,5.0259983843554465,4.368637605638469,1.6140911839223153,8.614175988401967e-05,2.5118394081767557e-05,9.151795267522415e-05,0.0,0.0
4143000313,2011-12,Western,2.9861920485587023,6.006759019745544,4.021183154442228,4.610123188239801,1.0398124870460626,6.249931848946621,3.5491816259916447,3.979935474263205,3.186530099548985,4.516340832722577,1.4008903235183299,5.804688099367681,7.309758954706606,6.285752909816064,2.7155964084357778,0.00032183382027579287,7.734983294128431e-05,0.0002878467109591017,0.0,0.0
4143000503,2011-12,Western,2.019962628970492,4.559738328714813,2.8322008490354453,3.50669529394039,0.7322106981347749,3.8177197597897323,2.4402470595768158,2.8423257127817116,2.320804058470758,3.455036209804456,1.1178290173327021,3.9877023999043555,6.010670289172669,4.969222702149546,2.006708580911757,0.0002715160344783171,6.465626637057848e-05,0.0002215182931549566,0.0,0.0
414300050305,2011-12,Western,1.9324161000912599,3.3583034142551624,2.8512991257709572,3.401781125125527,0.8312757042972458,5.09122409223443,2.7691864693143353,2.471191682890137,2.0508990723605796,3.2835900096886586,0.9428251720569822,3.0821477044277827,5.212139242357755,4.1218756772822855,1.693504163146512,0.00021433687320002133,7.501790562000747e-05,0.00023131876453824204,0.0,0.0
4143000504,2011-12,Western,3.138932359300845,5.343714386067934,4.384083861086988,4.722733314400467,1.5797340306300414,7.251538334049749,3.6742041450595524,3.873887247253125,3.153333325721985,4.642074818807545,1.5507232903679469,5.503471123786077,6.515833847081392,5.511055144870509,2.774894317206852,0.00044725970562452586,0.0001773065261582942,0.000492315707500545,0.0,0.0
4143000506,2011-12,Western,1.915990554702595,4.026359487670479,2.7045458742217345,3.226704983660848,0.7567659177691395,4.233281232716357,2.655502661098159,2.6797266962509196,2.148617163267024,3.07717590609975,1.1327119800386576,3.8120867819771713,4.99619432537049,3.877647885205111,1.869803075566061,0.0001951873237392708,5.187064705669599e-05,0.00018336248847119962,0.0,0.0
4143000507,2011-12,Western,2.8657765204821035,7.284576675485095,3.9048684846092416,4.809354331962935,0.8460774823850797,4.42713798200361,3.4259174560209487,4.04622799623705,3.130212105444404,4.461877987555675,1.477913208580318,6.05706319023091,7.524024261988088,7.3966030583880675,2.9461985255506393,0.0004642838256663045,8.455299436090011e-05,0.00027917130930936695,0.0,0.0
4143000508,2011-12,Western,1.2967387670611104,2.7094880268252655,1.7978333062188245,2.0841456463870687,0.47045334682916307,2.5608981288671213,1.568201197526109,1.7493096045237848,1.4361140777823902,2.109075065226135,0.7402128597312114,2.4238296828917423,3.725359925377131,3.3702549304177234,1.2843867290916775,6.367678238134324e-05,1.540567315677659e-05,6.437252021851732e-05,0.0,0.0
4143000510,2011-12,Western,2.0597441694604814,4.0243747228577265,2.924659610929156,3.5501912642108384,0.8632612186879903,4.958747229615234,3.4617071672646023,2.795371216659928,2.352038106431607,3.3213535656378808,1.0109854837208192,4.141536521104324,5.395801222353853,4.221411836852464,1.7901532145307255,0.00027798585973242725,7.412956259531394e-05,0.0002883734790665876,0.0,0.0
4151000208,2011-12,Western,1.3384189445291164,2.993600763924498,1.800248462028555,1.9286436825998179,0.40373918154280214,2.698872069087157,1.3783147908408198,1.9207986675882485,1.4573576598668945,1.9819991566110275,0.7380028116066294,2.7399753282133523,3.4246569383324625,2.3727140381180805,1.2191680902861417,0.00011445915826926913,2.726710506414681e-05,0.0001021251537545724,0.0,0.0
4151000209,2011-12,Western,2.7747787277201965,5.3023084807105585,3.672875227426389,4.088058793446309,1.0206266696861899,5.841169238601873,4.366533505665186,3.5616493580829487,2.9565933644729108,4.022299120790951,1.3773152691180977,5.3807953611921535,6.212415048813633,5.206180859933787,2.4447641712958994,0.0003366469416539431,7.653457814163863e-05,0.0003363680965611973,0.0,0.0
4151000210,2011-12,Western,1.8527711685898427,3.861517705778915,2.5248090757146997,2.8630809345026718,0.6856986062278654,4.20584221453732,2.1845547330727357,2.6211725701885404,2.1083247005808774,2.842998517168836,0.948600675202797,3.814878530677813,4.718317728308635,3.5592964527387454,1.6546703387083852,0.0001630843912055908,4.069154443983399e-05,0.00016023787268920275,0.0,0.0
4151000212,2011-12,Western,1.9815515509808062,4.491887881926694,2.803203645071711,3.4929634698849488,0.7577112448275649,4.351110393297846,2.637293307101956,2.9620891818776953,2.245561213219938,3.2319914547753874,0.9591825687009898,4.577615726596111,5.393795173953956,3.750385070912369,1.8510576013922786,0.00029329838840162184,8.122595454656983e-05,0.0002631494138920008,0.0,0.0
4153000402,2011-12,Western,1.616801283273265,3.170102258221464,2.34647793638869,2.909088134917035,0.6635729052363305,3.6014556175262147,2.205372106731753,2.080207533194688,1.7284947442863663,2.7347518574429217,0.8924449612102103,2.844858944621161,4.324018362318862,3.7107286596144395,1.516935978144924,0.00018357335160258976,5.079146677171422e-05,0.00017027914463866223,0.0,0.0
4153000403,2011-12,Western,1.563961004283511,3.969395127769704,2.102656943040997,2.7308129960862204,0.5008429923552776,2.812363039322332,1.970232217850404,2.349000769310914,1.8397735752296525,2.453742832438373,0.8139151206951648,3.9293098563057485,4.3504546148689895,3.6359807536850197,1.4999446662036195,0.00024586005526552483,4.772245330000807e-05,0.00018534998985311122,0.0,0.0
4153000404,2011-12,Western,6.939577561955715,12.031083498920351,9.45592192700087,11.147890435403706,3.83600822255262,15.865486823239491,13.944090187877716,9.055726876038928,7.119405844469542,10.124680049135804,3.2978720512872344,14.43357559709512,13.26510103069654,11.444109579963296,5.6662523753955965,0.001129993704988286,0.0005084971672447287,0.001357783455488851,0.0,0.0
4153000408,2011-12,Western,1.7365265604231586,3.722398466939897,2.3677373983032965,2.614946732815151,0.5500185612681133,3.4520718784194977,1.6406881865815712,2.371063028133124,1.8134105668298324,2.6765739590060726,0.94035599033484,3.3016511196573863,4.771970849178181,4.278786906672653,1.6634725789953404,0.00010084705815562969,2.4324918550101635e-05,8.801032022413172e-05,0.0,0.0
4153000409,2011-12,Western,1.4244818484364836,3.1181671970930736,1.9388631727805792,2.354609734005794,0.5549059787567833,2.763474697011925,1.7527710367396776,2.0095542225053022,1.6050947566757008,2.2993615696096814,0.7828167532466561,3.068223574172435,4.142179586181231,3.7107024091408576,1.4137725227852107,0.0001334028028359806,3.166915277408783e-05,0.00012189095115132175,0.0,0.0
415300040902,2011-12,Central,0.6269470309203953,1.3007881497957234,0.6871448298205259,0.8288605631924251,0.19670499223459248,1.3673362358017744,0.8691403699821382,0.7784025591363458,0.6689827259876857,0.8731741889250645,0.3771788589438267,1.5169996390862241,1.595937347056619,1.163472225838642,0.5134215157795192,7.444217466905297e-05,1.754272558799404e-05,9.100037271727919e-05,0.0,0.0
4153000410,2011-12,Western,2.304877910582584,4.578548265751611,3.162546004500123,3.824982763056745,0.8731298779309595,4.985124956710903,3.739944666258808,3.0915025891902634,2.502827882820377,3.617323312443061,1.1938215165889619,4.459200288048853,5.7626891975674175,4.622649939283825,2.121483326071698,0.00028483158204242054,7.104457464934228e-05,0.0002726339476066295,0.0,0.0
4153000602,2011-12,Western,4.736660579507225,9.224924578396825,6.12820930494319,7.936025698856557,2.7549485946180563,11.712105912036074,10.152939114091023,6.904528523797583,5.257973647442624,7.350247759963817,2.4886394181268607,11.423062264348408,12.833517338011614,8.382390384618388,4.14570481431981,0.0005707094785707601,0.00025681926535684206,0.0007216368204831434,0.0,0.0
4153000605,2011-12,Western,0.9172975554283141,1.7418371628545553,1.2278349410439102,1.477343795109248,0.3867770491804288,2.0825920708408314,1.4834001524371532,1.183545769117727,0.991930978608428,1.4918128700198847,0.523196926892397,1.7561538082174473,2.5011238856817823,2.0480473491242552,0.8441508108367289,8.987265256986044e-05,2.1415682995262063e-05,0.00010544618176808524,0.0,0.0
415300060604,2011-12,Western,2.8246025996275623,6.791835089315188,3.7063345759471544,4.807483444240274,1.0065317347368894,4.873124534586124,4.1482056983779785,4.177973364355939,3.315266703056332,4.389309996740628,1.3511140571266371,7.0159260253716695,8.125914310063505,7.825706697684911,2.6937938336038543,0.00029478467913553365,5.688199512445369e-05,0.00023238139675553566,0.0,0.0
4153000607,2011-12,Western,0.989213252554011,1.910537454038515,1.4889207507807953,1.620341863631676,0.305636931449642,2.205986539591012,0.9825875456071712,1.2781016445269526,1.0873710803210639,1.6915435780887202,0.6796951744261028,1.4523784271563827,2.758926659581894,1.9765785847983202,0.9319635839676422,0.00012099811895784092,2.9928749996730003e-05,0.00010486181985802167,0.0,0.0
4153000609,2011-12,Western,1.1449657038125243,2.523807493737326,1.6715029531123393,2.1077503938977187,0.44825754539584667,2.3971331818589947,1.412092679027535,1.5591659886326947,1.4193588282365386,2.1399860758244467,0.6954733541724646,2.150199025176957,3.5932270469701453,2.704530211130953,1.1595345656134033,0.0001306491462919317,3.3230326339469586e-05,0.00011740608663194177,0.0,0.0
4153000610,2011-12,Western,2.9208562564490532,5.318906875099414,3.929195634547074,3.9834169876099823,1.09873384560344,6.484819351650402,3.374719718214247,3.8439435111295337,3.010553448833043,4.122053355242482,1.17453768527675,5.3587648108441295,6.574980587549861,5.31387431642308,2.470068677259603,0.00033143348660189366,9.943004598056811e-05,0.00033452561068996134,0.0,0.0
4153000701,2011-12,Western,1.0879174062064758,2.3783362251256297,1.6280736664509012,2.3180671742238683,0.4738749517375357,2.5670537804526488,1.906544000332803,1.5066400237395507,1.3167159114728413,2.0712510379865723,0.7660236040823375,2.11983226001614,3.437740167865152,2.621626464717687,1.0997234461906527,0.00011556032766036954,3.0010472903489316e-05,0.00011273884062525937,0.0,0.0
4153000702,2011-12,Western,2.509081522961371,5.782935501673349,3.4423369568952977,4.318829962315542,1.068902433675264,5.6972779485535945,2.8894624636235955,3.6960756247116855,3.1062519129449,4.163997368455177,1.6852179519121242,5.632693886719166,6.845168436576847,5.693941731889132,2.593017713337164,0.0003199477679712826,6.768125860930977e-05,0.00028672766031205245,0.0,0.0
4153000703,2011-12,Western,0.6482846784719647,1.327527325706834,0.892284077944029,0.9673846056549742,0.22144015081800725,1.3970848595286394,0.8083692150873084,0.9109374868096287,0.7260967910358114,1.0122631898034062,0.4083549003305844,1.2893744187669716,1.7011711535739775,1.1312171143331757,0.5935417237479753,4.708760209735206e-05,1.240674878065825e-05,5.064301938151198e-05,0.0,0.0
4153000704,2011-12,Western,2.554495392181117,4.8280474848081605,3.7665193295935007,3.976439053227674,0.9214445362779837,6.029296638661415,2.586270162023424,3.4121149311387273,2.7536952593895916,4.0324285615903,1.2701648171412105,4.376781983725293,6.304375969717263,4.7772183488506155,2.370553503627379,0.0003608616407330182,0.00011135159199761705,0.00033315229282042066,0.0,0.0
4153000705,2011-12,Western,2.3316873740013837,5.4029837022090454,3.189544067009007,3.765000207325018,0.797517117474146,3.909339777110614,3.105489473885786,3.204142975586775,2.719497811310273,3.6657371718850777,1.2790892891032808,4.881578649201725,5.971435290301939,5.672187855618072,2.382571855872957,0.00028229914116838906,5.602328317001535e-05,0.00020640770642281746,0.0,0.0
4153000706,2011-12,Western,0.9829129718585312,1.8025763838721096,1.2892507312987758,1.3653271142520214,0.3909552874254867,2.3719116110068565,1.1926431229572731,1.2904401630312972,1.0183340811631878,1.4538497315824315,0.45719780388826825,1.8656003728127635,2.505218743049418,1.8664368680955181,0.8231893727947325,7.780767280799766e-05,2.431489775249927e-05,9.419456810208983e-05,0.0,0.0
4153000708,2011-12,Western,1.357645737840137,3.2225974624374887,1.8569347507143894,2.210834180846159,0.47547273936038514,2.3542417193867693,1.7745485764234605,1.939471685187819,1.5521876286967196,2.227687746783851,0.8409420264216395,2.7611599082145837,3.869286203004461,3.538176868013649,1.4562376282881813,0.00010736644205664353,2.0639938770816854e-05,8.867729872724616e-05,0.0,0.0
415300070907,2011-12,Western,1.9267754018624133,3.921980144967923,2.63632651720996,3.4302700948173728,0.8838003405382521,4.525838988685069,3.071462488421595,2.655375990396641,2.173034675357475,3.3203182456341436,1.0505918568147505,4.0164579343560565,5.603355316974659,4.160727059651888,1.8243903174868965,0.0002214312670585823,6.507367848252214e-05,0.00024017700252486376,0.0,0.0
4153000901,2011-12,Western,1.8872597844286192,3.397389877189182,2.52568971185308,2.8466185234707857,0.8750741398941214,4.735191431460126,2.912781695892937,2.507470534534425,2.0203928739093016,2.9503526705891177,0.9086126934225872,3.6850908098799944,5.068668566733928,3.580588626568334,1.5977695855337029,0.0001867570952603997,6.342693801296594e-05,0.000235316142697638,0.0,0.0
4153000902,2011-12,Western,1.4140084508678878,3.0214015968879764,1.8512522040301334,2.1260701839906244,0.4881658074416337,2.8359403373401064,1.7355775452394937,1.9929011921107236,1.572665067996107,2.1154074048947167,0.6713635018762114,3.0834423989152606,3.802285781055487,3.0758393292060853,1.2474962965650003,0.00013800840175534905,3.302416703746905e-05,0.00013216388870619005,0.0,0.0
4153000903,2011-12,Western,1.373216695338381,3.1004124969493967,1.8588913849815283,2.1250957230502645,0.42781707583739836,2.75100759951313,1.419488072722104,1.9602055263387643,1.490518172260204,2.116659685478524,0.732603388070311,2.9379281351161994,3.8467506177998203,3.0328921339505204,1.2742326926883867,8.176908017848119e-05,1.9738201361373278e-05,7.396443405398984e-05,0.0,0.0
4153000904,2011-12,Western,2.4388754995127075,4.837503098098956,3.4264667170535565,4.2343840106962745,1.1382203969292901,5.519144387429449,4.783015883783919,3.2497688964979985,2.7675066741792387,3.9581290787265253,1.4038534620240575,5.106303101639559,5.6492585389982235,4.852055216586176,2.214885481794465,0.00037817004674090714,9.599701186499951e-05,0.00038823862473429425,0.0,0.0
4153000905,2011-12,Western,0.9929639997337151,1.9677093803278065,1.3397353124859446,1.507825454090183,0.37863373772386977,2.1112987767953495,1.3276290101900543,1.3569210779927494,1.0557054210244021,1.571931675208971,0.5210433013582401,1.9128211829105486,2.8565174597828857,2.3028075013716,0.9214721917088946,4.116894097854748e-05,1.1758145811714082e-05,4.990449904040477e-05,0.0,0.0
4153000906,2011-12,Western,1.0138178829544273,1.9610487630163023,1.4828152755335198,1.7269817425324179,0.3583977109991116,2.3603917535548815,1.3044180815632374,1.3092480786980474,1.144905751171538,1.7335498842922104,0.6720392883400806,1.596082216146008,2.7611490957652527,1.9246643284539102,0.9502479702297866,6.89786226184162e-05,1.7751255409439654e-05,7.205659019079098e-05,0.0,0.0
4153000907,2011-12,Western,1.389567371686421,2.982614894246481,1.897534002133605,2.126546161580757,0.4714909931087373,2.6179085163836655,1.6973255844410917,1.8538826151857197,1.577804944308508,2.077003130969387,0.7775943774293805,2.864532114296795,3.3827569064239493,2.958823215536128,1.326587151860224,0.00017276498594485194,3.5365309622885406e-05,0.0001467264700187963,0.0,0.0
4153000909,2011-12,Western,1.647969061728245,3.4988379370386133,2.3469456299093823,2.8820394789056665,0.5800032173297038,3.6103061233875002,1.927156535844906,2.2475771384147887,1.8131213897368585,2.635180891428353,0.8580994671802639,3.2952437755803645,4.258128865319541,3.5477377638463445,1.4978115573041915,0.00019584628438698497,4.830556953515768e-05,0.00017166578266590975,0.0,0.0
4163000702,2011-12,Western,1.0922530926487668,2.2693824505653346,1.5246925618922489,1.7595992908390268,0.37315508725910107,2.2878238363680823,1.2628374595229066,1.4337654095335501,1.195889843814266,1.7292424115997325,0.6307915817081649,2.0121917342844933,2.8430740382027295,2.239175151128685,1.0237147257713208,7.907465907283913e-05,1.912530585563491e-05,7.57291307365406e-05,0.0,0.0
4163000703,2011-12,Western,1.7962369926513875,3.942834084178935,2.5165371121995754,2.9074535256589464,0.6883874312813347,3.7319463278428193,2.1918211193592416,2.488660343379494,2.1092376478961867,2.900888843422267,1.0959555564244834,3.626788961747952,4.587079385409546,3.633778161800417,1.829943965758417,0.0001908228473162629,4.5434011265776885e-05,0.00016727532773082565,0.0,0.0
4163000704,2011-12,Western,3.0280492436468927,6.651035372023701,3.9927094597619113,4.195546749289183,0.8995275096461198,5.48044150283154,3.3987978814845863,4.347448434594023,3.394475220314362,4.201557851867365,1.3775574256171599,6.474999444672907,7.188700249903297,5.818951288951929,2.7499028559806353,0.0003287658829024851,7.102217189732413e-05,0.00026707142533303595,0.0,0.0
4163000705,2011-12,Western,1.4097265524167946,2.950490253368953,1.851480624770521,2.1712163283607735,0.4305560254735475,2.86766158988748,1.5458768551766133,1.8425713194178035,1.451882268150455,2.2056643334579804,0.7146762116758979,2.619029093806482,3.963128585249356,3.504485767173968,1.2323784083975031,9.66743258121653e-05,2.0880339078477878e-05,8.728498704364064e-05,0.0,0.0
4163000706,2011-12,Western,3.827299093394558,8.739211896188772,5.107157428337739,6.1209571721491915,1.2640653033561033,7.645053688586816,3.7373687526371455,5.7517519235272605,4.068249379998085,5.917399573237673,1.6291029027871775,8.506602689630933,10.76204410652608,9.426877248601947,3.6184326120756105,0.0003136677029267432,8.128408937818252e-05,0.0002531094612614661,0.0,0.0
4163000708,2011-12,Western,2.5357069945965347,5.019497246944827,3.543076671760919,4.087668898103528,0.9956014590833125,5.003856259342872,3.82176140017706,3.3623528766642097,2.7911686500913064,4.0143312878860735,1.1895688593026703,4.816281155565558,6.137469902515778,5.279659157078249,2.4149917240613155,0.00034855402317997064,8.606272177283225e-05,0.00030726157592086143,0.0,0.0
4163000709,2011-12,Western,1.1711546745832229,2.4533726994596967,1.7381784842320214,2.1094217713741474,0.4253148491015915,2.5443080876405246,1.5208970697861979,1.5785586274838177,1.3696129215663957,1.9969224873734839,0.7116990115006058,2.185338324792465,3.2866537744017745,2.632567920980498,1.1097793170176755,0.0001487177123403016,3.4673524403963035e-05,0.0001320544508840078,0.0,0.0
4163000710,2011-12,Western,1.9330445800692897,3.721354510116731,2.7173436552417307,3.3134127008239185,0.6639058931053753,4.165614361989844,2.54379127289641,2.518291049728979,2.030323943451963,3.2436279631493665,0.9035687611579948,3.322505878790212,5.536657378996066,4.925991455716524,1.7197116839203639,0.00019882162876736257,5.048674974745603e-05,0.00017561160524612448,0.0,0.0
4171000802,2011-12,Western,1.8353896322188543,3.9051399699983196,2.4713829925598243,2.8013447938060745,0.6657026357571288,3.775646933359428,2.5913482004077992,2.5386558913111075,2.1544946434541106,2.8109655155593933,0.92609245628623,3.876025734946104,4.718402143669574,3.5381685090224417,1.6641777036920025,0.00017824473937705932,4.0459978451518335e-05,0.000169334750199899,0.0,0.0
4171000803,2011-12,Western,0.9108925792920002,1.5595630756045655,1.249333356178507,1.1644095408095059,0.31882182027503986,1.9966197508316947,0.8915769969874395,1.068036661496813,0.9457360591305726,1.294600149689812,0.5059671720305683,1.3913808253110818,2.0037820068159067,1.6222536043333806,0.7992484693110816,7.963050885920776e-05,2.0253846818537626e-05,8.936498035104646e-05,0.0,0.0
4171000804,2011-12,Western,4.104184979454166,7.197073913178928,5.855220526446423,6.70952836823984,1.6463274983806568,9.769764126156275,4.863259682330108,5.212494451910857,4.235056501258106,6.575558311208633,1.7569136366676823,6.730129901260877,10.50251736573813,9.538033667506605,3.53290819179679,0.0004491580902357318,0.00014262227670472266,0.0004431123117439432,0.0,0.0
4171000805,2011-12,Western,3.7424376262802306,10.851606530864023,5.073859012545402,7.308596651439762,1.3794062337875372,6.221693641427287,5.555103639950231,5.89708970901065,4.868636160871513,6.49785722871913,2.589114889257416,9.595014669932054,11.391827071934946,12.23101842343382,4.178187887411768,0.0006328106660953879,8.881553208356321e-05,0.00039825846753129457,0.0,0.0
4171000807,2011-12,Western,2.364050935067391,5.140829690061879,3.22343597903945,3.699435578190392,0.8438607653590391,4.539458580251075,2.6539370924553256,3.1896674350549516,2.6474279939268084,3.7031597459923775,1.2378523383910345,4.615295195423356,6.065992792855608,5.240581357282115,2.3189303344691936,0.00018883469239246726,4.423387999878342e-05,0.00015752793522573922,0.0,0.0
4171000808,2011-12,Western,1.5795773565512405,4.289914476267611,2.1288213175416146,2.74660231214676,0.4679689854978263,2.629217051933797,2.1426320404748345,2.3521414796519315,1.9337878942498425,2.481141943679334,0.8803189277024821,3.9272485577664864,4.149177183103613,3.3196431358326617,1.5581101650458982,0.0002744977804204393,4.481411652642396e-05,0.00018218854156145772,0.0,0.0
4171000809,2011-12,Western,1.928123387597026,3.3191826407669875,2.509535390364523,2.488292089335822,0.7235683452690822,4.629533759875363,2.332623162070469,2.5005258487718187,1.9589580984726538,2.7679997778428955,0.8419615950028755,3.2881405817046185,4.651939504260059,3.5091532566174726,1.5965488767285034,0.000141457787321748,4.227536163088881e-05,0.00016722647626622253,0.0,0.0
4171000810,2011-12,Western,1.8675183049235589,3.9176742366554054,2.4876845788172073,3.0025738228496444,0.6787382933587195,3.9437670469682358,2.849458787615009,2.6100254581678004,2.131893213225013,2.8461519829419215,0.8337913602125164,4.153664265280763,4.653186428563459,3.558053724351231,1.6072238483501662,0.0003822769484736507,9.20979367917507e-05,0.00036174319746383834,0.0,0.0
4173001402,2011-12,Western,1.9026864418969354,3.9728964797805384,2.649623803455178,3.230488018992376,0.6631462320609196,4.045031467415486,2.408602409974969,2.649063128766848,2.115233935345249,3.1986036635021082,1.0951434636023976,3.517069680754419,5.357429881527401,4.194307857564591,1.8531148809235631,0.00011875017175300506,2.8431117299993956e-05,0.0001093980006012873,0.0,0.0
4173001404,2011-12,Western,1.415087395073246,2.5909922692981002,1.8523029930359798,2.1536707323554896,0.5436617226510537,3.358052232093903,2.027126446615313,1.8269857303209256,1.4820247455191287,2.227108618075838,0.6669156657439194,2.604793036172556,3.7824840179975836,3.0401110917037895,1.2029141838405386,0.00013120145422219965,3.4083856042506214e-05,0.0001469238892024303,0.0,0.0
4173001405,2011-12,Western,4.875708265248464,9.137298155133943,6.460358295389903,6.676958113860966,1.7639025453125345,10.215938152411521,4.5502400819316975,6.423997678101884,5.809079174995143,7.46591005721529,2.8971780098970026,8.985726702459196,11.8021206576954,9.932722675544484,4.229178430942184,0.000575848380342093,0.00012438325015389209,0.0006323163882933017,0.0,0.0
4173001406,2011-12,Western,1.8144822258899405,3.473284832275923,2.47552746775911,2.56644254453293,0.5773782992619434,3.4894112269635844,2.1185072930641593,2.212009753664207,1.967620301903948,2.6881979178325044,0.9373421100668307,3.1491029039215945,4.296759275559642,3.8241474129493853,1.588129434778734,0.00019968222048582926,4.24999320628623e-05,0.00017996574475822558,0.0,0.0
4173001408,2011-12,Western,1.2492332446229282,2.939390240080177,1.740155563452661,2.121009912112176,0.4523710797548258,2.2828562399355534,1.6555446005666736,1.7566857990143554,1.444489658837009,2.107051500678735,0.7140521879453317,2.5997538805673543,3.695252591470397,3.01477358817042,1.2862743892555133,9.509979012596673e-05,2.1524064924959925e-05,8.061808800797659e-05,0.0,0.0
4173001409,2011-12,Western,1.650642869470938,3.6228438147012048,2.3899783825202547,3.0251201719459213,0.6920185660841233,3.605113709467112,2.3734317136663456,2.3666483172580306,1.8808328247708272,2.8524607705078937,0.8511492009523907,3.4990281098774814,4.669021099070866,3.2473420617144355,1.6073427006835534,0.0002219596399332306,6.495642820187558e-05,0.00019991680243024962,0.0,0.0
4173001410,2011-12,Western,1.108734772607133,2.2605267671767906,1.5782271410901256,1.908106175375888,0.4230883310115487,2.466293713680152,1.5828011596274802,1.4990284503654707,1.2747193373045749,1.8193933301076295,0.6677627231930445,2.124396474566466,3.020920998518966,2.3855017494510005,1.051504704487235,7.612029383765462e-05,1.9425266678219368e-05,7.948717436039797e-05,0.0,0.0
4173001701,2011-12,Western,1.8101557230553957,4.487403697407847,2.593872689643585,3.7127619898238695,0.6859672263215383,3.674643896864301,2.8663284931283055,2.643754450984898,2.2709804450282776,3.2522105025740347,1.1171891173482105,4.153483620665668,5.511659614628111,4.595350453072071,1.8304816032901312,0.0002394877494754413,4.706279692215703e-05,0.0001890535545305334,0.0,0.0
4173001702,2011-12,Western,2.460195024901176,5.7347184942677,3.2997561897947048,3.9037754581661717,0.83155405605986,4.347211763296675,3.7429883778993913,3.4353816916553126,2.8434636342936193,3.6983439310771153,1.360401738827637,5.4143047806676785,5.961537346546321,5.273160185671557,2.3789109783035176,0.00031862418492691877,5.745682023272306e-05,0.0002467455618063521,0.0,0.0
4173001703,2011-12,Western,4.994550475052913,11.29363524591528,6.972601734693422,9.47057416917578,2.0405375640421086,11.34513177360884,6.420454562602248,7.505204510260197,5.880498103288997,8.476161919280788,2.529065801970566,11.122462636886066,14.846087163798583,12.690347189706996,4.831337459756483,0.00045348510049605776,0.00011661045441327201,0.00038953362069303713,0.0,0.0
4173001707,2011-12,Western,1.6943994592628426,3.2847677048612174,2.2843814443084804,2.5744611811208187,0.5981947610168964,3.420108091124936,2.381869752299972,2.101576139693057,1.792081968477251,2.5758414211180383,0.8862683973093202,3.1142581609232938,4.070217981980145,3.546708642535567,1.5240138775559235,0.00018978936860138617,4.231789975571449e-05,0.000179491877930284,0.0,0.0
4173001709,2011-12,Western,1.5600584873665264,3.2031340969580397,2.1537675960155185,2.6741050920845186,0.5849660246518857,3.57809435913527,2.29743077820563,2.110189111400191,1.7889892093304585,2.552190340723968,0.8155128927738101,3.175512624200678,4.471398606383046,3.6030139152328453,1.3667589765405408,0.00013786741165226226,3.2758761087285324e-05,0.00013975888676374444,0.0,0.0
417300170903,2011-12,Western,2.8050358855889233,6.373190275688611,3.76826148711098,4.94670144356802,1.1030970425597413,5.3232973389573255,4.551234168632124,4.013653270979713,3.1812170392461647,4.479421340123995,1.4498024657530972,6.568628347094543,7.7867134838127425,6.347738252140395,2.6333833662672044,0.0004262563764537504,9.816277549038649e-05,0.00036679278536297204,0.0,0.0
4173001710,2011-12,Western,1.6544307131719023,3.6007603788761737,2.260906064536575,2.7089168229327676,0.5798238291468759,3.508853310038143,2.262924114225562,2.3623157978504525,1.8931891173610758,2.5285555613858657,0.7549147333019972,3.7862944590504495,4.211567316770972,3.1472756338975465,1.4293320086790404,0.0003506341029341027,8.691565687137716e-05,0.0003210530852290006,0.0,0.0
4183001101,2011-12,Western,1.936844956820118,4.173410537744021,2.677523871152717,3.3307277106057747,0.7016690298508204,3.8828313516658826,2.7088767380527052,2.685651242176152,2.1646600144562687,3.227872589919813,1.0723058935278849,3.751800529532459,5.522371465889324,4.728319709087866,1.9039429270318986,0.00013572826678769122,3.130845329252156e-05,0.00012081242782011531,0.0,0.0
4183001102,2011-12,Western,1.9069309897277082,4.067590823084755,2.705443056658015,3.156596347762659,0.6735860393779997,4.14301455565857,2.0598625278499045,2.6638133194654423,2.125617556618351,3.0789474089040665,1.0702204344786794,3.6162452077779625,5.0545932892547025,3.757434487733749,1.857740536663264,0.00013391165974743294,3.638903797484591e-05,0.00012140703642281118,0.0,0.0
4183001104,2011-12,Western,1.3924553783500588,2.612253450167959,1.9268393005980498,2.2591491969900432,0.6034525045203769,3.4370849185830474,2.5420865874032286,1.8174037599270938,1.5369416733426435,2.2319293900257593,0.8418953550330192,2.5827180638099434,3.51011096415243,2.6747792841604907,1.2859401780853996,0.00012452752608324447,3.280821360270094e-05,0.00014545401581450798,0.0,0.0
4183001107,2011-12,Western,2.60792996145966,5.5583558929046415,3.5782955313958014,3.95865574980076,0.9181711772573958,5.215928678151793,2.707332551191115,3.668163702418038,2.8776111026183004,3.8967350200589563,1.333616437094818,5.354639621232336,6.455396341588106,5.5077233505165735,2.551231534950041,0.0002794640789874383,6.931589360712052e-05,0.00023654113722981282,0.0,0.0
4183001108,2011-12,Western,5.652405320457487,10.8551063537592,7.763575106331637,9.530324205671796,2.5425358397914746,14.268571738433472,7.90938720902274,8.042245249650938,6.624531798852756,9.266992100012192,2.9072536950835026,11.387586562496818,15.620930186643282,12.320253667552942,5.013357115869485,0.0006179779526820312,0.0001806397092455168,0.0006883907890465821,0.0,0.0
4183001109,2011-12,Western,2.813845372609546,5.18635668240061,3.876745394075513,3.937244554577716,1.0215138645336594,5.642101644722043,3.2912382712275416,3.617393437071736,2.9794265239271596,4.0536260991218995,1.2409106669225147,4.984025403303984,6.413168956737185,5.717121948476993,2.4909692996415087,0.0003255379126652817,8.395790040082859e-05,0.00030196450231978543,0.0,0.0
4183001111,2011-12,Western,4.385404602701467,7.956797596794185,6.173217219634889,7.891721847717059,1.9761528884740365,12.266514735523403,7.854423502146422,6.250500173059702,4.678022060842598,7.234118259379626,1.828120378341111,8.386369118452711,12.810266762583868,9.77116080600835,3.677739833452983,0.00034074754647382086,0.00012912538603218474,0.00039766712908614974,0.0,0.0
4183002001,2011-12,Western,2.388111919330558,5.152784854358736,3.2819503880340344,3.8641372108587566,0.8366347535313031,5.125028485018792,2.870756801307023,3.5126981183149373,2.5646794769393693,3.7546910499791246,1.1896108634262135,5.018335877117233,6.745286752934131,5.383722333101655,2.23606069984739,0.00015390095499548167,4.284033876900158e-05,0.00014174887046775297,0.0,0.0
4183002002,2011-12,Western,1.7465089261697404,3.6887414120546995,2.5359794400074893,3.291312417130041,0.7076887919339898,3.9338994651788735,2.957945778742999,2.4308453554380534,2.0230340794799653,3.019749763929094,1.0531362160206743,3.3970488488507495,4.903713737183472,3.7163000348101027,1.708757736738343,0.0001652850388877967,4.5156179417721714e-05,0.00015602892123243263,0.0,0.0
4183002003,2011-12,Western,2.6275590486950264,6.014346326188669,3.6914307593229796,4.765926649476562,0.9529233112373271,5.167535791752004,3.7515789175913463,3.7267996338527682,3.0287781163706797,4.4238075440874605,1.413963393720002,5.415716858168336,7.430999728519253,6.215663767369535,2.608260395516627,0.000244210538062654,5.79331568396807e-05,0.00019420954843290956,0.0,0.0
4183002006,2011-12,Western,3.3393157510239564,6.595823344738074,4.475455731931922,5.022695659735049,1.2310311094365443,7.312489801008026,4.2059859677723965,4.516391611456335,3.603989082067601,4.918430949046496,1.5919347192615705,6.627820211343455,7.75345013324349,6.325566380721517,3.033390523440232,0.0003978558339313044,9.793374373693646e-05,0.00038176883654641764,0.0,0.0
4183002007,2011-12,Western,3.2921202467663493,7.502905747800937,4.2964379126034675,5.4016981193285,1.2074899337227427,6.503749277687457,5.46602737483489,4.996615883581385,3.8685554865146594,4.892418032294374,1.4845485897528972,8.143562158645448,8.599468417976754,6.854473940599554,2.958881063157316,0.00028116650192629557,6.483316328094453e-05,0.0002538811846073759,0.0,0.0
4183002009,2011-12,Western,1.991950442500749,4.154016999908414,2.7662651291394513,3.288241046814298,0.8298337878280103,4.367107230227529,3.3096125022309146,2.84446608005379,2.302069041682572,3.122171398293599,0.8363891318420907,4.4592742348064425,5.105150464934671,3.62592372552559,1.7465124139585595,0.00039728524046011177,0.0001095845121602475,0.0003846014170533466,0.0,0.0
4183002010,2011-12,Western,0.7820635949260172,1.8262093121043048,0.9750176824991353,1.208600325556505,0.28815732665610644,1.6358149074512565,1.3269832890166562,1.2299695717078585,0.9264941001349519,1.1527430455817684,0.39669669117260503,2.1153630317646757,2.0964487650539696,1.2551568998109248,0.6756122296455507,4.9072544780917637e-05,1.3302452127379897e-05,5.658560593872608e-05,0.0,0.0
4183002301,2011-12,Western,1.8574188696282115,4.155504627057021,2.559320044903866,2.94068182710837,0.594164627593116,3.573068909659737,1.871986381109909,2.5760234627114285,1.9976008092074358,2.941392910980469,1.0221090987450585,3.658797598412428,5.239403839698796,4.782870173260933,1.8283514960122944,0.00012947994328379707,2.948309903995379e-05,0.00010470762728041008,0.0,0.0
4183002302,2011-12,Western,1.3546142478740832,3.192599586130135,1.9216595358704185,2.543251678714185,0.47890600457531973,2.6944940981266434,2.0094331415997524,1.978674405236369,1.5784829893309913,2.2953618589162414,0.6990445717857868,3.1057568685185055,3.948122365564919,2.870336028144083,1.2827000596429479,0.00016736838305124753,4.006724546534372e-05,0.00013790407679100856,0.0,0.0
4183002303,2011-12,Western,1.8776108514577354,4.23361853249644,2.802016867159062,3.7573630506403726,0.7017946376719397,3.9396261199172153,2.488188019979074,2.6175287065970703,2.2346560447987107,3.3522817316804154,1.0161973750048785,3.8766334418151303,5.546199116762606,4.683494307968256,1.8478807012422753,0.0002061462652793658,4.902258747497113e-05,0.00016615554183455045,0.0,0.0
4183002304,2011-12,Western,2.2976464375682464,5.3053758468585555,3.1007133173671377,3.762812336509347,0.7709285486512185,4.0959813002148096,2.8434770894822132,3.3119117546619554,2.6036279100369164,3.6450639708511887,1.1622222241155338,4.952900267519991,6.61134066083891,5.955281927889508,2.197906897396052,0.00027987512152492756,5.774715935394247e-05,0.00022324533221544792,0.0,0.0
4183002305,2011-12,Western,1.6953226334990954,3.8530924704843823,2.427764250876315,2.997541591843987,0.6034778869086566,3.377294117075383,2.1261185142440095,2.3790497598357003,1.949275370702915,2.8595156093741587,1.0095299367037491,3.288160080430997,4.678906938927695,3.580827862352327,1.7274145963715557,0.00015609600027583024,3.776516135705571e-05,0.00012806254988491288,0.0,0.0
4183002306,2011-12,Western,1.6099400336826752,3.1643157168267635,2.1847950113340886,2.5603687856437864,0.6708033059586712,3.6896790152167553,2.4601142514567313,2.2461333394948366,1.7320799601644723,2.61979019145432,0.70767230972221,3.1875486910970143,4.467508450701543,3.1083521453767973,1.4301189282629316,0.0001476268438965889,4.4288053168976675e-05,0.0001535208494550827,0.0,0.0
4183002307,2011-12,Western,2.117499724773529,4.484847191226989,2.8808532629887855,3.343400390096628,0.7523417016889452,4.3353645250504815,2.565972109214968,2.8866121848975896,2.2905515472894895,3.319208317978077,1.152992607739195,4.116595957567012,5.488338621589068,4.580343952253763,2.0348384509521042,0.00019343764348795603,4.447871740695286e-05,0.00017167701705290059,0.0,0.0
4183002308,2011-12,Western,2.1512053857622795,4.667223158294559,2.9054204486881736,3.5860820259550925,0.791714601769613,4.346922218534122,2.46546538883026,2.9075905286337727,2.3509647608510558,3.4898876754735104,1.1864010710386683,4.206022565794728,5.959191728578807,5.431201224213071,2.0829768510776083,0.00018910513659539777,4.0230299492049764e-05,0.00016656496171001575,0.0,0.0
4183002309,2011-12,Western,3.150108921651982,5.837011594125428,4.33277028289712,4.785541177185637,1.2704056535191153,7.1867120330463665,3.9833733418725776,4.1467829962345,3.355897146912802,4.7257997404638825,1.323810261748116,5.998732149581164,7.527482433714842,6.316019866780114,2.665385555731432,0.00043903875312851565,0.0001259850335064436,0.00044930289810879204,0.0,0.0
4183002310,2011-12,Western,1.3681832498564375,3.241548862763596,1.946949310278008,2.5117622238352144,0.43334183578621704,2.8346564445514026,1.749985775471431,1.9924018130779206,1.6312623431357487,2.2423380167500655,0.8024944744826148,3.028560154813912,3.650107620729007,2.486975208357741,1.2906499671592324,0.00015124374986086078,3.4073387984488555e-05,0.00012550028697226728,0.0,0.0
4193003206,2011-12,Western,2.322334173241388,5.358623161835682,3.0742376603749295,3.595580924569795,0.8701239950383111,4.020059490652514,3.3879225894954295,3.439042890090841,2.591069064328457,3.5562458227398865,1.176879582025283,5.192565173475293,6.399289877835364,5.7010948000097965,2.3613297267479405,0.00016504318160206338,3.747258341585311e-05,0.000141884139542511,0.0,0.0
4193003207,2011-12,Western,3.9218397163069896,9.44289425861118,5.2474773183827175,6.506053691478466,1.1966427571836717,6.603310195750237,4.4818111003058005,5.425061236568024,4.265953992692932,6.23669271286451,1.8287962126460646,8.033114556321387,11.03332087558523,11.432431774673493,3.793283826178292,0.0003203390240934854,6.32894874967308e-05,0.0002103178588800444,0.0,0.0
4193003210,2011-12,Western,1.2966967760473032,2.3977968354905275,1.8722517357624215,1.9417672767953573,0.4251091464055464,2.9194874910567123,1.245196951559777,1.6194747329662218,1.3974389444341595,2.0246338817002276,0.691111574835901,2.0180552128047315,3.2222799826545154,2.604983535885753,1.1422264064212868,0.00017059525632011425,4.327349710916347e-05,0.00015767734172217134,0.0,0.0
4193003502,2011-12,Western,3.004121181342609,6.428602628358347,4.348105606926866,5.540576925780674,1.092623293933361,7.002280345686322,3.8625329785510667,4.392559717357165,3.3865243219101613,5.053875863660512,1.4822216356466336,6.130736150493492,8.649211227436494,6.240545144300498,2.8094935938118932,0.00019764236409252364,5.9505992354475645e-05,0.00018195191834157276,0.0,0.0
4193003504,2011-12,Western,1.2971027012224872,2.5773557239065674,1.8295061370786485,2.1734830075941125,0.5304741987593693,3.1994696955535704,1.4884579495215589,1.7629421105831238,1.4183062464517224,2.126557989108922,0.7327675994301325,2.4463225211264064,3.557411795501728,2.7033621176437896,1.2095242008194387,8.720725195361908e-05,2.6660502740106404e-05,9.521111903015145e-05,0.0,0.0
4193003506,2011-12,Western,1.3294405623542749,2.7073512576217396,1.9240392288604597,2.1310613033052563,0.48551233829111634,2.6414073957279043,1.6087562125416315,1.7414188705888412,1.4594778344152752,2.138362785232208,0.6936394911615091,2.390304608443867,3.3583416057965447,2.6138303071859936,1.2792492087176797,0.0001600114363241851,4.0335424417824574e-05,0.00013347488836078285,0.0,0.0
4193003508,2011-12,Western,3.501563671008529,6.665741608312681,4.9643868406530105,6.378978065007073,1.6490564679791595,8.622907854393254,7.051278572715796,4.798405493239143,3.811036775905249,5.6811496811405355,1.520514456827419,7.28842802067994,8.911864856255619,7.0400344697505535,3.0329419431439164,0.0005611797871038355,0.00018594315333888284,0.0005981016411900787,0.0,0.0
